2026-09-24T01:14:08.6815350Z Current runner version: '2.337.0'
2026-09-24T01:14:08.6850615Z ##[group]Runner Image Provisioner
2026-09-24T01:14:08.6852276Z Hosted Compute Agent
2026-09-24T01:14:08.6853199Z Version: 20260828.587
2026-09-24T01:14:08.6854398Z Commit: abac92662cab4cc7352de4f9f9d2e2419aad9c29
2026-09-24T01:14:08.6855680Z Build Date: 2026-08-28T16:44:25Z
2026-09-24T01:14:08.6856742Z Worker ID: {032ffab5-57a1-4bd1-ab57-bda3560976c0}
2026-09-24T01:14:08.6858090Z Azure Region: eastus2
2026-09-24T01:14:08.6858997Z ##[endgroup]
2026-09-24T01:14:08.6861790Z ##[group]Operating System
2026-09-24T01:14:08.6862861Z Ubuntu
2026-09-24T01:14:08.6863726Z 24.04.5
2026-09-24T01:14:08.6864576Z LTS
2026-09-24T01:14:08.6865411Z ##[endgroup]
2026-09-24T01:14:08.6866366Z ##[group]Runner Image
2026-09-24T01:14:08.6867327Z Image: ubuntu-24.04
2026-09-24T01:14:08.6868386Z Version: 20260920.314.1
2026-09-24T01:14:08.6870438Z Included Software: https://github.com/actions/runner-images/blob/ubuntu24/20260920.314/images/ubuntu/Ubuntu2404-Readme.md
2026-09-24T01:14:08.6873463Z Image Release: https://github.com/actions/runner-images/releases/tag/ubuntu24%2F20260920.314
2026-09-24T01:14:08.6875182Z ##[endgroup]
2026-09-24T01:14:08.6877041Z ##[group]GITHUB_TOKEN Permissions
2026-09-24T01:14:08.6879721Z Contents: read
2026-09-24T01:14:08.6880740Z Metadata: read
2026-09-24T01:14:08.6881960Z ##[endgroup]
2026-09-24T01:14:08.6884913Z Secret source: Actions
2026-09-24T01:14:08.6886452Z Cache mode: write
2026-09-24T01:14:08.6887674Z Prepare workflow directory
2026-09-24T01:14:08.7358511Z Prepare all required actions
2026-09-24T01:14:08.7429146Z Getting action download info
2026-09-24T01:14:08.9513455Z Download action repository 'actions/checkout@v7' (SHA:3d3c42e5aac5ba805825da76410c181273ba90b1)
2026-09-24T01:14:09.0795497Z Download action repository 'actions/setup-python@v7' (SHA:5fda3b95a4ea91299a34e894583c3862153e4b97)
2026-09-24T01:14:09.1986690Z Download action repository 'actions/upload-artifact@v6' (SHA:b7c566a772e6b6bfb58ed0dc250532a479d7789f)
2026-09-24T01:14:09.4435835Z Complete job name: test (ubuntu-latest, 3.11)
2026-09-24T01:14:09.5229145Z ##[group]Run actions/checkout@v7
2026-09-24T01:14:09.5229991Z with:
2026-09-24T01:14:09.5230432Z   repository: TFourniax/tooltest
2026-09-24T01:14:09.5234598Z   token: ***
2026-09-24T01:14:09.5235031Z   ssh-strict: true
2026-09-24T01:14:09.5235476Z   ssh-user: git
2026-09-24T01:14:09.5235917Z   persist-credentials: true
2026-09-24T01:14:09.5236460Z   clean: true
2026-09-24T01:14:09.5236961Z   sparse-checkout-cone-mode: true
2026-09-24T01:14:09.5237528Z   fetch-depth: 1
2026-09-24T01:14:09.5238004Z   fetch-tags: false
2026-09-24T01:14:09.5238500Z   show-progress: true
2026-09-24T01:14:09.5239003Z   lfs: false
2026-09-24T01:14:09.5239465Z   submodules: false
2026-09-24T01:14:09.5239969Z   set-safe-directory: true
2026-09-24T01:14:09.5240524Z   allow-unsafe-pr-checkout: false
2026-09-24T01:14:09.5241502Z ##[endgroup]
2026-09-24T01:14:09.6224479Z Syncing repository: TFourniax/tooltest
2026-09-24T01:14:09.6227032Z ##[group]Getting Git version info
2026-09-24T01:14:09.6228338Z Working directory is '/home/runner/work/tooltest/tooltest'
2026-09-24T01:14:09.6229993Z [command]/usr/bin/git version
2026-09-24T01:14:09.6462150Z git version 2.55.0
2026-09-24T01:14:09.6492622Z ##[endgroup]
2026-09-24T01:14:09.6501352Z Temporarily overriding HOME='/home/runner/work/_temp/6ec18953-66f9-4a94-a714-52a6759f373f' before making global git config changes
2026-09-24T01:14:09.6504184Z Adding repository directory to the temporary git global config as a safe directory
2026-09-24T01:14:09.6507581Z [command]/usr/bin/git config --global --add safe.directory /home/runner/work/tooltest/tooltest
2026-09-24T01:14:09.6558887Z Deleting the contents of '/home/runner/work/tooltest/tooltest'
2026-09-24T01:14:09.6563297Z ##[group]Determining repository object format
2026-09-24T01:14:09.6565298Z ##[endgroup]
2026-09-24T01:14:09.6566857Z ##[group]Initializing the repository
2026-09-24T01:14:09.6570085Z [command]/usr/bin/git init /home/runner/work/tooltest/tooltest
2026-09-24T01:14:09.6697558Z hint: Using 'master' as the name for the initial branch. This default branch name
2026-09-24T01:14:09.6699498Z hint: will change to "main" in Git 3.0. To configure the initial branch name
2026-09-24T01:14:09.6705987Z hint: to use in all of your new repositories, which will suppress this warning,
2026-09-24T01:14:09.6707451Z hint: call:
2026-09-24T01:14:09.6708267Z hint:
2026-09-24T01:14:09.6709251Z hint: 	git config --global init.defaultBranch <name>
2026-09-24T01:14:09.6710413Z hint:
2026-09-24T01:14:09.6711872Z hint: Names commonly chosen instead of 'master' are 'main', 'trunk' and
2026-09-24T01:14:09.6713575Z hint: 'development'. The just-created branch can be renamed via this command:
2026-09-24T01:14:09.6714953Z hint:
2026-09-24T01:14:09.6715775Z hint: 	git branch -m <name>
2026-09-24T01:14:09.6717028Z hint:
2026-09-24T01:14:09.6718226Z hint: Disable this message with "git config set advice.defaultBranchName false"
2026-09-24T01:14:09.6720261Z Initialized empty Git repository in /home/runner/work/tooltest/tooltest/.git/
2026-09-24T01:14:09.6723834Z [command]/usr/bin/git remote add origin https://github.com/TFourniax/tooltest
2026-09-24T01:14:09.6790073Z ##[endgroup]
2026-09-24T01:14:09.6791940Z ##[group]Disabling automatic garbage collection
2026-09-24T01:14:09.6795589Z [command]/usr/bin/git config --local gc.auto 0
2026-09-24T01:14:09.6838507Z ##[endgroup]
2026-09-24T01:14:09.6992790Z ##[group]Setting up auth
2026-09-24T01:14:09.7022179Z Removing SSH command configuration
2026-09-24T01:14:09.7052308Z [command]/usr/bin/git config --local --name-only --get-regexp core\.sshCommand
2026-09-24T01:14:09.7074712Z [command]/usr/bin/git submodule foreach --recursive sh -c "git config --local --name-only --get-regexp 'core\.sshCommand' && git config --local --unset-all 'core.sshCommand' || :"
2026-09-24T01:14:09.7331418Z Removing HTTP extra header
2026-09-24T01:14:09.7333633Z [command]/usr/bin/git config --local --name-only --get-regexp http\.https\:\/\/github\.com\/\.extraheader
2026-09-24T01:14:09.7364841Z [command]/usr/bin/git submodule foreach --recursive sh -c "git config --local --name-only --get-regexp 'http\.https\:\/\/github\.com\/\.extraheader' && git config --local --unset-all 'http.https://github.com/.extraheader' || :"
2026-09-24T01:14:09.7634215Z Removing includeIf entries pointing to credentials config files
2026-09-24T01:14:09.7640262Z [command]/usr/bin/git config --local --name-only --get-regexp ^includeIf\.gitdir:
2026-09-24T01:14:09.7677233Z [command]/usr/bin/git submodule foreach --recursive git config --local --show-origin --name-only --get-regexp remote.origin.url
2026-09-24T01:14:09.7923294Z [command]/usr/bin/git config --file /home/runner/work/_temp/git-credentials-1e6a00a8-9c89-4e2c-9ccd-2d4ce5eac573.config http.https://github.com/.extraheader AUTHORIZATION: basic ***
2026-09-24T01:14:09.7963808Z [command]/usr/bin/git config --local includeIf.gitdir:/home/runner/work/tooltest/tooltest/.git.path /home/runner/work/_temp/git-credentials-1e6a00a8-9c89-4e2c-9ccd-2d4ce5eac573.config
2026-09-24T01:14:09.7998974Z [command]/usr/bin/git config --local includeIf.gitdir:/home/runner/work/tooltest/tooltest/.git/worktrees/*.path /home/runner/work/_temp/git-credentials-1e6a00a8-9c89-4e2c-9ccd-2d4ce5eac573.config
2026-09-24T01:14:09.8038018Z [command]/usr/bin/git config --local includeIf.gitdir:/github/workspace/.git.path /github/runner_temp/git-credentials-1e6a00a8-9c89-4e2c-9ccd-2d4ce5eac573.config
2026-09-24T01:14:09.8075295Z [command]/usr/bin/git config --local includeIf.gitdir:/github/workspace/.git/worktrees/*.path /github/runner_temp/git-credentials-1e6a00a8-9c89-4e2c-9ccd-2d4ce5eac573.config
2026-09-24T01:14:09.8106149Z ##[endgroup]
2026-09-24T01:14:09.8107372Z ##[group]Fetching the repository
2026-09-24T01:14:09.8113590Z [command]/usr/bin/git -c protocol.version=2 fetch --no-tags --prune --no-recurse-submodules --depth=1 origin +8139670023601fa432a2110d16283049fce435d6:refs/remotes/pull/128/merge
2026-09-24T01:14:10.2882546Z From https://github.com/TFourniax/tooltest
2026-09-24T01:14:10.2884008Z  * [new ref]         8139670023601fa432a2110d16283049fce435d6 -> pull/128/merge
2026-09-24T01:14:10.2887377Z ##[endgroup]
2026-09-24T01:14:10.2888469Z ##[group]Determining the checkout info
2026-09-24T01:14:10.2890582Z ##[endgroup]
2026-09-24T01:14:10.2895393Z [command]/usr/bin/git sparse-checkout disable
2026-09-24T01:14:10.2956563Z [command]/usr/bin/git config --local --unset-all extensions.worktreeConfig
2026-09-24T01:14:10.2994660Z ##[group]Checking out the ref
2026-09-24T01:14:10.3000246Z [command]/usr/bin/git checkout --progress --force refs/remotes/pull/128/merge
2026-09-24T01:14:10.3571412Z Note: switching to 'refs/remotes/pull/128/merge'.
2026-09-24T01:14:10.3572316Z 
2026-09-24T01:14:10.3572905Z You are in 'detached HEAD' state. You can look around, make experimental
2026-09-24T01:14:10.3574194Z changes and commit them, and you can discard any commits you make in this
2026-09-24T01:14:10.3575486Z state without impacting any branches by switching back to a branch.
2026-09-24T01:14:10.3576288Z 
2026-09-24T01:14:10.3576864Z If you want to create a new branch to retain commits you create, you may
2026-09-24T01:14:10.3578087Z do so (now or later) by using -c with the switch command. Example:
2026-09-24T01:14:10.3578816Z 
2026-09-24T01:14:10.3579182Z   git switch -c <new-branch-name>
2026-09-24T01:14:10.3579749Z 
2026-09-24T01:14:10.3580121Z Or undo this operation with:
2026-09-24T01:14:10.3580644Z 
2026-09-24T01:14:10.3581337Z   git switch -
2026-09-24T01:14:10.3582125Z 
2026-09-24T01:14:10.3583287Z Turn off this advice by setting config variable advice.detachedHead to false
2026-09-24T01:14:10.3584810Z 
2026-09-24T01:14:10.3586479Z HEAD is now at 8139670 Merge 79b6d77e267a5ac14076d3b60846b230d748aead into c03164e75e805ff1df976e55cdf6d86073e89b04
2026-09-24T01:14:10.3595738Z ##[endgroup]
2026-09-24T01:14:10.3645750Z [command]/usr/bin/git log -1 --format=%H
2026-09-24T01:14:10.3674172Z 8139670023601fa432a2110d16283049fce435d6
2026-09-24T01:14:10.4214146Z ##[group]Run actions/setup-python@v7
2026-09-24T01:14:10.4215381Z with:
2026-09-24T01:14:10.4216291Z   python-version: 3.11
2026-09-24T01:14:10.4217296Z   check-latest: false
2026-09-24T01:14:10.4227073Z   token: ***
2026-09-24T01:14:10.4228033Z   update-environment: true
2026-09-24T01:14:10.4229104Z   allow-prereleases: false
2026-09-24T01:14:10.4230176Z   freethreaded: false
2026-09-24T01:14:10.4231272Z ##[endgroup]
2026-09-24T01:14:10.5416799Z ##[group]Installed versions
2026-09-24T01:14:10.5924247Z Successfully set up CPython (3.11.16)
2026-09-24T01:14:10.5925380Z ##[endgroup]
2026-09-24T01:14:10.6097792Z ##[group]Run python -m pip install -e .
2026-09-24T01:14:10.6098516Z [36;1mpython -m pip install -e .[0m
2026-09-24T01:14:10.6460363Z shell: /usr/bin/bash -e {0}
2026-09-24T01:14:10.6461056Z env:
2026-09-24T01:14:10.6461474Z   pythonLocation: /opt/hostedtoolcache/Python/3.11.16/x64
2026-09-24T01:14:10.6462122Z   PKG_CONFIG_PATH: /opt/hostedtoolcache/Python/3.11.16/x64/lib/pkgconfig
2026-09-24T01:14:10.6462732Z   Python_ROOT_DIR: /opt/hostedtoolcache/Python/3.11.16/x64
2026-09-24T01:14:10.6463312Z   Python2_ROOT_DIR: /opt/hostedtoolcache/Python/3.11.16/x64
2026-09-24T01:14:10.6463858Z   Python3_ROOT_DIR: /opt/hostedtoolcache/Python/3.11.16/x64
2026-09-24T01:14:10.6464417Z   LD_LIBRARY_PATH: /opt/hostedtoolcache/Python/3.11.16/x64/lib
2026-09-24T01:14:10.6464903Z ##[endgroup]
2026-09-24T01:14:13.6848027Z Obtaining file:///home/runner/work/tooltest/tooltest
2026-09-24T01:14:13.6864299Z   Installing build dependencies: started
2026-09-24T01:14:15.0515185Z   Installing build dependencies: finished with status 'done'
2026-09-24T01:14:15.0520092Z   Checking if build backend supports build_editable: started
2026-09-24T01:14:15.3818753Z   Checking if build backend supports build_editable: finished with status 'done'
2026-09-24T01:14:15.3827851Z   Getting requirements to build editable: started
2026-09-24T01:14:15.6951695Z   Getting requirements to build editable: finished with status 'done'
2026-09-24T01:14:15.6960499Z   Preparing editable metadata (pyproject.toml): started
2026-09-24T01:14:15.8750354Z   Preparing editable metadata (pyproject.toml): finished with status 'done'
2026-09-24T01:14:15.8796105Z Building wheels for collected packages: diffwitness
2026-09-24T01:14:15.8803712Z   Building editable for diffwitness (pyproject.toml): started
2026-09-24T01:14:16.0906699Z   Building editable for diffwitness (pyproject.toml): finished with status 'done'
2026-09-24T01:14:16.0912906Z   Created wheel for diffwitness: filename=diffwitness-0.4.0a1-0.editable-py3-none-any.whl size=13006 sha256=69d631b95c97cb350dd4d8a0f879f2dd8303e95f0a4757a0746692e121ccb38d
2026-09-24T01:14:16.0914579Z   Stored in directory: /tmp/pip-ephem-wheel-cache-3w6u84n6/wheels/1d/e2/0c/8df4c5f7ed0b68981a66a62e05333067f34d74dcef53b2c7d9
2026-09-24T01:14:16.0947178Z Successfully built diffwitness
2026-09-24T01:14:16.1128138Z Installing collected packages: diffwitness
2026-09-24T01:14:16.1200679Z Successfully installed diffwitness-0.4.0a1
2026-09-24T01:14:16.1795124Z ##[group]Run python -m pip check
2026-09-24T01:14:16.1795523Z [36;1mpython -m pip check[0m
2026-09-24T01:14:16.1862408Z shell: /usr/bin/bash -e {0}
2026-09-24T01:14:16.1862680Z env:
2026-09-24T01:14:16.1862955Z   pythonLocation: /opt/hostedtoolcache/Python/3.11.16/x64
2026-09-24T01:14:16.1863415Z   PKG_CONFIG_PATH: /opt/hostedtoolcache/Python/3.11.16/x64/lib/pkgconfig
2026-09-24T01:14:16.1863871Z   Python_ROOT_DIR: /opt/hostedtoolcache/Python/3.11.16/x64
2026-09-24T01:14:16.1864261Z   Python2_ROOT_DIR: /opt/hostedtoolcache/Python/3.11.16/x64
2026-09-24T01:14:16.1864653Z   Python3_ROOT_DIR: /opt/hostedtoolcache/Python/3.11.16/x64
2026-09-24T01:14:16.1865060Z   LD_LIBRARY_PATH: /opt/hostedtoolcache/Python/3.11.16/x64/lib
2026-09-24T01:14:16.1865400Z ##[endgroup]
2026-09-24T01:14:16.3830200Z No broken requirements found.
2026-09-24T01:14:16.4101399Z ##[group]Run python -m compileall -q src integrations scripts
2026-09-24T01:14:16.4102012Z [36;1mpython -m compileall -q src integrations scripts[0m
2026-09-24T01:14:16.4169195Z shell: /usr/bin/bash -e {0}
2026-09-24T01:14:16.4169473Z env:
2026-09-24T01:14:16.4169914Z   pythonLocation: /opt/hostedtoolcache/Python/3.11.16/x64
2026-09-24T01:14:16.4170374Z   PKG_CONFIG_PATH: /opt/hostedtoolcache/Python/3.11.16/x64/lib/pkgconfig
2026-09-24T01:14:16.4171058Z   Python_ROOT_DIR: /opt/hostedtoolcache/Python/3.11.16/x64
2026-09-24T01:14:16.4171487Z   Python2_ROOT_DIR: /opt/hostedtoolcache/Python/3.11.16/x64
2026-09-24T01:14:16.4171902Z   Python3_ROOT_DIR: /opt/hostedtoolcache/Python/3.11.16/x64
2026-09-24T01:14:16.4172297Z   LD_LIBRARY_PATH: /opt/hostedtoolcache/Python/3.11.16/x64/lib
2026-09-24T01:14:16.4172622Z ##[endgroup]
2026-09-24T01:14:16.7446031Z ##[group]Run set +e
2026-09-24T01:14:16.7446310Z [36;1mset +e[0m
2026-09-24T01:14:16.7446629Z [36;1mpython -m unittest discover -s tests -v 2>&1 | tee unittest.log[0m
2026-09-24T01:14:16.7447021Z [36;1mrc=${PIPESTATUS[0]}[0m
2026-09-24T01:14:16.7447307Z [36;1mecho "return_code=$rc" >> "$GITHUB_OUTPUT"[0m
2026-09-24T01:14:16.7447602Z [36;1mexit "$rc"[0m
2026-09-24T01:14:16.7511740Z shell: /usr/bin/bash --noprofile --norc -e -o pipefail {0}
2026-09-24T01:14:16.7512093Z env:
2026-09-24T01:14:16.7512365Z   pythonLocation: /opt/hostedtoolcache/Python/3.11.16/x64
2026-09-24T01:14:16.7512803Z   PKG_CONFIG_PATH: /opt/hostedtoolcache/Python/3.11.16/x64/lib/pkgconfig
2026-09-24T01:14:16.7513225Z   Python_ROOT_DIR: /opt/hostedtoolcache/Python/3.11.16/x64
2026-09-24T01:14:16.7513609Z   Python2_ROOT_DIR: /opt/hostedtoolcache/Python/3.11.16/x64
2026-09-24T01:14:16.7513994Z   Python3_ROOT_DIR: /opt/hostedtoolcache/Python/3.11.16/x64
2026-09-24T01:14:16.7514413Z   LD_LIBRARY_PATH: /opt/hostedtoolcache/Python/3.11.16/x64/lib
2026-09-24T01:14:16.7514739Z ##[endgroup]
2026-09-24T01:14:17.5018143Z test_acceptance_harnesses_preserve_utf8_subprocess_output (test_acceptance_utf8.AcceptanceEncodingTests.test_acceptance_harnesses_preserve_utf8_subprocess_output) ... ok
2026-09-24T01:14:17.8789953Z test_advisory_partition_can_spend_tiny_budget_but_public_runner_still_proves_removal (test_adaptive.AdaptiveCoreTests.test_advisory_partition_can_spend_tiny_budget_but_public_runner_still_proves_removal) ... ok
2026-09-24T01:14:18.5684248Z test_finds_one_hunk_core_without_testing_every_surplus_hunk (test_adaptive.AdaptiveCoreTests.test_finds_one_hunk_core_without_testing_every_surplus_hunk) ... ok
2026-09-24T01:14:18.6018023Z test_invalid_advisory_plan_fails_before_any_search (test_adaptive.AdaptiveCoreTests.test_invalid_advisory_plan_fails_before_any_search) ... ok
2026-09-24T01:14:18.7528585Z test_behavior_preserving_refactor_gets_preservation_evidence (test_assurance.AssuranceTests.test_behavior_preserving_refactor_gets_preservation_evidence) ... ok
2026-09-24T01:14:18.9435257Z test_changed_tests_that_already_pass_on_base_are_non_discriminating (test_assurance.AssuranceTests.test_changed_tests_that_already_pass_on_base_are_non_discriminating) ... DiffWitness Gate rejected: changed tests do not discriminate the production change from base
2026-09-24T01:14:18.9478225Z ok
2026-09-24T01:14:18.9639993Z test_gate_balanced_accepts_and_public_verify_understands_assurance (test_assurance.AssuranceTests.test_gate_balanced_accepts_and_public_verify_understands_assurance) ... DiffWitness Gate: non-discriminating-change under balanced policy (dwa1_9db221918ab2b18d2c59)
2026-09-24T01:14:19.1765265Z DiffWitness Gate: preservation-evidence under balanced policy (dwa1_ce9e7e288ae8ab29d8eb)
2026-09-24T01:14:19.1766467Z DiffWitness Gate accepted: balanced policy accepts stable preservation assurance
2026-09-24T01:14:19.1767879Z Project continuity: 2 new change event(s) · dwchg_452c11d82093d1f981c3430c
2026-09-24T01:14:19.1952736Z certificate: dwa1_ce9e7e288ae8ab29d8eb
2026-09-24T01:14:19.1953330Z integrity:   valid
2026-09-24T01:14:19.1953738Z freshness:   fresh against WORKTREE
2026-09-24T01:14:19.1954470Z candidate:   embedded-tree
2026-09-24T01:14:19.1975139Z base:        embedded-tree
2026-09-24T01:14:19.1975570Z verdict:     VALID
2026-09-24T01:14:19.2145041Z certificate: dwa1_ce9e7e288ae8ab29d8eb
2026-09-24T01:14:19.2145609Z integrity:   valid
2026-09-24T01:14:19.2145871Z freshness:   stale against WORKTREE
2026-09-24T01:14:19.2146153Z candidate:   embedded-tree
2026-09-24T01:14:19.2146401Z base:        embedded-tree
2026-09-24T01:14:19.2146644Z verdict:     INVALID
2026-09-24T01:14:19.3795542Z DiffWitness Gate rejected: candidate is not stably green
2026-09-24T01:14:19.3821969Z ok
2026-09-24T01:14:19.3967352Z test_noop_certificate_is_fresh_then_stale_after_content_changes (test_attest.AttestationTests.test_noop_certificate_is_fresh_then_stale_after_content_changes) ... DiffWitness Gate: candidate-not-stable-green under strict policy (dwa1_05dc97ee0449d2d94cdd)
2026-09-24T01:14:19.4376205Z DiffWitness: proof not required (dw0_5fb8ef3e05f96835a7a7); no executable causal mutation detected.
2026-09-24T01:14:19.4721142Z certificate: dw0_5fb8ef3e05f96835a7a7
2026-09-24T01:14:19.4721870Z integrity:   valid
2026-09-24T01:14:19.4722286Z freshness:   fresh against WORKTREE
2026-09-24T01:14:19.4722741Z candidate:   embedded-tree
2026-09-24T01:14:19.4723162Z base:        embedded-tree
2026-09-24T01:14:19.4723577Z artifacts:   ignored proof.json
2026-09-24T01:14:19.4723991Z verdict:     VALID
2026-09-24T01:14:19.4940987Z ok
2026-09-24T01:14:19.5082839Z test_tree_bound_validation_proof_verifies_in_fresh_clone_without_snapshot_commit (test_attest.AttestationTests.test_tree_bound_validation_proof_verifies_in_fresh_clone_without_snapshot_commit) ... certificate: dw0_5fb8ef3e05f96835a7a7
2026-09-24T01:14:19.5085202Z integrity:   valid
2026-09-24T01:14:19.5085457Z freshness:   stale against WORKTREE
2026-09-24T01:14:19.5085772Z candidate:   embedded-tree
2026-09-24T01:14:19.5086019Z base:        embedded-tree
2026-09-24T01:14:19.5086266Z artifacts:   ignored proof.json
2026-09-24T01:14:19.5086521Z verdict:     INVALID
2026-09-24T01:14:19.6908661Z DiffWitness: validation-only stable-pass (dwv1_bcdb67125120b45353b2)
2026-09-24T01:14:19.6909671Z Project continuity: 2 new change event(s) · dwchg_327d9a0b67466f87ad777636
2026-09-24T01:14:19.7058690Z ok
2026-09-24T01:14:19.7200325Z test_verified_worktree_proof_can_be_attached_after_identical_commit (test_attest.AttestationTests.test_verified_worktree_proof_can_be_attached_after_identical_commit) ... certificate: dwv1_bcdb67125120b45353b2
2026-09-24T01:14:19.7201502Z integrity:   valid
2026-09-24T01:14:19.7201739Z freshness:   fresh against HEAD
2026-09-24T01:14:19.7202187Z candidate:   embedded-tree
2026-09-24T01:14:19.7202573Z base:        embedded-tree
2026-09-24T01:14:19.7202806Z verdict:     VALID
2026-09-24T01:14:19.7523437Z DiffWitness: proof not required (dw0_5fb8ef3e05f96835a7a7); no executable causal mutation detected.
2026-09-24T01:14:19.7804364Z ok
2026-09-24T01:14:19.7809979Z test_detects_pytest_configuration (test_autodetect.AutoDetectTests.test_detects_pytest_configuration) ... ok
2026-09-24T01:14:19.7815525Z test_falls_back_to_unittest_for_plain_tests_directory (test_autodetect.AutoDetectTests.test_falls_back_to_unittest_for_plain_tests_directory) ... ok
2026-09-24T01:14:19.7825440Z test_prefers_declared_pnpm_test_script (test_autodetect.AutoDetectTests.test_prefers_declared_pnpm_test_script) ... ok
2026-09-24T01:14:19.7829730Z test_unified_schema_declares_every_public_certificate_family (test_certificate_schema.CertificateSchemaTests.test_unified_schema_declares_every_public_certificate_family) ... ok
2026-09-24T01:14:19.8488703Z test_binds_proof_debt_and_idleproof_to_one_exact_change (test_change_envelope.ChangeEnvelopeTests.test_binds_proof_debt_and_idleproof_to_one_exact_change) ... ok
2026-09-24T01:14:19.8755903Z test_corrupt_evidence_and_empty_envelope_fail_closed (test_change_envelope.ChangeEnvelopeTests.test_corrupt_evidence_and_empty_envelope_fail_closed) ... ok
2026-09-24T01:14:19.8965103Z test_idleproof_state_and_local_hook_files_do_not_change_diffwitness_worktree_identity (test_change_envelope.ChangeEnvelopeTests.test_idleproof_state_and_local_hook_files_do_not_change_diffwitness_worktree_identity) ... ok
2026-09-24T01:14:19.9656309Z test_mismatched_debt_candidate_tree_fails_closed (test_change_envelope.ChangeEnvelopeTests.test_mismatched_debt_candidate_tree_fails_closed) ... ok
2026-09-24T01:14:20.0308064Z test_mismatched_idleproof_change_fails_closed (test_change_envelope.ChangeEnvelopeTests.test_mismatched_idleproof_change_fails_closed) ... ok
2026-09-24T01:14:20.1882789Z test_init_creates_pinned_workflow_with_explicit_commands (test_cli.CliTests.test_init_creates_pinned_workflow_with_explicit_commands) ... ok
2026-09-24T01:14:20.5717267Z test_prove_writes_v2_certificate_and_markdown (test_cli.CliTests.test_prove_writes_v2_certificate_and_markdown) ... ok
2026-09-24T01:14:20.8506706Z test_direct_frontends_also_parse_before_preflight_or_discovery (test_cli_informational_safety.InformationalSafetyTests.test_direct_frontends_also_parse_before_preflight_or_discovery) ... ok
2026-09-24T01:14:21.2641083Z test_explicit_proof_still_executes_repository_tests (test_cli_informational_safety.InformationalSafetyTests.test_explicit_proof_still_executes_repository_tests) ... ok
2026-09-24T01:14:24.1036384Z test_help_and_version_preserve_repository_and_historical_evidence (test_cli_informational_safety.InformationalSafetyTests.test_help_and_version_preserve_repository_and_historical_evidence) ... ok
2026-09-24T01:14:24.5043090Z test_help_inside_explicit_test_command_still_executes (test_cli_informational_safety.InformationalSafetyTests.test_help_inside_explicit_test_command_still_executes) ... ok
2026-09-24T01:14:25.2825360Z test_invalid_options_fail_before_execution_or_certificate_deletion (test_cli_informational_safety.InformationalSafetyTests.test_invalid_options_fail_before_execution_or_certificate_deletion) ... ok
2026-09-24T01:14:25.2836714Z test_invalid_policy_and_budget_are_rejected (test_config.ConfigTests.test_invalid_policy_and_budget_are_rejected) ... ok
2026-09-24T01:14:25.2857325Z test_non_finite_timeouts_are_rejected_in_core_and_engine_config (test_config.ConfigTests.test_non_finite_timeouts_are_rejected_in_core_and_engine_config) ... ok
2026-09-24T01:14:25.2861577Z test_unknown_key_fails_closed (test_config.ConfigTests.test_unknown_key_fails_closed) ... ok
2026-09-24T01:14:25.2882322Z test_valid_gate_configuration_round_trips (test_config.ConfigTests.test_valid_gate_configuration_round_trips) ... ok
2026-09-24T01:14:25.3204793Z test_context_uses_project_test_configuration_without_private_engine_access (test_context_process_budget.ContextProcessBudgetTests.test_context_uses_project_test_configuration_without_private_engine_access) ... ok
2026-09-24T01:14:25.3371500Z test_failed_committed_history_walk_is_not_an_unborn_fingerprint (test_context_process_budget.ContextProcessBudgetTests.test_failed_committed_history_walk_is_not_an_unborn_fingerprint) ... ok
2026-09-24T01:14:25.3698037Z test_fingerprint_uses_reachable_roots_and_ignores_other_refs (test_context_process_budget.ContextProcessBudgetTests.test_fingerprint_uses_reachable_roots_and_ignores_other_refs) ... ok
2026-09-24T01:14:25.3971549Z test_malformed_project_configuration_still_fails (test_context_process_budget.ContextProcessBudgetTests.test_malformed_project_configuration_still_fails) ... ok
2026-09-24T01:14:25.4480590Z test_warm_context_uses_at_most_five_git_processes (test_context_process_budget.ContextProcessBudgetTests.test_warm_context_uses_at_most_five_git_processes) ... ok
2026-09-24T01:14:25.5474347Z test_bounds_and_repository_eviction_force_complete_validation (test_continuity_append_cache.AppendCacheTests.test_bounds_and_repository_eviction_force_complete_validation) ... ok
2026-09-24T01:14:25.5895464Z test_caller_inputs_and_results_cannot_mutate_cached_history (test_continuity_append_cache.AppendCacheTests.test_caller_inputs_and_results_cannot_mutate_cached_history) ... ok
2026-09-24T01:14:25.6811071Z test_concurrent_calls_have_one_chain_and_dedupe (test_continuity_append_cache.AppendCacheTests.test_concurrent_calls_have_one_chain_and_dedupe) ... ok
2026-09-24T01:14:25.7106541Z test_crt_text_translation_cannot_make_cached_bytes_differ_from_disk (test_continuity_append_cache.AppendCacheTests.test_crt_text_translation_cannot_make_cached_bytes_differ_from_disk) ... ok
2026-09-24T01:14:25.7459907Z test_external_suffix_is_validated_and_invalid_suffix_fails_closed (test_continuity_append_cache.AppendCacheTests.test_external_suffix_is_validated_and_invalid_suffix_fails_closed) ... ok
2026-09-24T01:14:25.7864101Z test_failed_batch_cannot_advance_cached_lifecycle_or_dedupe (test_continuity_append_cache.AppendCacheTests.test_failed_batch_cannot_advance_cached_lifecycle_or_dedupe) ... ok
2026-09-24T01:14:25.8215578Z test_failed_task_reference_cannot_replace_cached_task_identity (test_continuity_append_cache.AppendCacheTests.test_failed_task_reference_cannot_replace_cached_task_identity) ... ok
2026-09-24T01:14:25.8650445Z test_hash_valid_invalid_profile_and_duplicate_json_external_suffix_fail_closed (test_continuity_append_cache.AppendCacheTests.test_hash_valid_invalid_profile_and_duplicate_json_external_suffix_fail_closed) ... ok
2026-09-24T01:14:25.9081986Z test_partial_write_never_publishes_checkpoint (test_continuity_append_cache.AppendCacheTests.test_partial_write_never_publishes_checkpoint) ... ok
2026-09-24T01:14:25.9375033Z test_repeated_append_validates_only_new_suffix_but_public_read_remains_complete (test_continuity_append_cache.AppendCacheTests.test_repeated_append_validates_only_new_suffix_but_public_read_remains_complete) ... ok
2026-09-24T01:14:25.9656976Z test_same_size_timestamp_corruption_is_rejected_before_append (test_continuity_append_cache.AppendCacheTests.test_same_size_timestamp_corruption_is_rejected_before_append) ... ok
2026-09-24T01:14:25.9944048Z test_unterminated_valid_record_gets_separator_without_changing_old_bytes (test_continuity_append_cache.AppendCacheTests.test_unterminated_valid_record_gets_separator_without_changing_old_bytes) ... ok
2026-09-24T01:14:26.1422168Z test_valid_rewrite_truncation_and_crlf_unicode_keep_chain_truth (test_continuity_append_cache.AppendCacheTests.test_valid_rewrite_truncation_and_crlf_unicode_keep_chain_truth) ... ok
2026-09-24T01:14:26.2281416Z test_authoritative_flag_consistency_preserves_existing_runner_boundary (test_continuity_artifact_profile.ArtifactProfileTests.test_authoritative_flag_consistency_preserves_existing_runner_boundary) ... ok
2026-09-24T01:14:26.2925437Z test_compatible_legacy_reimport_preserves_original_events_and_bytes (test_continuity_artifact_profile.ArtifactProfileTests.test_compatible_legacy_reimport_preserves_original_events_and_bytes) ... ok
2026-09-24T01:14:26.3943181Z test_consumed_input_types_are_checked_before_projection (test_continuity_artifact_profile.ArtifactProfileTests.test_consumed_input_types_are_checked_before_projection) ... ok
2026-09-24T01:14:26.4517891Z test_declaration_and_relation_json_conflicts_fail_atomically (test_continuity_artifact_profile.ArtifactProfileTests.test_declaration_and_relation_json_conflicts_fail_atomically) ... ok
2026-09-24T01:14:26.4931730Z test_descriptor_advertises_profile_without_new_proof_authority (test_continuity_artifact_profile.ArtifactProfileTests.test_descriptor_advertises_profile_without_new_proof_authority) ... ok
2026-09-24T01:14:26.5561457Z test_invalid_legacy_cannot_gain_profile_compatibility_via_ignored_fields (test_continuity_artifact_profile.ArtifactProfileTests.test_invalid_legacy_cannot_gain_profile_compatibility_via_ignored_fields) ... ok
2026-09-24T01:14:26.7784097Z test_json_type_conflicts_are_not_silently_deduped (test_continuity_artifact_profile.ArtifactProfileTests.test_json_type_conflicts_are_not_silently_deduped) ... ok
2026-09-24T01:14:26.8321081Z test_legacy_digest_and_ephemeral_sha_exceptions_survive_profile_adoption (test_continuity_artifact_profile.ArtifactProfileTests.test_legacy_digest_and_ephemeral_sha_exceptions_survive_profile_adoption) ... ok
2026-09-24T01:14:26.9899337Z test_malformed_profile_batches_are_atomic (test_continuity_artifact_profile.ArtifactProfileTests.test_malformed_profile_batches_are_atomic) ... ok
2026-09-24T01:14:27.0459723Z test_mixed_history_replay_and_checkpoint_preserve_legacy_extensions (test_continuity_artifact_profile.ArtifactProfileTests.test_mixed_history_replay_and_checkpoint_preserve_legacy_extensions) ... ok
2026-09-24T01:14:27.1119879Z test_native_producer_profiles_all_five_types_without_promoting_imports (test_continuity_artifact_profile.ArtifactProfileTests.test_native_producer_profiles_all_five_types_without_promoting_imports) ... ok
2026-09-24T01:14:27.1735465Z test_native_reimport_adopts_legacy_without_rewriting_it (test_continuity_artifact_profile.ArtifactProfileTests.test_native_reimport_adopts_legacy_without_rewriting_it) ... ok
2026-09-24T01:14:27.2426729Z test_profile_does_not_hide_real_conflicts_or_other_profiles (test_continuity_artifact_profile.ArtifactProfileTests.test_profile_does_not_hide_real_conflicts_or_other_profiles) ... ok
2026-09-24T01:14:27.3073154Z test_readers_and_old_cache_cannot_bypass_typed_validation (test_continuity_artifact_profile.ArtifactProfileTests.test_readers_and_old_cache_cannot_bypass_typed_validation) ... ok
2026-09-24T01:14:27.3560618Z test_canonical_bytes_match_independent_reference_for_extensions_and_unicode (test_continuity_canonical_integrity.CanonicalIntegrityTests.test_canonical_bytes_match_independent_reference_for_extensions_and_unicode) ... ok
2026-09-24T01:14:27.3567995Z test_corruption_of_any_integrity_input_remains_visible (test_continuity_canonical_integrity.CanonicalIntegrityTests.test_corruption_of_any_integrity_input_remains_visible) ... ok
2026-09-24T01:14:27.3574379Z test_finite_json_and_circular_reference_checks_remain_active (test_continuity_canonical_integrity.CanonicalIntegrityTests.test_finite_json_and_circular_reference_checks_remain_active) ... ok
2026-09-24T01:14:27.3581066Z test_full_validator_encodes_nested_payload_only_once (test_continuity_canonical_integrity.CanonicalIntegrityTests.test_full_validator_encodes_nested_payload_only_once) ... ok
2026-09-24T01:14:27.3602551Z test_missing_or_malformed_identity_still_rejects_and_matches_reference (test_continuity_canonical_integrity.CanonicalIntegrityTests.test_missing_or_malformed_identity_still_rejects_and_matches_reference) ... ok
2026-09-24T01:14:27.3619923Z test_nested_identity_lookalikes_and_missing_actor_match_reference (test_continuity_canonical_integrity.CanonicalIntegrityTests.test_nested_identity_lookalikes_and_missing_actor_match_reference) ... ok
2026-09-24T01:14:27.3624676Z test_nonstandard_python_mapping_keeps_reference_encoding (test_continuity_canonical_integrity.CanonicalIntegrityTests.test_nonstandard_python_mapping_keeps_reference_encoding) ... ok
2026-09-24T01:14:27.3631012Z test_ordinary_validation_needs_one_complete_canonical_encoding (test_continuity_canonical_integrity.CanonicalIntegrityTests.test_ordinary_validation_needs_one_complete_canonical_encoding) ... ok
2026-09-24T01:14:27.3635086Z test_size_limit_counts_utf8_and_hash_member_exactly (test_continuity_canonical_integrity.CanonicalIntegrityTests.test_size_limit_counts_utf8_and_hash_member_exactly) ... ok
2026-09-24T01:14:27.3650531Z test_stream_rejection_closes_file_after_earlier_valid_events (test_continuity_canonical_integrity.CanonicalIntegrityTests.test_stream_rejection_closes_file_after_earlier_valid_events) ... ok
2026-09-24T01:14:27.4171969Z test_byte_budget_counts_utf8_bytes_instead_of_characters (test_continuity_change_paths.ChangePathAdmissionTests.test_byte_budget_counts_utf8_bytes_instead_of_characters) ... ok
2026-09-24T01:14:27.4529480Z test_exact_unicode_whitespace_control_and_backslash_paths (test_continuity_change_paths.ChangePathAdmissionTests.test_exact_unicode_whitespace_control_and_backslash_paths) ... ok
2026-09-24T01:14:27.5068891Z test_file_facts_use_change_identity_trees_not_unrelated_or_missing_commit_hints (test_continuity_change_paths.ChangePathAdmissionTests.test_file_facts_use_change_identity_trees_not_unrelated_or_missing_commit_hints) ... ok
2026-09-24T01:14:27.5981561Z test_forged_coverage_is_rejected_atomically (test_continuity_change_paths.ChangePathAdmissionTests.test_forged_coverage_is_rejected_atomically) ... ok
2026-09-24T01:14:27.6633137Z test_human_context_quotes_paths_without_terminal_control_execution (test_continuity_change_paths.ChangePathAdmissionTests.test_human_context_quotes_paths_without_terminal_control_execution) ... ok
2026-09-24T01:14:27.8139555Z test_installed_cli_reports_safe_exact_and_partial_admission (test_continuity_change_paths.ChangePathAdmissionTests.test_installed_cli_reports_safe_exact_and_partial_admission) ... ok
2026-09-24T01:14:27.8929448Z test_large_changes_keep_bounded_whole_paths_and_explicit_coverage (test_continuity_change_paths.ChangePathAdmissionTests.test_large_changes_keep_bounded_whole_paths_and_explicit_coverage) ... ok
2026-09-24T01:14:27.9267284Z test_unavailable_tree_is_not_presented_as_observed_empty_change (test_continuity_change_paths.ChangePathAdmissionTests.test_unavailable_tree_is_not_presented_as_observed_empty_change) ... ok
2026-09-24T01:14:28.0904346Z test_unknown_legacy_coverage_extension_cannot_crash_context (test_continuity_change_paths.ChangePathAdmissionTests.test_unknown_legacy_coverage_extension_cannot_crash_context) ... ok
2026-09-24T01:14:28.1270220Z test_unrepresentable_names_are_omitted_whole_without_relabeling (test_continuity_change_paths.ChangePathAdmissionTests.test_unrepresentable_names_are_omitted_whole_without_relabeling) ... ok
2026-09-24T01:14:28.1629868Z test_untrusted_commit_hint_cannot_be_a_git_option (test_continuity_change_paths.ChangePathAdmissionTests.test_untrusted_commit_hint_cannot_be_a_git_option) ... ok
2026-09-24T01:14:28.2149056Z test_whole_path_byte_budget_keeps_the_original_event_limit (test_continuity_change_paths.ChangePathAdmissionTests.test_whole_path_byte_budget_keeps_the_original_event_limit) ... ok
2026-09-24T01:14:28.3465671Z test_append_after_validation_is_visible_on_next_context (test_continuity_context_cache.ContinuityContextCacheTests.test_append_after_validation_is_visible_on_next_context) ... ok
2026-09-24T01:14:28.4076796Z test_concurrent_rebuild_cannot_inherit_another_snapshot_digest (test_continuity_context_cache.ContinuityContextCacheTests.test_concurrent_rebuild_cannot_inherit_another_snapshot_digest) ... ok
2026-09-24T01:14:28.5209589Z test_corruption_after_validation_never_becomes_a_trusted_cache_anchor (test_continuity_context_cache.ContinuityContextCacheTests.test_corruption_after_validation_never_becomes_a_trusted_cache_anchor) ... ok
2026-09-24T01:14:28.5824831Z test_hot_cache_detects_historical_tampering_before_serving_context (test_continuity_context_cache.ContinuityContextCacheTests.test_hot_cache_detects_historical_tampering_before_serving_context) ... ok
2026-09-24T01:14:28.6223868Z test_legacy_unvalidated_digest_is_not_trusted_after_upgrade (test_continuity_context_cache.ContinuityContextCacheTests.test_legacy_unvalidated_digest_is_not_trusted_after_upgrade) ... ok
2026-09-24T01:14:28.6916760Z test_legitimate_append_invalidates_cache_and_rebuilds_strictly (test_continuity_context_cache.ContinuityContextCacheTests.test_legitimate_append_invalidates_cache_and_rebuilds_strictly) ... ok
2026-09-24T01:14:28.7312774Z test_rebuilt_state_digest_belongs_to_the_bytes_that_were_validated (test_continuity_context_cache.ContinuityContextCacheTests.test_rebuilt_state_digest_belongs_to_the_bytes_that_were_validated) ... ok
2026-09-24T01:14:28.7755207Z test_unchanged_cache_does_not_reparse_the_journal (test_continuity_context_cache.ContinuityContextCacheTests.test_unchanged_cache_does_not_reparse_the_journal) ... ok
2026-09-24T01:14:28.8674245Z test_citation_tracks_the_exact_assertion_not_the_latest_journal_head (test_continuity_context_sources.ContextSourceTests.test_citation_tracks_the_exact_assertion_not_the_latest_journal_head) ... ok
2026-09-24T01:14:28.9282874Z test_confirmation_cites_its_review_separately_from_the_assertion (test_continuity_context_sources.ContextSourceTests.test_confirmation_cites_its_review_separately_from_the_assertion) ... ok
2026-09-24T01:14:28.9992002Z test_inconsistent_assertion_status_or_details_cannot_be_cited (test_continuity_context_sources.ContextSourceTests.test_inconsistent_assertion_status_or_details_cannot_be_cited) ... ok
2026-09-24T01:14:29.0466105Z test_missing_assertion_row_cannot_produce_a_fabricated_citation (test_continuity_context_sources.ContextSourceTests.test_missing_assertion_row_cannot_produce_a_fabricated_citation) ... ok
2026-09-24T01:14:29.1035625Z test_packet_anchor_and_citations_share_a_read_snapshot (test_continuity_context_sources.ContextSourceTests.test_packet_anchor_and_citations_share_a_read_snapshot) ... ok
2026-09-24T01:14:29.2214775Z test_stale_source_pointer_with_identical_assertions_is_rejected (test_continuity_context_sources.ContextSourceTests.test_stale_source_pointer_with_identical_assertions_is_rejected) ... ok
2026-09-24T01:14:29.2216991Z test_contract_covers_concepts_without_renaming_historical_wire_kinds (test_continuity_contract.ContinuityContractTests.test_contract_covers_concepts_without_renaming_historical_wire_kinds) ... ok
2026-09-24T01:14:29.2234115Z test_discovery_preserves_the_existing_human_relation_boundary (test_continuity_contract.ContinuityContractTests.test_discovery_preserves_the_existing_human_relation_boundary) ... ok
2026-09-24T01:14:29.2238325Z test_exported_metadata_cannot_mutate_live_contract_rules (test_continuity_contract.ContinuityContractTests.test_exported_metadata_cannot_mutate_live_contract_rules) ... ok
2026-09-24T01:14:29.2560558Z test_legacy_extensions_and_projection_lifecycle_survive_reconstruction (test_continuity_contract.ContinuityContractTests.test_legacy_extensions_and_projection_lifecycle_survive_reconstruction) ... ok
2026-09-24T01:14:29.3754401Z test_public_json_discovery_is_repository_independent_read_only_and_language_stable (test_continuity_contract.ContinuityContractTests.test_public_json_discovery_is_repository_independent_read_only_and_language_stable) ... ok
2026-09-24T01:14:29.4109588Z test_corrupt_debt_ledger_never_becomes_project_history (test_continuity_debt_bridge.ContinuityDebtBridgeTests.test_corrupt_debt_ledger_never_becomes_project_history) ... ok
2026-09-24T01:14:29.4953918Z test_full_ledger_lifecycle_projects_idempotently (test_continuity_debt_bridge.ContinuityDebtBridgeTests.test_full_ledger_lifecycle_projects_idempotently) ... ok
2026-09-24T01:14:29.5283800Z test_only_exact_available_base_and_well_formed_tree_can_identify_a_change (test_continuity_debt_bridge.ContinuityDebtBridgeTests.test_only_exact_available_base_and_well_formed_tree_can_identify_a_change) ... ok
2026-09-24T01:14:29.5767557Z test_option_like_historical_report_retains_debt_without_invented_change_link (test_continuity_debt_bridge.ContinuityDebtBridgeTests.test_option_like_historical_report_retains_debt_without_invented_change_link) ... ok
2026-09-24T01:14:29.5895263Z test_both_readers_reject_profile_mismatch_even_with_valid_hashes (test_continuity_declaration_profile.DeclarationProfileTests.test_both_readers_reject_profile_mismatch_even_with_valid_hashes) ... ok
2026-09-24T01:14:29.6196822Z test_cache_from_json_only_validation_cannot_skip_profile_admission (test_continuity_declaration_profile.DeclarationProfileTests.test_cache_from_json_only_validation_cannot_skip_profile_admission) ... ok
2026-09-24T01:14:29.6321177Z test_descriptor_exposes_opt_in_profile_without_claiming_proof_authority (test_continuity_declaration_profile.DeclarationProfileTests.test_descriptor_exposes_opt_in_profile_without_claiming_proof_authority) ... ok
2026-09-24T01:14:29.7240106Z test_invalid_profile_batch_fails_before_any_append (test_continuity_declaration_profile.DeclarationProfileTests.test_invalid_profile_batch_fails_before_any_append) ... ok
2026-09-24T01:14:29.7505331Z test_legacy_extensions_and_typed_events_share_history_without_rewriting (test_continuity_declaration_profile.DeclarationProfileTests.test_legacy_extensions_and_typed_events_share_history_without_rewriting) ... ok
2026-09-24T01:14:29.8283699Z test_native_commands_adopt_profile_and_keep_declared_authority (test_continuity_declaration_profile.DeclarationProfileTests.test_native_commands_adopt_profile_and_keep_declared_authority) ... ok
2026-09-24T01:14:29.8826326Z test_ambiguous_and_nonfinite_source_json_fails_before_append (test_continuity_envelope_admission.EnvelopeAdmissionTests.test_ambiguous_and_nonfinite_source_json_fails_before_append) ... ok
2026-09-24T01:14:29.9675303Z test_legacy_absence_and_idempotency_remain_compatible (test_continuity_envelope_admission.EnvelopeAdmissionTests.test_legacy_absence_and_idempotency_remain_compatible) ... ok
2026-09-24T01:14:30.0861580Z test_malformed_containers_fail_with_controlled_errors (test_continuity_envelope_admission.EnvelopeAdmissionTests.test_malformed_containers_fail_with_controlled_errors) ... ok
2026-09-24T01:14:30.2076123Z test_native_builder_output_remains_importable_and_observed (test_continuity_envelope_admission.EnvelopeAdmissionTests.test_native_builder_output_remains_importable_and_observed) ... ok
2026-09-24T01:14:30.3334645Z test_public_cli_rejects_string_false_without_writing_history (test_continuity_envelope_admission.EnvelopeAdmissionTests.test_public_cli_rejects_string_false_without_writing_history) ... ok
2026-09-24T01:14:30.3965670Z test_valid_false_zero_and_nullable_budget_keep_exact_meaning (test_continuity_envelope_admission.EnvelopeAdmissionTests.test_valid_false_zero_and_nullable_budget_keep_exact_meaning) ... ok
2026-09-24T01:14:30.5012734Z test_wrong_summary_scalars_fail_atomically (test_continuity_envelope_admission.EnvelopeAdmissionTests.test_wrong_summary_scalars_fail_atomically) ... ok
2026-09-24T01:14:30.5440062Z test_conflicting_object_and_path_are_rejected_without_append (test_continuity_envelope_snapshot.EnvelopeSnapshotTests.test_conflicting_object_and_path_are_rejected_without_append) ... ok
2026-09-24T01:14:30.5962372Z test_direct_object_has_no_invented_file_digest (test_continuity_envelope_snapshot.EnvelopeSnapshotTests.test_direct_object_has_no_invented_file_digest) ... ok
2026-09-24T01:14:30.7239236Z test_matching_dual_input_preserves_raw_unicode_and_line_endings (test_continuity_envelope_snapshot.EnvelopeSnapshotTests.test_matching_dual_input_preserves_raw_unicode_and_line_endings) ... ok
2026-09-24T01:14:30.7961219Z test_replacement_or_deletion_after_parse_keeps_parsed_snapshot_digest (test_continuity_envelope_snapshot.EnvelopeSnapshotTests.test_replacement_or_deletion_after_parse_keeps_parsed_snapshot_digest) ... ok
2026-09-24T01:14:30.8418196Z test_supplied_object_cannot_bypass_invalid_or_missing_source (test_continuity_envelope_snapshot.EnvelopeSnapshotTests.test_supplied_object_cannot_bypass_invalid_or_missing_source) ... ok
2026-09-24T01:14:30.9093557Z test_all_branches_include_merge_parents_and_disconnected_roots_without_proof (test_continuity_git_branches.GitBranchHistoryTests.test_all_branches_include_merge_parents_and_disconnected_roots_without_proof) ... Switched to a new branch 'unrelated'
2026-09-24T01:14:31.0067363Z ok
2026-09-24T01:14:31.0735128Z test_cli_resumption_hint_keeps_explicit_message_policy (test_continuity_git_branches.GitBranchHistoryTests.test_cli_resumption_hint_keeps_explicit_message_policy) ... Switched to a new branch 'unrelated'
2026-09-24T01:14:31.2084264Z ok
2026-09-24T01:14:31.3097764Z test_consistent_cursor_cannot_claim_unimported_messages (test_continuity_git_branches.GitBranchHistoryTests.test_consistent_cursor_cannot_claim_unimported_messages) ... Switched to a new branch 'unrelated'
2026-09-24T01:14:32.1159957Z ok
2026-09-24T01:14:32.4129555Z test_consistent_cursor_cannot_skip_unimported_commits (test_continuity_git_branches.GitBranchHistoryTests.test_consistent_cursor_cannot_skip_unimported_commits) ... Switched to a new branch 'unrelated'
2026-09-24T01:14:32.4618330Z ok
2026-09-24T01:14:32.5279204Z test_cursor_prefix_rechecks_corrupt_journal_bytes_with_preserved_size_and_time (test_continuity_git_branches.GitBranchHistoryTests.test_cursor_prefix_rechecks_corrupt_journal_bytes_with_preserved_size_and_time) ... Switched to a new branch 'unrelated'
2026-09-24T01:14:32.5765419Z ok
2026-09-24T01:14:32.6427462Z test_cursor_rejects_invalid_typed_fields_even_with_recomputed_checksum (test_continuity_git_branches.GitBranchHistoryTests.test_cursor_rejects_invalid_typed_fields_even_with_recomputed_checksum) ... Switched to a new branch 'unrelated'
2026-09-24T01:14:32.6954704Z ok
2026-09-24T01:14:32.7619309Z test_declared_messages_remain_opt_in_and_cannot_change_cursor_policy (test_continuity_git_branches.GitBranchHistoryTests.test_declared_messages_remain_opt_in_and_cannot_change_cursor_policy) ... Switched to a new branch 'unrelated'
2026-09-24T01:14:32.8114497Z ok
2026-09-24T01:14:32.8765454Z test_empty_sha256_and_localized_cli_preserve_compatible_modes (test_continuity_git_branches.GitBranchHistoryTests.test_empty_sha256_and_localized_cli_preserve_compatible_modes) ... Switched to a new branch 'unrelated'
2026-09-24T01:14:33.1028777Z ok
2026-09-24T01:14:33.1683550Z test_interruption_and_concurrent_page_imports_retain_journal_integrity (test_continuity_git_branches.GitBranchHistoryTests.test_interruption_and_concurrent_page_imports_retain_journal_integrity) ... Switched to a new branch 'unrelated'
2026-09-24T01:14:33.3214772Z ok
2026-09-24T01:14:33.3868573Z test_invalid_options_and_corrupted_cursor_fail_without_appending (test_continuity_git_branches.GitBranchHistoryTests.test_invalid_options_and_corrupted_cursor_fail_without_appending) ... Switched to a new branch 'unrelated'
2026-09-24T01:14:33.4512397Z ok
2026-09-24T01:14:33.5157341Z test_missing_non_first_parent_and_excessive_branch_capture_fail_before_append (test_continuity_git_branches.GitBranchHistoryTests.test_missing_non_first_parent_and_excessive_branch_capture_fail_before_append) ... Switched to a new branch 'unrelated'
2026-09-24T01:14:33.5855323Z ok
2026-09-24T01:14:33.6509703Z test_remote_tracking_tips_are_included_but_tag_only_history_is_explicitly_outside_scope (test_continuity_git_branches.GitBranchHistoryTests.test_remote_tracking_tips_are_included_but_tag_only_history_is_explicitly_outside_scope) ... Switched to a new branch 'unrelated'
2026-09-24T01:14:33.7660652Z ok
2026-09-24T01:14:33.8353388Z test_shallow_and_grafted_parent_lists_never_claim_complete_history (test_continuity_git_branches.GitBranchHistoryTests.test_shallow_and_grafted_parent_lists_never_claim_complete_history) ... Switched to a new branch 'unrelated'
2026-09-24T01:14:34.0006685Z ok
2026-09-24T01:14:34.0668263Z test_small_pages_retry_idempotently_and_keep_the_captured_tips_after_ref_movement (test_continuity_git_branches.GitBranchHistoryTests.test_small_pages_retry_idempotently_and_keep_the_captured_tips_after_ref_movement) ... Switched to a new branch 'unrelated'
2026-09-24T01:14:34.2811841Z ok
2026-09-24T01:14:34.5181953Z test_blocking_child_is_terminated_at_the_command_deadline (test_continuity_git_history.GitHistoryTests.test_blocking_child_is_terminated_at_the_command_deadline) ... ok
2026-09-24T01:14:34.6561403Z test_cli_rejects_bad_limit_and_imports_unicode_paths (test_continuity_git_history.GitHistoryTests.test_cli_rejects_bad_limit_and_imports_unicode_paths) ... ok
2026-09-24T01:14:34.7011424Z test_corrupt_commit_and_bounded_git_output_fail_before_append (test_continuity_git_history.GitHistoryTests.test_corrupt_commit_and_bounded_git_output_fail_before_append) ... ok
2026-09-24T01:14:34.7772667Z test_empty_and_sha256_repositories_are_supported (test_continuity_git_history.GitHistoryTests.test_empty_and_sha256_repositories_are_supported) ... ok
2026-09-24T01:14:34.8545562Z test_head_advance_and_replacement_objects_cannot_relabel_captured_commit (test_continuity_git_history.GitHistoryTests.test_head_advance_and_replacement_objects_cannot_relabel_captured_commit) ... ok
2026-09-24T01:14:34.9419555Z test_message_truncation_and_path_omission_are_explicit (test_continuity_git_history.GitHistoryTests.test_message_truncation_and_path_omission_are_explicit) ... ok
2026-09-24T01:14:35.0615509Z test_messages_are_separate_declared_opt_in_and_do_not_replace_commit_authority (test_continuity_git_history.GitHistoryTests.test_messages_are_separate_declared_opt_in_and_do_not_replace_commit_authority) ... ok
2026-09-24T01:14:35.1149592Z test_non_utf8_message_retains_only_digest_and_explicit_coverage (test_continuity_git_history.GitHistoryTests.test_non_utf8_message_retains_only_digest_and_explicit_coverage) ... ok
2026-09-24T01:14:35.1632066Z test_oversized_object_and_invalid_ref_cannot_partially_import_a_page (test_continuity_git_history.GitHistoryTests.test_oversized_object_and_invalid_ref_cannot_partially_import_a_page) ... ok
2026-09-24T01:14:35.2701120Z test_page_resumption_is_idempotent_and_excludes_dirty_bytes_and_private_headers (test_continuity_git_history.GitHistoryTests.test_page_resumption_is_idempotent_and_excludes_dirty_bytes_and_private_headers) ... ok
2026-09-24T01:14:35.3580122Z test_preappend_interruption_leaves_page_retryable (test_continuity_git_history.GitHistoryTests.test_preappend_interruption_leaves_page_retryable) ... ok
2026-09-24T01:14:35.4431834Z test_profile_cannot_promote_messages_or_invent_unbound_paths (test_continuity_git_history.GitHistoryTests.test_profile_cannot_promote_messages_or_invent_unbound_paths) ... ok
2026-09-24T01:14:35.5529342Z test_root_and_merge_observe_first_parent_diff_without_importing_side_branch (test_continuity_git_history.GitHistoryTests.test_root_and_merge_observe_first_parent_diff_without_importing_side_branch) ... ok
2026-09-24T01:14:35.6914116Z test_shallow_boundary_is_explicit_and_resumes_after_deepening (test_continuity_git_history.GitHistoryTests.test_shallow_boundary_is_explicit_and_resumes_after_deepening) ... ok
2026-09-24T01:14:35.7964191Z test_corrupt_tree_and_blob_bytes_are_rechecked_after_successful_import (test_continuity_git_lineage.GitLineageTests.test_corrupt_tree_and_blob_bytes_are_rechecked_after_successful_import) ... ok
2026-09-24T01:14:35.9091349Z test_cursor_policy_is_compatible_and_forged_opt_in_cannot_skip_assessments (test_continuity_git_lineage.GitLineageTests.test_cursor_policy_is_compatible_and_forged_opt_in_cannot_skip_assessments) ... ok
2026-09-24T01:14:36.0812008Z test_duplicate_content_copy_edit_and_mode_changes_are_not_silent_identity_merges (test_continuity_git_lineage.GitLineageTests.test_duplicate_content_copy_edit_and_mode_changes_are_not_silent_identity_merges) ... ok
2026-09-24T01:14:36.1354208Z test_excluded_regular_names_still_prevent_false_unique_matches (test_continuity_git_lineage.GitLineageTests.test_excluded_regular_names_still_prevent_false_unique_matches) ... ok
2026-09-24T01:14:36.2134194Z test_existing_assertion_authority_stays_bound_to_its_original_entity (test_continuity_git_lineage.GitLineageTests.test_existing_assertion_authority_stays_bound_to_its_original_entity) ... ok
2026-09-24T01:14:36.4710625Z test_limits_and_preappend_interruption_preserve_atomic_retry (test_continuity_git_lineage.GitLineageTests.test_limits_and_preappend_interruption_preserve_atomic_retry) ... ok
2026-09-24T01:14:36.5246710Z test_nonregular_replacement_is_not_a_removed_path (test_continuity_git_lineage.GitLineageTests.test_nonregular_replacement_is_not_a_removed_path) ... ok
2026-09-24T01:14:36.6686942Z test_opt_in_persists_inferred_relocation_with_exact_binding_and_no_proof_transfer (test_continuity_git_lineage.GitLineageTests.test_opt_in_persists_inferred_relocation_with_exact_binding_and_no_proof_transfer) ... ok
2026-09-24T01:14:36.7481078Z test_profile_rejects_promoted_authority_unbound_paths_and_altered_relations (test_continuity_git_lineage.GitLineageTests.test_profile_rejects_promoted_authority_unbound_paths_and_altered_relations) ... ok
2026-09-24T01:14:36.8075596Z test_profile_validation_has_specific_causes_independent_of_dedupe (test_continuity_git_lineage.GitLineageTests.test_profile_validation_has_specific_causes_independent_of_dedupe) ... ok
2026-09-24T01:14:36.9012274Z test_query_limits_exact_citations_and_journal_corruption (test_continuity_git_lineage.GitLineageTests.test_query_limits_exact_citations_and_journal_corruption) ... ok
2026-09-24T01:14:37.1346608Z test_real_pair_budget_rejects_whole_page_and_deadline_rejects_without_append (test_continuity_git_lineage.GitLineageTests.test_real_pair_budget_rejects_whole_page_and_deadline_rejects_without_append) ... ok
2026-09-24T01:14:37.4067959Z test_rename_back_and_branch_divergence_retain_distinct_cited_observations (test_continuity_git_lineage.GitLineageTests.test_rename_back_and_branch_divergence_retain_distinct_cited_observations) ... ok
2026-09-24T01:14:37.6183441Z test_sha256_root_merge_and_shallow_boundary_preserve_original_meaning (test_continuity_git_lineage.GitLineageTests.test_sha256_root_merge_and_shallow_boundary_preserve_original_meaning) ... ok
2026-09-24T01:14:37.6671144Z test_valid_hash_does_not_admit_malformed_or_unsafe_tree_structure (test_continuity_git_lineage.GitLineageTests.test_valid_hash_does_not_admit_malformed_or_unsafe_tree_structure) ... ok
2026-09-24T01:14:39.2859760Z test_guard_then_codex_stop_same_tree_keeps_current_proof_coherent (test_continuity_guard_native_reverification.GuardNativeReverificationTests.test_guard_then_codex_stop_same_tree_keeps_current_proof_coherent) ... ok
2026-09-24T01:14:39.3425775Z test_bounds_cycles_unknown_nodes_and_repeated_calls_are_deterministic (test_continuity_history.MemoryNavigationTests.test_bounds_cycles_unknown_nodes_and_repeated_calls_are_deterministic) ... ok
2026-09-24T01:14:39.3742268Z test_corrupt_journal_cannot_supply_history_or_reasons (test_continuity_history.MemoryNavigationTests.test_corrupt_journal_cannot_supply_history_or_reasons) ... ok
2026-09-24T01:14:39.4369739Z test_cursor_rejects_wrong_identity_truncation_and_valid_divergent_prefix (test_continuity_history.MemoryNavigationTests.test_cursor_rejects_wrong_identity_truncation_and_valid_divergent_prefix) ... ok
2026-09-24T01:14:39.4811392Z test_depth_and_reason_truncation_are_explicit (test_continuity_history.MemoryNavigationTests.test_depth_and_reason_truncation_are_explicit) ... ok
2026-09-24T01:14:39.5068114Z test_empty_history_and_unknown_identity_are_explicit_without_persistence (test_continuity_history.MemoryNavigationTests.test_empty_history_and_unknown_identity_are_explicit_without_persistence) ... ok
2026-09-24T01:14:39.5604859Z test_exact_citation_opens_original_event_and_rejects_wrong_hash_or_missing_id (test_continuity_history.MemoryNavigationTests.test_exact_citation_opens_original_event_and_rejects_wrong_hash_or_missing_id) ... ok
2026-09-24T01:14:39.6799179Z test_history_byte_bound_preserves_whole_events_and_all_pages (test_continuity_history.MemoryNavigationTests.test_history_byte_bound_preserves_whole_events_and_all_pages) ... ok
2026-09-24T01:14:39.7380014Z test_history_retains_exact_events_and_pages_a_stable_prefix_across_appends (test_continuity_history.MemoryNavigationTests.test_history_retains_exact_events_and_pages_a_stable_prefix_across_appends) ... ok
2026-09-24T01:14:39.7852958Z test_latest_edge_is_selected_with_its_own_source_and_old_event_remains_in_history (test_continuity_history.MemoryNavigationTests.test_latest_edge_is_selected_with_its_own_source_and_old_event_remains_in_history) ... ok
2026-09-24T01:14:39.8383927Z test_public_cli_json_and_french_text_are_read_only_and_escape_recorded_controls (test_continuity_history.MemoryNavigationTests.test_public_cli_json_and_french_text_are_read_only_and_escape_recorded_controls) ... ok
2026-09-24T01:14:39.8725790Z test_public_cli_rejects_non_repository_without_traceback_or_files (test_continuity_history.MemoryNavigationTests.test_public_cli_rejects_non_repository_without_traceback_or_files) ... ok
2026-09-24T01:14:39.9243116Z test_review_does_not_replace_assertion_and_inactive_memory_stays_explicit (test_continuity_history.MemoryNavigationTests.test_review_does_not_replace_assertion_and_inactive_memory_stays_explicit) ... ok
2026-09-24T01:14:39.9781461Z test_why_traverses_both_directions_and_preserves_separate_authorities_and_reasons (test_continuity_history.MemoryNavigationTests.test_why_traverses_both_directions_and_preserves_separate_authorities_and_reasons) ... ok
2026-09-24T01:14:40.1214479Z test_actual_git_delta_is_durable_cited_bidirectional_and_not_proof (test_continuity_impact.ImpactTests.test_actual_git_delta_is_durable_cited_bidirectional_and_not_proof) ... ok
2026-09-24T01:14:40.2476519Z test_actual_partial_path_coverage_keeps_unobserved_expectations_unknown (test_continuity_impact.ImpactTests.test_actual_partial_path_coverage_keeps_unobserved_expectations_unknown) ... ok
2026-09-24T01:14:40.3298589Z test_actual_unavailable_git_tree_and_exact_cited_memory (test_continuity_impact.ImpactTests.test_actual_unavailable_git_tree_and_exact_cited_memory) ... ok
2026-09-24T01:14:40.4374797Z test_dirty_plan_uses_exact_worktree_without_mutating_user_index (test_continuity_impact.ImpactTests.test_dirty_plan_uses_exact_worktree_without_mutating_user_index) ... ok
2026-09-24T01:14:40.5283443Z test_import_rejects_forged_delta_reference_hash_and_authority (test_continuity_impact.ImpactTests.test_import_rejects_forged_delta_reference_hash_and_authority) ... ok
2026-09-24T01:14:40.5942712Z test_invalid_inputs_fail_before_journal_write_and_no_path_aliases (test_continuity_impact.ImpactTests.test_invalid_inputs_fail_before_journal_write_and_no_path_aliases) ... ok
2026-09-24T01:14:40.6709923Z test_missing_git_objects_produce_unknown_not_false_absence (test_continuity_impact.ImpactTests.test_missing_git_objects_produce_unknown_not_false_absence) ... ok
2026-09-24T01:14:41.1135280Z test_real_cli_french_english_show_is_read_only_and_help_has_no_effects (test_continuity_impact.ImpactTests.test_real_cli_french_english_show_is_read_only_and_help_has_no_effects) ... ok
2026-09-24T01:14:41.1956277Z test_recording_plan_after_observed_change_is_not_anticipation (test_continuity_impact.ImpactTests.test_recording_plan_after_observed_change_is_not_anticipation) ... ok
2026-09-24T01:14:41.2775870Z test_unanticipated_path_and_partial_scope_are_explicit (test_continuity_impact.ImpactTests.test_unanticipated_path_and_partial_scope_are_explicit) ... ok
2026-09-24T01:14:41.3878503Z test_append_and_corruption_after_snapshot_never_stamp_unvalidated_bytes (test_continuity_incremental.IncrementalStateTests.test_append_and_corruption_after_snapshot_never_stamp_unvalidated_bytes) ... ok
2026-09-24T01:14:41.4332642Z test_append_checks_old_event_shape_once_and_batch_references_still_reject_atomically (test_continuity_incremental.IncrementalStateTests.test_append_checks_old_event_shape_once_and_batch_references_still_reject_atomically) ... ok
2026-09-24T01:14:41.4893983Z test_append_projects_only_suffix_with_one_validated_snapshot (test_continuity_incremental.IncrementalStateTests.test_append_projects_only_suffix_with_one_validated_snapshot) ... ok
2026-09-24T01:14:41.5483632Z test_busy_sqlite_writer_is_not_replaced_or_silently_rebuilt (test_continuity_incremental.IncrementalStateTests.test_busy_sqlite_writer_is_not_replaced_or_silently_rebuilt) ... ok
2026-09-24T01:14:41.5948789Z test_existing_reader_snapshot_remains_coherent_across_suffix_commit (test_continuity_incremental.IncrementalStateTests.test_existing_reader_snapshot_remains_coherent_across_suffix_commit) ... ok
2026-09-24T01:14:41.6446076Z test_hash_valid_invalid_prefix_reference_rejects_update_and_append (test_continuity_incremental.IncrementalStateTests.test_hash_valid_invalid_prefix_reference_rejects_update_and_append) ... ok
2026-09-24T01:14:41.8098701Z test_legacy_framing_and_duplicate_conflicts_preserve_exact_bytes (test_continuity_incremental.IncrementalStateTests.test_legacy_framing_and_duplicate_conflicts_preserve_exact_bytes) ... ok
2026-09-24T01:14:42.0153810Z test_materializers_and_explicit_rebuild_serialize_before_reading_journal (test_continuity_incremental.IncrementalStateTests.test_materializers_and_explicit_rebuild_serialize_before_reading_journal) ... ok
2026-09-24T01:14:42.1710012Z test_mixed_history_and_citations_match_rebuild_without_reprojecting_prefix (test_continuity_incremental.IncrementalStateTests.test_mixed_history_and_citations_match_rebuild_without_reprojecting_prefix) ... ok
2026-09-24T01:14:42.2195778Z test_same_size_same_mtime_prefix_corruption_is_rejected_and_preserves_state (test_continuity_incremental.IncrementalStateTests.test_same_size_same_mtime_prefix_corruption_is_rejected_and_preserves_state) ... ok
2026-09-24T01:14:42.2789624Z test_suffix_failure_rolls_back_rows_head_digest_and_retry_converges (test_continuity_incremental.IncrementalStateTests.test_suffix_failure_rolls_back_rows_head_digest_and_retry_converges) ... ok
2026-09-24T01:14:42.5848359Z test_truncation_divergence_missing_anchor_and_event_row_damage_reconstruct (test_continuity_incremental.IncrementalStateTests.test_truncation_divergence_missing_anchor_and_event_row_damage_reconstruct) ... ok
2026-09-24T01:14:42.6496108Z test_changed_payload_removes_stale_terms_but_inherited_label_remains_searchable (test_continuity_indexed_context.IndexedContextTests.test_changed_payload_removes_stale_terms_but_inherited_label_remains_searchable) ... ok
2026-09-24T01:14:42.6969093Z test_complete_two_hop_graph_critical_and_component_seeds_survive_selection (test_continuity_indexed_context.IndexedContextTests.test_complete_two_hop_graph_critical_and_component_seeds_survive_selection) ... ok
2026-09-24T01:14:42.7341119Z test_exact_short_id_and_short_component_seed_do_not_depend_on_lexical_tokens (test_continuity_indexed_context.IndexedContextTests.test_exact_short_id_and_short_component_seed_do_not_depend_on_lexical_tokens) ... ok
2026-09-24T01:14:42.8377952Z test_indexed_retrieval_matches_full_scan_on_mixed_graph (test_continuity_indexed_context.IndexedContextTests.test_indexed_retrieval_matches_full_scan_on_mixed_graph) ... ok
2026-09-24T01:14:43.1137725Z test_selective_query_does_not_decode_thousands_of_unrelated_entities (test_continuity_indexed_context.IndexedContextTests.test_selective_query_does_not_decode_thousands_of_unrelated_entities) ... ok
2026-09-24T01:14:43.1487722Z test_cache_from_permissive_parser_cannot_bypass_strict_validation (test_continuity_json_contract.ContinuityJSONContractTests.test_cache_from_permissive_parser_cannot_bypass_strict_validation) ... ok
2026-09-24T01:14:43.1658503Z test_duplicate_members_are_rejected_at_every_nesting_level (test_continuity_json_contract.ContinuityJSONContractTests.test_duplicate_members_are_rejected_at_every_nesting_level) ... ok
2026-09-24T01:14:43.2081583Z test_invalid_checkpoint_does_not_rewrite_local_journal (test_continuity_json_contract.ContinuityJSONContractTests.test_invalid_checkpoint_does_not_rewrite_local_journal) ... ok
2026-09-24T01:14:43.2269202Z test_legacy_non_finite_history_is_rejected_even_with_valid_old_hashes (test_continuity_json_contract.ContinuityJSONContractTests.test_legacy_non_finite_history_is_rejected_even_with_valid_old_hashes) ... ok
2026-09-24T01:14:43.2552250Z test_non_finite_writer_rejects_entire_batch_before_append (test_continuity_json_contract.ContinuityJSONContractTests.test_non_finite_writer_rejects_entire_batch_before_append) ... ok
2026-09-24T01:14:43.2765933Z test_unicode_line_separators_inside_strings_do_not_split_events (test_continuity_json_contract.ContinuityJSONContractTests.test_unicode_line_separators_inside_strings_do_not_split_events) ... ok
2026-09-24T01:14:43.3600339Z test_valid_history_keeps_exact_bytes_identifiers_and_reconstruction (test_continuity_json_contract.ContinuityJSONContractTests.test_valid_history_keeps_exact_bytes_identifiers_and_reconstruction) ... ok
2026-09-24T01:14:43.3605375Z test_component_identity_is_provider_neutral_and_path_safe (test_continuity_kernel.ContinuityKernelTests.test_component_identity_is_provider_neutral_and_path_safe) ... ok
2026-09-24T01:14:43.5305901Z test_context_compiler_joins_human_memory_structure_and_change_evidence (test_continuity_kernel.ContinuityKernelTests.test_context_compiler_joins_human_memory_structure_and_change_evidence) ... ok
2026-09-24T01:14:43.5876713Z test_event_and_state_do_not_store_raw_diff_or_prompt_fields (test_continuity_kernel.ContinuityKernelTests.test_event_and_state_do_not_store_raw_diff_or_prompt_fields) ... ok
2026-09-24T01:14:43.6731496Z test_manual_envelope_cannot_self_promote_proof_to_verified (test_continuity_kernel.ContinuityKernelTests.test_manual_envelope_cannot_self_promote_proof_to_verified) ... ok
2026-09-24T01:14:43.7221866Z test_project_event_log_is_hash_chained_and_tamper_evident (test_continuity_kernel.ContinuityKernelTests.test_project_event_log_is_hash_chained_and_tamper_evident) ... ok
2026-09-24T01:14:43.7550225Z test_python_structure_separates_observed_from_inferred (test_continuity_kernel.ContinuityKernelTests.test_python_structure_separates_observed_from_inferred) ... ok
2026-09-24T01:14:43.8117811Z test_state_db_is_disposable_and_rebuilt_from_events (test_continuity_kernel.ContinuityKernelTests.test_state_db_is_disposable_and_rebuilt_from_events) ... ok
2026-09-24T01:14:43.8654985Z test_accented_query_matches_plain_label_and_french_ligatures (test_continuity_language_retrieval.LanguageRetrievalTests.test_accented_query_matches_plain_label_and_french_ligatures) ... ok
2026-09-24T01:14:43.8802708Z test_ascii_token_behavior_is_preserved (test_continuity_language_retrieval.LanguageRetrievalTests.test_ascii_token_behavior_is_preserved) ... ok
2026-09-24T01:14:43.9953254Z test_compatibility_forms_match_memory_in_both_directions (test_continuity_language_retrieval.LanguageRetrievalTests.test_compatibility_forms_match_memory_in_both_directions) ... ok
2026-09-24T01:14:44.1017965Z test_french_accents_and_canonical_unicode_forms_recall_exact_assertion (test_continuity_language_retrieval.LanguageRetrievalTests.test_french_accents_and_canonical_unicode_forms_recall_exact_assertion) ... ok
2026-09-24T01:14:44.1552204Z test_legacy_index_rebuilds_without_changing_the_journal (test_continuity_language_retrieval.LanguageRetrievalTests.test_legacy_index_rebuilds_without_changing_the_journal) ... ok
2026-09-24T01:14:44.1976217Z test_normalized_terms_do_not_merge_distinct_identities_or_authorities (test_continuity_language_retrieval.LanguageRetrievalTests.test_normalized_terms_do_not_merge_distinct_identities_or_authorities) ... ok
2026-09-24T01:14:44.2375931Z test_query_is_not_persisted_and_unrelated_query_has_no_match (test_continuity_language_retrieval.LanguageRetrievalTests.test_query_is_not_persisted_and_unrelated_query_has_no_match) ... ok
2026-09-24T01:14:44.3028166Z test_replacement_removes_old_normalized_payload_terms (test_continuity_language_retrieval.LanguageRetrievalTests.test_replacement_removes_old_normalized_payload_terms) ... ok
2026-09-24T01:14:44.3621664Z test_retired_memory_is_not_revived_by_normalization (test_continuity_language_retrieval.LanguageRetrievalTests.test_retired_memory_is_not_revived_by_normalization) ... ok
2026-09-24T01:14:44.4064648Z test_short_exact_id_keeps_literal_matching (test_continuity_language_retrieval.LanguageRetrievalTests.test_short_exact_id_keeps_literal_matching) ... ok
2026-09-24T01:14:44.4388419Z test_contract_exposes_both_profiles_without_proof_authority (test_continuity_lifecycle_profiles.LifecycleProfileTests.test_contract_exposes_both_profiles_without_proof_authority) ... ok
2026-09-24T01:14:44.5464553Z test_invalid_profiled_ledger_batch_cannot_append_or_promote_authority (test_continuity_lifecycle_profiles.LifecycleProfileTests.test_invalid_profiled_ledger_batch_cannot_append_or_promote_authority) ... ok
2026-09-24T01:14:44.6261564Z test_malformed_consumed_ledger_values_are_rejected_before_projection (test_continuity_lifecycle_profiles.LifecycleProfileTests.test_malformed_consumed_ledger_values_are_rejected_before_projection) ... ok
2026-09-24T01:14:44.6635182Z test_missing_historical_git_object_and_zero_points_preserve_absence (test_continuity_lifecycle_profiles.LifecycleProfileTests.test_missing_historical_git_object_and_zero_points_preserve_absence) ... ok
2026-09-24T01:14:44.7611761Z test_native_legacy_ledger_reimport_preserves_every_original_byte (test_continuity_lifecycle_profiles.LifecycleProfileTests.test_native_legacy_ledger_reimport_preserves_every_original_byte) ... ok
2026-09-24T01:14:44.8368678Z test_native_legacy_relation_reimport_is_immutable (test_continuity_lifecycle_profiles.LifecycleProfileTests.test_native_legacy_relation_reimport_is_immutable) ... ok
2026-09-24T01:14:44.8977155Z test_profile_adoption_does_not_mask_real_ledger_or_relation_conflicts (test_continuity_lifecycle_profiles.LifecycleProfileTests.test_profile_adoption_does_not_mask_real_ledger_or_relation_conflicts) ... ok
2026-09-24T01:14:44.9921658Z test_public_relation_preserves_source_authority_and_payload (test_continuity_lifecycle_profiles.LifecycleProfileTests.test_public_relation_preserves_source_authority_and_payload) ... ok
2026-09-24T01:14:45.0484427Z test_readers_checkpoints_and_old_cache_reject_hash_valid_invalid_profile (test_continuity_lifecycle_profiles.LifecycleProfileTests.test_readers_checkpoints_and_old_cache_reject_hash_valid_invalid_profile) ... ok
2026-09-24T01:14:45.1411131Z test_real_six_state_lifecycle_is_profiled_idempotent_and_replayable (test_continuity_lifecycle_profiles.LifecycleProfileTests.test_real_six_state_lifecycle_is_profiled_idempotent_and_replayable) ... ok
2026-09-24T01:14:45.2094695Z test_relation_profile_rejects_promotion_missing_provenance_and_invalid_edges (test_continuity_lifecycle_profiles.LifecycleProfileTests.test_relation_profile_rejects_promotion_missing_provenance_and_invalid_edges) ... ok
2026-09-24T01:14:45.2277168Z test_denial_followed_by_live_owner_does_not_authorize_entry (test_continuity_lock.EventLockTests.test_denial_followed_by_live_owner_does_not_authorize_entry) ... ok
2026-09-24T01:14:45.2451973Z test_non_windows_permission_denial_is_not_retried (test_continuity_lock.EventLockTests.test_non_windows_permission_denial_is_not_retried) ... ok
2026-09-24T01:14:45.2639419Z test_persistent_denial_cannot_enter_mutate_or_remove_foreign_lock (test_continuity_lock.EventLockTests.test_persistent_denial_cannot_enter_mutate_or_remove_foreign_lock) ... ok
2026-09-24T01:14:45.3380548Z test_transient_windows_create_denial_retries_exclusively_before_append (test_continuity_lock.EventLockTests.test_transient_windows_create_denial_retries_exclusively_before_append) ... ok
2026-09-24T01:14:45.3721720Z test_debt_refresh_never_promotes_replacement_measurement (test_continuity_memory_authority.MemoryAuthorityTests.test_debt_refresh_never_promotes_replacement_measurement) ... ok
2026-09-24T01:14:45.4543669Z test_legacy_materialization_is_rebuilt_without_journal_mutation (test_continuity_memory_authority.MemoryAuthorityTests.test_legacy_materialization_is_rebuilt_without_journal_mutation) ... ok
2026-09-24T01:14:46.3198927Z test_real_proof_cannot_certify_a_later_public_cli_declaration (test_continuity_memory_authority.MemoryAuthorityTests.test_real_proof_cannot_certify_a_later_public_cli_declaration) ... ok
2026-09-24T01:14:46.3601330Z test_relation_only_event_does_not_replace_source_entity (test_continuity_memory_authority.MemoryAuthorityTests.test_relation_only_event_does_not_replace_source_entity) ... ok
2026-09-24T01:14:46.3934401Z test_relation_update_never_inherits_authority_for_new_metadata (test_continuity_memory_authority.MemoryAuthorityTests.test_relation_update_never_inherits_authority_for_new_metadata) ... ok
2026-09-24T01:14:46.4961013Z test_replacement_facts_carry_their_own_authority_and_provenance (test_continuity_memory_authority.MemoryAuthorityTests.test_replacement_facts_carry_their_own_authority_and_provenance) ... ok
2026-09-24T01:14:46.5397241Z test_batch_write_failure_preserves_existing_database_and_all_journal_bytes (test_continuity_projection_batches.ProjectionBatchTests.test_batch_write_failure_preserves_existing_database_and_all_journal_bytes) ... ok
2026-09-24T01:14:47.3079686Z test_bounded_batches_equal_sequential_projection_across_updates_and_lifecycle (test_continuity_projection_batches.ProjectionBatchTests.test_bounded_batches_equal_sequential_projection_across_updates_and_lifecycle) ... ok
2026-09-24T01:14:47.6527071Z test_actual_cli_bilingual_json_is_identical_and_help_has_no_writes (test_continuity_questions.MemoryQuestionTests.test_actual_cli_bilingual_json_is_identical_and_help_has_no_writes) ... ok
2026-09-24T01:14:47.7107686Z test_bounds_determinism_literal_entity_and_corrupt_journal_fail_closed (test_continuity_questions.MemoryQuestionTests.test_bounds_determinism_literal_entity_and_corrupt_journal_fail_closed) ... ok
2026-09-24T01:14:47.7425189Z test_compound_dependency_questions_do_not_ignore_outgoing_clause (test_continuity_questions.MemoryQuestionTests.test_compound_dependency_questions_do_not_ignore_outgoing_clause) ... 
2026-09-24T01:14:47.7428427Z   test_compound_dependency_questions_do_not_ignore_outgoing_clause (test_continuity_questions.MemoryQuestionTests.test_compound_dependency_questions_do_not_ignore_outgoing_clause) (question='What depends on auth and what does auth depend on?') ... FAIL
2026-09-24T01:14:47.7475397Z   test_compound_dependency_questions_do_not_ignore_outgoing_clause (test_continuity_questions.MemoryQuestionTests.test_compound_dependency_questions_do_not_ignore_outgoing_clause) (question='What depends on auth; what does auth depend on?') ... FAIL
2026-09-24T01:14:47.7527940Z   test_compound_dependency_questions_do_not_ignore_outgoing_clause (test_continuity_questions.MemoryQuestionTests.test_compound_dependency_questions_do_not_ignore_outgoing_clause) (question='Qu’est-ce qui dépend de auth et de quoi auth dépend-il ?') ... FAIL
2026-09-24T01:14:47.7575674Z   test_compound_dependency_questions_do_not_ignore_outgoing_clause (test_continuity_questions.MemoryQuestionTests.test_compound_dependency_questions_do_not_ignore_outgoing_clause) (question='Qui dépend de auth, et auth dépend de quoi ?') ... FAIL
2026-09-24T01:14:47.7861806Z test_explicit_bound_does_not_erase_question_side_time_constraints (test_continuity_questions.MemoryQuestionTests.test_explicit_bound_does_not_erase_question_side_time_constraints) ... 
2026-09-24T01:14:47.7864792Z   test_explicit_bound_does_not_erase_question_side_time_constraints (test_continuity_questions.MemoryQuestionTests.test_explicit_bound_does_not_erase_question_side_time_constraints) (question='What changed in auth since yesterday?', options={'until': '2026-09-24'}) ... FAIL
2026-09-24T01:14:47.7909555Z   test_explicit_bound_does_not_erase_question_side_time_constraints (test_continuity_questions.MemoryQuestionTests.test_explicit_bound_does_not_erase_question_side_time_constraints) (question='What changed in auth since yesterday?', options={'since': '2026-09-01'}) ... FAIL
2026-09-24T01:14:47.7955823Z   test_explicit_bound_does_not_erase_question_side_time_constraints (test_continuity_questions.MemoryQuestionTests.test_explicit_bound_does_not_erase_question_side_time_constraints) (question='What changed in auth before 2026-09-21?', options={'since': '2026-09-01'}) ... FAIL
2026-09-24T01:14:47.8002969Z   test_explicit_bound_does_not_erase_question_side_time_constraints (test_continuity_questions.MemoryQuestionTests.test_explicit_bound_does_not_erase_question_side_time_constraints) (question='What changed in auth since 2026-09-22?', options={'since': '2026-09-01'}) ... FAIL
2026-09-24T01:14:47.8049370Z   test_explicit_bound_does_not_erase_question_side_time_constraints (test_continuity_questions.MemoryQuestionTests.test_explicit_bound_does_not_erase_question_side_time_constraints) (question='Qu’est-ce qui a changé dans auth depuis hier ?', options={'until': '2026-09-24'}) ... FAIL
2026-09-24T01:14:47.8575674Z test_french_english_why_cite_exact_reason_without_promoting_it (test_continuity_questions.MemoryQuestionTests.test_french_english_why_cite_exact_reason_without_promoting_it) ... ok
2026-09-24T01:14:47.9195481Z test_incoming_dependencies_have_exact_relation_source_and_direction (test_continuity_questions.MemoryQuestionTests.test_incoming_dependencies_have_exact_relation_source_and_direction) ... ok
2026-09-24T01:14:47.9732371Z test_missing_reason_unrelated_question_and_ambiguous_dates_abstain (test_continuity_questions.MemoryQuestionTests.test_missing_reason_unrelated_question_and_ambiguous_dates_abstain) ... ok
2026-09-24T01:14:48.0206054Z test_natural_date_with_time_qualification_never_becomes_midnight (test_continuity_questions.MemoryQuestionTests.test_natural_date_with_time_qualification_never_becomes_midnight) ... ok
2026-09-24T01:14:48.0674011Z test_outgoing_dependency_wording_abstains_in_both_languages (test_continuity_questions.MemoryQuestionTests.test_outgoing_dependency_wording_abstains_in_both_languages) ... ok
2026-09-24T01:14:48.2112447Z test_oversized_context_refuses_instead_of_cutting_reason_or_citation (test_continuity_questions.MemoryQuestionTests.test_oversized_context_refuses_instead_of_cutting_reason_or_citation) ... ok
2026-09-24T01:14:48.2628645Z test_query_and_recorded_instructions_remain_data_without_side_effects (test_continuity_questions.MemoryQuestionTests.test_query_and_recorded_instructions_remain_data_without_side_effects) ... ok
2026-09-24T01:14:48.3130528Z test_retired_assertion_is_not_current_answer_and_confirmed_source_is_cited (test_continuity_questions.MemoryQuestionTests.test_retired_assertion_is_not_current_answer_and_confirmed_source_is_cited) ... ok
2026-09-24T01:14:48.3638693Z test_temporal_changes_use_recorded_instants_and_preserve_unknown_coverage (test_continuity_questions.MemoryQuestionTests.test_temporal_changes_use_recorded_instants_and_preserve_unknown_coverage) ... ok
2026-09-24T01:14:48.4045628Z test_fallback_keeps_its_minimum_term_length (test_continuity_related_changes.ContinuityRelatedChangeTests.test_fallback_keeps_its_minimum_term_length) ... ok
2026-09-24T01:14:48.7080980Z test_french_ligatures_match_recorded_file_names_in_both_directions (test_continuity_related_changes.ContinuityRelatedChangeTests.test_french_ligatures_match_recorded_file_names_in_both_directions) ... ok
2026-09-24T01:14:48.7513570Z test_human_calcul_query_recovers_verified_calculator_change (test_continuity_related_changes.ContinuityRelatedChangeTests.test_human_calcul_query_recovers_verified_calculator_change) ... ok
2026-09-24T01:14:48.7944481Z test_unrelated_query_does_not_return_recent_change_just_because_it_is_recent (test_continuity_related_changes.ContinuityRelatedChangeTests.test_unrelated_query_does_not_return_recent_change_just_because_it_is_recent) ... ok
2026-09-24T01:14:48.8400977Z test_bridge_reverification_keeps_one_change_and_advances_current_proof (test_continuity_reverification.ContinuityReverificationTests.test_bridge_reverification_keeps_one_change_and_advances_current_proof) ... ok
2026-09-24T01:14:48.8797416Z test_same_tree_change_accepts_new_certificate_despite_new_snapshot_shas (test_continuity_reverification.ContinuityReverificationTests.test_same_tree_change_accepts_new_certificate_despite_new_snapshot_shas) ... ok
2026-09-24T01:14:48.8831512Z test_deferred_indexes_keep_constraints_and_exact_final_schema (test_continuity_schema_transaction.SchemaTransactionTests.test_deferred_indexes_keep_constraints_and_exact_final_schema) ... ok
2026-09-24T01:14:48.9369516Z test_failed_rebuild_preserves_old_state_and_cleans_temporary_database (test_continuity_schema_transaction.SchemaTransactionTests.test_failed_rebuild_preserves_old_state_and_cleans_temporary_database) ... ok
2026-09-24T01:14:48.9922266Z test_late_index_failure_keeps_previous_projection_and_journal (test_continuity_schema_transaction.SchemaTransactionTests.test_late_index_failure_keeps_previous_projection_and_journal) ... ok
2026-09-24T01:14:48.9938586Z test_schema_and_rows_can_be_rolled_back_together (test_continuity_schema_transaction.SchemaTransactionTests.test_schema_and_rows_can_be_rolled_back_together) ... ok
2026-09-24T01:14:49.0451345Z test_v8_lexical_table_rebuild_preserves_terms_and_journal (test_continuity_schema_transaction.SchemaTransactionTests.test_v8_lexical_table_rebuild_preserves_terms_and_journal) ... ok
2026-09-24T01:14:49.0466808Z test_classification_is_conservative_and_state_is_outside_project (test_continuity_task_session.ContinuityTaskSessionTests.test_classification_is_conservative_and_state_is_outside_project) ... ok
2026-09-24T01:14:49.0484232Z test_short_followup_keeps_anchor_and_task_identity (test_continuity_task_session.ContinuityTaskSessionTests.test_short_followup_keeps_anchor_and_task_identity) ... ok
2026-09-24T01:14:49.0509698Z test_substantive_focus_stays_inside_task_until_explicit_pivot (test_continuity_task_session.ContinuityTaskSessionTests.test_substantive_focus_stays_inside_task_until_explicit_pivot) ... ok
2026-09-24T01:14:49.0512198Z test_task_id_has_frozen_cross_runtime_vector (test_continuity_task_session.ContinuityTaskSessionTests.test_task_id_has_frozen_cross_runtime_vector) ... ok
2026-09-24T01:14:49.1801135Z test_boundary_participation_keeps_pivots_and_excludes_other_sessions_and_boundaries (test_continuity_tasks.DurableTaskTests.test_boundary_participation_keeps_pivots_and_excludes_other_sessions_and_boundaries) ... ok
2026-09-24T01:14:49.5875904Z test_explicit_task_cli_description_link_and_history_retrieval (test_continuity_tasks.DurableTaskTests.test_explicit_task_cli_description_link_and_history_retrieval) ... ok
2026-09-24T01:14:49.6589123Z test_hash_valid_broken_references_are_rejected_by_readers_checkpoints_and_old_cache (test_continuity_tasks.DurableTaskTests.test_hash_valid_broken_references_are_rejected_by_readers_checkpoints_and_old_cache) ... ok
2026-09-24T01:14:50.5247356Z test_installed_guided_technical_french_and_english_context_show_declared_task (test_continuity_tasks.DurableTaskTests.test_installed_guided_technical_french_and_english_context_show_declared_task) ... ok
2026-09-24T01:14:50.6350370Z test_invalid_or_cross_task_reference_aborts_whole_envelope_batch (test_continuity_tasks.DurableTaskTests.test_invalid_or_cross_task_reference_aborts_whole_envelope_batch) ... ok
2026-09-24T01:14:50.7236719Z test_lost_native_participant_stays_degraded_after_a_later_successful_prompt (test_continuity_tasks.DurableTaskTests.test_lost_native_participant_stays_degraded_after_a_later_successful_prompt) ... ok
2026-09-24T01:14:50.8435476Z test_native_link_is_atomic_idempotent_observed_and_survives_session_cleanup (test_continuity_tasks.DurableTaskTests.test_native_link_is_atomic_idempotent_observed_and_survives_session_cleanup) ... ok
2026-09-24T01:14:51.1231320Z test_native_link_rejects_extra_text_and_preserves_description (test_continuity_tasks.DurableTaskTests.test_native_link_rejects_extra_text_and_preserves_description) ... ok
2026-09-24T01:14:51.1994609Z test_native_prompt_persists_stable_identity_without_raw_prompt_or_session (test_continuity_tasks.DurableTaskTests.test_native_prompt_persists_stable_identity_without_raw_prompt_or_session) ... ok
2026-09-24T01:14:51.4294455Z test_native_task_can_be_explicitly_described_without_reimport_conflict (test_continuity_tasks.DurableTaskTests.test_native_task_can_be_explicitly_described_without_reimport_conflict) ... ok
2026-09-24T01:14:51.4899201Z test_profile_rejects_raw_prompt_extensions_and_authority_promotion (test_continuity_tasks.DurableTaskTests.test_profile_rejects_raw_prompt_extensions_and_authority_promotion) ... ok
2026-09-24T01:14:51.7329021Z test_task_cli_unknown_links_fail_without_changing_history (test_continuity_tasks.DurableTaskTests.test_task_cli_unknown_links_fail_without_changing_history) ... ok
2026-09-24T01:14:51.8374511Z test_task_identity_cannot_replace_existing_entity_and_unprofiled_extensions_keep_projection (test_continuity_tasks.DurableTaskTests.test_task_identity_cannot_replace_existing_entity_and_unprofiled_extensions_keep_projection) ... ok
2026-09-24T01:14:51.8949517Z test_checkpoint_is_idempotent_and_never_moves_head (test_continuity_transport.ContinuityTransportTests.test_checkpoint_is_idempotent_and_never_moves_head) ... ok
2026-09-24T01:14:52.1465123Z test_concurrent_remote_update_is_never_force_overwritten (test_continuity_transport.ContinuityTransportTests.test_concurrent_remote_update_is_never_force_overwritten) ... ok
2026-09-24T01:14:52.3903997Z test_divergent_project_histories_fail_closed (test_continuity_transport.ContinuityTransportTests.test_divergent_project_histories_fail_closed) ... ok
2026-09-24T01:14:52.5227654Z test_push_then_fresh_clone_pull_restores_exact_history_without_touching_code_head (test_continuity_transport.ContinuityTransportTests.test_push_then_fresh_clone_pull_restores_exact_history_without_touching_code_head) ... ok
2026-09-24T01:14:52.5229794Z test_action_binds_policy_to_base_revision_not_candidate_config (test_debt_action.DebtActionContractTests.test_action_binds_policy_to_base_revision_not_candidate_config) ... ok
2026-09-24T01:14:52.5231636Z test_action_exposes_proof_and_debt_outputs (test_debt_action.DebtActionContractTests.test_action_exposes_proof_and_debt_outputs) ... ok
2026-09-24T01:14:52.5233810Z test_action_restores_but_never_pushes_cumulative_ledger (test_debt_action.DebtActionContractTests.test_action_restores_but_never_pushes_cumulative_ledger) ... ok
2026-09-24T01:14:52.5257723Z test_existing_lineage_is_not_double_counted (test_debt_budget.DebtBudgetTests.test_existing_lineage_is_not_double_counted) ... ok
2026-09-24T01:14:52.5276148Z test_total_change_and_category_limits (test_debt_budget.DebtBudgetTests.test_total_change_and_category_limits) ... ok
2026-09-24T01:14:52.5298920Z test_explicit_accounting_can_record_a_real_over_budget_change (test_debt_budget_transaction.DebtBudgetTransactionTests.test_explicit_accounting_can_record_a_real_over_budget_change) ... ok
2026-09-24T01:14:52.5308229Z test_read_only_atomic_budget_check_does_not_mutate (test_debt_budget_transaction.DebtBudgetTransactionTests.test_read_only_atomic_budget_check_does_not_mutate) ... ok
2026-09-24T01:14:52.5333833Z test_two_stale_agents_cannot_both_consume_the_same_remaining_budget (test_debt_budget_transaction.DebtBudgetTransactionTests.test_two_stale_agents_cannot_both_consume_the_same_remaining_budget) ... ok
2026-09-24T01:14:52.5631893Z test_assurance_certificate_must_be_content_addressed_and_tree_bound (test_debt_certificate.DebtCertificateTests.test_assurance_certificate_must_be_content_addressed_and_tree_bound) ... ok
2026-09-24T01:14:52.5843845Z test_noop_certificate_is_rehashed_and_requires_candidate_binding (test_debt_certificate.DebtCertificateTests.test_noop_certificate_is_rehashed_and_requires_candidate_binding) ... ok
2026-09-24T01:14:52.6571249Z test_acceptance_requires_reason_and_remains_visible (test_debt_cli.DebtCliTests.test_acceptance_requires_reason_and_remains_visible) ... ok
2026-09-24T01:14:52.7097989Z test_debt_records_local_git_ledger_and_plan_surfaces_it (test_debt_cli.DebtCliTests.test_debt_records_local_git_ledger_and_plan_surfaces_it) ... ok
2026-09-24T01:14:52.7440925Z test_forged_certificate_cannot_waive_change_debt (test_debt_cli.DebtCliTests.test_forged_certificate_cannot_waive_change_debt) ... ok
2026-09-24T01:14:52.8081006Z test_health_trend_and_ledger_show_are_human_readable (test_debt_cli.DebtCliTests.test_health_trend_and_ledger_show_are_human_readable) ... ok
2026-09-24T01:14:52.8097711Z test_nested_diffwitness_debt_supported (test_debt_config.DebtConfigTests.test_nested_diffwitness_debt_supported) ... ok
2026-09-24T01:14:52.8115648Z test_top_level_debt_and_category_tables_normalize (test_debt_config.DebtConfigTests.test_top_level_debt_and_category_tables_normalize) ... ok
2026-09-24T01:14:52.8120254Z test_unknown_debt_key_fails_closed (test_debt_config.DebtConfigTests.test_unknown_debt_key_fails_closed) ... ok
2026-09-24T01:14:52.8463396Z test_tampered_certificate_fails_before_accounting (test_debt_entry.DebtEntryTests.test_tampered_certificate_fails_before_accounting) ... ok
2026-09-24T01:14:52.8508305Z test_trend_reconstructs_prior_balance_from_events (test_debt_history.DebtHistoryTests.test_trend_reconstructs_prior_balance_from_events) ... ok
2026-09-24T01:14:52.8864896Z test_health_does_not_count_duplicate_blocks_only_in_test_fixtures (test_debt_integrity.DebtIntegrityTests.test_health_does_not_count_duplicate_blocks_only_in_test_fixtures) ... ok
2026-09-24T01:14:52.9288642Z test_health_filters_function_local_python_cycle_but_keeps_real_import_cycle (test_debt_integrity.DebtIntegrityTests.test_health_filters_function_local_python_cycle_but_keeps_real_import_cycle) ... ok
2026-09-24T01:14:52.9756254Z test_health_scan_is_bound_to_the_dirty_worktree_it_actually_reads (test_debt_integrity.DebtIntegrityTests.test_health_scan_is_bound_to_the_dirty_worktree_it_actually_reads) ... ok
2026-09-24T01:14:53.0896071Z test_mutation_recheck_cleans_control_run_side_effects_before_counterfactual (test_debt_integrity.DebtIntegrityTests.test_mutation_recheck_cleans_control_run_side_effects_before_counterfactual) ... ok
2026-09-24T01:14:53.0898253Z test_dedupe_keeps_strongest_same_lineage (test_debt_models.DebtModelTests.test_dedupe_keeps_strongest_same_lineage) ... ok
2026-09-24T01:14:53.0902237Z test_report_is_additive_and_explicit (test_debt_models.DebtModelTests.test_report_is_additive_and_explicit) ... ok
2026-09-24T01:14:53.0903370Z test_stable_identity_ignores_explanation_and_points (test_debt_models.DebtModelTests.test_stable_identity_ignores_explanation_and_points) ... ok
2026-09-24T01:14:53.1135743Z test_plan_separates_automatic_repayment_from_manual_review (test_debt_planning.DebtPlanningTests.test_plan_separates_automatic_repayment_from_manual_review) ... ok
2026-09-24T01:14:53.1366018Z test_repay_all_ignores_manual_backlog_instead_of_promising_closure (test_debt_planning.DebtPlanningTests.test_repay_all_ignores_manual_backlog_instead_of_promising_closure) ... ok
2026-09-24T01:14:53.1576312Z test_repay_refuses_lineage_without_automatic_closure_adapter (test_debt_planning.DebtPlanningTests.test_repay_refuses_lineage_without_automatic_closure_adapter) ... ok
2026-09-24T01:14:53.1885794Z test_change_only_rules_are_not_mislabeled_as_project_replay (test_debt_scan.DebtScanTests.test_change_only_rules_are_not_mislabeled_as_project_replay) ... ok
2026-09-24T01:14:53.2176076Z test_change_security_scan_ignores_added_python_string_literal (test_debt_scan.DebtScanTests.test_change_security_scan_ignores_added_python_string_literal) ... ok
2026-09-24T01:14:53.2498337Z test_non_probative_certificate_cannot_hide_unverified_change (test_debt_scan.DebtScanTests.test_non_probative_certificate_cannot_hide_unverified_change) ... ok
2026-09-24T01:14:53.2834115Z test_preservation_certificate_prevents_fake_test_debt_but_not_security_review (test_debt_scan.DebtScanTests.test_preservation_certificate_prevents_fake_test_debt_but_not_security_review) ... ok
2026-09-24T01:14:53.3064681Z test_project_scan_finds_one_duplicate_region_and_local_cycle (test_debt_scan.DebtScanTests.test_project_scan_finds_one_duplicate_region_and_local_cycle) ... ok
2026-09-24T01:14:53.3278111Z test_python_security_scan_detects_structural_call_keywords (test_debt_scan.DebtScanTests.test_python_security_scan_detects_structural_call_keywords) ... ok
2026-09-24T01:14:53.3491854Z test_python_security_scan_ignores_signature_strings_and_comments (test_debt_scan.DebtScanTests.test_python_security_scan_ignores_signature_strings_and_comments) ... ok
2026-09-24T01:14:53.3840458Z test_security_rule_has_same_identity_in_change_and_project_scan (test_debt_scan.DebtScanTests.test_security_rule_has_same_identity_in_change_and_project_scan) ... ok
2026-09-24T01:14:53.4138652Z test_unverified_change_and_no_changed_test_surface_are_explicit (test_debt_scan.DebtScanTests.test_unverified_change_and_no_changed_test_surface_are_explicit) ... ok
2026-09-24T01:14:53.4470645Z test_structurally_unrelated_function_is_not_flagged (test_debt_sensor_precision.SemanticRedundancyPrecisionTests.test_structurally_unrelated_function_is_not_flagged) ... ok
2026-09-24T01:14:53.4873401Z test_accounting_boundary_enriches_report_but_zero_point_sensor_cannot_break_budget (test_debt_sensors.SemanticRedundancySensorTests.test_accounting_boundary_enriches_report_but_zero_point_sensor_cannot_break_budget) ... ok
2026-09-24T01:14:53.5285752Z test_change_and_project_modes_keep_same_debt_identity (test_debt_sensors.SemanticRedundancySensorTests.test_change_and_project_modes_keep_same_debt_identity) ... ok
2026-09-24T01:14:53.5653463Z test_change_sensor_finds_renamed_reimplementation_without_exporting_source (test_debt_sensors.SemanticRedundancySensorTests.test_change_sensor_finds_renamed_reimplementation_without_exporting_source) ... ok
2026-09-24T01:14:53.5977727Z test_exact_source_copy_is_left_to_existing_deterministic_duplicate_rule (test_debt_sensors.SemanticRedundancySensorTests.test_exact_source_copy_is_left_to_existing_deterministic_duplicate_rule) ... ok
2026-09-24T01:14:53.6282101Z test_sensor_can_be_disabled_at_accounting_boundary (test_debt_sensors.SemanticRedundancySensorTests.test_sensor_can_be_disabled_at_accounting_boundary) ... ok
2026-09-24T01:14:53.8102259Z test_historical_test_debt_resolves_when_current_tests_discriminate_origin (test_debt_verify.DebtVerifyTests.test_historical_test_debt_resolves_when_current_tests_discriminate_origin) ... ok
2026-09-24T01:14:54.0955465Z test_mutation_debt_resolves_when_current_tests_make_it_necessary (test_debt_verify.DebtVerifyTests.test_mutation_debt_resolves_when_current_tests_make_it_necessary) ... ok
2026-09-24T01:14:54.0957758Z test_binary_change_is_never_misrepresented_as_line_hunk (test_diff_edgecases.DiffEdgeCaseTests.test_binary_change_is_never_misrepresented_as_line_hunk) ... ok
2026-09-24T01:14:54.0960056Z test_documentation_new_file_does_not_enter_executable_causal_surface (test_diff_edgecases.DiffEdgeCaseTests.test_documentation_new_file_does_not_enter_executable_causal_surface) ... ok
2026-09-24T01:14:54.0962803Z test_new_production_file_is_conservative_structural_mutation (test_diff_edgecases.DiffEdgeCaseTests.test_new_production_file_is_conservative_structural_mutation) ... ok
2026-09-24T01:14:54.0965158Z test_path_with_spaces_remains_one_hunk_mutation (test_diff_edgecases.DiffEdgeCaseTests.test_path_with_spaces_remains_one_hunk_mutation) ... ok
2026-09-24T01:14:54.0967029Z test_rename_is_file_level_even_with_text_hunk (test_diff_edgecases.DiffEdgeCaseTests.test_rename_is_file_level_even_with_text_hunk) ... ok
2026-09-24T01:14:54.0968588Z test_documentation_classifier_is_narrow (test_diffing.DiffingTests.test_documentation_classifier_is_narrow) ... ok
2026-09-24T01:14:54.0970393Z test_documentation_hunks_are_excluded_by_default_but_can_be_included (test_diffing.DiffingTests.test_documentation_hunks_are_excluded_by_default_but_can_be_included) ... ok
2026-09-24T01:14:54.0972602Z test_hunk_ranges_become_annotation_lines (test_diffing.DiffingTests.test_hunk_ranges_become_annotation_lines) ... ok
2026-09-24T01:14:54.0973852Z test_test_path_detection (test_diffing.DiffingTests.test_test_path_detection) ... ok
2026-09-24T01:14:56.7126467Z test_real_no_proof_fresh_drift_clean_stale_and_failed_attempt (test_doctor_proof_truthfulness.DoctorProofTruthfulnessTests.test_real_no_proof_fresh_drift_clean_stale_and_failed_attempt) ... DiffWitness Gate rejected: candidate is not stably green
2026-09-24T01:14:56.7128231Z 
2026-09-24T01:14:56.7128367Z DiffWitness Guard: PROOF REJECTED
2026-09-24T01:14:57.2912903Z ok
2026-09-24T01:14:57.2915228Z test_engine_command_is_argv_not_shell_text (test_engine_config.EngineConfigTests.test_engine_command_is_argv_not_shell_text) ... ok
2026-09-24T01:14:57.2917032Z test_required_engine_needs_command (test_engine_config.EngineConfigTests.test_required_engine_needs_command) ... ok
2026-09-24T01:14:57.2921992Z test_top_level_engine_table_loads_without_relaxing_unknown_keys (test_engine_config.EngineConfigTests.test_top_level_engine_table_loads_without_relaxing_unknown_keys) ... ok
2026-09-24T01:14:57.3391817Z test_capability_preflight_accepts_compatible_bounded_engine (test_engine_doctor.EngineDoctorTests.test_capability_preflight_accepts_compatible_bounded_engine) ... ok
2026-09-24T01:14:57.3701459Z test_capability_preflight_rejects_ambiguous_json (test_engine_doctor.EngineDoctorTests.test_capability_preflight_rejects_ambiguous_json) ... ok
2026-09-24T01:14:57.4501441Z test_capability_preflight_rejects_protocol_or_authority_drift (test_engine_doctor.EngineDoctorTests.test_capability_preflight_rejects_protocol_or_authority_drift) ... ok
2026-09-24T01:14:57.5183688Z test_dw_doctor_fails_preflight_for_incompatible_required_engine (test_engine_doctor.EngineDoctorTests.test_dw_doctor_fails_preflight_for_incompatible_required_engine) ... ok
2026-09-24T01:14:57.5540397Z test_dw_doctor_keeps_community_only_onboarding_clean (test_engine_doctor.EngineDoctorTests.test_dw_doctor_keeps_community_only_onboarding_clean) ... ok
2026-09-24T01:14:57.6208023Z test_dw_doctor_reports_compatible_required_private_engine (test_engine_doctor.EngineDoctorTests.test_dw_doctor_reports_compatible_required_private_engine) ... ok
2026-09-24T01:14:57.6394656Z test_committed_project_engine_wins_over_machine_local_profile (test_engine_local.LocalEngineTests.test_committed_project_engine_wins_over_machine_local_profile) ... ok
2026-09-24T01:14:57.6690041Z test_corrupt_machine_local_profile_fails_closed (test_engine_local.LocalEngineTests.test_corrupt_machine_local_profile_fails_closed) ... ok
2026-09-24T01:14:57.8339760Z test_dw_engine_enable_status_doctor_disable_is_git_local (test_engine_local.LocalEngineTests.test_dw_engine_enable_status_doctor_disable_is_git_local) ... ok
2026-09-24T01:14:58.2967211Z test_real_gate_consumes_git_local_private_plan_but_public_runner_owns_verdict (test_engine_local_gate.LocalEngineGateTests.test_real_gate_consumes_git_local_private_plan_but_public_runner_owns_verdict) ... ok
2026-09-24T01:14:58.3572738Z test_ambiguous_engine_json_is_rejected_before_plan_validation (test_engine_protocol.EngineProtocolTests.test_ambiguous_engine_json_is_rejected_before_plan_validation) ... ok
2026-09-24T01:14:58.3575093Z test_canonical_compat_vector_has_frozen_request_id_and_digest (test_engine_protocol.EngineProtocolTests.test_canonical_compat_vector_has_frozen_request_id_and_digest) ... ok
2026-09-24T01:14:58.3577172Z test_change_identity_depends_on_repository_and_git_trees (test_engine_protocol.EngineProtocolTests.test_change_identity_depends_on_repository_and_git_trees) ... ok
2026-09-24T01:14:58.3847081Z test_non_finite_planning_budget_is_rejected_before_request_hashing (test_engine_protocol.EngineProtocolTests.test_non_finite_planning_budget_is_rejected_before_request_hashing) ... ok
2026-09-24T01:14:58.4448098Z test_optional_engine_failure_degrades_but_required_engine_fails_closed (test_engine_protocol.EngineProtocolTests.test_optional_engine_failure_degrades_but_required_engine_fails_closed) ... ok
2026-09-24T01:14:58.4744714Z test_plan_must_be_exactly_bound_and_cover_every_mutation_once (test_engine_protocol.EngineProtocolTests.test_plan_must_be_exactly_bound_and_cover_every_mutation_once) ... ok
2026-09-24T01:14:58.5348829Z test_real_subprocess_plan_is_validated_before_use (test_engine_protocol.EngineProtocolTests.test_real_subprocess_plan_is_validated_before_use) ... ok
2026-09-24T01:14:58.5656310Z test_request_is_content_bound_without_embedding_test_command_or_patch (test_engine_protocol.EngineProtocolTests.test_request_is_content_bound_without_embedding_test_command_or_patch) ... ok
2026-09-24T01:14:58.5798588Z test_code_change_does_not_get_noop_preflight (test_entry.EntryTests.test_code_change_does_not_get_noop_preflight) ... DiffWitness proof dw0_5fb8ef3e05f96835a7a7 attached to 2a48218efad3 via refs/notes/diffwitness.
2026-09-24T01:14:58.5800141Z Publish it with: git push origin refs/notes/diffwitness
2026-09-24T01:14:58.5801003Z Invariant INV-IMPACT: Keep identity
2026-09-24T01:14:58.5801623Z Objective OBJ-REFUNDS: Support partial refunds safely
2026-09-24T01:14:58.5802287Z Decision DEC-IDEMPOTENCY: Keep refund operations idempotent
2026-09-24T01:14:58.5803043Z Invariant INV-CAPTURE-LIMIT: Refund total must never exceed captured payment
2026-09-24T01:14:58.5803719Z Failed approach FAIL-DIRECT-CHARGE: Mutating charge rows directly
2026-09-24T01:14:58.6067507Z DiffWitness: No evidence command could be detected. Run `dw doctor`, pass --test, or create .diffwitness.toml.
2026-09-24T01:14:58.6086940Z ok
2026-09-24T01:14:58.6502430Z test_docs_only_prove_succeeds_without_test_command_and_writes_noop_certificate (test_entry.EntryTests.test_docs_only_prove_succeeds_without_test_command_and_writes_noop_certificate) ... ok
2026-09-24T01:14:58.6503909Z test_public_version_options_bypass_friendly_unknown_router (test_entry.EntryTests.test_public_version_options_bypass_friendly_unknown_router) ... ok
2026-09-24T01:14:58.6644987Z test_unknown_test_only_surface_without_evidence_never_becomes_noop_success (test_fail_closed.FailClosedTests.test_unknown_test_only_surface_without_evidence_never_becomes_noop_success) ... DiffWitness: proof not required (dw0_f4c24a9483359daf2ec2); no executable causal mutation detected.
2026-09-24T01:14:58.6913025Z DiffWitness: this change contains tests but DiffWitness cannot determine how to execute evidence. Failing closed: pass --test or configure [diffwitness].test.
2026-09-24T01:14:58.6929363Z ok
2026-09-24T01:14:59.2220936Z test_auto_routes_surplus_patch_to_adaptive_and_rejects_it (test_gate.GateTests.test_auto_routes_surplus_patch_to_adaptive_and_rejects_it) ... DiffWitness Gate rejected: Adaptive Core found 1 mutation(s) removable while preserving the selected stable evidence
2026-09-24T01:14:59.2246010Z ok
2026-09-24T01:14:59.2446821Z test_docs_only_gate_becomes_formal_proof_not_required (test_gate.GateTests.test_docs_only_gate_becomes_formal_proof_not_required) ... DiffWitness Gate: causal contrast proven; adaptive strategy for 2 production mutation(s) under balanced policy (899.9s proof budget remaining)
2026-09-24T01:14:59.2448573Z DiffWitness Adaptive Core
2026-09-24T01:14:59.2448985Z contrast:    PROVEN
2026-09-24T01:14:59.2449374Z mutations:   2 original
2026-09-24T01:14:59.2449608Z core:        1 retained
2026-09-24T01:14:59.2449841Z removable:   1 observed removable
2026-09-24T01:14:59.2450320Z experiments: 3/10
2026-09-24T01:14:59.2450559Z 1-minimal:   yes
2026-09-24T01:14:59.2451535Z certificate: dwac1_ecdfd40d1fb582990198
2026-09-24T01:14:59.2451760Z 
2026-09-24T01:14:59.2451849Z Causal core:
2026-09-24T01:14:59.2452060Z   KEEP    calc.py hunk 1/2
2026-09-24T01:14:59.2452207Z 
2026-09-24T01:14:59.2452309Z Evidence-removable surface:
2026-09-24T01:14:59.2452816Z   REVIEW  calc.py hunk 2/2 — def add(a, b):
2026-09-24T01:14:59.3206857Z ok
2026-09-24T01:14:59.3348152Z test_explicit_nondefault_config_supplies_evidence_command (test_gate.GateTests.test_explicit_nondefault_config_supplies_evidence_command) ... DiffWitness: proof not required (dw0_29502e424060ff13ad75); no executable causal mutation detected.
2026-09-24T01:14:59.3349578Z Project continuity: 2 new change event(s) · dwchg_92cd86d412a681f3a4453f4b
2026-09-24T01:14:59.5123646Z DiffWitness Gate: causal contrast proven; exhaustive strategy for 1 production mutation(s) under strict policy (899.9s proof budget remaining)
2026-09-24T01:14:59.8444176Z ok
2026-09-24T01:14:59.8584971Z test_small_proven_fix_uses_exhaustive_gate_and_writes_certificate (test_gate.GateTests.test_small_proven_fix_uses_exhaustive_gate_and_writes_certificate) ... DiffWitness 0.4.0a1 - counterfactual patch evidence
2026-09-24T01:14:59.8585945Z repo:      /tmp/tmppacx4luj/repo
2026-09-24T01:14:59.8586311Z base:      fae967df871871a5882a087c30c678fab69cdb63 (fae967df8718)
2026-09-24T01:14:59.8587111Z candidate: b8424fb2e3490f209d95aad751376647e4a8d5bb (b8424fb2e349)
2026-09-24T01:14:59.8588049Z evidence:  "/opt/hostedtoolcache/Python/3.11.16/x64/bin/python" -m unittest discover -s tests -q
2026-09-24T01:14:59.8588840Z stability: 1 run(s) per variant
2026-09-24T01:14:59.8589276Z budget:    899.87s total; 300s per command
2026-09-24T01:14:59.8589824Z changes:   1 analyzed mutation(s); 1 changed test file(s)
2026-09-24T01:14:59.8590222Z 
2026-09-24T01:14:59.8590458Z contrast:  BASE STABLE-FAIL -> CANDIDATE STABLE-PASS
2026-09-24T01:14:59.8591032Z 
2026-09-24T01:14:59.8591298Z WITNESSED         +1/-1  calc.py hunk 1/1  [stable-fail]
2026-09-24T01:14:59.8591553Z 
2026-09-24T01:14:59.8591697Z summary: 1 witnessed, 0 unwitnessed, 0 inconclusive
2026-09-24T01:14:59.8592046Z core:    1 minimal sufficient set(s) of 1 hunk(s)
2026-09-24T01:14:59.8592356Z cert:    dw2_0981d993cfe886ec0dd8
2026-09-24T01:14:59.8592659Z DiffWitness Gate accepted (dw2_0981d993cfe886ec0dd8)
2026-09-24T01:14:59.8593373Z Project continuity: 2 new change event(s) · dwchg_f7b34825ee89ce25df4b1226
2026-09-24T01:15:00.0327168Z DiffWitness Gate: causal contrast proven; exhaustive strategy for 1 production mutation(s) under strict policy (899.9s proof budget remaining)
2026-09-24T01:15:00.3638602Z ok
2026-09-24T01:15:00.3639727Z test_unwitnessed_hunk_becomes_file_warning (test_github_actions.GitHubActionTests.test_unwitnessed_hunk_becomes_file_warning) ... ok
2026-09-24T01:15:00.3832393Z test_clean_worktree_reuses_head_exactly (test_gitops_snapshot_fastpath.SnapshotFastPathTests.test_clean_worktree_reuses_head_exactly) ... ok
2026-09-24T01:15:00.4131539Z test_meaningful_untracked_file_forces_exact_snapshot (test_gitops_snapshot_fastpath.SnapshotFastPathTests.test_meaningful_untracked_file_forces_exact_snapshot) ... ok
2026-09-24T01:15:00.4322352Z test_only_known_untracked_runtime_artifacts_still_reuse_head (test_gitops_snapshot_fastpath.SnapshotFastPathTests.test_only_known_untracked_runtime_artifacts_still_reuse_head) ... ok
2026-09-24T01:15:00.4640696Z test_staged_change_is_not_mistaken_for_clean_state (test_gitops_snapshot_fastpath.SnapshotFastPathTests.test_staged_change_is_not_mistaken_for_clean_state) ... ok
2026-09-24T01:15:00.5019181Z test_tracked_cache_like_file_is_never_filtered (test_gitops_snapshot_fastpath.SnapshotFastPathTests.test_tracked_cache_like_file_is_never_filtered) ... ok
2026-09-24T01:15:00.5319879Z test_tracked_worktree_change_forces_exact_snapshot (test_gitops_snapshot_fastpath.SnapshotFastPathTests.test_tracked_worktree_change_forces_exact_snapshot) ... ok
2026-09-24T01:15:00.5446881Z test_public_guard_delegates_proven_agent_patch_to_gate (test_guard.PublicGuardTests.test_public_guard_delegates_proven_agent_patch_to_gate) ... DiffWitness 0.4.0a1 - counterfactual patch evidence
2026-09-24T01:15:00.5448455Z repo:      /tmp/tmp1xl61bzb
2026-09-24T01:15:00.5449045Z base:      fae967df871871a5882a087c30c678fab69cdb63 (fae967df8718)
2026-09-24T01:15:00.5449845Z candidate: b8424fb2e3490f209d95aad751376647e4a8d5bb (b8424fb2e349)
2026-09-24T01:15:00.5451214Z evidence:  "/opt/hostedtoolcache/Python/3.11.16/x64/bin/python" -m unittest discover -s tests -q
2026-09-24T01:15:00.5452080Z stability: 1 run(s) per variant
2026-09-24T01:15:00.5452560Z budget:    899.869s total; 300s per command
2026-09-24T01:15:00.5453165Z changes:   1 analyzed mutation(s); 1 changed test file(s)
2026-09-24T01:15:00.5453621Z 
2026-09-24T01:15:00.5453880Z contrast:  BASE STABLE-FAIL -> CANDIDATE STABLE-PASS
2026-09-24T01:15:00.5454317Z 
2026-09-24T01:15:00.5454565Z WITNESSED         +1/-1  calc.py hunk 1/1  [stable-fail]
2026-09-24T01:15:00.5455046Z 
2026-09-24T01:15:00.5455276Z summary: 1 witnessed, 0 unwitnessed, 0 inconclusive
2026-09-24T01:15:00.5455874Z core:    1 minimal sufficient set(s) of 1 hunk(s)
2026-09-24T01:15:00.5456418Z cert:    dw2_ed3f2e98c4cef117785a
2026-09-24T01:15:00.5456974Z DiffWitness Gate accepted (dw2_ed3f2e98c4cef117785a)
2026-09-24T01:15:00.5458077Z Project continuity: 2 new change event(s) · dwchg_f7b34825ee89ce25df4b1226
2026-09-24T01:15:00.7434614Z DiffWitness Guard armed at 32eef5dccdaa
2026-09-24T01:15:00.7436671Z Agent:    /opt/hostedtoolcache/Python/3.11.16/x64/bin/python -c from pathlib import Path; Path('calc.py').write_text('def add(a, b):\n    return a + b\n', encoding='utf-8'); Path('tests').mkdir(exist_ok=True); Path('tests/test_calc.py').write_text("import unittest\nfrom calc import add\n\nclass T(unittest.TestCase):\n    def test_add(self):\n        self.assertEqual(add(2, 3), 5)\n", encoding='utf-8')
2026-09-24T01:15:00.7438339Z Policy:   strict
2026-09-24T01:15:00.7438797Z Strategy: auto
2026-09-24T01:15:00.7439162Z Proof budget: 900s after agent exit
2026-09-24T01:15:00.7439417Z 
2026-09-24T01:15:00.7439945Z DiffWitness Gate: causal contrast proven; exhaustive strategy for 1 production mutation(s) under strict policy (899.9s proof budget remaining)
2026-09-24T01:15:01.0945250Z ok
2026-09-24T01:15:01.1075438Z test_public_guard_preserves_agent_failure_code_without_claiming_proof (test_guard.PublicGuardTests.test_public_guard_preserves_agent_failure_code_without_claiming_proof) ... DiffWitness 0.4.0a1 - counterfactual patch evidence
2026-09-24T01:15:01.1076577Z repo:      /tmp/tmprxd9ii4u
2026-09-24T01:15:01.1077070Z base:      32eef5dccdaa99d9768071009d11429a7a3a95e4 (32eef5dccdaa)
2026-09-24T01:15:01.1087890Z candidate: 681ee029870c610ad1d511dfdbdfa19d240173c1 (681ee029870c)
2026-09-24T01:15:01.1088990Z evidence:  "/opt/hostedtoolcache/Python/3.11.16/x64/bin/python" -m unittest discover -s tests -q
2026-09-24T01:15:01.1089888Z stability: 1 run(s) per variant
2026-09-24T01:15:01.1090403Z budget:    899.869s total; 300s per command
2026-09-24T01:15:01.1091063Z changes:   1 analyzed mutation(s); 1 changed test file(s)
2026-09-24T01:15:01.1091372Z 
2026-09-24T01:15:01.1091528Z contrast:  BASE STABLE-FAIL -> CANDIDATE STABLE-PASS
2026-09-24T01:15:01.1091764Z 
2026-09-24T01:15:01.1091942Z WITNESSED         +1/-1  calc.py hunk 1/1  [stable-fail]
2026-09-24T01:15:01.1092357Z 
2026-09-24T01:15:01.1092618Z summary: 1 witnessed, 0 unwitnessed, 0 inconclusive
2026-09-24T01:15:01.1092973Z core:    1 minimal sufficient set(s) of 1 hunk(s)
2026-09-24T01:15:01.1093270Z cert:    dw2_2078b7982f453cd657ab
2026-09-24T01:15:01.1093559Z DiffWitness Gate accepted (dw2_2078b7982f453cd657ab)
2026-09-24T01:15:01.1093780Z 
2026-09-24T01:15:01.1093877Z DiffWitness Guard: PROOF ACCEPTED
2026-09-24T01:15:01.1094047Z 
2026-09-24T01:15:01.1094130Z CHANGE DEBT
2026-09-24T01:15:01.1094337Z +0 point(s) / 0 obligation(s)
2026-09-24T01:15:01.1094823Z Debt budget: PASS — projected total 0; new 0
2026-09-24T01:15:01.1095371Z Debt Ledger: +0 introduced, 0 reopened, 0 refreshed
2026-09-24T01:15:01.1095828Z IdleProof explanation: /tmp/tmprxd9ii4u/.git/diffwitness/idleproof-explanation.json
2026-09-24T01:15:01.1096370Z Change envelope: /tmp/tmprxd9ii4u/.git/diffwitness/change-envelope.json
2026-09-24T01:15:01.1096951Z Project continuity: 3 new change event(s) · dwchg_f9024224fcf38a0c13586767
2026-09-24T01:15:01.1316347Z DiffWitness Guard: agent exited with code 7; proof was not attempted.
2026-09-24T01:15:01.1385878Z ok
2026-09-24T01:15:01.1518118Z test_guard_records_agent_provenance_after_proof (test_guard_debt.GuardDebtTests.test_guard_records_agent_provenance_after_proof) ... DiffWitness Guard armed at a694be4e6303
2026-09-24T01:15:01.1519283Z Agent:    /opt/hostedtoolcache/Python/3.11.16/x64/bin/python -c raise SystemExit(7)
2026-09-24T01:15:01.1519724Z Policy:   config/default
2026-09-24T01:15:01.1519965Z Strategy: config/default
2026-09-24T01:15:01.1520202Z Proof budget: 900s after agent exit
2026-09-24T01:15:01.1520397Z 
2026-09-24T01:15:01.3493684Z DiffWitness Guard armed at 2f49cb0581f6
2026-09-24T01:15:01.3495392Z Agent:    /opt/hostedtoolcache/Python/3.11.16/x64/bin/python -c from pathlib import Path; p=Path('auth/session.py'); p.write_text('def add(a, b):\n    return a + b\n', encoding='utf-8'); t=Path('tests/test_session.py'); t.parent.mkdir(exist_ok=True); t.write_text("import unittest\nfrom auth.session import add\n\nclass T(unittest.TestCase):\n    def test_add(self):\n        self.assertEqual(add(2, 3), 5)\n", encoding='utf-8')
2026-09-24T01:15:01.3497322Z Policy:   strict
2026-09-24T01:15:01.3497552Z Strategy: config/default
2026-09-24T01:15:01.3497818Z Proof budget: 900s after agent exit
2026-09-24T01:15:01.3498001Z 
2026-09-24T01:15:01.3498478Z DiffWitness Gate: causal contrast proven; exhaustive strategy for 1 production mutation(s) under strict policy (899.9s proof budget remaining)
2026-09-24T01:15:01.7040582Z ok
2026-09-24T01:15:01.7172203Z test_guard_rejects_over_budget_patch_without_admitting_rejected_debt (test_guard_debt.GuardDebtTests.test_guard_rejects_over_budget_patch_without_admitting_rejected_debt) ... DiffWitness 0.4.0a1 - counterfactual patch evidence
2026-09-24T01:15:01.7173815Z repo:      /tmp/tmp8even2l_
2026-09-24T01:15:01.7174477Z base:      2f49cb0581f6fef5ca81cfa4f70fa5620ae60f37 (2f49cb0581f6)
2026-09-24T01:15:01.7175171Z candidate: 752ab9af67b2c9e972d3e81db7f0be0d429c8dce (752ab9af67b2)
2026-09-24T01:15:01.7176007Z evidence:  "/opt/hostedtoolcache/Python/3.11.16/x64/bin/python" -m unittest discover -s tests -q
2026-09-24T01:15:01.7176636Z stability: 1 run(s) per variant
2026-09-24T01:15:01.7177144Z budget:    899.869s total; 300s per command
2026-09-24T01:15:01.7177741Z changes:   1 analyzed mutation(s); 1 changed test file(s)
2026-09-24T01:15:01.7178104Z 
2026-09-24T01:15:01.7178651Z contrast:  BASE STABLE-FAIL -> CANDIDATE STABLE-PASS
2026-09-24T01:15:01.7178895Z 
2026-09-24T01:15:01.7179065Z WITNESSED         +1/-1  auth/session.py hunk 1/1  [stable-fail]
2026-09-24T01:15:01.7179330Z 
2026-09-24T01:15:01.7179470Z summary: 1 witnessed, 0 unwitnessed, 0 inconclusive
2026-09-24T01:15:01.7179807Z core:    1 minimal sufficient set(s) of 1 hunk(s)
2026-09-24T01:15:01.7180114Z cert:    dw2_d6c67925df776bebc653
2026-09-24T01:15:01.7180406Z DiffWitness Gate accepted (dw2_d6c67925df776bebc653)
2026-09-24T01:15:01.7180625Z 
2026-09-24T01:15:01.7180729Z DiffWitness Guard: PROOF ACCEPTED
2026-09-24T01:15:01.7181429Z 
2026-09-24T01:15:01.7181566Z CHANGE DEBT
2026-09-24T01:15:01.7181893Z +1 point(s) / 1 obligation(s)
2026-09-24T01:15:01.7182247Z   security           +1
2026-09-24T01:15:01.7182845Z   DW-F90AD233C569 +1 security/heuristic — Security-sensitive surface changed
2026-09-24T01:15:01.7183321Z Debt budget: PASS — projected total 1; new 1
2026-09-24T01:15:01.7183656Z Debt Ledger: +1 introduced, 0 reopened, 0 refreshed
2026-09-24T01:15:01.7184132Z IdleProof explanation: /tmp/tmp8even2l_/.git/diffwitness/idleproof-explanation.json
2026-09-24T01:15:01.7184888Z Change envelope: /tmp/tmp8even2l_/.git/diffwitness/change-envelope.json
2026-09-24T01:15:01.7185466Z Project continuity: 4 new change event(s) · dwchg_bf579f6f2e293c6bd6ff84a2
2026-09-24T01:15:01.7185924Z Project continuity: 1 Debt Ledger lifecycle event(s) projected
2026-09-24T01:15:01.9191276Z DiffWitness Guard armed at 24823210866a
2026-09-24T01:15:01.9194916Z Agent:    /opt/hostedtoolcache/Python/3.11.16/x64/bin/python -c from pathlib import Path; p=Path('auth/session.py'); p.write_text('def add(a, b):\n    return a + b\n', encoding='utf-8'); t=Path('tests/test_session.py'); t.parent.mkdir(exist_ok=True); t.write_text("import unittest\nfrom auth.session import add\n\nclass T(unittest.TestCase):\n    def test_add(self):\n        self.assertEqual(add(2, 3), 5)\n", encoding='utf-8')
2026-09-24T01:15:01.9198823Z Policy:   strict
2026-09-24T01:15:01.9199329Z Strategy: config/default
2026-09-24T01:15:01.9199929Z Proof budget: 900s after agent exit
2026-09-24T01:15:01.9200368Z 
2026-09-24T01:15:01.9201730Z DiffWitness Gate: causal contrast proven; exhaustive strategy for 1 production mutation(s) under strict policy (899.9s proof budget remaining)
2026-09-24T01:15:02.2350890Z DiffWitness Guard: DEBT BUDGET REJECTED
2026-09-24T01:15:02.2699098Z ok
2026-09-24T01:15:02.2940437Z test_default_guided_root_help_is_a_bounded_onboarding_surface (test_ht001_guided_first_run.GuidedFirstRunDensityTests.test_default_guided_root_help_is_a_bounded_onboarding_surface) ... ok
2026-09-24T01:15:02.3127100Z test_french_guided_root_help_has_the_same_bounded_information_shape (test_ht001_guided_first_run.GuidedFirstRunDensityTests.test_french_guided_root_help_has_the_same_bounded_information_shape) ... ok
2026-09-24T01:15:02.3322446Z test_technical_help_keeps_the_complete_engineering_surface (test_ht001_guided_first_run.GuidedFirstRunDensityTests.test_technical_help_keeps_the_complete_engineering_surface) ... ok
2026-09-24T01:15:02.3342043Z test_default_guided_english_explains_how_to_reach_a_valid_doctor_context (test_ht002_doctor_outside_git.DoctorOutsideGitActionabilityTests.test_default_guided_english_explains_how_to_reach_a_valid_doctor_context) ... ok
2026-09-24T01:15:02.3360219Z test_guided_french_has_the_same_actionable_failure_shape (test_ht002_doctor_outside_git.DoctorOutsideGitActionabilityTests.test_guided_french_has_the_same_actionable_failure_shape) ... ok
2026-09-24T01:15:02.3378741Z test_json_outside_git_preserves_raw_failure_contract (test_ht002_doctor_outside_git.DoctorOutsideGitActionabilityTests.test_json_outside_git_preserves_raw_failure_contract) ... ok
2026-09-24T01:15:02.3389343Z test_other_git_failures_do_not_get_outside_repository_advice (test_ht002_doctor_outside_git.DoctorOutsideGitActionabilityTests.test_other_git_failures_do_not_get_outside_repository_advice) ... ok
2026-09-24T01:15:02.3408383Z test_technical_outside_git_still_fails_without_inventing_readiness (test_ht002_doctor_outside_git.DoctorOutsideGitActionabilityTests.test_technical_outside_git_still_fails_without_inventing_readiness) ... ok
2026-09-24T01:15:02.3410753Z test_every_diffwitness_owned_sidecar_diagnostic_has_a_guided_rendering (test_ht004_guided_vocabulary.HT004GuidedVocabularyTests.test_every_diffwitness_owned_sidecar_diagnostic_has_a_guided_rendering) ... ok
2026-09-24T01:15:02.8317795Z test_guided_setup_hides_internal_sidecar_term_without_changing_machine_or_technical_detail (test_ht004_guided_vocabulary.HT004GuidedVocabularyTests.test_guided_setup_hides_internal_sidecar_term_without_changing_machine_or_technical_detail) ... ok
2026-09-24T01:15:02.9142509Z test_idleproof_help_does_not_expose_internal_sidecar_architecture (test_ht004_guided_vocabulary.HT004GuidedVocabularyTests.test_idleproof_help_does_not_expose_internal_sidecar_architecture) ... ok
2026-09-24T01:15:02.9861158Z test_frontend_error_public_export_remains_available_on_demand (test_ht006_cli_startup.HT006CliStartupTests.test_frontend_error_public_export_remains_available_on_demand) ... ok
2026-09-24T01:15:03.0125193Z test_importing_public_entry_does_not_eagerly_load_full_frontend (test_ht006_cli_startup.HT006CliStartupTests.test_importing_public_entry_does_not_eagerly_load_full_frontend) ... ok
2026-09-24T01:15:03.0130562Z test_version_fast_path_does_not_run_git (test_ht006_cli_startup.HT006CliStartupTests.test_version_fast_path_does_not_run_git) ... ok
2026-09-24T01:15:03.0132255Z test_version_output_contract_remains_exact (test_ht006_cli_startup.HT006CliStartupTests.test_version_output_contract_remains_exact) ... ok
2026-09-24T01:15:03.0134071Z test_explicit_codex_setup_bounds_protect_scope_when_claude_is_detectable (test_ht007_provider_scope.HT007ProviderScopeQualificationTests.test_explicit_codex_setup_bounds_protect_scope_when_claude_is_detectable)
2026-09-24T01:15:03.7461983Z Public setup scope must win over broader provider auto-detection in Protect. ... ok
2026-09-24T01:15:04.9568033Z test_claude_hooks_use_exec_form_and_complete_native_change (test_human_blocker_regressions.HumanBlockerRegressionTests.test_claude_hooks_use_exec_form_and_complete_native_change) ... ok
2026-09-24T01:15:05.9539410Z test_manual_gate_persists_current_worktree_verification (test_human_blocker_regressions.HumanBlockerRegressionTests.test_manual_gate_persists_current_worktree_verification) ... ok
2026-09-24T01:15:05.9926352Z test_continuity_projection_failure_is_durable_degradation_and_recovery_clears_it (test_ide_handoff_fail_closed.IdeHandoffFailClosedTests.test_continuity_projection_failure_is_durable_degradation_and_recovery_clears_it) ... ok
2026-09-24T01:15:05.9941584Z test_exhausted_continuation_budget_never_becomes_approval (test_ide_handoff_fail_closed.IdeHandoffFailClosedTests.test_exhausted_continuation_budget_never_becomes_approval) ... ok
2026-09-24T01:15:06.0113267Z test_missing_or_invalid_native_start_capture_terminates_unverified_without_a_loop (test_ide_handoff_fail_closed.IdeHandoffFailClosedTests.test_missing_or_invalid_native_start_capture_terminates_unverified_without_a_loop) ... ok
2026-09-24T01:15:06.0118270Z test_session_model_receives_evidence_first_policy_and_optional_soul (test_idleproof_agent_session.IdleProofAgentSessionTests.test_session_model_receives_evidence_first_policy_and_optional_soul) ... ok
2026-09-24T01:15:06.0120717Z test_session_policy_does_not_require_soul_or_any_provider (test_idleproof_agent_session.IdleProofAgentSessionTests.test_session_policy_does_not_require_soul_or_any_provider) ... ok
2026-09-24T01:15:06.0475513Z test_authoritative_proof_path_has_no_model_or_http_client_dependency (test_idleproof_architecture_invariants.IdleProofArchitectureInvariantTests.test_authoritative_proof_path_has_no_model_or_http_client_dependency) ... ok
2026-09-24T01:15:06.0478089Z test_guard_may_emit_deterministic_idleproof_but_not_call_optional_inference (test_idleproof_architecture_invariants.IdleProofArchitectureInvariantTests.test_guard_may_emit_deterministic_idleproof_but_not_call_optional_inference) ... ok
2026-09-24T01:15:06.4261396Z test_optional_user_inference_never_flows_back_into_proof_debt_or_continuity_modules (test_idleproof_architecture_invariants.IdleProofArchitectureInvariantTests.test_optional_user_inference_never_flows_back_into_proof_debt_or_continuity_modules) ... ok
2026-09-24T01:15:06.4266626Z test_user_owned_cache_stays_in_git_metadata_not_project_source (test_idleproof_architecture_invariants.IdleProofArchitectureInvariantTests.test_user_owned_cache_stays_in_git_metadata_not_project_source) ... ok
2026-09-24T01:15:06.4270074Z test_binary_change_is_explained_conservatively (test_idleproof_explanation.DeterministicExplanationTests.test_binary_change_is_explained_conservatively) ... ok
2026-09-24T01:15:06.4272294Z test_empty_change_still_has_an_explicit_result (test_idleproof_explanation.DeterministicExplanationTests.test_empty_change_still_has_an_explicit_result) ... ok
2026-09-24T01:15:06.4274374Z test_heuristic_sensor_never_becomes_a_verified_fact (test_idleproof_explanation.DeterministicExplanationTests.test_heuristic_sensor_never_becomes_a_verified_fact) ... ok
2026-09-24T01:15:06.4276459Z test_renderer_is_useful_without_network_or_llm (test_idleproof_explanation.DeterministicExplanationTests.test_renderer_is_useful_without_network_or_llm) ... ok
2026-09-24T01:15:06.4277720Z test_unaccepted_proof_is_never_described_as_proven (test_idleproof_explanation.DeterministicExplanationTests.test_unaccepted_proof_is_never_described_as_proven) ... ok
2026-09-24T01:15:06.4279565Z test_builder_quota_is_exactly_500 (test_idleproof_explanation.ManagedInferencePolicyTests.test_builder_quota_is_exactly_500) ... ok
2026-09-24T01:15:06.4281074Z test_free_alpha_and_unknown_plans_can_never_use_diffwitness_managed_inference (test_idleproof_explanation.ManagedInferencePolicyTests.test_free_alpha_and_unknown_plans_can_never_use_diffwitness_managed_inference) ... ok
2026-09-24T01:15:06.4282741Z test_managed_quota_exhaustion_falls_back_to_deterministic_not_another_paid_route (test_idleproof_explanation.ManagedInferencePolicyTests.test_managed_quota_exhaustion_falls_back_to_deterministic_not_another_paid_route) ... ok
2026-09-24T01:15:06.4283971Z test_pro_quota_is_exactly_1200 (test_idleproof_explanation.ManagedInferencePolicyTests.test_pro_quota_is_exactly_1200) ... ok
2026-09-24T01:15:06.4285003Z test_team_and_enterprise_are_finite_in_shared_policy (test_idleproof_explanation.ManagedInferencePolicyTests.test_team_and_enterprise_are_finite_in_shared_policy) ... ok
2026-09-24T01:15:06.4286174Z test_user_owned_compute_remains_available_on_free (test_idleproof_explanation.ManagedInferencePolicyTests.test_user_owned_compute_remains_available_on_free) ... ok
2026-09-24T01:15:06.4287505Z test_llm_context_contains_only_bounded_facts_and_style (test_idleproof_explanation.SoulAndLlmContextTests.test_llm_context_contains_only_bounded_facts_and_style) ... ok
2026-09-24T01:15:06.4288584Z test_local_soul_is_style_only_and_bounded (test_idleproof_explanation.SoulAndLlmContextTests.test_local_soul_is_style_only_and_bounded) ... ok
2026-09-24T01:15:06.4988182Z test_historical_accepted_proof_cannot_claim_drifted_worktree_is_verified (test_idleproof_freshness.IdleProofFreshnessTests.test_historical_accepted_proof_cannot_claim_drifted_worktree_is_verified) ... ok
2026-09-24T01:15:06.5179166Z test_snapshot_omits_invalid_local_protection_projection (test_idleproof_protect_projection.IdleProofProtectProjectionTests.test_snapshot_omits_invalid_local_protection_projection) ... ok
2026-09-24T01:15:06.5367133Z test_snapshot_projects_only_bounded_aggregate_protection (test_idleproof_protect_projection.IdleProofProtectProjectionTests.test_snapshot_projects_only_bounded_aggregate_protection) ... ok
2026-09-24T01:15:06.5572810Z test_auto_installs_only_detected_project_providers (test_idleproof_sidecar.IntegrationTests.test_auto_installs_only_detected_project_providers) ... ok
2026-09-24T01:15:06.5724273Z test_auto_without_a_detected_provider_is_actionable_and_non_mutating (test_idleproof_sidecar.IntegrationTests.test_auto_without_a_detected_provider_is_actionable_and_non_mutating) ... ok
2026-09-24T01:15:06.6102185Z test_install_migrates_provider_neutral_hooks_without_double_execution (test_idleproof_sidecar.IntegrationTests.test_install_migrates_provider_neutral_hooks_without_double_execution) ... ok
2026-09-24T01:15:06.6373271Z test_install_status_and_uninstall_are_non_destructive (test_idleproof_sidecar.IntegrationTests.test_install_status_and_uninstall_are_non_destructive) ... ok
2026-09-24T01:15:06.6577261Z test_local_project_identity_is_stable_and_repo_bound (test_idleproof_sidecar.IntegrationTests.test_local_project_identity_is_stable_and_repo_bound) ... ok
2026-09-24T01:15:06.6720652Z test_assurance_bridge_rejects_envelope_that_violates_privacy_boundary (test_idleproof_sidecar.PortalSidecarTests.test_assurance_bridge_rejects_envelope_that_violates_privacy_boundary) ... ok
2026-09-24T01:15:06.6973311Z test_dry_run_needs_no_token_and_exposes_bounded_snapshot (test_idleproof_sidecar.PortalSidecarTests.test_dry_run_needs_no_token_and_exposes_bounded_snapshot) ... ok
2026-09-24T01:15:06.7153347Z test_endpoint_policy_and_token_is_never_persisted (test_idleproof_sidecar.PortalSidecarTests.test_endpoint_policy_and_token_is_never_persisted) ... ok
2026-09-24T01:15:07.2568147Z test_real_local_http_sync_sends_only_bounded_snapshot_and_uses_env_token (test_idleproof_sidecar.PortalSidecarTests.test_real_local_http_sync_sends_only_bounded_snapshot_and_uses_env_token) ... ok
2026-09-24T01:15:07.2827681Z test_snapshot_is_bounded_deterministic_and_preserves_inconclusive_proof (test_idleproof_sidecar.PortalSidecarTests.test_snapshot_is_bounded_deterministic_and_preserves_inconclusive_proof) ... ok
2026-09-24T01:15:07.3129933Z test_tracked_soul_remains_part_of_the_software_tree (test_idleproof_soul_snapshot.IdleProofSoulSnapshotTests.test_tracked_soul_remains_part_of_the_software_tree) ... ok
2026-09-24T01:15:07.3341923Z test_untracked_soul_preferences_do_not_change_candidate_tree (test_idleproof_soul_snapshot.IdleProofSoulSnapshotTests.test_untracked_soul_preferences_do_not_change_candidate_tree) ... ok
2026-09-24T01:15:07.3344635Z test_api_key_cannot_be_sent_over_plain_http_except_loopback (test_idleproof_user_inference.IdleProofUserInferenceTests.test_api_key_cannot_be_sent_over_plain_http_except_loopback) ... ok
2026-09-24T01:15:07.3517112Z test_cache_is_content_addressed_by_context_endpoint_and_model (test_idleproof_user_inference.IdleProofUserInferenceTests.test_cache_is_content_addressed_by_context_endpoint_and_model) ... ok
2026-09-24T01:15:07.3797851Z test_default_dw_explain_never_builds_a_network_opener (test_idleproof_user_inference.IdleProofUserInferenceTests.test_default_dw_explain_never_builds_a_network_opener) ... ok
2026-09-24T01:15:07.3800516Z test_human_output_always_shows_deterministic_original_before_labelled_ai_wording (test_idleproof_user_inference.IdleProofUserInferenceTests.test_human_output_always_shows_deterministic_original_before_labelled_ai_wording) ... ok
2026-09-24T01:15:07.4166853Z test_managed_engine_is_impossible_from_oss_cli_and_falls_back (test_idleproof_user_inference.IdleProofUserInferenceTests.test_managed_engine_is_impossible_from_oss_cli_and_falls_back) ... ok
2026-09-24T01:15:07.4647804Z test_openrouter_uses_only_user_key_and_cache_prevents_second_provider_call (test_idleproof_user_inference.IdleProofUserInferenceTests.test_openrouter_uses_only_user_key_and_cache_prevents_second_provider_call) ... ok
2026-09-24T01:15:07.4653436Z test_provider_control_characters_are_neutralized_before_display_or_cache (test_idleproof_user_inference.IdleProofUserInferenceTests.test_provider_control_characters_are_neutralized_before_display_or_cache) ... ok
2026-09-24T01:15:07.4659420Z test_slots_presentation_units_serialize_and_provider_rewrites_only_existing_ids (test_idleproof_user_inference.IdleProofUserInferenceTests.test_slots_presentation_units_serialize_and_provider_rewrites_only_existing_ids) ... ok
2026-09-24T01:15:09.1504603Z test_minimal_sufficient_core_and_surplus_hunk (test_integration.IntegrationTests.test_minimal_sufficient_core_and_surplus_hunk) ... ok
2026-09-24T01:15:09.6475709Z test_mutual_backup_pair_is_detected (test_integration.IntegrationTests.test_mutual_backup_pair_is_detected) ... ok
2026-09-24T01:15:09.6802924Z test_snapshot_ignores_untracked_runtime_caches_but_keeps_untracked_source (test_integration.IntegrationTests.test_snapshot_ignores_untracked_runtime_caches_but_keeps_untracked_source) ... ok
2026-09-24T01:15:09.7077393Z test_tracked_cache_named_file_is_never_silently_hidden (test_integration.IntegrationTests.test_tracked_cache_named_file_is_never_silently_hidden) ... ok
2026-09-24T01:15:09.7326729Z test_worktree_snapshot_does_not_require_persistent_git_identity (test_integration.IntegrationTests.test_worktree_snapshot_does_not_require_persistent_git_identity) ... ok
2026-09-24T01:15:09.8696948Z test_explicit_french_and_precedence_preserve_view_and_never_leak (test_language.LanguageTests.test_explicit_french_and_precedence_preserve_view_and_never_leak) ... ok
2026-09-24T01:15:10.0966843Z test_french_environment_defaults_to_english_without_persisting_language (test_language.LanguageTests.test_french_environment_defaults_to_english_without_persisting_language) ... ok
2026-09-24T01:15:10.7799365Z test_french_human_surfaces_and_json_are_language_and_view_invariant (test_language.LanguageTests.test_french_human_surfaces_and_json_are_language_and_view_invariant) ... ok
2026-09-24T01:15:10.7874754Z test_invalid_choice_and_missing_repo_do_not_save_or_leak (test_language.LanguageTests.test_invalid_choice_and_missing_repo_do_not_save_or_leak) ... ok
2026-09-24T01:15:10.7988936Z test_native_protocol_and_agent_arguments_do_not_inherit_ui_language (test_language.LanguageTests.test_native_protocol_and_agent_arguments_do_not_inherit_ui_language) ... ok
2026-09-24T01:15:11.1457307Z test_same_executed_evidence_produces_identical_certificates_in_both_languages (test_language.LanguageTests.test_same_executed_evidence_produces_identical_certificates_in_both_languages) ... ok
2026-09-24T01:15:11.1524330Z test_event_sourced_lifecycle_and_reopen (test_ledger.LedgerTests.test_event_sourced_lifecycle_and_reopen) ... ok
2026-09-24T01:15:11.1547964Z test_hash_valid_but_invalid_transition_fails_closed (test_ledger.LedgerTests.test_hash_valid_but_invalid_transition_fails_closed) ... ok
2026-09-24T01:15:11.1599095Z test_project_reconciliation_only_closes_project_rules (test_ledger.LedgerTests.test_project_reconciliation_only_closes_project_rules) ... ok
2026-09-24T01:15:11.1600406Z test_semantic_identity_mismatch_fails_closed_on_load (test_ledger.LedgerTests.test_semantic_identity_mismatch_fails_closed_on_load)
2026-09-24T01:15:11.1621231Z A hash-valid imported event cannot relabel a signal under another DW id. ... ok
2026-09-24T01:15:11.1668471Z test_stale_accept_cannot_accept_debt_resolved_by_another_process (test_ledger.LedgerTests.test_stale_accept_cannot_accept_debt_resolved_by_another_process) ... ok
2026-09-24T01:15:11.1669907Z test_stale_instances_append_without_losing_events (test_ledger.LedgerTests.test_stale_instances_append_without_losing_events)
2026-09-24T01:15:11.1705730Z Two agents that loaded the same ledger must not overwrite each other. ... ok
2026-09-24T01:15:11.1706866Z test_stale_instances_do_not_double_introduce_same_debt (test_ledger.LedgerTests.test_stale_instances_do_not_double_introduce_same_debt)
2026-09-24T01:15:11.1736427Z The state decision and append must share the same lock, not only the disk write. ... ok
2026-09-24T01:15:11.1767486Z test_stale_persist_cannot_overwrite_newer_history (test_ledger.LedgerTests.test_stale_persist_cannot_overwrite_newer_history) ... ok
2026-09-24T01:15:11.1794390Z test_tampering_breaks_integrity (test_ledger.LedgerTests.test_tampering_breaks_integrity) ... ok
2026-09-24T01:15:11.1797628Z test_unknown_event_type_is_rejected (test_ledger.LedgerTests.test_unknown_event_type_is_rejected) ... ok
2026-09-24T01:15:11.2489179Z test_checkpoint_and_status_are_exposed_through_dw (test_ledger_cli.LedgerCliTests.test_checkpoint_and_status_are_exposed_through_dw) ... ok
2026-09-24T01:15:11.2616670Z test_missing_remote_is_reported_as_cli_error_not_traceback (test_ledger_cli.LedgerCliTests.test_missing_remote_is_reported_as_cli_error_not_traceback) ... DiffWitness 0.4.0a1 - counterfactual patch evidence
2026-09-24T01:15:11.2618214Z repo:      /tmp/tmpd_5b2zna
2026-09-24T01:15:11.2618740Z base:      24823210866ab3378ccb4c391a31dc4fa18a7413 (24823210866a)
2026-09-24T01:15:11.2619466Z candidate: bb0cd385e7e0c1ec61c59977cf03dc8922931cd7 (bb0cd385e7e0)
2026-09-24T01:15:11.2620132Z evidence:  "/opt/hostedtoolcache/Python/3.11.16/x64/bin/python" -m unittest discover -s tests -q
2026-09-24T01:15:11.2620639Z stability: 1 run(s) per variant
2026-09-24T01:15:11.2621197Z budget:    899.867s total; 300s per command
2026-09-24T01:15:11.2621545Z changes:   1 analyzed mutation(s); 1 changed test file(s)
2026-09-24T01:15:11.2621779Z 
2026-09-24T01:15:11.2621929Z contrast:  BASE STABLE-FAIL -> CANDIDATE STABLE-PASS
2026-09-24T01:15:11.2622170Z 
2026-09-24T01:15:11.2622335Z WITNESSED         +1/-1  auth/session.py hunk 1/1  [stable-fail]
2026-09-24T01:15:11.2622592Z 
2026-09-24T01:15:11.2622717Z summary: 1 witnessed, 0 unwitnessed, 0 inconclusive
2026-09-24T01:15:11.2623051Z core:    1 minimal sufficient set(s) of 1 hunk(s)
2026-09-24T01:15:11.2623553Z cert:    dw2_cef31ef8adb3d4329ed0
2026-09-24T01:15:11.2623867Z DiffWitness Gate accepted (dw2_cef31ef8adb3d4329ed0)
2026-09-24T01:15:11.2624091Z 
2026-09-24T01:15:11.2624197Z DiffWitness Guard: PROOF ACCEPTED
2026-09-24T01:15:11.2624371Z 
2026-09-24T01:15:11.2624457Z CHANGE DEBT
2026-09-24T01:15:11.2624657Z +1 point(s) / 1 obligation(s)
2026-09-24T01:15:11.2624897Z   security           +1
2026-09-24T01:15:11.2625521Z   DW-F90AD233C569 +1 security/heuristic — Security-sensitive surface changed
2026-09-24T01:15:11.2626015Z Debt budget: EXCEEDED — projected total 1; new 1
2026-09-24T01:15:11.2626343Z   ! new debt 1 exceeds per-change budget 0
2026-09-24T01:15:11.2626719Z Debt Ledger: rejected change was not admitted to the durable ledger.
2026-09-24T01:15:11.2627248Z IdleProof explanation: /tmp/tmpd_5b2zna/.git/diffwitness/idleproof-explanation.json
2026-09-24T01:15:11.2627790Z Change envelope: /tmp/tmpd_5b2zna/.git/diffwitness/change-envelope.json
2026-09-24T01:15:11.2628368Z Project continuity: 4 new change event(s) · dwchg_01904fdb313b93956e9cd6bb
2026-09-24T01:15:11.2827729Z ok
2026-09-24T01:15:11.2834564Z test_non_object_jsonl_record_fails_closed (test_ledger_corruption.LedgerCorruptionTests.test_non_object_jsonl_record_fails_closed) ... ok
2026-09-24T01:15:11.2858059Z test_truncated_jsonl_tail_fails_closed_and_is_not_repaired_silently (test_ledger_corruption.LedgerCorruptionTests.test_truncated_jsonl_tail_fails_closed_and_is_not_repaired_silently) ... ok
2026-09-24T01:15:11.3326917Z test_checkpoint_history_is_fast_forward_only (test_ledger_transport.LedgerTransportTests.test_checkpoint_history_is_fast_forward_only) ... ok
2026-09-24T01:15:11.3636989Z test_checkpoint_is_idempotent_for_unchanged_ledger (test_ledger_transport.LedgerTransportTests.test_checkpoint_is_idempotent_for_unchanged_ledger) ... ok
2026-09-24T01:15:11.4024840Z test_checkpoint_restores_into_empty_clone_state_without_touching_head (test_ledger_transport.LedgerTransportTests.test_checkpoint_restores_into_empty_clone_state_without_touching_head) ... ok
2026-09-24T01:15:11.4297479Z test_checkpoint_tree_and_blob_are_platform_canonical (test_ledger_transport.LedgerTransportTests.test_checkpoint_tree_and_blob_are_platform_canonical) ... ok
2026-09-24T01:15:11.5235069Z test_missing_remote_ref_cannot_reuse_stale_tracking_ref (test_ledger_transport.LedgerTransportTests.test_missing_remote_ref_cannot_reuse_stale_tracking_ref) ... ok
2026-09-24T01:15:11.6777734Z test_remote_concurrent_update_never_force_overwrites (test_ledger_transport.LedgerTransportTests.test_remote_concurrent_update_never_force_overwrites) ... ok
2026-09-24T01:15:11.7646994Z test_remote_push_and_fresh_pull_round_trip (test_ledger_transport.LedgerTransportTests.test_remote_push_and_fresh_pull_round_trip) ... ok
2026-09-24T01:15:11.8005313Z test_exhausted_failed_proof_terminates_unverified (test_legacy_stop_contract.LegacyStopContractTests.test_exhausted_failed_proof_terminates_unverified) ... ok
2026-09-24T01:15:11.8215707Z test_missing_or_invalid_start_state_terminates_unverified_without_a_loop (test_legacy_stop_contract.LegacyStopContractTests.test_missing_or_invalid_start_state_terminates_unverified_without_a_loop) ... ok
2026-09-24T01:15:11.8485635Z test_no_change_success_omits_decision (test_legacy_stop_contract.LegacyStopContractTests.test_no_change_success_omits_decision) ... ok
2026-09-24T01:15:11.8489288Z test_payload_contract_reserves_decision_for_blocks (test_legacy_stop_contract.LegacyStopContractTests.test_payload_contract_reserves_decision_for_blocks) ... ok
2026-09-24T01:15:12.2955864Z test_native_proof_debt_understand_and_status_use_real_worktree_metadata (test_linked_worktree_product.LinkedWorktreeProductTests.test_native_proof_debt_understand_and_status_use_real_worktree_metadata) ... ok
2026-09-24T01:15:12.3145640Z test_damaged_or_duplicate_marker_blocks_fail_closed_without_rewriting_user_rules (test_local_git_state.LocalGitStateTests.test_damaged_or_duplicate_marker_blocks_fail_closed_without_rewriting_user_rules) ... ok
2026-09-24T01:15:12.3450096Z test_local_excludes_are_idempotent_preserve_user_rules_and_keep_tracked_files_visible (test_local_git_state.LocalGitStateTests.test_local_excludes_are_idempotent_preserve_user_rules_and_keep_tracked_files_visible) ... ok
2026-09-24T01:15:12.3615373Z test_setup_install_fails_before_sidecar_if_git_metadata_cannot_be_prepared (test_local_git_state.LocalGitStateTests.test_setup_install_fails_before_sidecar_if_git_metadata_cannot_be_prepared) ... ok
2026-09-24T01:15:12.3973159Z test_setup_install_prepares_local_excludes_before_sidecar_runs (test_local_git_state.LocalGitStateTests.test_setup_install_prepares_local_excludes_before_sidecar_runs) ... ok
2026-09-24T01:15:14.3934494Z test_all_kinds_nonascii_and_fr_en_keep_same_citations (test_memory_code.MemoryCodeTests.test_all_kinds_nonascii_and_fr_en_keep_same_citations) ... ok
2026-09-24T01:15:15.0812649Z test_code_drift_revalidation_keeps_authorities_and_index (test_memory_code.MemoryCodeTests.test_code_drift_revalidation_keeps_authorities_and_index) ... ok
2026-09-24T01:15:15.5952556Z test_deleted_and_explicitly_moved_reference (test_memory_code.MemoryCodeTests.test_deleted_and_explicitly_moved_reference) ... ok
2026-09-24T01:15:16.1383542Z test_deleted_role_can_be_explicitly_cleared_but_not_both_roles (test_memory_code.MemoryCodeTests.test_deleted_role_can_be_explicitly_cleared_but_not_both_roles) ... ok
2026-09-24T01:15:16.2187886Z test_forged_git_digest_cannot_be_reported_as_unchanged (test_memory_code.MemoryCodeTests.test_forged_git_digest_cannot_be_reported_as_unchanged) ... ok
2026-09-24T01:15:16.3437336Z test_forged_source_reference_rejected_on_all_readers (test_memory_code.MemoryCodeTests.test_forged_source_reference_rejected_on_all_readers) ... ok
2026-09-24T01:15:16.8098411Z test_invalid_selections_and_inactive_memory_do_not_append (test_memory_code.MemoryCodeTests.test_invalid_selections_and_inactive_memory_do_not_append) ... ok
2026-09-24T01:15:16.9867420Z test_missing_baseline_object_and_corrupt_bytes_fail_closed (test_memory_code.MemoryCodeTests.test_missing_baseline_object_and_corrupt_bytes_fail_closed) ... ok
2026-09-24T01:15:17.0845402Z test_schema_authority_and_subject_collision_rejected (test_memory_code.MemoryCodeTests.test_schema_authority_and_subject_collision_rejected) ... ok
2026-09-24T01:15:17.5421339Z test_stale_binding_and_memory_revision_fail_atomically (test_memory_code.MemoryCodeTests.test_stale_binding_and_memory_revision_fail_atomically) ... ok
2026-09-24T01:15:17.7330659Z test_types_and_budgets_fail_without_false_unchanged (test_memory_code.MemoryCodeTests.test_types_and_budgets_fail_without_false_unchanged) ... ok
2026-09-24T01:15:19.7118986Z test_all_four_kinds_confirm_retire_and_reconsider_preserve_assertion (test_memory_lifecycle.MemoryLifecycleTests.test_all_four_kinds_confirm_retire_and_reconsider_preserve_assertion) ... ok
2026-09-24T01:15:19.8471616Z test_confirmation_does_not_promote_or_replace_original_assertion_authority (test_memory_lifecycle.MemoryLifecycleTests.test_confirmation_does_not_promote_or_replace_original_assertion_authority) ... ok
2026-09-24T01:15:19.9826531Z test_hash_valid_invalid_revision_is_rejected_by_checkpoint_and_old_cache (test_memory_lifecycle.MemoryLifecycleTests.test_hash_valid_invalid_revision_is_rejected_by_checkpoint_and_old_cache) ... ok
2026-09-24T01:15:20.9127831Z test_installed_presentations_retain_failed_approaches_and_distinct_review_authority (test_memory_lifecycle.MemoryLifecycleTests.test_installed_presentations_retain_failed_approaches_and_distinct_review_authority) ... ok
2026-09-24T01:15:21.3966384Z test_invalid_replacements_and_unknown_kind_fail_without_partial_history (test_memory_lifecycle.MemoryLifecycleTests.test_invalid_replacements_and_unknown_kind_fail_without_partial_history) ... ok
2026-09-24T01:15:21.4395141Z test_profile_cannot_promote_judgment_or_smuggle_replacement_relations (test_memory_lifecycle.MemoryLifecycleTests.test_profile_cannot_promote_judgment_or_smuggle_replacement_relations) ... ok
2026-09-24T01:15:21.6258055Z test_public_redeclaration_of_managed_identity_is_a_controlled_rejection (test_memory_lifecycle.MemoryLifecycleTests.test_public_redeclaration_of_managed_identity_is_a_controlled_rejection) ... ok
2026-09-24T01:15:21.9291464Z test_rejected_memory_and_edges_do_not_seed_context_but_history_remains (test_memory_lifecycle.MemoryLifecycleTests.test_rejected_memory_and_edges_do_not_seed_context_but_history_remains) ... ok
2026-09-24T01:15:22.0545707Z test_stale_revision_is_rejected_atomically_and_source_cannot_be_overwritten (test_memory_lifecycle.MemoryLifecycleTests.test_stale_revision_is_rejected_atomically_and_source_cannot_be_overwritten) ... ok
2026-09-24T01:15:22.4642563Z test_supersession_is_immutable_and_bidirectional_with_exact_replacement_reference (test_memory_lifecycle.MemoryLifecycleTests.test_supersession_is_immutable_and_bidirectional_with_exact_replacement_reference) ... ok
2026-09-24T01:15:22.4926914Z test_codex_configuration_never_implies_provider_trust (test_native_activation.NativeActivationTests.test_codex_configuration_never_implies_provider_trust) ... ok
2026-09-24T01:15:22.7708668Z test_concurrent_provider_observations_do_not_lose_updates (test_native_activation.NativeActivationTests.test_concurrent_provider_observations_do_not_lose_updates) ... ok
2026-09-24T01:15:22.8032298Z test_linked_worktree_uses_real_git_metadata_and_keeps_activation_local (test_native_activation.NativeActivationTests.test_linked_worktree_uses_real_git_metadata_and_keeps_activation_local) ... ok
2026-09-24T01:15:22.8232233Z test_start_cause_cannot_be_mistaken_for_a_provider (test_native_activation.NativeActivationTests.test_start_cause_cannot_be_mistaken_for_a_provider) ... ok
2026-09-24T01:15:22.8599582Z test_successful_provider_session_start_records_real_observation (test_native_activation.NativeActivationTests.test_successful_provider_session_start_records_real_observation) ... ok
2026-09-24T01:15:22.8753523Z test_unknown_source_cannot_fabricate_native_provider_observation (test_native_activation.NativeActivationTests.test_unknown_source_cannot_fabricate_native_provider_observation) ... ok
2026-09-24T01:15:22.9225584Z test_native_prompt_context_never_tells_active_agent_to_launch_guard (test_native_hook_contracts.NativeHookContractTests.test_native_prompt_context_never_tells_active_agent_to_launch_guard) ... ok
2026-09-24T01:15:22.9625440Z test_native_prompt_without_session_start_does_not_spawn_fallback_agent (test_native_hook_contracts.NativeHookContractTests.test_native_prompt_without_session_start_does_not_spawn_fallback_agent) ... ok
2026-09-24T01:15:22.9627020Z test_stop_block_preserves_block_and_reason (test_native_hook_contracts.NativeHookContractTests.test_stop_block_preserves_block_and_reason) ... ok
2026-09-24T01:15:22.9628494Z test_stop_success_omits_unsupported_approve_decision (test_native_hook_contracts.NativeHookContractTests.test_stop_success_omits_unsupported_approve_decision) ... ok
2026-09-24T01:15:22.9630606Z test_terminal_stop_failure_never_requests_another_agent_turn (test_native_hook_contracts.NativeHookContractTests.test_terminal_stop_failure_never_requests_another_agent_turn) ... ok
2026-09-24T01:15:23.0141771Z test_committed_patch_round_trip_preserves_mixed_endings_and_utf8_context (test_native_patch_bytes.NativePatchBytesTests.test_committed_patch_round_trip_preserves_mixed_endings_and_utf8_context) ... ok
2026-09-24T01:15:24.4417721Z test_native_staged_unborn_counterfactual_uses_exact_lf_and_crlf_bytes (test_native_patch_bytes.NativePatchBytesTests.test_native_staged_unborn_counterfactual_uses_exact_lf_and_crlf_bytes) ... ok
2026-09-24T01:15:24.4641672Z test_a_new_scope_never_reuses_a_previous_git_resolution (test_native_prompt_resolution.NativeResolutionTests.test_a_new_scope_never_reuses_a_previous_git_resolution) ... ok
2026-09-24T01:15:24.5278954Z test_historical_corruption_between_prompts_cannot_reuse_advisory_memory (test_native_prompt_resolution.NativeResolutionTests.test_historical_corruption_between_prompts_cannot_reuse_advisory_memory) ... ok
2026-09-24T01:15:24.5475350Z test_linked_worktree_roots_are_distinct_but_journal_is_shared (test_native_prompt_resolution.NativeResolutionTests.test_linked_worktree_roots_are_distinct_but_journal_is_shared) ... Preparing worktree (detached HEAD 30c51c3)
2026-09-24T01:15:24.5589571Z ok
2026-09-24T01:15:24.6319858Z test_native_prompt_reuses_only_repository_paths_within_one_invocation (test_native_prompt_resolution.NativeResolutionTests.test_native_prompt_reuses_only_repository_paths_within_one_invocation) ... ok
2026-09-24T01:15:24.6610360Z test_scoped_paths_are_discarded_on_exit_and_exception (test_native_prompt_resolution.NativeResolutionTests.test_scoped_paths_are_discarded_on_exit_and_exception) ... ok
2026-09-24T01:15:30.4613785Z test_generated_hooks_complete_all_guided_and_technical_provider_journeys (test_native_setup_journeys.NativeSetupJourneyTests.test_generated_hooks_complete_all_guided_and_technical_provider_journeys) ... ok
2026-09-24T01:15:30.4775195Z test_invalid_bytes_are_not_reinterpreted_as_locale_text (test_native_utf8_protocol.NativeUtf8ProtocolTests.test_invalid_bytes_are_not_reinterpreted_as_locale_text) ... ok
2026-09-24T01:15:30.8062143Z test_real_adapters_ignore_locale_for_native_utf8_input_and_output (test_native_utf8_protocol.NativeUtf8ProtocolTests.test_real_adapters_ignore_locale_for_native_utf8_input_and_output) ... ok
2026-09-24T01:15:30.8064153Z test_text_streams_and_non_object_payloads_keep_existing_contract (test_native_utf8_protocol.NativeUtf8ProtocolTests.test_text_streams_and_non_object_payloads_keep_existing_contract) ... ok
2026-09-24T01:15:30.8285879Z test_nested_idleproof_and_agent_hook_state_are_not_software_changes (test_nested_idleproof_plumbing.NestedLocalToolArtifactsTests.test_nested_idleproof_and_agent_hook_state_are_not_software_changes) ... ok
2026-09-24T01:15:30.8287995Z test_distinct_invalid_bytes_are_rejected_before_identity (test_patch_encoding_boundary.PatchEncodingBoundaryTests.test_distinct_invalid_bytes_are_rejected_before_identity) ... ok
2026-09-24T01:15:30.9074404Z test_real_prove_rejects_non_utf8_before_analysis_or_outputs (test_patch_encoding_boundary.PatchEncodingBoundaryTests.test_real_prove_rejects_non_utf8_before_analysis_or_outputs) ... ok
2026-09-24T01:15:31.4921549Z test_utf8_prove_persists_certificate_and_exact_crlf_reduction (test_patch_encoding_boundary.PatchEncodingBoundaryTests.test_utf8_prove_persists_certificate_and_exact_crlf_reduction) ... ok
2026-09-24T01:15:31.5306050Z test_native_handoff_blocks_an_intact_but_canonically_unaccepted_proof_before_debt_or_continuity (test_plugin_context_hook.PluginContextHookTests.test_native_handoff_blocks_an_intact_but_canonically_unaccepted_proof_before_debt_or_continuity) ... ok
2026-09-24T01:15:32.4122183Z test_native_session_stop_converges_on_proof_debt_envelope_and_continuity_without_guard_wrapper (test_plugin_context_hook.PluginContextHookTests.test_native_session_stop_converges_on_proof_debt_envelope_and_continuity_without_guard_wrapper) ... ok
2026-09-24T01:15:32.5052364Z test_prompt_submit_fails_open_outside_git_repository (test_plugin_context_hook.PluginContextHookTests.test_prompt_submit_fails_open_outside_git_repository) ... ok
2026-09-24T01:15:32.7004511Z test_prompt_submit_injects_bounded_epistemic_context_without_persisting_prompt (test_plugin_context_hook.PluginContextHookTests.test_prompt_submit_injects_bounded_epistemic_context_without_persisting_prompt) ... ok
2026-09-24T01:15:32.8105040Z test_prompt_submit_without_text_is_noop (test_plugin_context_hook.PluginContextHookTests.test_prompt_submit_without_text_is_noop) ... ok
2026-09-24T01:15:32.8106785Z test_help_exposes_only_diffwitness_commands (test_portal_proxy.PortalProxyTests.test_help_exposes_only_diffwitness_commands) ... ok
2026-09-24T01:15:32.8114778Z test_local_git_exclude_failure_blocks_state_creating_commands (test_portal_proxy.PortalProxyTests.test_local_git_exclude_failure_blocks_state_creating_commands) ... ok
2026-09-24T01:15:32.8122488Z test_missing_sidecar_is_actionable (test_portal_proxy.PortalProxyTests.test_missing_sidecar_is_actionable) ... ok
2026-09-24T01:15:32.8134116Z test_proxy_forwards_argv_without_shell_or_token_rewriting (test_portal_proxy.PortalProxyTests.test_proxy_forwards_argv_without_shell_or_token_rewriting) ... ok
2026-09-24T01:15:32.8144334Z test_snapshot_is_local_and_does_not_require_sidecar_or_portal_config (test_portal_proxy.PortalProxyTests.test_snapshot_is_local_and_does_not_require_sidecar_or_portal_config) ... ok
2026-09-24T01:15:32.8151228Z test_snapshot_rejects_unknown_options_without_network_or_sidecar (test_portal_proxy.PortalProxyTests.test_snapshot_rejects_unknown_options_without_network_or_sidecar) ... ok
2026-09-24T01:15:32.8161074Z test_start_failure_does_not_expose_internal_sidecar_term (test_portal_proxy.PortalProxyTests.test_start_failure_does_not_expose_internal_sidecar_term) ... ok
2026-09-24T01:15:32.8162744Z test_unknown_sidecar_surface_is_rejected (test_portal_proxy.PortalProxyTests.test_unknown_sidecar_surface_is_rejected) ... ok
2026-09-24T01:15:32.8163774Z test_balanced_and_strict_policies_are_distinct (test_proof_cli.ProofCliTests.test_balanced_and_strict_policies_are_distinct) ... ok
2026-09-24T01:15:32.8243628Z test_doctor_explains_default_detection (test_proof_cli.ProofCliTests.test_doctor_explains_default_detection) ... ok
2026-09-24T01:15:33.0842618Z test_guard_adaptive_accepts_one_hunk_proven_fix (test_proof_cli.ProofCliTests.test_guard_adaptive_accepts_one_hunk_proven_fix) ... ok
2026-09-24T01:15:33.4867735Z test_guard_auto_routes_large_enough_patch_to_adaptive_and_rejects_surplus (test_proof_cli.ProofCliTests.test_guard_auto_routes_large_enough_patch_to_adaptive_and_rejects_surplus) ... 
2026-09-24T01:15:33.4869318Z DiffWitness Guard: PROOF REJECTED - Adaptive Core found 1 mutation(s) removable while preserving the selected stable evidence
2026-09-24T01:15:33.4911027Z ok
2026-09-24T01:15:33.5498101Z test_guard_captures_pre_agent_state_and_accepts_proven_fix (test_proof_cli.ProofCliTests.test_guard_captures_pre_agent_state_and_accepts_proven_fix) ... DiffWitness Guard armed at c3744887befa
2026-09-24T01:15:33.5500396Z Evidence: "/opt/hostedtoolcache/Python/3.11.16/x64/bin/python" -m unittest discover -s tests -q
2026-09-24T01:15:33.5501733Z Policy:   strict
2026-09-24T01:15:33.5502190Z Strategy: adaptive
2026-09-24T01:15:33.5502670Z Budget:   900s proof wall clock
2026-09-24T01:15:33.5503049Z 
2026-09-24T01:15:33.5503532Z DiffWitness Guard selected adaptive proof for 1 production mutation(s).
2026-09-24T01:15:33.5504293Z DiffWitness Adaptive Core
2026-09-24T01:15:33.5504664Z contrast:    PROVEN
2026-09-24T01:15:33.5505012Z mutations:   1 original
2026-09-24T01:15:33.5505354Z core:        1 retained
2026-09-24T01:15:33.5505784Z removable:   0 observed removable
2026-09-24T01:15:33.5506347Z experiments: 1/40
2026-09-24T01:15:33.5506756Z 1-minimal:   yes
2026-09-24T01:15:33.5507221Z certificate: dwac1_3f3e722153a8c51fa72a
2026-09-24T01:15:33.5507602Z 
2026-09-24T01:15:33.5507780Z Causal core:
2026-09-24T01:15:33.5508209Z   KEEP    calc.py hunk 1/1
2026-09-24T01:15:33.5508502Z 
2026-09-24T01:15:33.5508802Z DiffWitness Guard: PROOF ACCEPTED (dwac1_3f3e722153a8c51fa72a)
2026-09-24T01:15:33.5509499Z DiffWitness Guard armed at f5d0f417d179
2026-09-24T01:15:33.5510420Z Evidence: "/opt/hostedtoolcache/Python/3.11.16/x64/bin/python" -m unittest discover -s tests -q
2026-09-24T01:15:33.5511529Z Policy:   balanced
2026-09-24T01:15:33.5511912Z Strategy: auto
2026-09-24T01:15:33.5512295Z Budget:   900s proof wall clock
2026-09-24T01:15:33.5512606Z 
2026-09-24T01:15:33.5512983Z DiffWitness Guard selected adaptive proof for 2 production mutation(s).
2026-09-24T01:15:33.5513724Z DiffWitness Adaptive Core
2026-09-24T01:15:33.5514150Z contrast:    PROVEN
2026-09-24T01:15:33.5514529Z mutations:   2 original
2026-09-24T01:15:33.5514929Z core:        1 retained
2026-09-24T01:15:33.5515357Z removable:   1 observed removable
2026-09-24T01:15:33.5515822Z experiments: 3/10
2026-09-24T01:15:33.5516200Z 1-minimal:   yes
2026-09-24T01:15:33.5516607Z certificate: dwac1_5e26ffe7d1ac7ec4bcf1
2026-09-24T01:15:33.5516952Z 
2026-09-24T01:15:33.5517102Z Causal core:
2026-09-24T01:15:33.5517466Z   KEEP    calc.py hunk 1/2
2026-09-24T01:15:33.5517742Z 
2026-09-24T01:15:33.5518235Z Evidence-removable surface:
2026-09-24T01:15:33.5519061Z   REVIEW  calc.py hunk 2/2 — def add(a, b):
2026-09-24T01:15:33.5519623Z DiffWitness Guard armed at b27e1f2a2626
2026-09-24T01:15:33.5520491Z Evidence: "/opt/hostedtoolcache/Python/3.11.16/x64/bin/python" -m unittest discover -s tests -q
2026-09-24T01:15:33.5521710Z Policy:   strict
2026-09-24T01:15:33.5522078Z Strategy: auto
2026-09-24T01:15:33.5522464Z Budget:   900s proof wall clock
2026-09-24T01:15:33.5522752Z 
2026-09-24T01:15:33.5523119Z DiffWitness Guard selected exhaustive proof for 1 production mutation(s).
2026-09-24T01:15:33.8332084Z ok
2026-09-24T01:15:33.8909981Z test_guard_rejects_scope_creep_under_strict_policy (test_proof_cli.ProofCliTests.test_guard_rejects_scope_creep_under_strict_policy) ... DiffWitness 0.4.0a1 - counterfactual patch evidence
2026-09-24T01:15:33.8911096Z repo:      /tmp/tmp14g0j31v
2026-09-24T01:15:33.8911451Z base:      b27e1f2a26266a0efbb83729ec31f8f312633130 (b27e1f2a2626)
2026-09-24T01:15:33.8911917Z candidate: f06659fae0e62625b9859952718a53627a0228e7 (f06659fae0e6)
2026-09-24T01:15:33.8912459Z evidence:  "/opt/hostedtoolcache/Python/3.11.16/x64/bin/python" -m unittest discover -s tests -q
2026-09-24T01:15:33.8912928Z stability: 1 run(s) per variant
2026-09-24T01:15:33.8913195Z budget:    900s total; 300s per command
2026-09-24T01:15:33.8913517Z changes:   1 analyzed mutation(s); 1 changed test file(s)
2026-09-24T01:15:33.8914029Z 
2026-09-24T01:15:33.8914180Z contrast:  BASE STABLE-FAIL -> CANDIDATE STABLE-PASS
2026-09-24T01:15:33.8914405Z 
2026-09-24T01:15:33.8914548Z WITNESSED         +1/-1  calc.py hunk 1/1  [stable-fail]
2026-09-24T01:15:33.8914772Z 
2026-09-24T01:15:33.8914896Z summary: 1 witnessed, 0 unwitnessed, 0 inconclusive
2026-09-24T01:15:33.8915224Z core:    1 minimal sufficient set(s) of 1 hunk(s)
2026-09-24T01:15:33.8915517Z cert:    dw2_8d657f6f136d7867084e
2026-09-24T01:15:33.8915681Z 
2026-09-24T01:15:33.8915838Z DiffWitness Guard: PROOF ACCEPTED (dw2_8d657f6f136d7867084e)
2026-09-24T01:15:33.8916205Z DiffWitness Guard armed at f5d0f417d179
2026-09-24T01:15:33.8916667Z Evidence: "/opt/hostedtoolcache/Python/3.11.16/x64/bin/python" -m unittest discover -s tests -q
2026-09-24T01:15:33.8917120Z Policy:   strict
2026-09-24T01:15:33.8917319Z Strategy: auto
2026-09-24T01:15:33.8917526Z Budget:   900s proof wall clock
2026-09-24T01:15:33.8917690Z 
2026-09-24T01:15:33.8917900Z DiffWitness Guard selected exhaustive proof for 2 production mutation(s).
2026-09-24T01:15:34.3100887Z 
2026-09-24T01:15:34.3101936Z DiffWitness Guard: PROOF REJECTED - 1 strong surplus candidate hunk(s) were found
2026-09-24T01:15:34.3127324Z ok
2026-09-24T01:15:36.7221300Z test_all_real_public_producers_verify_then_feed_debt_unchanged (test_proof_debt_families.ProofDebtFamilyTests.test_all_real_public_producers_verify_then_feed_debt_unchanged) ... ok
2026-09-24T01:15:38.1563186Z test_binding_conflicts_and_unknown_schemas_are_refused_by_both_readers (test_proof_debt_families.ProofDebtFamilyTests.test_binding_conflicts_and_unknown_schemas_are_refused_by_both_readers) ... ok
2026-09-24T01:15:40.1317714Z test_wrong_base_is_refused_before_measurement_for_every_real_family (test_proof_debt_families.ProofDebtFamilyTests.test_wrong_base_is_refused_before_measurement_for_every_real_family) ... ok
2026-09-24T01:15:41.4939303Z test_reference_semantics_all_hold (test_proofbench.ProofBenchTests.test_reference_semantics_all_hold) ... ok
2026-09-24T01:15:41.5225982Z test_codex_requires_live_activation_then_becomes_ready_after_observed_hook (test_protect.ProtectTests.test_codex_requires_live_activation_then_becomes_ready_after_observed_hook) ... ok
2026-09-24T01:15:41.5538436Z test_codex_safe_live_hook_promotes_readiness_without_a_risk_finding (test_protect.ProtectTests.test_codex_safe_live_hook_promotes_readiness_without_a_risk_finding) ... ok
2026-09-24T01:15:41.5622226Z test_default_is_off_and_never_gates (test_protect.ProtectTests.test_default_is_off_and_never_gates) ... ok
2026-09-24T01:15:41.5739124Z test_external_harness_marker_delegates_without_force (test_protect.ProtectTests.test_external_harness_marker_delegates_without_force) ... ok
2026-09-24T01:15:41.5964328Z test_force_builtin_merges_and_disable_preserves_foreign_hooks (test_protect.ProtectTests.test_force_builtin_merges_and_disable_preserves_foreign_hooks) ... ok
2026-09-24T01:15:41.6098923Z test_no_detected_adapter_does_not_create_provider_scaffolds (test_protect.ProtectTests.test_no_detected_adapter_does_not_create_provider_scaffolds) ... ok
2026-09-24T01:15:41.6296287Z test_observe_policy_records_but_does_not_block (test_protect.ProtectTests.test_observe_policy_records_but_does_not_block) ... ok
2026-09-24T01:15:41.7928121Z test_parallel_first_codex_hooks_record_one_durable_activation (test_protect.ProtectTests.test_parallel_first_codex_hooks_record_one_durable_activation) ... ok
2026-09-24T01:15:41.9711376Z test_parallel_receipt_appends_preserve_one_valid_chain (test_protect.ProtectTests.test_parallel_receipt_appends_preserve_one_valid_chain) ... ok
2026-09-24T01:15:41.9897583Z test_post_tool_reports_invalid_json_as_observed (test_protect.ProtectTests.test_post_tool_reports_invalid_json_as_observed) ... ok
2026-09-24T01:15:42.0097288Z test_receipt_integrity_detects_tampering (test_protect.ProtectTests.test_receipt_integrity_detects_tampering) ... ok
2026-09-24T01:15:42.0281196Z test_secret_is_blocked_but_secret_value_is_not_persisted (test_protect.ProtectTests.test_secret_is_blocked_but_secret_value_is_not_persisted) ... ok
2026-09-24T01:15:42.0463845Z test_standard_blocks_destructive_git_without_recording_raw_command (test_protect.ProtectTests.test_standard_blocks_destructive_git_without_recording_raw_command) ... ok
2026-09-24T01:15:42.0584655Z test_status_is_bounded_and_contains_no_raw_agent_data (test_protect.ProtectTests.test_status_is_bounded_and_contains_no_raw_agent_data) ... ok
2026-09-24T01:15:42.0828214Z test_strict_dependency_install_blocks_on_current_codex_adapter (test_protect.ProtectTests.test_strict_dependency_install_blocks_on_current_codex_adapter) ... ok
2026-09-24T01:15:42.1070323Z test_strict_dependency_install_requests_confirmation_for_claude (test_protect.ProtectTests.test_strict_dependency_install_requests_confirmation_for_claude) ... ok
2026-09-24T01:15:42.1189610Z test_tampered_tail_cannot_be_silently_extended (test_protect.ProtectTests.test_tampered_tail_cannot_be_silently_extended) ... ok
2026-09-24T01:15:42.1376077Z test_write_outside_repository_is_blocked (test_protect.ProtectTests.test_write_outside_repository_is_blocked) ... ok
2026-09-24T01:15:42.1704241Z test_claude_protect_uses_exec_form_and_preserves_native_hooks (test_protect_claude_exec_hooks.ProtectClaudeExecHookTests.test_claude_protect_uses_exec_form_and_preserves_native_hooks) ... ok
2026-09-24T01:15:42.1919898Z test_dry_run_clean_is_not_misclassified_as_forced (test_protect_command_normalization.ProtectCommandNormalizationTests.test_dry_run_clean_is_not_misclassified_as_forced) ... ok
2026-09-24T01:15:42.2450672Z test_git_global_options_cannot_bypass_forced_clean (test_protect_command_normalization.ProtectCommandNormalizationTests.test_git_global_options_cannot_bypass_forced_clean) ... ok
2026-09-24T01:15:42.2910658Z test_global_options_are_normalized_for_other_destructive_git_subcommands (test_protect_command_normalization.ProtectCommandNormalizationTests.test_global_options_are_normalized_for_other_destructive_git_subcommands) ... ok
2026-09-24T01:15:42.3050450Z test_protect_honors_explicit_setup_adapter_scope (test_protect_command_normalization.ProtectCommandNormalizationTests.test_protect_honors_explicit_setup_adapter_scope) ... ok
2026-09-24T01:15:42.3515360Z test_forced_git_clean_is_denied_before_execution_and_never_mints_proof (test_protect_destructive_end_to_end.ProtectDestructiveEndToEndTests.test_forced_git_clean_is_denied_before_execution_and_never_mints_proof) ... ok
2026-09-24T01:15:42.3523416Z test_block_maps_to_provider_deny_without_allow_override (test_protect_ide_bridge.ProtectIdeBridgeTests.test_block_maps_to_provider_deny_without_allow_override) ... ok
2026-09-24T01:15:42.3529375Z test_clean_action_emits_no_permission_decision (test_protect_ide_bridge.ProtectIdeBridgeTests.test_clean_action_emits_no_permission_decision) ... ok
2026-09-24T01:15:42.3535441Z test_post_tool_feedback_is_explicitly_observed (test_protect_ide_bridge.ProtectIdeBridgeTests.test_post_tool_feedback_is_explicitly_observed) ... ok
2026-09-24T01:15:42.3540317Z test_pre_tool_bridge_failure_fails_closed (test_protect_ide_bridge.ProtectIdeBridgeTests.test_pre_tool_bridge_failure_fails_closed) ... ok
2026-09-24T01:15:42.3547798Z test_strict_confirmation_maps_to_provider_ask (test_protect_ide_bridge.ProtectIdeBridgeTests.test_strict_confirmation_maps_to_provider_ask) ... ok
2026-09-24T01:15:42.4789089Z test_codex_reenable_waits_for_observation_without_inventing_trust_state (test_provider_trust_readiness.ProviderTrustReadinessTests.test_codex_reenable_waits_for_observation_without_inventing_trust_state) ... ok
2026-09-24T01:15:42.4842466Z test_missing_native_observation_does_not_prove_pending_approval (test_provider_trust_readiness.ProviderTrustReadinessTests.test_missing_native_observation_does_not_prove_pending_approval) ... ok
2026-09-24T01:15:42.4844686Z test_entry_resolves_to_v03_package_frontend (test_public_frontend.PublicFrontendTests.test_entry_resolves_to_v03_package_frontend) ... ok
2026-09-24T01:15:42.4986353Z test_preservation_certificate_is_integrity_and_tree_verifiable (test_public_frontend.PublicFrontendTests.test_preservation_certificate_is_integrity_and_tree_verifiable) ... DiffWitness 0.4.0a1 - counterfactual patch evidence
2026-09-24T01:15:42.4988281Z repo:      /tmp/tmp_571peod
2026-09-24T01:15:42.4988824Z base:      f5d0f417d17948a2937fb432dc7916a35b574447 (f5d0f417d179)
2026-09-24T01:15:42.4989546Z candidate: 5bd969b81b351cb908665da62d84a2d07c14e713 (5bd969b81b35)
2026-09-24T01:15:42.4990459Z evidence:  "/opt/hostedtoolcache/Python/3.11.16/x64/bin/python" -m unittest discover -s tests -q
2026-09-24T01:15:42.4991799Z stability: 1 run(s) per variant
2026-09-24T01:15:42.4992081Z budget:    900s total; 300s per command
2026-09-24T01:15:42.4992422Z changes:   2 analyzed mutation(s); 1 changed test file(s)
2026-09-24T01:15:42.4992658Z 
2026-09-24T01:15:42.4992806Z contrast:  BASE STABLE-FAIL -> CANDIDATE STABLE-PASS
2026-09-24T01:15:42.4993035Z 
2026-09-24T01:15:42.4993180Z WITNESSED         +1/-1  calc.py hunk 1/2  [stable-fail]
2026-09-24T01:15:42.4993858Z UNWITNESSED       +1/-1  calc.py hunk 2/2 — def add(a, b):  [stable-pass]
2026-09-24T01:15:42.4994171Z 
2026-09-24T01:15:42.4994302Z summary: 1 witnessed, 1 unwitnessed, 0 inconclusive
2026-09-24T01:15:42.4994632Z core:    1 minimal sufficient set(s) of 1 hunk(s)
2026-09-24T01:15:42.4994942Z surplus: 1 strong surplus candidate hunk(s)
2026-09-24T01:15:42.4995232Z cert:    dw2_1115454e59031b977bb0
2026-09-24T01:15:42.7076089Z DiffWitness Gate: preservation-evidence under balanced policy (dwa1_a7065124d2e28cd9e9e5)
2026-09-24T01:15:42.7077200Z DiffWitness Gate accepted: balanced policy accepts stable preservation assurance
2026-09-24T01:15:42.7078548Z Project continuity: 2 new change event(s) · dwchg_80de405ff39c0427bf811cfa
2026-09-24T01:15:42.7282549Z ok
2026-09-24T01:15:42.8425547Z test_current_proof_staleness_is_independent_of_native_readiness (test_readiness.ReadinessTests.test_current_proof_staleness_is_independent_of_native_readiness) ... ok
2026-09-24T01:15:42.8772699Z test_historical_observation_does_not_hide_missing_hook_or_executable (test_readiness.ReadinessTests.test_historical_observation_does_not_hide_missing_hook_or_executable) ... ok
2026-09-24T01:15:43.0374177Z test_ht005_missing_hooks_preserves_configured_but_repairs_in_every_view (test_readiness.ReadinessTests.test_ht005_missing_hooks_preserves_configured_but_repairs_in_every_view) ... ok
2026-09-24T01:15:43.2162395Z test_ht012_unobserved_then_observed_is_independent_of_provider_trust_and_proof (test_readiness.ReadinessTests.test_ht012_unobserved_then_observed_is_independent_of_provider_trust_and_proof) ... ok
2026-09-24T01:15:43.2622875Z test_mixed_adapters_do_not_hide_the_unobserved_one (test_readiness.ReadinessTests.test_mixed_adapters_do_not_hide_the_unobserved_one) ... ok
2026-09-24T01:15:43.3576621Z test_protect_optional_delegated_and_pending_are_separate_from_proof (test_readiness.ReadinessTests.test_protect_optional_delegated_and_pending_are_separate_from_proof) ... ok
2026-09-24T01:15:43.3894272Z test_verification_preflight_does_not_run_the_command (test_readiness.ReadinessTests.test_verification_preflight_does_not_run_the_command) ... ok
2026-09-24T01:15:43.3901621Z test_all_canonical_release_gates_requalify_main_merges (test_release_metadata.ReleaseMetadataTests.test_all_canonical_release_gates_requalify_main_merges) ... ok
2026-09-24T01:15:43.3907808Z test_distributed_hook_locations_match_local_desktop_and_cli_contracts (test_release_metadata.ReleaseMetadataTests.test_distributed_hook_locations_match_local_desktop_and_cli_contracts) ... ok
2026-09-24T01:15:43.3916680Z test_launch_docs_keep_native_agents_primary_and_guided_first (test_release_metadata.ReleaseMetadataTests.test_launch_docs_keep_native_agents_primary_and_guided_first) ... ok
2026-09-24T01:15:43.3927043Z test_python_and_plugin_versions_describe_the_same_release (test_release_metadata.ReleaseMetadataTests.test_python_and_plugin_versions_describe_the_same_release) ... ok
2026-09-24T01:15:43.3929284Z test_release_blocks_publication_until_exact_tag_consumer_passes (test_release_metadata.ReleaseMetadataTests.test_release_blocks_publication_until_exact_tag_consumer_passes) ... ok
2026-09-24T01:15:43.4403603Z test_repay_closes_historical_test_debt_only_after_discriminating_replay (test_repay_flow.RepayFlowTests.test_repay_closes_historical_test_debt_only_after_discriminating_replay) ... certificate: dwa1_a7065124d2e28cd9e9e5
2026-09-24T01:15:43.4405243Z integrity:   valid
2026-09-24T01:15:43.4405620Z freshness:   fresh against WORKTREE
2026-09-24T01:15:43.4406066Z candidate:   embedded-tree
2026-09-24T01:15:43.4406458Z base:        embedded-tree
2026-09-24T01:15:43.4406829Z verdict:     VALID
2026-09-24T01:15:43.4407261Z Debt impact: +8 point(s) across 2 obligation(s)
2026-09-24T01:15:43.4407779Z   unverified_change  +5
2026-09-24T01:15:43.4408151Z   test               +3
2026-09-24T01:15:43.4408387Z 
2026-09-24T01:15:43.4409267Z DW-FC159C1B358A  + 5  unverified_change/deterministic — Executable change lacks accepted DiffWitness behavioral evidence
2026-09-24T01:15:43.4410106Z DW-9C758B0DF1EF  + 3  test/deterministic — Production change has no changed test surface
2026-09-24T01:15:43.4410482Z 
2026-09-24T01:15:43.4410631Z Budget: PASS — projected total 8; new 8
2026-09-24T01:15:43.4411319Z Ledger: +2 introduced, 0 reopened, 0 refreshed
2026-09-24T01:15:43.4862817Z DiffWitness Repay: 1 obligation(s), 3 point(s)
2026-09-24T01:15:43.4864573Z Agent: /opt/hostedtoolcache/Python/3.11.16/x64/bin/python -c from pathlib import Path; t=Path('tests/test_app.py'); t.parent.mkdir(exist_ok=True); t.write_text("import unittest\nfrom app import add\n\nclass T(unittest.TestCase):\n    def test_add(self):\n        self.assertEqual(add(2, 3), 5)\n", encoding='utf-8')
2026-09-24T01:15:43.7941104Z ok
2026-09-24T01:15:43.8215057Z test_saved_guided_view_applies_to_doctor_explain_context_and_protect (test_rr007_guided_surface.GuidedSurfaceContractTests.test_saved_guided_view_applies_to_doctor_explain_context_and_protect) ... ok
2026-09-24T01:15:43.8221265Z test_classifies_stability (test_runner.RunnerTests.test_classifies_stability) ... ok
2026-09-24T01:15:43.8222364Z test_non_finite_command_and_proof_budgets_fail_closed (test_runner.RunnerTests.test_non_finite_command_and_proof_budgets_fail_closed) ... ok
2026-09-24T01:15:43.9499157Z test_prepare_is_recreated_before_every_repetition (test_runner.RunnerTests.test_prepare_is_recreated_before_every_repetition) ... ok
2026-09-24T01:15:44.0300027Z test_proof_repetitions_remove_ignored_state_between_runs (test_runner.RunnerTests.test_proof_repetitions_remove_ignored_state_between_runs) ... ok
2026-09-24T01:15:44.0302407Z test_timeout_terminates_descendant_processes (test_runner.RunnerTests.test_timeout_terminates_descendant_processes)
2026-09-24T01:15:45.5331204Z A timed-out evidence command must not leak workers into later proof variants. ... ok
2026-09-24T01:15:45.5332352Z test_wall_clock_budget_caps_nested_evidence_command (test_runner.RunnerTests.test_wall_clock_budget_caps_nested_evidence_command)
2026-09-24T01:15:45.7358279Z A proof-wide deadline must cap commands even when their local timeout is much larger. ... ok
2026-09-24T01:15:45.7382746Z test_explicit_launcher_wins_over_other_installation_on_path (test_runtime_executable.RuntimeExecutableTests.test_explicit_launcher_wins_over_other_installation_on_path) ... ok
2026-09-24T01:15:45.7393854Z test_explicit_override_is_resolved_once_and_not_treated_as_shell_text (test_runtime_executable.RuntimeExecutableTests.test_explicit_override_is_resolved_once_and_not_treated_as_shell_text) ... ok
2026-09-24T01:15:45.7406834Z test_frozen_binary_uses_bootloader_not_argv_or_extraction_dir (test_runtime_executable.RuntimeExecutableTests.test_frozen_binary_uses_bootloader_not_argv_or_extraction_dir) ... ok
2026-09-24T01:15:45.7422321Z test_frozen_setup_requires_explicit_sidecar_instead_of_path (test_runtime_executable.RuntimeExecutableTests.test_frozen_setup_requires_explicit_sidecar_instead_of_path) ... ok
2026-09-24T01:15:45.7439726Z test_metadata_for_another_loaded_distribution_is_rejected (test_runtime_executable.RuntimeExecutableTests.test_metadata_for_another_loaded_distribution_is_rejected) ... ok
2026-09-24T01:15:45.7711966Z test_missing_override_does_not_remove_existing_hooks (test_runtime_executable.RuntimeExecutableTests.test_missing_override_does_not_remove_existing_hooks) ... ok
2026-09-24T01:15:45.7725148Z test_symlink_freezes_the_actual_installation (test_runtime_executable.RuntimeExecutableTests.test_symlink_freezes_the_actual_installation) ... ok
2026-09-24T01:15:45.7739604Z test_unknown_programmatic_entry_cannot_fall_back_to_path (test_runtime_executable.RuntimeExecutableTests.test_unknown_programmatic_entry_cannot_fall_back_to_path) ... ok
2026-09-24T01:15:45.7750590Z test_windows_console_launcher_recovers_stripped_exe_suffix (test_runtime_executable.RuntimeExecutableTests.test_windows_console_launcher_recovers_stripped_exe_suffix) ... ok
2026-09-24T01:15:46.3033779Z test_changed_lines_and_detection_keep_native_paths (test_sensor_native_paths.SensorNativePathTests.test_changed_lines_and_detection_keep_native_paths) ... ok
2026-09-24T01:15:46.3284403Z test_enumeration_is_exact_independent_of_git_quote_configuration (test_sensor_native_paths.SensorNativePathTests.test_enumeration_is_exact_independent_of_git_quote_configuration) ... ok
2026-09-24T01:15:46.3820982Z test_exact_move_is_not_new_code_and_edited_move_keeps_native_destination (test_sensor_native_paths.SensorNativePathTests.test_exact_move_is_not_new_code_and_edited_move_keeps_native_destination) ... ok
2026-09-24T01:15:46.4021176Z test_limit_is_visible_in_actual_sensor_coverage (test_sensor_native_paths.SensorNativePathTests.test_limit_is_visible_in_actual_sensor_coverage) ... ok
2026-09-24T01:15:46.4280543Z test_non_utf8_git_identity_is_explicitly_unsupported_without_an_alias (test_sensor_native_paths.SensorNativePathTests.test_non_utf8_git_identity_is_explicitly_unsupported_without_an_alias) ... ok
2026-09-24T01:15:46.4709083Z test_real_sensor_preserves_unicode_identity_and_advisory_authority (test_sensor_native_paths.SensorNativePathTests.test_real_sensor_preserves_unicode_identity_and_advisory_authority) ... ok
2026-09-24T01:15:46.4859481Z test_exact_inventory_rejects_extras_omissions_and_byte_changes (test_source_distribution_smoke.SourceDistributionInventoryTests.test_exact_inventory_rejects_extras_omissions_and_byte_changes) ... ok
2026-09-24T01:15:47.3433579Z test_real_accepted_proof_becomes_historical_after_failing_worktree_drift (test_stale_proof_end_to_end.StaleProofEndToEndTests.test_real_accepted_proof_becomes_historical_after_failing_worktree_drift) ... DiffWitness Gate rejected: candidate is not stably green
2026-09-24T01:15:47.3618266Z ok
2026-09-24T01:15:47.3899173Z test_clean_repo_preserves_v1_navigation_contract (test_status_cli.ProjectStatusTests.test_clean_repo_preserves_v1_navigation_contract) ... ok
2026-09-24T01:15:47.4175983Z test_configured_evidence_with_missing_executable_is_not_ready (test_status_cli.ProjectStatusTests.test_configured_evidence_with_missing_executable_is_not_ready) ... ok
2026-09-24T01:15:47.4451513Z test_dirty_repo_points_to_executable_gate_with_explicit_base (test_status_cli.ProjectStatusTests.test_dirty_repo_points_to_executable_gate_with_explicit_base) ... ok
2026-09-24T01:15:47.4727601Z test_guided_and_technical_views_share_exact_same_status_model (test_status_cli.ProjectStatusTests.test_guided_and_technical_views_share_exact_same_status_model) ... ok
2026-09-24T01:15:47.5251809Z test_json_cli_is_machine_readable_non_mutating_and_view_invariant (test_status_cli.ProjectStatusTests.test_json_cli_is_machine_readable_non_mutating_and_view_invariant) ... ok
2026-09-24T01:15:47.5529451Z test_native_scope_alone_requires_repair_before_normal_agent_use (test_status_cli.ProjectStatusTests.test_native_scope_alone_requires_repair_before_normal_agent_use) ... ok
2026-09-24T01:15:47.5805241Z test_untracked_python_cache_is_navigation_noise_not_user_change (test_status_cli.ProjectStatusTests.test_untracked_python_cache_is_navigation_noise_not_user_change) ... ok
2026-09-24T01:15:47.5888862Z test_concurrent_documents_and_rejections_remain_independent (test_strict_json_decoder.StrictDecoderTests.test_concurrent_documents_and_rejections_remain_independent) ... ok
2026-09-24T01:15:47.5892123Z test_documents_and_failed_parses_do_not_share_mutable_state (test_strict_json_decoder.StrictDecoderTests.test_documents_and_failed_parses_do_not_share_mutable_state) ... ok
2026-09-24T01:15:47.6030394Z test_encoding_and_type_compatibility (test_strict_json_decoder.StrictDecoderTests.test_encoding_and_type_compatibility) ... ok
2026-09-24T01:15:47.6036595Z test_contract_rejects_path_digest_authority_and_invalid_positions (test_structure_contract.StructureContractTests.test_contract_rejects_path_digest_authority_and_invalid_positions) ... ok
2026-09-24T01:15:47.6441963Z test_invalid_provider_result_cannot_delete_previous_index (test_structure_contract.StructureContractTests.test_invalid_provider_result_cannot_delete_previous_index) ... ok
2026-09-24T01:15:47.6444344Z test_line_positions_accept_python_universal_newlines (test_structure_contract.StructureContractTests.test_line_positions_accept_python_universal_newlines) ... ok
2026-09-24T01:15:47.6841502Z test_missing_extraction_contract_stamp_forces_refresh_at_same_tree (test_structure_contract.StructureContractTests.test_missing_extraction_contract_stamp_forces_refresh_at_same_tree) ... ok
2026-09-24T01:15:47.6843708Z test_parse_failure_has_no_symbol_or_relation_claims (test_structure_contract.StructureContractTests.test_parse_failure_has_no_symbol_or_relation_claims) ... ok
2026-09-24T01:15:47.6845992Z test_python_provider_exposes_source_bound_typed_facts_and_existing_names (test_structure_contract.StructureContractTests.test_python_provider_exposes_source_bound_typed_facts_and_existing_names) ... ok
2026-09-24T01:15:47.6848576Z test_actual_transport_hash_authority_positions_and_no_values (test_structure_data.DataSyntaxTests.test_actual_transport_hash_authority_positions_and_no_values) ... skipped 'actual optional SQL/config grammars not installed'
2026-09-24T01:15:47.6850988Z test_decoded_keys_positions_and_invalid_surrogates (test_structure_data.DataSyntaxTests.test_decoded_keys_positions_and_invalid_surrogates) ... skipped 'actual optional SQL/config grammars not installed'
2026-09-24T01:15:47.6852689Z test_duplicates_invalid_encodings_and_unsupported_sql_form_fail_closed (test_structure_data.DataSyntaxTests.test_duplicates_invalid_encodings_and_unsupported_sql_form_fail_closed) ... skipped 'actual optional SQL/config grammars not installed'
2026-09-24T01:15:47.6854644Z test_immutable_tree_index_keeps_keys_and_ddl_without_dirty_values (test_structure_data.DataSyntaxTests.test_immutable_tree_index_keeps_keys_and_ddl_without_dirty_values) ... skipped 'actual optional SQL/config grammars not installed'
2026-09-24T01:15:47.6857279Z test_json_keys_are_unambiguous_and_array_items_distinct (test_structure_data.DataSyntaxTests.test_json_keys_are_unambiguous_and_array_items_distinct) ... skipped 'actual optional SQL/config grammars not installed'
2026-09-24T01:15:47.6859356Z test_missing_grammars_remain_recognized_empty (test_structure_data.DataSyntaxTests.test_missing_grammars_remain_recognized_empty) ... ok
2026-09-24T01:15:47.6861749Z test_overflowing_json_values_fail_closed_at_every_nesting_level (test_structure_data.DataSyntaxTests.test_overflowing_json_values_fail_closed_at_every_nesting_level) ... skipped 'actual optional SQL/config grammars not installed'
2026-09-24T01:15:47.6864408Z test_sql_only_top_level_ddl_names_not_query_or_literal_decoys (test_structure_data.DataSyntaxTests.test_sql_only_top_level_ddl_names_not_query_or_literal_decoys) ... skipped 'actual optional SQL/config grammars not installed'
2026-09-24T01:15:47.6866852Z test_toml_tables_and_nested_array_table_scopes (test_structure_data.DataSyntaxTests.test_toml_tables_and_nested_array_table_scopes) ... skipped 'actual optional SQL/config grammars not installed'
2026-09-24T01:15:47.6869270Z test_yaml_document_scopes_without_alias_or_tag_execution (test_structure_data.DataSyntaxTests.test_yaml_document_scopes_without_alias_or_tag_execution) ... skipped 'actual optional SQL/config grammars not installed'
2026-09-24T01:15:47.6872379Z test_absolute_and_sequential_namespaces_and_unresolved_receivers (test_structure_dynamic.DynamicSyntaxTests.test_absolute_and_sequential_namespaces_and_unresolved_receivers) ... skipped 'actual optional Ruby/PHP grammars not installed'
2026-09-24T01:15:47.6874649Z test_actual_transport_source_and_authority (test_structure_dynamic.DynamicSyntaxTests.test_actual_transport_source_and_authority) ... skipped 'actual optional Ruby/PHP grammars not installed'
2026-09-24T01:15:47.6876136Z test_heredoc_decoys_dynamic_paths_and_actual_interpolation_calls (test_structure_dynamic.DynamicSyntaxTests.test_heredoc_decoys_dynamic_paths_and_actual_interpolation_calls) ... skipped 'actual optional Ruby/PHP grammars not installed'
2026-09-24T01:15:47.6877653Z test_immutable_git_tree_index_ignores_dirty_sources (test_structure_dynamic.DynamicSyntaxTests.test_immutable_git_tree_index_ignores_dirty_sources) ... skipped 'actual optional Ruby/PHP grammars not installed'
2026-09-24T01:15:47.6879161Z test_invalid_utf8_syntax_and_reopened_identity_fail_closed (test_structure_dynamic.DynamicSyntaxTests.test_invalid_utf8_syntax_and_reopened_identity_fail_closed) ... skipped 'actual optional Ruby/PHP grammars not installed'
2026-09-24T01:15:47.6880412Z test_missing_grammars_are_recognized_empty (test_structure_dynamic.DynamicSyntaxTests.test_missing_grammars_are_recognized_empty) ... ok
2026-09-24T01:15:47.6881946Z test_php_namespace_calls_do_not_bind_to_an_arbitrary_same_name (test_structure_dynamic.DynamicSyntaxTests.test_php_namespace_calls_do_not_bind_to_an_arbitrary_same_name) ... skipped 'actual optional Ruby/PHP grammars not installed'
2026-09-24T01:15:47.6883413Z test_php_namespace_types_signatures_and_grouped_use (test_structure_dynamic.DynamicSyntaxTests.test_php_namespace_types_signatures_and_grouped_use) ... skipped 'actual optional Ruby/PHP grammars not installed'
2026-09-24T01:15:47.6885003Z test_php_parenthesized_static_include_paths_keep_edges_without_dynamic_guesses (test_structure_dynamic.DynamicSyntaxTests.test_php_parenthesized_static_include_paths_keep_edges_without_dynamic_guesses) ... skipped 'actual optional Ruby/PHP grammars not installed'
2026-09-24T01:15:47.6886604Z test_ruby_lexical_types_methods_and_literal_require (test_structure_dynamic.DynamicSyntaxTests.test_ruby_lexical_types_methods_and_literal_require) ... skipped 'actual optional Ruby/PHP grammars not installed'
2026-09-24T01:15:47.6888306Z test_comments_parentheses_templates_and_import_options_have_exact_spans (test_structure_import_calls.ImportCallTests.test_comments_parentheses_templates_and_import_options_have_exact_spans) ... skipped 'actual JS/TS optional grammars not installed'
2026-09-24T01:15:47.6890031Z test_decoys_dynamic_and_loader_members_do_not_become_targets (test_structure_import_calls.ImportCallTests.test_decoys_dynamic_and_loader_members_do_not_become_targets) ... skipped 'actual JS/TS optional grammars not installed'
2026-09-24T01:15:47.6891782Z test_escaped_direct_eval_is_an_ambiguity_barrier (test_structure_import_calls.ImportCallTests.test_escaped_direct_eval_is_an_ambiguity_barrier) ... skipped 'actual JS/TS optional grammars not installed'
2026-09-24T01:15:47.6893125Z test_invalid_source_stays_completely_unparsed (test_structure_import_calls.ImportCallTests.test_invalid_source_stays_completely_unparsed) ... skipped 'actual JS/TS optional grammars not installed'
2026-09-24T01:15:47.6894813Z test_nested_literal_keyword_reference_and_transport_authority_are_preserved (test_structure_import_calls.ImportCallTests.test_nested_literal_keyword_reference_and_transport_authority_are_preserved) ... skipped 'actual JS/TS optional grammars not installed'
2026-09-24T01:15:47.6896565Z test_shadowing_and_writes_suppress_commonjs_candidates_but_keep_keyword_import (test_structure_import_calls.ImportCallTests.test_shadowing_and_writes_suppress_commonjs_candidates_but_keep_keyword_import) ... skipped 'actual JS/TS optional grammars not installed'
2026-09-24T01:15:47.6898215Z test_static_commonjs_and_import_keyword_reuse_each_js_ts_grammar (test_structure_import_calls.ImportCallTests.test_static_commonjs_and_import_keyword_reuse_each_js_ts_grammar) ... skipped 'actual JS/TS optional grammars not installed'
2026-09-24T01:15:47.6899921Z test_typescript_function_signatures_are_require_binding_barriers (test_structure_import_calls.ImportCallTests.test_typescript_function_signatures_are_require_binding_barriers) ... skipped 'actual JS/TS optional grammars not installed'
2026-09-24T01:15:47.6901959Z test_actual_syntax_import_positions_reuse_every_adapter (test_structure_import_references.ImportReferenceTests.test_actual_syntax_import_positions_reuse_every_adapter) ... skipped 'optional actual syntax grammars not installed'
2026-09-24T01:15:47.7305334Z test_immutable_index_never_picks_ambiguous_or_outside_relative_modules (test_structure_import_references.ImportReferenceTests.test_immutable_index_never_picks_ambiguous_or_outside_relative_modules) ... ok
2026-09-24T01:15:47.7308866Z test_import_detail_admission_rejects_invalid_positions_and_members (test_structure_import_references.ImportReferenceTests.test_import_detail_admission_rejects_invalid_positions_and_members) ... ok
2026-09-24T01:15:47.7312968Z test_outside_package_relative_imports_never_become_absolute_names (test_structure_import_references.ImportReferenceTests.test_outside_package_relative_imports_never_become_absolute_names) ... ok
2026-09-24T01:15:47.7315827Z test_package_initializer_retains_base_members_and_source_positions (test_structure_import_references.ImportReferenceTests.test_package_initializer_retains_base_members_and_source_positions) ... ok
2026-09-24T01:15:47.7318403Z test_python_aliases_crlf_and_decoys_preserve_only_import_syntax (test_structure_import_references.ImportReferenceTests.test_python_aliases_crlf_and_decoys_preserve_only_import_syntax) ... ok
2026-09-24T01:15:47.7320730Z test_v1_field_shape_is_preserved_and_v2_is_explicit (test_structure_import_references.ImportReferenceTests.test_v1_field_shape_is_preserved_and_v2_is_explicit) ... ok
2026-09-24T01:15:47.7337423Z test_actual_transport_source_binding_and_authority (test_structure_managed.ManagedSyntaxTests.test_actual_transport_source_binding_and_authority) ... skipped 'actual optional Java/Kotlin/C# grammars not installed'
2026-09-24T01:15:47.7339015Z test_csharp_file_namespace_nested_members_and_aliases (test_structure_managed.ManagedSyntaxTests.test_csharp_file_namespace_nested_members_and_aliases) ... skipped 'actual optional Java/Kotlin/C# grammars not installed'
2026-09-24T01:15:47.7341068Z test_errors_and_ambiguous_overloads_do_not_supply_partial_facts (test_structure_managed.ManagedSyntaxTests.test_errors_and_ambiguous_overloads_do_not_supply_partial_facts) ... skipped 'actual optional Java/Kotlin/C# grammars not installed'
2026-09-24T01:15:47.7342754Z test_immutable_tree_index_uses_all_three_shared_providers (test_structure_managed.ManagedSyntaxTests.test_immutable_tree_index_uses_all_three_shared_providers) ... skipped 'actual optional Java/Kotlin/C# grammars not installed'
2026-09-24T01:15:47.7344319Z test_java_package_types_nested_members_and_static_imports (test_structure_managed.ManagedSyntaxTests.test_java_package_types_nested_members_and_static_imports) ... skipped 'actual optional Java/Kotlin/C# grammars not installed'
2026-09-24T01:15:47.7345832Z test_kotlin_package_named_objects_aliases_and_decoys (test_structure_managed.ManagedSyntaxTests.test_kotlin_package_named_objects_aliases_and_decoys) ... skipped 'actual optional Java/Kotlin/C# grammars not installed'
2026-09-24T01:15:47.7347376Z test_kotlin_type_kinds_signatures_and_comment_free_import_paths (test_structure_managed.ManagedSyntaxTests.test_kotlin_type_kinds_signatures_and_comment_free_import_paths) ... skipped 'actual optional Java/Kotlin/C# grammars not installed'
2026-09-24T01:15:47.7348684Z test_missing_grammar_remains_recognized_empty (test_structure_managed.ManagedSyntaxTests.test_missing_grammar_remains_recognized_empty) ... ok
2026-09-24T01:15:47.7350088Z test_raw_strings_do_not_create_declarations_but_interpolation_keeps_real_calls (test_structure_managed.ManagedSyntaxTests.test_raw_strings_do_not_create_declarations_but_interpolation_keeps_real_calls) ... skipped 'actual optional Java/Kotlin/C# grammars not installed'
2026-09-24T01:15:47.7352268Z test_comments_inside_rust_paths_do_not_become_names_or_dependencies (test_structure_native.NativeSyntaxTests.test_comments_inside_rust_paths_do_not_become_names_or_dependencies) ... skipped 'optional actual Go/Rust grammars not installed'
2026-09-24T01:15:47.7353783Z test_go_functions_receivers_types_and_grouped_imports (test_structure_native.NativeSyntaxTests.test_go_functions_receivers_types_and_grouped_imports) ... skipped 'optional actual Go/Rust grammars not installed'
2026-09-24T01:15:47.7355163Z test_index_binds_go_and_rust_facts_to_captured_tree (test_structure_native.NativeSyntaxTests.test_index_binds_go_and_rust_facts_to_captured_tree) ... skipped 'optional actual Go/Rust grammars not installed'
2026-09-24T01:15:47.7357481Z test_malformed_syntax_encoding_and_transport_source_binding (test_structure_native.NativeSyntaxTests.test_malformed_syntax_encoding_and_transport_source_binding) ... skipped 'optional actual Go/Rust grammars not installed'
2026-09-24T01:15:47.7359629Z test_missing_grammars_preserve_recognized_empty_unparsed_coverage (test_structure_native.NativeSyntaxTests.test_missing_grammars_preserve_recognized_empty_unparsed_coverage) ... ok
2026-09-24T01:15:47.7362188Z test_new_suffixes_cannot_forge_javascript_local_import_resolution (test_structure_native.NativeSyntaxTests.test_new_suffixes_cannot_forge_javascript_local_import_resolution) ... ok
2026-09-24T01:15:47.7365084Z test_parenthesized_named_receivers_preserve_methods_without_guessing_tuple_types (test_structure_native.NativeSyntaxTests.test_parenthesized_named_receivers_preserve_methods_without_guessing_tuple_types) ... skipped 'optional actual Go/Rust grammars not installed'
2026-09-24T01:15:47.7367967Z test_qualified_rust_impl_and_trait_names_preserve_owner_scope (test_structure_native.NativeSyntaxTests.test_qualified_rust_impl_and_trait_names_preserve_owner_scope) ... skipped 'optional actual Go/Rust grammars not installed'
2026-09-24T01:15:47.7369415Z test_rust_scopes_import_groups_and_macro_decoys (test_structure_native.NativeSyntaxTests.test_rust_scopes_import_groups_and_macro_decoys) ... skipped 'optional actual Go/Rust grammars not installed'
2026-09-24T01:15:47.8167432Z test_bounded_coverage_and_parse_failures_are_visible_in_context (test_structure_snapshot.StructureSnapshotTests.test_bounded_coverage_and_parse_failures_are_visible_in_context) ... ok
2026-09-24T01:15:47.8579290Z test_corrupt_blob_response_cannot_replace_existing_index (test_structure_snapshot.StructureSnapshotTests.test_corrupt_blob_response_cannot_replace_existing_index) ... ok
2026-09-24T01:15:47.9112219Z test_dirty_untracked_and_deleted_working_files_cannot_change_head_bound_facts (test_structure_snapshot.StructureSnapshotTests.test_dirty_untracked_and_deleted_working_files_cannot_change_head_bound_facts) ... ok
2026-09-24T01:15:47.9523641Z test_git_symlink_mode_is_excluded_even_if_worktree_is_a_regular_python_file (test_structure_snapshot.StructureSnapshotTests.test_git_symlink_mode_is_excluded_even_if_worktree_is_a_regular_python_file) ... ok
2026-09-24T01:15:48.0161326Z test_head_advance_during_refresh_keeps_one_tree_and_next_refresh_updates (test_structure_snapshot.StructureSnapshotTests.test_head_advance_during_refresh_keeps_one_tree_and_next_refresh_updates) ... ok
2026-09-24T01:15:48.0732715Z test_old_tree_stamp_cannot_preserve_mutable_file_projection (test_structure_snapshot.StructureSnapshotTests.test_old_tree_stamp_cannot_preserve_mutable_file_projection) ... ok
2026-09-24T01:15:48.0926358Z test_total_byte_budget_omits_whole_blobs_and_reports_partial_coverage (test_structure_snapshot.StructureSnapshotTests.test_total_byte_budget_omits_whole_blobs_and_reports_partial_coverage) ... ok
2026-09-24T01:15:48.0928012Z test_ambient_typescript_declarations_are_observed_syntax (test_structure_syntax.StructureSyntaxTests.test_ambient_typescript_declarations_are_observed_syntax) ... skipped 'optional actual JS/TS parsers not installed'
2026-09-24T01:15:48.0932713Z test_dotted_basename_import_resolves_only_one_supported_source (test_structure_syntax.StructureSyntaxTests.test_dotted_basename_import_resolves_only_one_supported_source) ... ok
2026-09-24T01:15:48.0934644Z test_index_uses_immutable_tree_and_refreshes_provider_profile (test_structure_syntax.StructureSyntaxTests.test_index_uses_immutable_tree_and_refreshes_provider_profile) ... skipped 'optional actual JS/TS parsers not installed'
2026-09-24T01:15:48.0936422Z test_javascript_uses_syntax_not_strings_comments_or_template_text (test_structure_syntax.StructureSyntaxTests.test_javascript_uses_syntax_not_strings_comments_or_template_text) ... skipped 'optional actual JS/TS parsers not installed'
2026-09-24T01:15:48.0938105Z test_malformed_encoding_syntax_and_bounds_fail_empty (test_structure_syntax.StructureSyntaxTests.test_malformed_encoding_syntax_and_bounds_fail_empty) ... skipped 'optional actual JS/TS parsers not installed'
2026-09-24T01:15:48.0939559Z test_missing_optional_package_is_unparsed_not_heuristic_facts (test_structure_syntax.StructureSyntaxTests.test_missing_optional_package_is_unparsed_not_heuristic_facts) ... ok
2026-09-24T01:15:48.0941065Z test_python_and_unknown_fallback_keep_existing_contract (test_structure_syntax.StructureSyntaxTests.test_python_and_unknown_fallback_keep_existing_contract) ... ok
2026-09-24T01:15:48.0942458Z test_syntax_authority_admission_and_ambiguous_import_resolution (test_structure_syntax.StructureSyntaxTests.test_syntax_authority_admission_and_ambiguous_import_resolution) ... skipped 'optional actual JS/TS parsers not installed'
2026-09-24T01:15:48.0944029Z test_typescript_declarations_and_jsx_tsx_have_real_syntax_coverage (test_structure_syntax.StructureSyntaxTests.test_typescript_declarations_and_jsx_tsx_have_real_syntax_coverage) ... skipped 'optional actual JS/TS parsers not installed'
2026-09-24T01:15:48.3792753Z test_extraction_stays_independent_of_journal_proof_and_debt_services (test_structure_transport.StructureTransportTests.test_extraction_stays_independent_of_journal_proof_and_debt_services) ... ok
2026-09-24T01:15:49.2199083Z test_malformed_json_path_base64_schema_and_duplicate_paths_fail_atomically (test_structure_transport.StructureTransportTests.test_malformed_json_path_base64_schema_and_duplicate_paths_fail_atomically) ... ok
2026-09-24T01:15:49.4657083Z test_nonpython_extraction_loads_only_selected_provider_implementation (test_structure_transport.StructureTransportTests.test_nonpython_extraction_loads_only_selected_provider_implementation) ... ok
2026-09-24T01:15:49.4688753Z test_public_entry_never_discovers_repository_or_reads_language_preferences (test_structure_transport.StructureTransportTests.test_public_entry_never_discovers_repository_or_reads_language_preferences) ... ok
2026-09-24T01:15:49.5749234Z test_python_only_extraction_does_not_initialize_optional_distribution_metadata (test_structure_transport.StructureTransportTests.test_python_only_extraction_does_not_initialize_optional_distribution_metadata) ... ok
2026-09-24T01:15:49.6827238Z test_real_cli_outside_git_preserves_python_provider_and_french_json (test_structure_transport.StructureTransportTests.test_real_cli_outside_git_preserves_python_provider_and_french_json) ... ok
2026-09-24T01:15:49.6831025Z test_results_are_detached_and_empty_batch_is_valid (test_structure_transport.StructureTransportTests.test_results_are_detached_and_empty_batch_is_valid) ... ok
2026-09-24T01:15:49.8429350Z test_selected_extraction_parser_preserves_argument_rejections_and_help (test_structure_transport.StructureTransportTests.test_selected_extraction_parser_preserves_argument_rejections_and_help) ... ok
2026-09-24T01:15:49.8865929Z test_transport_limits_and_binary_or_invalid_python_have_explicit_coverage (test_structure_transport.StructureTransportTests.test_transport_limits_and_binary_or_invalid_python_have_explicit_coverage) ... ok
2026-09-24T01:15:49.8868327Z test_wire_bounds_reject_before_emitting_any_partial_response (test_structure_transport.StructureTransportTests.test_wire_bounds_reject_before_emitting_any_partial_response) ... ok
2026-09-24T01:15:49.9957780Z test_concurrent_first_identity_callers_agree (test_unborn_repository.UnbornRepositoryTests.test_concurrent_first_identity_callers_agree) ... ok
2026-09-24T01:15:50.0059383Z test_corrupt_head_is_never_silently_replaced_by_empty_base (test_unborn_repository.UnbornRepositoryTests.test_corrupt_head_is_never_silently_replaced_by_empty_base) ... ok
2026-09-24T01:15:50.0248705Z test_corrupt_local_identity_is_preserved_and_rejected (test_unborn_repository.UnbornRepositoryTests.test_corrupt_local_identity_is_preserved_and_rejected) ... ok
2026-09-24T01:15:50.0630228Z test_empty_base_is_deterministic_unreachable_and_not_an_ordinary_ref (test_unborn_repository.UnbornRepositoryTests.test_empty_base_is_deterministic_unreachable_and_not_an_ordinary_ref) ... ok
2026-09-24T01:15:50.1180443Z test_empty_native_session_does_not_manufacture_proof (test_unborn_repository.UnbornRepositoryTests.test_empty_native_session_does_not_manufacture_proof) ... ok
2026-09-24T01:15:50.1762778Z test_initial_snapshot_preserves_staging_and_excludes_only_owned_transients (test_unborn_repository.UnbornRepositoryTests.test_initial_snapshot_preserves_staging_and_excludes_only_owned_transients) ... ok
2026-09-24T01:15:50.2130144Z test_old_provisional_envelope_cannot_be_reingested_as_new_lineage (test_unborn_repository.UnbornRepositoryTests.test_old_provisional_envelope_cannot_be_reingested_as_new_lineage) ... ok
2026-09-24T01:15:50.2216019Z test_portal_cannot_send_provisional_identity (test_unborn_repository.UnbornRepositoryTests.test_portal_cannot_send_provisional_identity) ... ok
2026-09-24T01:15:50.2647180Z test_provisional_identity_is_distinct_durable_and_becomes_normal_root_lineage (test_unborn_repository.UnbornRepositoryTests.test_provisional_identity_is_distinct_durable_and_becomes_normal_root_lineage) ... ok
2026-09-24T01:15:50.6254819Z test_setup_and_status_are_useful_without_commits_or_evidence (test_unborn_repository.UnbornRepositoryTests.test_setup_and_status_are_useful_without_commits_or_evidence) ... ok
2026-09-24T01:15:50.6398783Z test_failing_test_only_diff_is_rejected (test_validation.ValidationOnlyTests.test_failing_test_only_diff_is_rejected) ... DiffWitness: validation-only stable-pass (dwv1_e4985678629e85bae5c2)
2026-09-24T01:15:50.6400191Z Project continuity: 2 new change event(s) · dwchg_0d2790b1b6f24b88bdeef702
2026-09-24T01:15:50.6400643Z 
2026-09-24T01:15:50.6401382Z Repayment verification: 1/1 selected obligation(s) resolved
2026-09-24T01:15:50.6402409Z   DW-9C758B0DF1EF: resolved — current tests now discriminate the introducing candidate from its historical base
2026-09-24T01:15:50.6402976Z DiffWitness Repay: ACCEPTED
2026-09-24T01:15:50.6403307Z Project continuity: 3 Debt Ledger lifecycle event(s) projected
2026-09-24T01:15:50.7297314Z ok
2026-09-24T01:15:50.7440320Z test_test_only_diff_runs_evidence_and_is_attestable (test_validation.ValidationOnlyTests.test_test_only_diff_runs_evidence_and_is_attestable) ... DiffWitness: validation-only stable-fail (dwv1_eb0e6aecd97ca442dc29)
2026-09-24T01:15:50.9252494Z DiffWitness: validation-only stable-pass (dwv1_ec96fb881e32aee612e9)
2026-09-24T01:15:50.9263599Z Project continuity: 2 new change event(s) · dwchg_c252d0508978fa5f99724c56
2026-09-24T01:15:50.9456483Z ok
2026-09-24T01:15:50.9653068Z test_cli_can_switch_both_directions_and_report_machine_state (test_view_mode.ViewModeTests.test_cli_can_switch_both_directions_and_report_machine_state) ... ok
2026-09-24T01:15:50.9794991Z test_defaults_to_guided_for_first_run (test_view_mode.ViewModeTests.test_defaults_to_guided_for_first_run) ... ok
2026-09-24T01:15:50.9937087Z test_invalid_stored_preference_fails_soft_to_guided (test_view_mode.ViewModeTests.test_invalid_stored_preference_fails_soft_to_guided) ... ok
2026-09-24T01:15:51.0188824Z test_root_help_is_guided_first_but_technical_is_one_command_away (test_view_mode.ViewModeTests.test_root_help_is_guided_first_but_technical_is_one_command_away) ... ok
2026-09-24T01:15:51.0547145Z test_switch_persists_inside_git_metadata_without_dirtying_repository (test_view_mode.ViewModeTests.test_switch_persists_inside_git_metadata_without_dirtying_repository) ... ok
2026-09-24T01:15:51.0549855Z test_health_semantic_sensor_reads_utf8_git_blob_without_degrading (test_windows_health_utf8_git_blob.WindowsUtf8SubprocessBoundaryTests.test_health_semantic_sensor_reads_utf8_git_blob_without_degrading) ... skipped 'Windows legacy-codepage regression'
2026-09-24T01:15:51.0551963Z test_proof_runner_keeps_non_utf8_diagnostics_json_safe (test_windows_health_utf8_git_blob.WindowsUtf8SubprocessBoundaryTests.test_proof_runner_keeps_non_utf8_diagnostics_json_safe) ... skipped 'Windows legacy-codepage regression'
2026-09-24T01:15:51.0553554Z test_proof_runner_preserves_utf8_stdout_and_stderr (test_windows_health_utf8_git_blob.WindowsUtf8SubprocessBoundaryTests.test_proof_runner_preserves_utf8_stdout_and_stderr) ... skipped 'Windows legacy-codepage regression'
2026-09-24T01:15:51.0564584Z test_acceptance_runner_decodes_utf8_child_output_without_locale_loss (test_windows_subprocess_utf8_reader.WindowsSubprocessUtf8ReaderRegressionTests.test_acceptance_runner_decodes_utf8_child_output_without_locale_loss)
2026-09-24T01:15:51.0566534Z A UTF-8 child must not be decoded through the host's legacy Windows code page. ... skipped 'Windows legacy-codepage reproduction'
2026-09-24T01:15:51.0567032Z 
2026-09-24T01:15:51.0567152Z ======================================================================
2026-09-24T01:15:51.0568204Z FAIL: test_compound_dependency_questions_do_not_ignore_outgoing_clause (test_continuity_questions.MemoryQuestionTests.test_compound_dependency_questions_do_not_ignore_outgoing_clause) (question='What depends on auth and what does auth depend on?')
2026-09-24T01:15:51.0569292Z ----------------------------------------------------------------------
2026-09-24T01:15:51.0569649Z Traceback (most recent call last):
2026-09-24T01:15:51.0575771Z   File "/home/runner/work/tooltest/tooltest/tests/test_continuity_questions.py", line 184, in test_compound_dependency_questions_do_not_ignore_outgoing_clause
2026-09-24T01:15:51.0576679Z     self.assertEqual(result['status'],'abstained');self.assertEqual(result['parts'],[])
2026-09-24T01:15:51.0577133Z     ^^^^^^^^^^^^^^^^^^^^^^^^^^^^^^^^^^^^^^^^^^^^^^
2026-09-24T01:15:51.0577449Z AssertionError: 'cited-records' != 'abstained'
2026-09-24T01:15:51.0577737Z - cited-records
2026-09-24T01:15:51.0577935Z + abstained
2026-09-24T01:15:51.0578037Z 
2026-09-24T01:15:51.0578047Z 
2026-09-24T01:15:51.0578403Z ======================================================================
2026-09-24T01:15:51.0579486Z FAIL: test_compound_dependency_questions_do_not_ignore_outgoing_clause (test_continuity_questions.MemoryQuestionTests.test_compound_dependency_questions_do_not_ignore_outgoing_clause) (question='What depends on auth; what does auth depend on?')
2026-09-24T01:15:51.0580527Z ----------------------------------------------------------------------
2026-09-24T01:15:51.0581236Z Traceback (most recent call last):
2026-09-24T01:15:51.0582002Z   File "/home/runner/work/tooltest/tooltest/tests/test_continuity_questions.py", line 184, in test_compound_dependency_questions_do_not_ignore_outgoing_clause
2026-09-24T01:15:51.0582817Z     self.assertEqual(result['status'],'abstained');self.assertEqual(result['parts'],[])
2026-09-24T01:15:51.0583250Z     ^^^^^^^^^^^^^^^^^^^^^^^^^^^^^^^^^^^^^^^^^^^^^^
2026-09-24T01:15:51.0583565Z AssertionError: 'cited-records' != 'abstained'
2026-09-24T01:15:51.0583849Z - cited-records
2026-09-24T01:15:51.0584041Z + abstained
2026-09-24T01:15:51.0584147Z 
2026-09-24T01:15:51.0584152Z 
2026-09-24T01:15:51.0584269Z ======================================================================
2026-09-24T01:15:51.0585676Z FAIL: test_compound_dependency_questions_do_not_ignore_outgoing_clause (test_continuity_questions.MemoryQuestionTests.test_compound_dependency_questions_do_not_ignore_outgoing_clause) (question='Qu’est-ce qui dépend de auth et de quoi auth dépend-il ?')
2026-09-24T01:15:51.0586962Z ----------------------------------------------------------------------
2026-09-24T01:15:51.0587299Z Traceback (most recent call last):
2026-09-24T01:15:51.0588012Z   File "/home/runner/work/tooltest/tooltest/tests/test_continuity_questions.py", line 184, in test_compound_dependency_questions_do_not_ignore_outgoing_clause
2026-09-24T01:15:51.0588817Z     self.assertEqual(result['status'],'abstained');self.assertEqual(result['parts'],[])
2026-09-24T01:15:51.0589240Z     ^^^^^^^^^^^^^^^^^^^^^^^^^^^^^^^^^^^^^^^^^^^^^^
2026-09-24T01:15:51.0589553Z AssertionError: 'cited-records' != 'abstained'
2026-09-24T01:15:51.0589839Z - cited-records
2026-09-24T01:15:51.0590031Z + abstained
2026-09-24T01:15:51.0590141Z 
2026-09-24T01:15:51.0590146Z 
2026-09-24T01:15:51.0590255Z ======================================================================
2026-09-24T01:15:51.0591708Z FAIL: test_compound_dependency_questions_do_not_ignore_outgoing_clause (test_continuity_questions.MemoryQuestionTests.test_compound_dependency_questions_do_not_ignore_outgoing_clause) (question='Qui dépend de auth, et auth dépend de quoi ?')
2026-09-24T01:15:51.0592746Z ----------------------------------------------------------------------
2026-09-24T01:15:51.0593087Z Traceback (most recent call last):
2026-09-24T01:15:51.0593820Z   File "/home/runner/work/tooltest/tooltest/tests/test_continuity_questions.py", line 184, in test_compound_dependency_questions_do_not_ignore_outgoing_clause
2026-09-24T01:15:51.0594647Z     self.assertEqual(result['status'],'abstained');self.assertEqual(result['parts'],[])
2026-09-24T01:15:51.0595086Z     ^^^^^^^^^^^^^^^^^^^^^^^^^^^^^^^^^^^^^^^^^^^^^^
2026-09-24T01:15:51.0595399Z AssertionError: 'cited-records' != 'abstained'
2026-09-24T01:15:51.0595686Z - cited-records
2026-09-24T01:15:51.0595883Z + abstained
2026-09-24T01:15:51.0595986Z 
2026-09-24T01:15:51.0595991Z 
2026-09-24T01:15:51.0596109Z ======================================================================
2026-09-24T01:15:51.0597193Z FAIL: test_explicit_bound_does_not_erase_question_side_time_constraints (test_continuity_questions.MemoryQuestionTests.test_explicit_bound_does_not_erase_question_side_time_constraints) (question='What changed in auth since yesterday?', options={'until': '2026-09-24'})
2026-09-24T01:15:51.0598288Z ----------------------------------------------------------------------
2026-09-24T01:15:51.0598619Z Traceback (most recent call last):
2026-09-24T01:15:51.0599473Z   File "/home/runner/work/tooltest/tooltest/tests/test_continuity_questions.py", line 198, in test_explicit_bound_does_not_erase_question_side_time_constraints
2026-09-24T01:15:51.0600281Z     self.assertEqual(result['status'],'abstained');self.assertEqual(result['parts'],[])
2026-09-24T01:15:51.0600703Z     ^^^^^^^^^^^^^^^^^^^^^^^^^^^^^^^^^^^^^^^^^^^^^^
2026-09-24T01:15:51.0601273Z AssertionError: 'cited-records' != 'abstained'
2026-09-24T01:15:51.0601562Z - cited-records
2026-09-24T01:15:51.0601753Z + abstained
2026-09-24T01:15:51.0601872Z 
2026-09-24T01:15:51.0601877Z 
2026-09-24T01:15:51.0601991Z ======================================================================
2026-09-24T01:15:51.0603096Z FAIL: test_explicit_bound_does_not_erase_question_side_time_constraints (test_continuity_questions.MemoryQuestionTests.test_explicit_bound_does_not_erase_question_side_time_constraints) (question='What changed in auth since yesterday?', options={'since': '2026-09-01'})
2026-09-24T01:15:51.0604204Z ----------------------------------------------------------------------
2026-09-24T01:15:51.0604546Z Traceback (most recent call last):
2026-09-24T01:15:51.0605271Z   File "/home/runner/work/tooltest/tooltest/tests/test_continuity_questions.py", line 198, in test_explicit_bound_does_not_erase_question_side_time_constraints
2026-09-24T01:15:51.0606091Z     self.assertEqual(result['status'],'abstained');self.assertEqual(result['parts'],[])
2026-09-24T01:15:51.0606520Z     ^^^^^^^^^^^^^^^^^^^^^^^^^^^^^^^^^^^^^^^^^^^^^^
2026-09-24T01:15:51.0606979Z AssertionError: 'cited-records' != 'abstained'
2026-09-24T01:15:51.0607263Z - cited-records
2026-09-24T01:15:51.0607458Z + abstained
2026-09-24T01:15:51.0607561Z 
2026-09-24T01:15:51.0607564Z 
2026-09-24T01:15:51.0607677Z ======================================================================
2026-09-24T01:15:51.0608748Z FAIL: test_explicit_bound_does_not_erase_question_side_time_constraints (test_continuity_questions.MemoryQuestionTests.test_explicit_bound_does_not_erase_question_side_time_constraints) (question='What changed in auth before 2026-09-21?', options={'since': '2026-09-01'})
2026-09-24T01:15:51.0609842Z ----------------------------------------------------------------------
2026-09-24T01:15:51.0610173Z Traceback (most recent call last):
2026-09-24T01:15:51.0612044Z   File "/home/runner/work/tooltest/tooltest/tests/test_continuity_questions.py", line 198, in test_explicit_bound_does_not_erase_question_side_time_constraints
2026-09-24T01:15:51.0612904Z     self.assertEqual(result['status'],'abstained');self.assertEqual(result['parts'],[])
2026-09-24T01:15:51.0613350Z     ^^^^^^^^^^^^^^^^^^^^^^^^^^^^^^^^^^^^^^^^^^^^^^
2026-09-24T01:15:51.0613653Z AssertionError: 'cited-records' != 'abstained'
2026-09-24T01:15:51.0613942Z - cited-records
2026-09-24T01:15:51.0614136Z + abstained
2026-09-24T01:15:51.0614245Z 
2026-09-24T01:15:51.0614249Z 
2026-09-24T01:15:51.0614360Z ======================================================================
2026-09-24T01:15:51.0615446Z FAIL: test_explicit_bound_does_not_erase_question_side_time_constraints (test_continuity_questions.MemoryQuestionTests.test_explicit_bound_does_not_erase_question_side_time_constraints) (question='What changed in auth since 2026-09-22?', options={'since': '2026-09-01'})
2026-09-24T01:15:51.0616539Z ----------------------------------------------------------------------
2026-09-24T01:15:51.0616883Z Traceback (most recent call last):
2026-09-24T01:15:51.0617595Z   File "/home/runner/work/tooltest/tooltest/tests/test_continuity_questions.py", line 198, in test_explicit_bound_does_not_erase_question_side_time_constraints
2026-09-24T01:15:51.0618406Z     self.assertEqual(result['status'],'abstained');self.assertEqual(result['parts'],[])
2026-09-24T01:15:51.0618834Z     ^^^^^^^^^^^^^^^^^^^^^^^^^^^^^^^^^^^^^^^^^^^^^^
2026-09-24T01:15:51.0619134Z AssertionError: 'cited-records' != 'abstained'
2026-09-24T01:15:51.0619417Z - cited-records
2026-09-24T01:15:51.0619609Z + abstained
2026-09-24T01:15:51.0619713Z 
2026-09-24T01:15:51.0619717Z 
2026-09-24T01:15:51.0619830Z ======================================================================
2026-09-24T01:15:51.0621667Z FAIL: test_explicit_bound_does_not_erase_question_side_time_constraints (test_continuity_questions.MemoryQuestionTests.test_explicit_bound_does_not_erase_question_side_time_constraints) (question='Qu’est-ce qui a changé dans auth depuis hier ?', options={'until': '2026-09-24'})
2026-09-24T01:15:51.0622850Z ----------------------------------------------------------------------
2026-09-24T01:15:51.0623206Z Traceback (most recent call last):
2026-09-24T01:15:51.0623944Z   File "/home/runner/work/tooltest/tooltest/tests/test_continuity_questions.py", line 198, in test_explicit_bound_does_not_erase_question_side_time_constraints
2026-09-24T01:15:51.0624746Z     self.assertEqual(result['status'],'abstained');self.assertEqual(result['parts'],[])
2026-09-24T01:15:51.0625171Z     ^^^^^^^^^^^^^^^^^^^^^^^^^^^^^^^^^^^^^^^^^^^^^^
2026-09-24T01:15:51.0625469Z AssertionError: 'cited-records' != 'abstained'
2026-09-24T01:15:51.0625751Z - cited-records
2026-09-24T01:15:51.0625942Z + abstained
2026-09-24T01:15:51.0626053Z 
2026-09-24T01:15:51.0626066Z 
2026-09-24T01:15:51.0626213Z ----------------------------------------------------------------------
2026-09-24T01:15:51.0626538Z Ran 757 tests in 93.576s
2026-09-24T01:15:51.0626679Z 
2026-09-24T01:15:51.0626783Z FAILED (failures=9, skipped=52)
2026-09-24T01:15:51.0627044Z certificate: dwv1_ec96fb881e32aee612e9
2026-09-24T01:15:51.0627303Z integrity:   valid
2026-09-24T01:15:51.0627671Z freshness:   fresh against WORKTREE
2026-09-24T01:15:51.0627946Z candidate:   embedded-tree
2026-09-24T01:15:51.0628182Z base:        embedded-tree
2026-09-24T01:15:51.0628404Z verdict:     VALID
2026-09-24T01:15:51.0885722Z ##[error]Process completed with exit code 1.
2026-09-24T01:15:51.1669901Z ##[group]Run actions/upload-artifact@v6
2026-09-24T01:15:51.1670209Z with:
2026-09-24T01:15:51.1670415Z   name: unittest-Linux-py3.11
2026-09-24T01:15:51.1670663Z   path: unittest.log
2026-09-24T01:15:51.1671226Z   if-no-files-found: error
2026-09-24T01:15:51.1671468Z   retention-days: 7
2026-09-24T01:15:51.1671678Z   compression-level: 6
2026-09-24T01:15:51.1671890Z   overwrite: false
2026-09-24T01:15:51.1672105Z   include-hidden-files: false
2026-09-24T01:15:51.1672336Z env:
2026-09-24T01:15:51.1672595Z   pythonLocation: /opt/hostedtoolcache/Python/3.11.16/x64
2026-09-24T01:15:51.1673030Z   PKG_CONFIG_PATH: /opt/hostedtoolcache/Python/3.11.16/x64/lib/pkgconfig
2026-09-24T01:15:51.1673469Z   Python_ROOT_DIR: /opt/hostedtoolcache/Python/3.11.16/x64
2026-09-24T01:15:51.1673846Z   Python2_ROOT_DIR: /opt/hostedtoolcache/Python/3.11.16/x64
2026-09-24T01:15:51.1674223Z   Python3_ROOT_DIR: /opt/hostedtoolcache/Python/3.11.16/x64
2026-09-24T01:15:51.1674634Z   LD_LIBRARY_PATH: /opt/hostedtoolcache/Python/3.11.16/x64/lib
2026-09-24T01:15:51.1674978Z ##[endgroup]
2026-09-24T01:15:51.3363723Z With the provided path, there will be 1 file uploaded
2026-09-24T01:15:51.3371671Z Artifact name is valid!
2026-09-24T01:15:51.3372149Z Root directory input is valid!
2026-09-24T01:15:51.5458130Z Beginning upload of artifact content to blob storage
2026-09-24T01:15:51.6356931Z Uploaded bytes 29313
2026-09-24T01:15:51.6462253Z Finished uploading artifact content to blob storage!
2026-09-24T01:15:51.6463350Z SHA256 digest of uploaded artifact zip is 08770caf8387323478845cb082bcd7cf43941f1a93368fffaa1b696ef82cad78
2026-09-24T01:15:51.6465052Z Finalizing artifact upload
2026-09-24T01:15:51.8891413Z Artifact unittest-Linux-py3.11.zip successfully finalized. Artifact ID 10785486297
2026-09-24T01:15:51.8893020Z Artifact unittest-Linux-py3.11 has been successfully uploaded! Final size is 29313 bytes. Artifact ID is 10785486297
2026-09-24T01:15:51.8913305Z Artifact download URL: https://github.com/TFourniax/tooltest/actions/runs/35941905285/artifacts/10785486297
2026-09-24T01:15:51.9145172Z Post job cleanup.
2026-09-24T01:15:52.0015977Z [command]/usr/bin/git version
2026-09-24T01:15:52.0066681Z git version 2.55.0
2026-09-24T01:15:52.0108244Z Temporarily overriding HOME='/home/runner/work/_temp/c306d75f-24d4-4d92-9556-e4198584de86' before making global git config changes
2026-09-24T01:15:52.0109596Z Adding repository directory to the temporary git global config as a safe directory
2026-09-24T01:15:52.0116086Z [command]/usr/bin/git config --global --add safe.directory /home/runner/work/tooltest/tooltest
2026-09-24T01:15:52.0156001Z Removing SSH command configuration
2026-09-24T01:15:52.0163725Z [command]/usr/bin/git config --local --name-only --get-regexp core\.sshCommand
2026-09-24T01:15:52.0206303Z [command]/usr/bin/git submodule foreach --recursive sh -c "git config --local --name-only --get-regexp 'core\.sshCommand' && git config --local --unset-all 'core.sshCommand' || :"
2026-09-24T01:15:52.0487049Z Removing HTTP extra header
2026-09-24T01:15:52.0487648Z [command]/usr/bin/git config --local --name-only --get-regexp http\.https\:\/\/github\.com\/\.extraheader
2026-09-24T01:15:52.0525709Z [command]/usr/bin/git submodule foreach --recursive sh -c "git config --local --name-only --get-regexp 'http\.https\:\/\/github\.com\/\.extraheader' && git config --local --unset-all 'http.https://github.com/.extraheader' || :"
2026-09-24T01:15:52.0787625Z Removing includeIf entries pointing to credentials config files
2026-09-24T01:15:52.0804226Z [command]/usr/bin/git config --local --name-only --get-regexp ^includeIf\.gitdir:
2026-09-24T01:15:52.0841042Z includeif.gitdir:/home/runner/work/tooltest/tooltest/.git.path
2026-09-24T01:15:52.0843320Z includeif.gitdir:/home/runner/work/tooltest/tooltest/.git/worktrees/*.path
2026-09-24T01:15:52.0844713Z includeif.gitdir:/github/workspace/.git.path
2026-09-24T01:15:52.0845946Z includeif.gitdir:/github/workspace/.git/worktrees/*.path
2026-09-24T01:15:52.0854337Z [command]/usr/bin/git config --local --get-all includeif.gitdir:/home/runner/work/tooltest/tooltest/.git.path
2026-09-24T01:15:52.0890463Z /home/runner/work/_temp/git-credentials-1e6a00a8-9c89-4e2c-9ccd-2d4ce5eac573.config
2026-09-24T01:15:52.0901399Z [command]/usr/bin/git config --local --unset includeif.gitdir:/home/runner/work/tooltest/tooltest/.git.path \/home\/runner\/work\/_temp\/git\-credentials\-1e6a00a8\-9c89\-4e2c\-9ccd\-2d4ce5eac573\.config
2026-09-24T01:15:52.0947054Z [command]/usr/bin/git config --local --get-all includeif.gitdir:/home/runner/work/tooltest/tooltest/.git/worktrees/*.path
2026-09-24T01:15:52.0985074Z /home/runner/work/_temp/git-credentials-1e6a00a8-9c89-4e2c-9ccd-2d4ce5eac573.config
2026-09-24T01:15:52.0994072Z [command]/usr/bin/git config --local --unset includeif.gitdir:/home/runner/work/tooltest/tooltest/.git/worktrees/*.path \/home\/runner\/work\/_temp\/git\-credentials\-1e6a00a8\-9c89\-4e2c\-9ccd\-2d4ce5eac573\.config
2026-09-24T01:15:52.1032116Z [command]/usr/bin/git config --local --get-all includeif.gitdir:/github/workspace/.git.path
2026-09-24T01:15:52.1059296Z /github/runner_temp/git-credentials-1e6a00a8-9c89-4e2c-9ccd-2d4ce5eac573.config
2026-09-24T01:15:52.1069286Z [command]/usr/bin/git config --local --unset includeif.gitdir:/github/workspace/.git.path \/github\/runner_temp\/git\-credentials\-1e6a00a8\-9c89\-4e2c\-9ccd\-2d4ce5eac573\.config
2026-09-24T01:15:52.1114064Z [command]/usr/bin/git config --local --get-all includeif.gitdir:/github/workspace/.git/worktrees/*.path
2026-09-24T01:15:52.1143996Z /github/runner_temp/git-credentials-1e6a00a8-9c89-4e2c-9ccd-2d4ce5eac573.config
2026-09-24T01:15:52.1153497Z [command]/usr/bin/git config --local --unset includeif.gitdir:/github/workspace/.git/worktrees/*.path \/github\/runner_temp\/git\-credentials\-1e6a00a8\-9c89\-4e2c\-9ccd\-2d4ce5eac573\.config
2026-09-24T01:15:52.1208478Z [command]/usr/bin/git submodule foreach --recursive git config --local --show-origin --name-only --get-regexp remote.origin.url
2026-09-24T01:15:52.1428884Z Removing credentials config '/home/runner/work/_temp/git-credentials-1e6a00a8-9c89-4e2c-9ccd-2d4ce5eac573.config'
2026-09-24T01:15:52.1579904Z Cleaning up orphan processes
