2026-09-24T04:04:12.2922708Z Current runner version: '2.337.0'
2026-09-24T04:04:12.2947141Z ##[group]Runner Image Provisioner
2026-09-24T04:04:12.2947982Z Hosted Compute Agent
2026-09-24T04:04:12.2948550Z Version: 20260828.587
2026-09-24T04:04:12.2949129Z Commit: abac92662cab4cc7352de4f9f9d2e2419aad9c29
2026-09-24T04:04:12.2949797Z Build Date: 2026-08-28T16:44:25Z
2026-09-24T04:04:12.2950404Z Worker ID: {72a7121a-b6e0-4132-9225-0d3ce1630471}
2026-09-24T04:04:12.2951030Z Azure Region: westus3
2026-09-24T04:04:12.2951604Z ##[endgroup]
2026-09-24T04:04:12.2953105Z ##[group]Operating System
2026-09-24T04:04:12.2953759Z Ubuntu
2026-09-24T04:04:12.2954245Z 24.04.5
2026-09-24T04:04:12.2954711Z LTS
2026-09-24T04:04:12.2955234Z ##[endgroup]
2026-09-24T04:04:12.2955727Z ##[group]Runner Image
2026-09-24T04:04:12.2956258Z Image: ubuntu-24.04
2026-09-24T04:04:12.2956788Z Version: 20260920.314.1
2026-09-24T04:04:12.2957960Z Included Software: https://github.com/actions/runner-images/blob/ubuntu24/20260920.314/images/ubuntu/Ubuntu2404-Readme.md
2026-09-24T04:04:12.2959374Z Image Release: https://github.com/actions/runner-images/releases/tag/ubuntu24%2F20260920.314
2026-09-24T04:04:12.2960250Z ##[endgroup]
2026-09-24T04:04:12.2961269Z ##[group]GITHUB_TOKEN Permissions
2026-09-24T04:04:12.2963386Z Contents: read
2026-09-24T04:04:12.2963965Z Metadata: read
2026-09-24T04:04:12.2964472Z ##[endgroup]
2026-09-24T04:04:12.2966540Z Secret source: Actions
2026-09-24T04:04:12.2967363Z Cache mode: write
2026-09-24T04:04:12.2968050Z Prepare workflow directory
2026-09-24T04:04:12.3288610Z Prepare all required actions
2026-09-24T04:04:12.3337582Z Getting action download info
2026-09-24T04:04:12.6358245Z Download action repository 'actions/checkout@v7' (SHA:3d3c42e5aac5ba805825da76410c181273ba90b1)
2026-09-24T04:04:12.7073819Z Download action repository 'actions/setup-python@v7' (SHA:5fda3b95a4ea91299a34e894583c3862153e4b97)
2026-09-24T04:04:12.8011353Z Download action repository 'actions/upload-artifact@v6' (SHA:b7c566a772e6b6bfb58ed0dc250532a479d7789f)
2026-09-24T04:04:13.0054665Z Complete job name: test (ubuntu-latest, 3.11)
2026-09-24T04:04:13.0842642Z ##[group]Run actions/checkout@v7
2026-09-24T04:04:13.0843473Z with:
2026-09-24T04:04:13.0843875Z   repository: TFourniax/tooltest
2026-09-24T04:04:13.0847488Z   token: ***
2026-09-24T04:04:13.0847877Z   ssh-strict: true
2026-09-24T04:04:13.0848268Z   ssh-user: git
2026-09-24T04:04:13.0848689Z   persist-credentials: true
2026-09-24T04:04:13.0849128Z   clean: true
2026-09-24T04:04:13.0849533Z   sparse-checkout-cone-mode: true
2026-09-24T04:04:13.0849997Z   fetch-depth: 1
2026-09-24T04:04:13.0850374Z   fetch-tags: false
2026-09-24T04:04:13.0850769Z   show-progress: true
2026-09-24T04:04:13.0851153Z   lfs: false
2026-09-24T04:04:13.0851510Z   submodules: false
2026-09-24T04:04:13.0851898Z   set-safe-directory: true
2026-09-24T04:04:13.0852528Z   allow-unsafe-pr-checkout: false
2026-09-24T04:04:13.0853250Z ##[endgroup]
2026-09-24T04:04:13.1830537Z Syncing repository: TFourniax/tooltest
2026-09-24T04:04:13.1833287Z ##[group]Getting Git version info
2026-09-24T04:04:13.1834558Z Working directory is '/home/runner/work/tooltest/tooltest'
2026-09-24T04:04:13.1836084Z [command]/usr/bin/git version
2026-09-24T04:04:13.1899901Z git version 2.55.0
2026-09-24T04:04:13.1923053Z ##[endgroup]
2026-09-24T04:04:13.1935297Z Temporarily overriding HOME='/home/runner/work/_temp/1ad00f3c-850d-4d04-89f4-b5baccdb9a40' before making global git config changes
2026-09-24T04:04:13.1937271Z Adding repository directory to the temporary git global config as a safe directory
2026-09-24T04:04:13.1942069Z [command]/usr/bin/git config --global --add safe.directory /home/runner/work/tooltest/tooltest
2026-09-24T04:04:13.1991753Z Deleting the contents of '/home/runner/work/tooltest/tooltest'
2026-09-24T04:04:13.1996186Z ##[group]Determining repository object format
2026-09-24T04:04:13.1998354Z ##[endgroup]
2026-09-24T04:04:13.1999216Z ##[group]Initializing the repository
2026-09-24T04:04:13.2004965Z [command]/usr/bin/git init /home/runner/work/tooltest/tooltest
2026-09-24T04:04:13.2079183Z hint: Using 'master' as the name for the initial branch. This default branch name
2026-09-24T04:04:13.2080493Z hint: will change to "main" in Git 3.0. To configure the initial branch name
2026-09-24T04:04:13.2082221Z hint: to use in all of your new repositories, which will suppress this warning,
2026-09-24T04:04:13.2083304Z hint: call:
2026-09-24T04:04:13.2083958Z hint:
2026-09-24T04:04:13.2084685Z hint: 	git config --global init.defaultBranch <name>
2026-09-24T04:04:13.2085485Z hint:
2026-09-24T04:04:13.2086261Z hint: Names commonly chosen instead of 'master' are 'main', 'trunk' and
2026-09-24T04:04:13.2087522Z hint: 'development'. The just-created branch can be renamed via this command:
2026-09-24T04:04:13.2088712Z hint:
2026-09-24T04:04:13.2089503Z hint: 	git branch -m <name>
2026-09-24T04:04:13.2090331Z hint:
2026-09-24T04:04:13.2091447Z hint: Disable this message with "git config set advice.defaultBranchName false"
2026-09-24T04:04:13.2093068Z Initialized empty Git repository in /home/runner/work/tooltest/tooltest/.git/
2026-09-24T04:04:13.2096127Z [command]/usr/bin/git remote add origin https://github.com/TFourniax/tooltest
2026-09-24T04:04:13.2137123Z ##[endgroup]
2026-09-24T04:04:13.2137937Z ##[group]Disabling automatic garbage collection
2026-09-24T04:04:13.2141086Z [command]/usr/bin/git config --local gc.auto 0
2026-09-24T04:04:13.2170855Z ##[endgroup]
2026-09-24T04:04:13.2171996Z ##[group]Setting up auth
2026-09-24T04:04:13.2172948Z Removing SSH command configuration
2026-09-24T04:04:13.2178799Z [command]/usr/bin/git config --local --name-only --get-regexp core\.sshCommand
2026-09-24T04:04:13.2209019Z [command]/usr/bin/git submodule foreach --recursive sh -c "git config --local --name-only --get-regexp 'core\.sshCommand' && git config --local --unset-all 'core.sshCommand' || :"
2026-09-24T04:04:13.2517834Z Removing HTTP extra header
2026-09-24T04:04:13.2522245Z [command]/usr/bin/git config --local --name-only --get-regexp http\.https\:\/\/github\.com\/\.extraheader
2026-09-24T04:04:13.2574772Z [command]/usr/bin/git submodule foreach --recursive sh -c "git config --local --name-only --get-regexp 'http\.https\:\/\/github\.com\/\.extraheader' && git config --local --unset-all 'http.https://github.com/.extraheader' || :"
2026-09-24T04:04:13.2911069Z Removing includeIf entries pointing to credentials config files
2026-09-24T04:04:13.2917586Z [command]/usr/bin/git config --local --name-only --get-regexp ^includeIf\.gitdir:
2026-09-24T04:04:13.2948879Z [command]/usr/bin/git submodule foreach --recursive git config --local --show-origin --name-only --get-regexp remote.origin.url
2026-09-24T04:04:13.3159220Z [command]/usr/bin/git config --file /home/runner/work/_temp/git-credentials-f9e1a21a-eabd-43c3-8cc6-ac0d62637814.config http.https://github.com/.extraheader AUTHORIZATION: basic ***
2026-09-24T04:04:13.3197770Z [command]/usr/bin/git config --local includeIf.gitdir:/home/runner/work/tooltest/tooltest/.git.path /home/runner/work/_temp/git-credentials-f9e1a21a-eabd-43c3-8cc6-ac0d62637814.config
2026-09-24T04:04:13.3540805Z [command]/usr/bin/git config --local includeIf.gitdir:/home/runner/work/tooltest/tooltest/.git/worktrees/*.path /home/runner/work/_temp/git-credentials-f9e1a21a-eabd-43c3-8cc6-ac0d62637814.config
2026-09-24T04:04:13.4000643Z [command]/usr/bin/git config --local includeIf.gitdir:/github/workspace/.git.path /github/runner_temp/git-credentials-f9e1a21a-eabd-43c3-8cc6-ac0d62637814.config
2026-09-24T04:04:13.4033455Z [command]/usr/bin/git config --local includeIf.gitdir:/github/workspace/.git/worktrees/*.path /github/runner_temp/git-credentials-f9e1a21a-eabd-43c3-8cc6-ac0d62637814.config
2026-09-24T04:04:13.4057954Z ##[endgroup]
2026-09-24T04:04:13.4059126Z ##[group]Fetching the repository
2026-09-24T04:04:13.4066401Z [command]/usr/bin/git -c protocol.version=2 fetch --no-tags --prune --no-recurse-submodules --depth=1 origin +36eeebe0ab7173ee306d8c27778b3c45463b4a29:refs/remotes/pull/128/merge
2026-09-24T04:04:14.9007054Z From https://github.com/TFourniax/tooltest
2026-09-24T04:04:14.9009256Z  * [new ref]         36eeebe0ab7173ee306d8c27778b3c45463b4a29 -> pull/128/merge
2026-09-24T04:04:14.9035968Z ##[endgroup]
2026-09-24T04:04:14.9037422Z ##[group]Determining the checkout info
2026-09-24T04:04:14.9038537Z ##[endgroup]
2026-09-24T04:04:14.9039134Z [command]/usr/bin/git sparse-checkout disable
2026-09-24T04:04:14.9065007Z [command]/usr/bin/git config --local --unset-all extensions.worktreeConfig
2026-09-24T04:04:14.9099341Z ##[group]Checking out the ref
2026-09-24T04:04:14.9100814Z [command]/usr/bin/git checkout --progress --force refs/remotes/pull/128/merge
2026-09-24T04:04:14.9644306Z Note: switching to 'refs/remotes/pull/128/merge'.
2026-09-24T04:04:14.9645464Z 
2026-09-24T04:04:14.9646213Z You are in 'detached HEAD' state. You can look around, make experimental
2026-09-24T04:04:14.9648057Z changes and commit them, and you can discard any commits you make in this
2026-09-24T04:04:14.9649896Z state without impacting any branches by switching back to a branch.
2026-09-24T04:04:14.9651027Z 
2026-09-24T04:04:14.9651814Z If you want to create a new branch to retain commits you create, you may
2026-09-24T04:04:14.9653794Z do so (now or later) by using -c with the switch command. Example:
2026-09-24T04:04:14.9654785Z 
2026-09-24T04:04:14.9655200Z   git switch -c <new-branch-name>
2026-09-24T04:04:14.9655880Z 
2026-09-24T04:04:14.9656282Z Or undo this operation with:
2026-09-24T04:04:14.9656959Z 
2026-09-24T04:04:14.9657308Z   git switch -
2026-09-24T04:04:14.9657976Z 
2026-09-24T04:04:14.9659256Z Turn off this advice by setting config variable advice.detachedHead to false
2026-09-24T04:04:14.9661115Z 
2026-09-24T04:04:14.9663350Z HEAD is now at 36eeebe Merge e2a6918feddc326a7a2697e7a5be816ac72e25c9 into c03164e75e805ff1df976e55cdf6d86073e89b04
2026-09-24T04:04:14.9670120Z ##[endgroup]
2026-09-24T04:04:14.9707661Z [command]/usr/bin/git log -1 --format=%H
2026-09-24T04:04:14.9730862Z 36eeebe0ab7173ee306d8c27778b3c45463b4a29
2026-09-24T04:04:15.0094033Z ##[group]Run actions/setup-python@v7
2026-09-24T04:04:15.0095289Z with:
2026-09-24T04:04:15.0096174Z   python-version: 3.11
2026-09-24T04:04:15.0097153Z   check-latest: false
2026-09-24T04:04:15.0106971Z   token: ***
2026-09-24T04:04:15.0107903Z   update-environment: true
2026-09-24T04:04:15.0108971Z   allow-prereleases: false
2026-09-24T04:04:15.0110045Z   freethreaded: false
2026-09-24T04:04:15.0110985Z ##[endgroup]
2026-09-24T04:04:15.1298556Z ##[group]Installed versions
2026-09-24T04:04:15.1370296Z Successfully set up CPython (3.11.16)
2026-09-24T04:04:15.1372605Z ##[endgroup]
2026-09-24T04:04:15.1543241Z ##[group]Run python -m pip install -e .
2026-09-24T04:04:15.1544626Z [36;1mpython -m pip install -e .[0m
2026-09-24T04:04:15.1785729Z shell: /usr/bin/bash -e {0}
2026-09-24T04:04:15.1786848Z env:
2026-09-24T04:04:15.1787944Z   pythonLocation: /opt/hostedtoolcache/Python/3.11.16/x64
2026-09-24T04:04:15.1789711Z   PKG_CONFIG_PATH: /opt/hostedtoolcache/Python/3.11.16/x64/lib/pkgconfig
2026-09-24T04:04:15.1791483Z   Python_ROOT_DIR: /opt/hostedtoolcache/Python/3.11.16/x64
2026-09-24T04:04:15.1793377Z   Python2_ROOT_DIR: /opt/hostedtoolcache/Python/3.11.16/x64
2026-09-24T04:04:15.1794989Z   Python3_ROOT_DIR: /opt/hostedtoolcache/Python/3.11.16/x64
2026-09-24T04:04:15.1796611Z   LD_LIBRARY_PATH: /opt/hostedtoolcache/Python/3.11.16/x64/lib
2026-09-24T04:04:15.1797982Z ##[endgroup]
2026-09-24T04:04:15.8841162Z Obtaining file:///home/runner/work/tooltest/tooltest
2026-09-24T04:04:15.8853224Z   Installing build dependencies: started
2026-09-24T04:04:16.5313160Z   Installing build dependencies: finished with status 'done'
2026-09-24T04:04:16.5317067Z   Checking if build backend supports build_editable: started
2026-09-24T04:04:16.8374063Z   Checking if build backend supports build_editable: finished with status 'done'
2026-09-24T04:04:16.8381344Z   Getting requirements to build editable: started
2026-09-24T04:04:17.1234781Z   Getting requirements to build editable: finished with status 'done'
2026-09-24T04:04:17.1244737Z   Preparing editable metadata (pyproject.toml): started
2026-09-24T04:04:17.2917401Z   Preparing editable metadata (pyproject.toml): finished with status 'done'
2026-09-24T04:04:17.2968200Z Building wheels for collected packages: diffwitness
2026-09-24T04:04:17.2975442Z   Building editable for diffwitness (pyproject.toml): started
2026-09-24T04:04:17.4979719Z   Building editable for diffwitness (pyproject.toml): finished with status 'done'
2026-09-24T04:04:17.4986877Z   Created wheel for diffwitness: filename=diffwitness-0.4.0a1-0.editable-py3-none-any.whl size=13124 sha256=8067a06ef42767a586cf02a48c02135c0312d001f43abdc13af41d85764c69f7
2026-09-24T04:04:17.4988877Z   Stored in directory: /tmp/pip-ephem-wheel-cache-kxboupw7/wheels/1d/e2/0c/8df4c5f7ed0b68981a66a62e05333067f34d74dcef53b2c7d9
2026-09-24T04:04:17.5026024Z Successfully built diffwitness
2026-09-24T04:04:17.5183047Z Installing collected packages: diffwitness
2026-09-24T04:04:17.5251680Z Successfully installed diffwitness-0.4.0a1
2026-09-24T04:04:17.5837096Z ##[group]Run python -m pip check
2026-09-24T04:04:17.5837482Z [36;1mpython -m pip check[0m
2026-09-24T04:04:17.5878381Z shell: /usr/bin/bash -e {0}
2026-09-24T04:04:17.5878644Z env:
2026-09-24T04:04:17.5878917Z   pythonLocation: /opt/hostedtoolcache/Python/3.11.16/x64
2026-09-24T04:04:17.5879344Z   PKG_CONFIG_PATH: /opt/hostedtoolcache/Python/3.11.16/x64/lib/pkgconfig
2026-09-24T04:04:17.5879760Z   Python_ROOT_DIR: /opt/hostedtoolcache/Python/3.11.16/x64
2026-09-24T04:04:17.5880134Z   Python2_ROOT_DIR: /opt/hostedtoolcache/Python/3.11.16/x64
2026-09-24T04:04:17.5880507Z   Python3_ROOT_DIR: /opt/hostedtoolcache/Python/3.11.16/x64
2026-09-24T04:04:17.5880885Z   LD_LIBRARY_PATH: /opt/hostedtoolcache/Python/3.11.16/x64/lib
2026-09-24T04:04:17.5881203Z ##[endgroup]
2026-09-24T04:04:17.7619795Z No broken requirements found.
2026-09-24T04:04:17.7923619Z ##[group]Run python -m compileall -q src integrations scripts
2026-09-24T04:04:17.7924151Z [36;1mpython -m compileall -q src integrations scripts[0m
2026-09-24T04:04:17.7965045Z shell: /usr/bin/bash -e {0}
2026-09-24T04:04:17.7965336Z env:
2026-09-24T04:04:17.7965613Z   pythonLocation: /opt/hostedtoolcache/Python/3.11.16/x64
2026-09-24T04:04:17.7966042Z   PKG_CONFIG_PATH: /opt/hostedtoolcache/Python/3.11.16/x64/lib/pkgconfig
2026-09-24T04:04:17.7966482Z   Python_ROOT_DIR: /opt/hostedtoolcache/Python/3.11.16/x64
2026-09-24T04:04:17.7966865Z   Python2_ROOT_DIR: /opt/hostedtoolcache/Python/3.11.16/x64
2026-09-24T04:04:17.7967259Z   Python3_ROOT_DIR: /opt/hostedtoolcache/Python/3.11.16/x64
2026-09-24T04:04:17.7967636Z   LD_LIBRARY_PATH: /opt/hostedtoolcache/Python/3.11.16/x64/lib
2026-09-24T04:04:17.7967950Z ##[endgroup]
2026-09-24T04:04:18.0934360Z ##[group]Run set +e
2026-09-24T04:04:18.0934623Z [36;1mset +e[0m
2026-09-24T04:04:18.0934931Z [36;1mpython -m unittest discover -s tests -v 2>&1 | tee unittest.log[0m
2026-09-24T04:04:18.0935301Z [36;1mrc=${PIPESTATUS[0]}[0m
2026-09-24T04:04:18.0935576Z [36;1mecho "return_code=$rc" >> "$GITHUB_OUTPUT"[0m
2026-09-24T04:04:18.0935856Z [36;1mexit "$rc"[0m
2026-09-24T04:04:18.0975036Z shell: /usr/bin/bash --noprofile --norc -e -o pipefail {0}
2026-09-24T04:04:18.0975366Z env:
2026-09-24T04:04:18.0975649Z   pythonLocation: /opt/hostedtoolcache/Python/3.11.16/x64
2026-09-24T04:04:18.0976055Z   PKG_CONFIG_PATH: /opt/hostedtoolcache/Python/3.11.16/x64/lib/pkgconfig
2026-09-24T04:04:18.0976455Z   Python_ROOT_DIR: /opt/hostedtoolcache/Python/3.11.16/x64
2026-09-24T04:04:18.0976816Z   Python2_ROOT_DIR: /opt/hostedtoolcache/Python/3.11.16/x64
2026-09-24T04:04:18.0977174Z   Python3_ROOT_DIR: /opt/hostedtoolcache/Python/3.11.16/x64
2026-09-24T04:04:18.0977585Z   LD_LIBRARY_PATH: /opt/hostedtoolcache/Python/3.11.16/x64/lib
2026-09-24T04:04:18.0977895Z ##[endgroup]
2026-09-24T04:04:18.8194684Z test_acceptance_harnesses_preserve_utf8_subprocess_output (test_acceptance_utf8.AcceptanceEncodingTests.test_acceptance_harnesses_preserve_utf8_subprocess_output) ... ok
2026-09-24T04:04:19.9680445Z test_advisory_partition_can_spend_tiny_budget_but_public_runner_still_proves_removal (test_adaptive.AdaptiveCoreTests.test_advisory_partition_can_spend_tiny_budget_but_public_runner_still_proves_removal) ... ok
2026-09-24T04:04:20.5504458Z test_finds_one_hunk_core_without_testing_every_surplus_hunk (test_adaptive.AdaptiveCoreTests.test_finds_one_hunk_core_without_testing_every_surplus_hunk) ... ok
2026-09-24T04:04:20.5747491Z test_invalid_advisory_plan_fails_before_any_search (test_adaptive.AdaptiveCoreTests.test_invalid_advisory_plan_fails_before_any_search) ... ok
2026-09-24T04:04:20.7052821Z test_behavior_preserving_refactor_gets_preservation_evidence (test_assurance.AssuranceTests.test_behavior_preserving_refactor_gets_preservation_evidence) ... ok
2026-09-24T04:04:20.8668014Z test_changed_tests_that_already_pass_on_base_are_non_discriminating (test_assurance.AssuranceTests.test_changed_tests_that_already_pass_on_base_are_non_discriminating) ... DiffWitness Gate rejected: changed tests do not discriminate the production change from base
2026-09-24T04:04:20.8681181Z ok
2026-09-24T04:04:20.8796743Z test_gate_balanced_accepts_and_public_verify_understands_assurance (test_assurance.AssuranceTests.test_gate_balanced_accepts_and_public_verify_understands_assurance) ... DiffWitness Gate: non-discriminating-change under balanced policy (dwa1_6e0a6c79425225731ae6)
2026-09-24T04:04:21.0615312Z DiffWitness Gate: preservation-evidence under balanced policy (dwa1_7a2e1355afe296fcea1e)
2026-09-24T04:04:21.0616371Z DiffWitness Gate accepted: balanced policy accepts stable preservation assurance
2026-09-24T04:04:21.0617562Z Project continuity: 2 new change event(s) · dwchg_e2bbed2fa6cc062959a55b24
2026-09-24T04:04:21.0773846Z certificate: dwa1_7a2e1355afe296fcea1e
2026-09-24T04:04:21.0774340Z integrity:   valid
2026-09-24T04:04:21.0774702Z freshness:   fresh against WORKTREE
2026-09-24T04:04:21.0775151Z candidate:   embedded-tree
2026-09-24T04:04:21.0775559Z base:        embedded-tree
2026-09-24T04:04:21.0775926Z verdict:     VALID
2026-09-24T04:04:21.1014541Z certificate: dwa1_7a2e1355afe296fcea1e
2026-09-24T04:04:21.1015209Z integrity:   valid
2026-09-24T04:04:21.1015612Z freshness:   stale against WORKTREE
2026-09-24T04:04:21.1016143Z candidate:   embedded-tree
2026-09-24T04:04:21.1016608Z base:        embedded-tree
2026-09-24T04:04:21.1017044Z verdict:     INVALID
2026-09-24T04:04:21.2350626Z DiffWitness Gate rejected: candidate is not stably green
2026-09-24T04:04:21.2364374Z ok
2026-09-24T04:04:21.2475565Z test_noop_certificate_is_fresh_then_stale_after_content_changes (test_attest.AttestationTests.test_noop_certificate_is_fresh_then_stale_after_content_changes) ... DiffWitness Gate: candidate-not-stable-green under strict policy (dwa1_349aab17d407dae71867)
2026-09-24T04:04:21.2791674Z DiffWitness: proof not required (dw0_097afb5b43b9ca2a818a); no executable causal mutation detected.
2026-09-24T04:04:21.3059158Z certificate: dw0_097afb5b43b9ca2a818a
2026-09-24T04:04:21.3059552Z integrity:   valid
2026-09-24T04:04:21.3059794Z freshness:   fresh against WORKTREE
2026-09-24T04:04:21.3060070Z candidate:   embedded-tree
2026-09-24T04:04:21.3060479Z base:        embedded-tree
2026-09-24T04:04:21.3060887Z artifacts:   ignored proof.json
2026-09-24T04:04:21.3061263Z verdict:     VALID
2026-09-24T04:04:21.3232258Z ok
2026-09-24T04:04:21.3340845Z test_tree_bound_validation_proof_verifies_in_fresh_clone_without_snapshot_commit (test_attest.AttestationTests.test_tree_bound_validation_proof_verifies_in_fresh_clone_without_snapshot_commit) ... certificate: dw0_097afb5b43b9ca2a818a
2026-09-24T04:04:21.3342617Z integrity:   valid
2026-09-24T04:04:21.3354192Z freshness:   stale against WORKTREE
2026-09-24T04:04:21.3354757Z candidate:   embedded-tree
2026-09-24T04:04:21.3355155Z base:        embedded-tree
2026-09-24T04:04:21.3355564Z artifacts:   ignored proof.json
2026-09-24T04:04:21.3355974Z verdict:     INVALID
2026-09-24T04:04:21.4681720Z DiffWitness: validation-only stable-pass (dwv1_3613a9bc4885788684cd)
2026-09-24T04:04:21.4683480Z Project continuity: 2 new change event(s) · dwchg_effa826dc6d349d533c37aee
2026-09-24T04:04:21.4791716Z ok
2026-09-24T04:04:21.4899517Z test_verified_worktree_proof_can_be_attached_after_identical_commit (test_attest.AttestationTests.test_verified_worktree_proof_can_be_attached_after_identical_commit) ... certificate: dwv1_3613a9bc4885788684cd
2026-09-24T04:04:21.4900905Z integrity:   valid
2026-09-24T04:04:21.4901137Z freshness:   fresh against HEAD
2026-09-24T04:04:21.4901392Z candidate:   embedded-tree
2026-09-24T04:04:21.4901623Z base:        embedded-tree
2026-09-24T04:04:21.4901846Z verdict:     VALID
2026-09-24T04:04:21.5154471Z DiffWitness: proof not required (dw0_097afb5b43b9ca2a818a); no executable causal mutation detected.
2026-09-24T04:04:21.5290610Z ok
2026-09-24T04:04:21.5296527Z test_detects_pytest_configuration (test_autodetect.AutoDetectTests.test_detects_pytest_configuration) ... ok
2026-09-24T04:04:21.5301317Z test_falls_back_to_unittest_for_plain_tests_directory (test_autodetect.AutoDetectTests.test_falls_back_to_unittest_for_plain_tests_directory) ... ok
2026-09-24T04:04:21.5308602Z test_prefers_declared_pnpm_test_script (test_autodetect.AutoDetectTests.test_prefers_declared_pnpm_test_script) ... ok
2026-09-24T04:04:21.5313489Z test_unified_schema_declares_every_public_certificate_family (test_certificate_schema.CertificateSchemaTests.test_unified_schema_declares_every_public_certificate_family) ... ok
2026-09-24T04:04:21.5828620Z test_binds_proof_debt_and_idleproof_to_one_exact_change (test_change_envelope.ChangeEnvelopeTests.test_binds_proof_debt_and_idleproof_to_one_exact_change) ... ok
2026-09-24T04:04:21.6030322Z test_corrupt_evidence_and_empty_envelope_fail_closed (test_change_envelope.ChangeEnvelopeTests.test_corrupt_evidence_and_empty_envelope_fail_closed) ... ok
2026-09-24T04:04:21.6182745Z test_idleproof_state_and_local_hook_files_do_not_change_diffwitness_worktree_identity (test_change_envelope.ChangeEnvelopeTests.test_idleproof_state_and_local_hook_files_do_not_change_diffwitness_worktree_identity) ... ok
2026-09-24T04:04:21.6690867Z test_mismatched_debt_candidate_tree_fails_closed (test_change_envelope.ChangeEnvelopeTests.test_mismatched_debt_candidate_tree_fails_closed) ... ok
2026-09-24T04:04:21.7190974Z test_mismatched_idleproof_change_fails_closed (test_change_envelope.ChangeEnvelopeTests.test_mismatched_idleproof_change_fails_closed) ... ok
2026-09-24T04:04:21.8621210Z test_init_creates_pinned_workflow_with_explicit_commands (test_cli.CliTests.test_init_creates_pinned_workflow_with_explicit_commands) ... ok
2026-09-24T04:04:22.1928459Z test_prove_writes_v2_certificate_and_markdown (test_cli.CliTests.test_prove_writes_v2_certificate_and_markdown) ... ok
2026-09-24T04:04:22.4411932Z test_direct_frontends_also_parse_before_preflight_or_discovery (test_cli_informational_safety.InformationalSafetyTests.test_direct_frontends_also_parse_before_preflight_or_discovery) ... ok
2026-09-24T04:04:22.8002198Z test_explicit_proof_still_executes_repository_tests (test_cli_informational_safety.InformationalSafetyTests.test_explicit_proof_still_executes_repository_tests) ... ok
2026-09-24T04:04:25.3882614Z test_help_and_version_preserve_repository_and_historical_evidence (test_cli_informational_safety.InformationalSafetyTests.test_help_and_version_preserve_repository_and_historical_evidence) ... ok
2026-09-24T04:04:25.7447611Z test_help_inside_explicit_test_command_still_executes (test_cli_informational_safety.InformationalSafetyTests.test_help_inside_explicit_test_command_still_executes) ... ok
2026-09-24T04:04:26.4177210Z test_invalid_options_fail_before_execution_or_certificate_deletion (test_cli_informational_safety.InformationalSafetyTests.test_invalid_options_fail_before_execution_or_certificate_deletion) ... ok
2026-09-24T04:04:26.4191599Z test_invalid_policy_and_budget_are_rejected (test_config.ConfigTests.test_invalid_policy_and_budget_are_rejected) ... ok
2026-09-24T04:04:26.4210469Z test_non_finite_timeouts_are_rejected_in_core_and_engine_config (test_config.ConfigTests.test_non_finite_timeouts_are_rejected_in_core_and_engine_config) ... ok
2026-09-24T04:04:26.4214383Z test_unknown_key_fails_closed (test_config.ConfigTests.test_unknown_key_fails_closed) ... ok
2026-09-24T04:04:26.4231300Z test_valid_gate_configuration_round_trips (test_config.ConfigTests.test_valid_gate_configuration_round_trips) ... ok
2026-09-24T04:04:26.4476746Z test_context_uses_project_test_configuration_without_private_engine_access (test_context_process_budget.ContextProcessBudgetTests.test_context_uses_project_test_configuration_without_private_engine_access) ... ok
2026-09-24T04:04:26.4596499Z test_failed_committed_history_walk_is_not_an_unborn_fingerprint (test_context_process_budget.ContextProcessBudgetTests.test_failed_committed_history_walk_is_not_an_unborn_fingerprint) ... ok
2026-09-24T04:04:26.4836926Z test_fingerprint_uses_reachable_roots_and_ignores_other_refs (test_context_process_budget.ContextProcessBudgetTests.test_fingerprint_uses_reachable_roots_and_ignores_other_refs) ... ok
2026-09-24T04:04:26.5048272Z test_malformed_project_configuration_still_fails (test_context_process_budget.ContextProcessBudgetTests.test_malformed_project_configuration_still_fails) ... ok
2026-09-24T04:04:26.5461616Z test_warm_context_uses_at_most_five_git_processes (test_context_process_budget.ContextProcessBudgetTests.test_warm_context_uses_at_most_five_git_processes) ... ok
2026-09-24T04:04:26.6038082Z test_bounds_and_repository_eviction_force_complete_validation (test_continuity_append_cache.AppendCacheTests.test_bounds_and_repository_eviction_force_complete_validation) ... ok
2026-09-24T04:04:26.6366539Z test_caller_inputs_and_results_cannot_mutate_cached_history (test_continuity_append_cache.AppendCacheTests.test_caller_inputs_and_results_cannot_mutate_cached_history) ... ok
2026-09-24T04:04:26.7143576Z test_concurrent_calls_have_one_chain_and_dedupe (test_continuity_append_cache.AppendCacheTests.test_concurrent_calls_have_one_chain_and_dedupe) ... ok
2026-09-24T04:04:26.7373253Z test_crt_text_translation_cannot_make_cached_bytes_differ_from_disk (test_continuity_append_cache.AppendCacheTests.test_crt_text_translation_cannot_make_cached_bytes_differ_from_disk) ... ok
2026-09-24T04:04:26.7630796Z test_external_suffix_is_validated_and_invalid_suffix_fails_closed (test_continuity_append_cache.AppendCacheTests.test_external_suffix_is_validated_and_invalid_suffix_fails_closed) ... ok
2026-09-24T04:04:26.7936170Z test_failed_batch_cannot_advance_cached_lifecycle_or_dedupe (test_continuity_append_cache.AppendCacheTests.test_failed_batch_cannot_advance_cached_lifecycle_or_dedupe) ... ok
2026-09-24T04:04:26.8198371Z test_failed_task_reference_cannot_replace_cached_task_identity (test_continuity_append_cache.AppendCacheTests.test_failed_task_reference_cannot_replace_cached_task_identity) ... ok
2026-09-24T04:04:26.8533240Z test_hash_valid_invalid_profile_and_duplicate_json_external_suffix_fail_closed (test_continuity_append_cache.AppendCacheTests.test_hash_valid_invalid_profile_and_duplicate_json_external_suffix_fail_closed) ... ok
2026-09-24T04:04:26.8836618Z test_partial_write_never_publishes_checkpoint (test_continuity_append_cache.AppendCacheTests.test_partial_write_never_publishes_checkpoint) ... ok
2026-09-24T04:04:26.9056210Z test_repeated_append_validates_only_new_suffix_but_public_read_remains_complete (test_continuity_append_cache.AppendCacheTests.test_repeated_append_validates_only_new_suffix_but_public_read_remains_complete) ... ok
2026-09-24T04:04:26.9278104Z test_same_size_timestamp_corruption_is_rejected_before_append (test_continuity_append_cache.AppendCacheTests.test_same_size_timestamp_corruption_is_rejected_before_append) ... ok
2026-09-24T04:04:26.9497019Z test_unterminated_valid_record_gets_separator_without_changing_old_bytes (test_continuity_append_cache.AppendCacheTests.test_unterminated_valid_record_gets_separator_without_changing_old_bytes) ... ok
2026-09-24T04:04:26.9842828Z test_valid_rewrite_truncation_and_crlf_unicode_keep_chain_truth (test_continuity_append_cache.AppendCacheTests.test_valid_rewrite_truncation_and_crlf_unicode_keep_chain_truth) ... ok
2026-09-24T04:04:27.0527053Z test_authoritative_flag_consistency_preserves_existing_runner_boundary (test_continuity_artifact_profile.ArtifactProfileTests.test_authoritative_flag_consistency_preserves_existing_runner_boundary) ... ok
2026-09-24T04:04:27.1048608Z test_compatible_legacy_reimport_preserves_original_events_and_bytes (test_continuity_artifact_profile.ArtifactProfileTests.test_compatible_legacy_reimport_preserves_original_events_and_bytes) ... ok
2026-09-24T04:04:27.1721405Z test_consumed_input_types_are_checked_before_projection (test_continuity_artifact_profile.ArtifactProfileTests.test_consumed_input_types_are_checked_before_projection) ... ok
2026-09-24T04:04:27.2172183Z test_declaration_and_relation_json_conflicts_fail_atomically (test_continuity_artifact_profile.ArtifactProfileTests.test_declaration_and_relation_json_conflicts_fail_atomically) ... ok
2026-09-24T04:04:27.2486461Z test_descriptor_advertises_profile_without_new_proof_authority (test_continuity_artifact_profile.ArtifactProfileTests.test_descriptor_advertises_profile_without_new_proof_authority) ... ok
2026-09-24T04:04:27.2974663Z test_invalid_legacy_cannot_gain_profile_compatibility_via_ignored_fields (test_continuity_artifact_profile.ArtifactProfileTests.test_invalid_legacy_cannot_gain_profile_compatibility_via_ignored_fields) ... ok
2026-09-24T04:04:27.4559436Z test_json_type_conflicts_are_not_silently_deduped (test_continuity_artifact_profile.ArtifactProfileTests.test_json_type_conflicts_are_not_silently_deduped) ... ok
2026-09-24T04:04:27.4981247Z test_legacy_digest_and_ephemeral_sha_exceptions_survive_profile_adoption (test_continuity_artifact_profile.ArtifactProfileTests.test_legacy_digest_and_ephemeral_sha_exceptions_survive_profile_adoption) ... ok
2026-09-24T04:04:27.6233692Z test_malformed_profile_batches_are_atomic (test_continuity_artifact_profile.ArtifactProfileTests.test_malformed_profile_batches_are_atomic) ... ok
2026-09-24T04:04:27.6677055Z test_mixed_history_replay_and_checkpoint_preserve_legacy_extensions (test_continuity_artifact_profile.ArtifactProfileTests.test_mixed_history_replay_and_checkpoint_preserve_legacy_extensions) ... ok
2026-09-24T04:04:27.7188975Z test_native_producer_profiles_all_five_types_without_promoting_imports (test_continuity_artifact_profile.ArtifactProfileTests.test_native_producer_profiles_all_five_types_without_promoting_imports) ... ok
2026-09-24T04:04:27.7670904Z test_native_reimport_adopts_legacy_without_rewriting_it (test_continuity_artifact_profile.ArtifactProfileTests.test_native_reimport_adopts_legacy_without_rewriting_it) ... ok
2026-09-24T04:04:27.8217763Z test_profile_does_not_hide_real_conflicts_or_other_profiles (test_continuity_artifact_profile.ArtifactProfileTests.test_profile_does_not_hide_real_conflicts_or_other_profiles) ... ok
2026-09-24T04:04:27.8730560Z test_readers_and_old_cache_cannot_bypass_typed_validation (test_continuity_artifact_profile.ArtifactProfileTests.test_readers_and_old_cache_cannot_bypass_typed_validation) ... ok
2026-09-24T04:04:27.9166790Z test_canonical_bytes_match_independent_reference_for_extensions_and_unicode (test_continuity_canonical_integrity.CanonicalIntegrityTests.test_canonical_bytes_match_independent_reference_for_extensions_and_unicode) ... ok
2026-09-24T04:04:27.9172056Z test_corruption_of_any_integrity_input_remains_visible (test_continuity_canonical_integrity.CanonicalIntegrityTests.test_corruption_of_any_integrity_input_remains_visible) ... ok
2026-09-24T04:04:27.9176599Z test_finite_json_and_circular_reference_checks_remain_active (test_continuity_canonical_integrity.CanonicalIntegrityTests.test_finite_json_and_circular_reference_checks_remain_active) ... ok
2026-09-24T04:04:27.9182296Z test_full_validator_encodes_nested_payload_only_once (test_continuity_canonical_integrity.CanonicalIntegrityTests.test_full_validator_encodes_nested_payload_only_once) ... ok
2026-09-24T04:04:27.9200566Z test_missing_or_malformed_identity_still_rejects_and_matches_reference (test_continuity_canonical_integrity.CanonicalIntegrityTests.test_missing_or_malformed_identity_still_rejects_and_matches_reference) ... ok
2026-09-24T04:04:27.9214430Z test_nested_identity_lookalikes_and_missing_actor_match_reference (test_continuity_canonical_integrity.CanonicalIntegrityTests.test_nested_identity_lookalikes_and_missing_actor_match_reference) ... ok
2026-09-24T04:04:27.9217567Z test_nonstandard_python_mapping_keeps_reference_encoding (test_continuity_canonical_integrity.CanonicalIntegrityTests.test_nonstandard_python_mapping_keeps_reference_encoding) ... ok
2026-09-24T04:04:27.9222858Z test_ordinary_validation_needs_one_complete_canonical_encoding (test_continuity_canonical_integrity.CanonicalIntegrityTests.test_ordinary_validation_needs_one_complete_canonical_encoding) ... ok
2026-09-24T04:04:27.9225777Z test_size_limit_counts_utf8_and_hash_member_exactly (test_continuity_canonical_integrity.CanonicalIntegrityTests.test_size_limit_counts_utf8_and_hash_member_exactly) ... ok
2026-09-24T04:04:27.9238992Z test_stream_rejection_closes_file_after_earlier_valid_events (test_continuity_canonical_integrity.CanonicalIntegrityTests.test_stream_rejection_closes_file_after_earlier_valid_events) ... ok
2026-09-24T04:04:27.9673898Z test_byte_budget_counts_utf8_bytes_instead_of_characters (test_continuity_change_paths.ChangePathAdmissionTests.test_byte_budget_counts_utf8_bytes_instead_of_characters) ... ok
2026-09-24T04:04:27.9958894Z test_exact_unicode_whitespace_control_and_backslash_paths (test_continuity_change_paths.ChangePathAdmissionTests.test_exact_unicode_whitespace_control_and_backslash_paths) ... ok
2026-09-24T04:04:28.0381338Z test_file_facts_use_change_identity_trees_not_unrelated_or_missing_commit_hints (test_continuity_change_paths.ChangePathAdmissionTests.test_file_facts_use_change_identity_trees_not_unrelated_or_missing_commit_hints) ... ok
2026-09-24T04:04:28.1086083Z test_forged_coverage_is_rejected_atomically (test_continuity_change_paths.ChangePathAdmissionTests.test_forged_coverage_is_rejected_atomically) ... ok
2026-09-24T04:04:28.1556071Z test_human_context_quotes_paths_without_terminal_control_execution (test_continuity_change_paths.ChangePathAdmissionTests.test_human_context_quotes_paths_without_terminal_control_execution) ... ok
2026-09-24T04:04:28.2880207Z test_installed_cli_reports_safe_exact_and_partial_admission (test_continuity_change_paths.ChangePathAdmissionTests.test_installed_cli_reports_safe_exact_and_partial_admission) ... ok
2026-09-24T04:04:28.3539475Z test_large_changes_keep_bounded_whole_paths_and_explicit_coverage (test_continuity_change_paths.ChangePathAdmissionTests.test_large_changes_keep_bounded_whole_paths_and_explicit_coverage) ... ok
2026-09-24T04:04:28.3804925Z test_unavailable_tree_is_not_presented_as_observed_empty_change (test_continuity_change_paths.ChangePathAdmissionTests.test_unavailable_tree_is_not_presented_as_observed_empty_change) ... ok
2026-09-24T04:04:28.5104128Z test_unknown_legacy_coverage_extension_cannot_crash_context (test_continuity_change_paths.ChangePathAdmissionTests.test_unknown_legacy_coverage_extension_cannot_crash_context) ... ok
2026-09-24T04:04:28.5391854Z test_unrepresentable_names_are_omitted_whole_without_relabeling (test_continuity_change_paths.ChangePathAdmissionTests.test_unrepresentable_names_are_omitted_whole_without_relabeling) ... ok
2026-09-24T04:04:28.5663257Z test_untrusted_commit_hint_cannot_be_a_git_option (test_continuity_change_paths.ChangePathAdmissionTests.test_untrusted_commit_hint_cannot_be_a_git_option) ... ok
2026-09-24T04:04:28.6089561Z test_whole_path_byte_budget_keeps_the_original_event_limit (test_continuity_change_paths.ChangePathAdmissionTests.test_whole_path_byte_budget_keeps_the_original_event_limit) ... ok
2026-09-24T04:04:28.7128958Z test_append_after_validation_is_visible_on_next_context (test_continuity_context_cache.ContinuityContextCacheTests.test_append_after_validation_is_visible_on_next_context) ... ok
2026-09-24T04:04:28.7602941Z test_concurrent_rebuild_cannot_inherit_another_snapshot_digest (test_continuity_context_cache.ContinuityContextCacheTests.test_concurrent_rebuild_cannot_inherit_another_snapshot_digest) ... ok
2026-09-24T04:04:28.8493140Z test_corruption_after_validation_never_becomes_a_trusted_cache_anchor (test_continuity_context_cache.ContinuityContextCacheTests.test_corruption_after_validation_never_becomes_a_trusted_cache_anchor) ... ok
2026-09-24T04:04:28.8963404Z test_hot_cache_detects_historical_tampering_before_serving_context (test_continuity_context_cache.ContinuityContextCacheTests.test_hot_cache_detects_historical_tampering_before_serving_context) ... ok
2026-09-24T04:04:28.9272957Z test_legacy_unvalidated_digest_is_not_trusted_after_upgrade (test_continuity_context_cache.ContinuityContextCacheTests.test_legacy_unvalidated_digest_is_not_trusted_after_upgrade) ... ok
2026-09-24T04:04:28.9806410Z test_legitimate_append_invalidates_cache_and_rebuilds_strictly (test_continuity_context_cache.ContinuityContextCacheTests.test_legitimate_append_invalidates_cache_and_rebuilds_strictly) ... ok
2026-09-24T04:04:29.0111879Z test_rebuilt_state_digest_belongs_to_the_bytes_that_were_validated (test_continuity_context_cache.ContinuityContextCacheTests.test_rebuilt_state_digest_belongs_to_the_bytes_that_were_validated) ... ok
2026-09-24T04:04:29.0448404Z test_unchanged_cache_does_not_reparse_the_journal (test_continuity_context_cache.ContinuityContextCacheTests.test_unchanged_cache_does_not_reparse_the_journal) ... ok
2026-09-24T04:04:29.1203005Z test_citation_tracks_the_exact_assertion_not_the_latest_journal_head (test_continuity_context_sources.ContextSourceTests.test_citation_tracks_the_exact_assertion_not_the_latest_journal_head) ... ok
2026-09-24T04:04:29.1675686Z test_confirmation_cites_its_review_separately_from_the_assertion (test_continuity_context_sources.ContextSourceTests.test_confirmation_cites_its_review_separately_from_the_assertion) ... ok
2026-09-24T04:04:29.2232329Z test_inconsistent_assertion_status_or_details_cannot_be_cited (test_continuity_context_sources.ContextSourceTests.test_inconsistent_assertion_status_or_details_cannot_be_cited) ... ok
2026-09-24T04:04:29.2587257Z test_missing_assertion_row_cannot_produce_a_fabricated_citation (test_continuity_context_sources.ContextSourceTests.test_missing_assertion_row_cannot_produce_a_fabricated_citation) ... ok
2026-09-24T04:04:29.3029761Z test_packet_anchor_and_citations_share_a_read_snapshot (test_continuity_context_sources.ContextSourceTests.test_packet_anchor_and_citations_share_a_read_snapshot) ... ok
2026-09-24T04:04:29.3965069Z test_stale_source_pointer_with_identical_assertions_is_rejected (test_continuity_context_sources.ContextSourceTests.test_stale_source_pointer_with_identical_assertions_is_rejected) ... ok
2026-09-24T04:04:29.3967247Z test_contract_covers_concepts_without_renaming_historical_wire_kinds (test_continuity_contract.ContinuityContractTests.test_contract_covers_concepts_without_renaming_historical_wire_kinds) ... ok
2026-09-24T04:04:29.3983386Z test_discovery_preserves_the_existing_human_relation_boundary (test_continuity_contract.ContinuityContractTests.test_discovery_preserves_the_existing_human_relation_boundary) ... ok
2026-09-24T04:04:29.3986849Z test_exported_metadata_cannot_mutate_live_contract_rules (test_continuity_contract.ContinuityContractTests.test_exported_metadata_cannot_mutate_live_contract_rules) ... ok
2026-09-24T04:04:29.4243348Z test_legacy_extensions_and_projection_lifecycle_survive_reconstruction (test_continuity_contract.ContinuityContractTests.test_legacy_extensions_and_projection_lifecycle_survive_reconstruction) ... ok
2026-09-24T04:04:29.5351664Z test_public_json_discovery_is_repository_independent_read_only_and_language_stable (test_continuity_contract.ContinuityContractTests.test_public_json_discovery_is_repository_independent_read_only_and_language_stable) ... ok
2026-09-24T04:04:29.5626528Z test_corrupt_debt_ledger_never_becomes_project_history (test_continuity_debt_bridge.ContinuityDebtBridgeTests.test_corrupt_debt_ledger_never_becomes_project_history) ... ok
2026-09-24T04:04:29.6288113Z test_full_ledger_lifecycle_projects_idempotently (test_continuity_debt_bridge.ContinuityDebtBridgeTests.test_full_ledger_lifecycle_projects_idempotently) ... ok
2026-09-24T04:04:29.6543788Z test_only_exact_available_base_and_well_formed_tree_can_identify_a_change (test_continuity_debt_bridge.ContinuityDebtBridgeTests.test_only_exact_available_base_and_well_formed_tree_can_identify_a_change) ... ok
2026-09-24T04:04:29.6916236Z test_option_like_historical_report_retains_debt_without_invented_change_link (test_continuity_debt_bridge.ContinuityDebtBridgeTests.test_option_like_historical_report_retains_debt_without_invented_change_link) ... ok
2026-09-24T04:04:29.7015441Z test_both_readers_reject_profile_mismatch_even_with_valid_hashes (test_continuity_declaration_profile.DeclarationProfileTests.test_both_readers_reject_profile_mismatch_even_with_valid_hashes) ... ok
2026-09-24T04:04:29.7242434Z test_cache_from_json_only_validation_cannot_skip_profile_admission (test_continuity_declaration_profile.DeclarationProfileTests.test_cache_from_json_only_validation_cannot_skip_profile_admission) ... ok
2026-09-24T04:04:29.7336509Z test_descriptor_exposes_opt_in_profile_without_claiming_proof_authority (test_continuity_declaration_profile.DeclarationProfileTests.test_descriptor_exposes_opt_in_profile_without_claiming_proof_authority) ... ok
2026-09-24T04:04:29.7998268Z test_invalid_profile_batch_fails_before_any_append (test_continuity_declaration_profile.DeclarationProfileTests.test_invalid_profile_batch_fails_before_any_append) ... ok
2026-09-24T04:04:29.8205825Z test_legacy_extensions_and_typed_events_share_history_without_rewriting (test_continuity_declaration_profile.DeclarationProfileTests.test_legacy_extensions_and_typed_events_share_history_without_rewriting) ... ok
2026-09-24T04:04:29.8830849Z test_native_commands_adopt_profile_and_keep_declared_authority (test_continuity_declaration_profile.DeclarationProfileTests.test_native_commands_adopt_profile_and_keep_declared_authority) ... ok
2026-09-24T04:04:29.9252779Z test_ambiguous_and_nonfinite_source_json_fails_before_append (test_continuity_envelope_admission.EnvelopeAdmissionTests.test_ambiguous_and_nonfinite_source_json_fails_before_append) ... ok
2026-09-24T04:04:29.9894445Z test_legacy_absence_and_idempotency_remain_compatible (test_continuity_envelope_admission.EnvelopeAdmissionTests.test_legacy_absence_and_idempotency_remain_compatible) ... ok
2026-09-24T04:04:30.0684280Z test_malformed_containers_fail_with_controlled_errors (test_continuity_envelope_admission.EnvelopeAdmissionTests.test_malformed_containers_fail_with_controlled_errors) ... ok
2026-09-24T04:04:30.1740840Z test_native_builder_output_remains_importable_and_observed (test_continuity_envelope_admission.EnvelopeAdmissionTests.test_native_builder_output_remains_importable_and_observed) ... ok
2026-09-24T04:04:30.2847772Z test_public_cli_rejects_string_false_without_writing_history (test_continuity_envelope_admission.EnvelopeAdmissionTests.test_public_cli_rejects_string_false_without_writing_history) ... ok
2026-09-24T04:04:30.3336284Z test_valid_false_zero_and_nullable_budget_keep_exact_meaning (test_continuity_envelope_admission.EnvelopeAdmissionTests.test_valid_false_zero_and_nullable_budget_keep_exact_meaning) ... ok
2026-09-24T04:04:30.4137471Z test_wrong_summary_scalars_fail_atomically (test_continuity_envelope_admission.EnvelopeAdmissionTests.test_wrong_summary_scalars_fail_atomically) ... ok
2026-09-24T04:04:30.4454221Z test_conflicting_object_and_path_are_rejected_without_append (test_continuity_envelope_snapshot.EnvelopeSnapshotTests.test_conflicting_object_and_path_are_rejected_without_append) ... ok
2026-09-24T04:04:30.4865633Z test_direct_object_has_no_invented_file_digest (test_continuity_envelope_snapshot.EnvelopeSnapshotTests.test_direct_object_has_no_invented_file_digest) ... ok
2026-09-24T04:04:30.5868655Z test_matching_dual_input_preserves_raw_unicode_and_line_endings (test_continuity_envelope_snapshot.EnvelopeSnapshotTests.test_matching_dual_input_preserves_raw_unicode_and_line_endings) ... ok
2026-09-24T04:04:30.6411927Z test_replacement_or_deletion_after_parse_keeps_parsed_snapshot_digest (test_continuity_envelope_snapshot.EnvelopeSnapshotTests.test_replacement_or_deletion_after_parse_keeps_parsed_snapshot_digest) ... ok
2026-09-24T04:04:30.6856923Z test_supplied_object_cannot_bypass_invalid_or_missing_source (test_continuity_envelope_snapshot.EnvelopeSnapshotTests.test_supplied_object_cannot_bypass_invalid_or_missing_source) ... ok
2026-09-24T04:04:30.7365840Z test_all_branches_include_merge_parents_and_disconnected_roots_without_proof (test_continuity_git_branches.GitBranchHistoryTests.test_all_branches_include_merge_parents_and_disconnected_roots_without_proof) ... Switched to a new branch 'unrelated'
2026-09-24T04:04:30.8132257Z ok
2026-09-24T04:04:30.8631505Z test_cli_resumption_hint_keeps_explicit_message_policy (test_continuity_git_branches.GitBranchHistoryTests.test_cli_resumption_hint_keeps_explicit_message_policy) ... Switched to a new branch 'unrelated'
2026-09-24T04:04:30.9621311Z ok
2026-09-24T04:04:31.0123146Z test_consistent_cursor_cannot_claim_unimported_messages (test_continuity_git_branches.GitBranchHistoryTests.test_consistent_cursor_cannot_claim_unimported_messages) ... Switched to a new branch 'unrelated'
2026-09-24T04:04:31.0503261Z ok
2026-09-24T04:04:31.1013005Z test_consistent_cursor_cannot_skip_unimported_commits (test_continuity_git_branches.GitBranchHistoryTests.test_consistent_cursor_cannot_skip_unimported_commits) ... Switched to a new branch 'unrelated'
2026-09-24T04:04:31.1372693Z ok
2026-09-24T04:04:31.1870063Z test_cursor_prefix_rechecks_corrupt_journal_bytes_with_preserved_size_and_time (test_continuity_git_branches.GitBranchHistoryTests.test_cursor_prefix_rechecks_corrupt_journal_bytes_with_preserved_size_and_time) ... Switched to a new branch 'unrelated'
2026-09-24T04:04:31.2216646Z ok
2026-09-24T04:04:31.2704199Z test_cursor_rejects_invalid_typed_fields_even_with_recomputed_checksum (test_continuity_git_branches.GitBranchHistoryTests.test_cursor_rejects_invalid_typed_fields_even_with_recomputed_checksum) ... Switched to a new branch 'unrelated'
2026-09-24T04:04:31.3098348Z ok
2026-09-24T04:04:31.3607001Z test_declared_messages_remain_opt_in_and_cannot_change_cursor_policy (test_continuity_git_branches.GitBranchHistoryTests.test_declared_messages_remain_opt_in_and_cannot_change_cursor_policy) ... Switched to a new branch 'unrelated'
2026-09-24T04:04:31.3982756Z ok
2026-09-24T04:04:31.4474378Z test_empty_sha256_and_localized_cli_preserve_compatible_modes (test_continuity_git_branches.GitBranchHistoryTests.test_empty_sha256_and_localized_cli_preserve_compatible_modes) ... Switched to a new branch 'unrelated'
2026-09-24T04:04:31.6442823Z ok
2026-09-24T04:04:31.6947312Z test_interruption_and_concurrent_page_imports_retain_journal_integrity (test_continuity_git_branches.GitBranchHistoryTests.test_interruption_and_concurrent_page_imports_retain_journal_integrity) ... Switched to a new branch 'unrelated'
2026-09-24T04:04:31.8010711Z ok
2026-09-24T04:04:31.8518192Z test_invalid_options_and_corrupted_cursor_fail_without_appending (test_continuity_git_branches.GitBranchHistoryTests.test_invalid_options_and_corrupted_cursor_fail_without_appending) ... Switched to a new branch 'unrelated'
2026-09-24T04:04:31.8880387Z ok
2026-09-24T04:04:31.9380396Z test_missing_non_first_parent_and_excessive_branch_capture_fail_before_append (test_continuity_git_branches.GitBranchHistoryTests.test_missing_non_first_parent_and_excessive_branch_capture_fail_before_append) ... Switched to a new branch 'unrelated'
2026-09-24T04:04:31.9809922Z ok
2026-09-24T04:04:32.0312519Z test_remote_tracking_tips_are_included_but_tag_only_history_is_explicitly_outside_scope (test_continuity_git_branches.GitBranchHistoryTests.test_remote_tracking_tips_are_included_but_tag_only_history_is_explicitly_outside_scope) ... Switched to a new branch 'unrelated'
2026-09-24T04:04:32.1207758Z ok
2026-09-24T04:04:32.1700640Z test_shallow_and_grafted_parent_lists_never_claim_complete_history (test_continuity_git_branches.GitBranchHistoryTests.test_shallow_and_grafted_parent_lists_never_claim_complete_history) ... Switched to a new branch 'unrelated'
2026-09-24T04:04:32.2988739Z ok
2026-09-24T04:04:32.3490058Z test_small_pages_retry_idempotently_and_keep_the_captured_tips_after_ref_movement (test_continuity_git_branches.GitBranchHistoryTests.test_small_pages_retry_idempotently_and_keep_the_captured_tips_after_ref_movement) ... Switched to a new branch 'unrelated'
2026-09-24T04:04:32.5257607Z ok
2026-09-24T04:04:32.7540302Z test_blocking_child_is_terminated_at_the_command_deadline (test_continuity_git_history.GitHistoryTests.test_blocking_child_is_terminated_at_the_command_deadline) ... ok
2026-09-24T04:04:32.8726045Z test_cli_rejects_bad_limit_and_imports_unicode_paths (test_continuity_git_history.GitHistoryTests.test_cli_rejects_bad_limit_and_imports_unicode_paths) ... ok
2026-09-24T04:04:32.9061545Z test_corrupt_commit_and_bounded_git_output_fail_before_append (test_continuity_git_history.GitHistoryTests.test_corrupt_commit_and_bounded_git_output_fail_before_append) ... ok
2026-09-24T04:04:32.9646671Z test_empty_and_sha256_repositories_are_supported (test_continuity_git_history.GitHistoryTests.test_empty_and_sha256_repositories_are_supported) ... ok
2026-09-24T04:04:33.0248157Z test_head_advance_and_replacement_objects_cannot_relabel_captured_commit (test_continuity_git_history.GitHistoryTests.test_head_advance_and_replacement_objects_cannot_relabel_captured_commit) ... ok
2026-09-24T04:04:33.0931095Z test_message_truncation_and_path_omission_are_explicit (test_continuity_git_history.GitHistoryTests.test_message_truncation_and_path_omission_are_explicit) ... ok
2026-09-24T04:04:33.1897851Z test_messages_are_separate_declared_opt_in_and_do_not_replace_commit_authority (test_continuity_git_history.GitHistoryTests.test_messages_are_separate_declared_opt_in_and_do_not_replace_commit_authority) ... ok
2026-09-24T04:04:33.2306491Z test_non_utf8_message_retains_only_digest_and_explicit_coverage (test_continuity_git_history.GitHistoryTests.test_non_utf8_message_retains_only_digest_and_explicit_coverage) ... ok
2026-09-24T04:04:33.2700877Z test_oversized_object_and_invalid_ref_cannot_partially_import_a_page (test_continuity_git_history.GitHistoryTests.test_oversized_object_and_invalid_ref_cannot_partially_import_a_page) ... ok
2026-09-24T04:04:33.3557467Z test_page_resumption_is_idempotent_and_excludes_dirty_bytes_and_private_headers (test_continuity_git_history.GitHistoryTests.test_page_resumption_is_idempotent_and_excludes_dirty_bytes_and_private_headers) ... ok
2026-09-24T04:04:33.4229861Z test_preappend_interruption_leaves_page_retryable (test_continuity_git_history.GitHistoryTests.test_preappend_interruption_leaves_page_retryable) ... ok
2026-09-24T04:04:33.4895066Z test_profile_cannot_promote_messages_or_invent_unbound_paths (test_continuity_git_history.GitHistoryTests.test_profile_cannot_promote_messages_or_invent_unbound_paths) ... ok
2026-09-24T04:04:33.5747557Z test_root_and_merge_observe_first_parent_diff_without_importing_side_branch (test_continuity_git_history.GitHistoryTests.test_root_and_merge_observe_first_parent_diff_without_importing_side_branch) ... ok
2026-09-24T04:04:33.6823927Z test_shallow_boundary_is_explicit_and_resumes_after_deepening (test_continuity_git_history.GitHistoryTests.test_shallow_boundary_is_explicit_and_resumes_after_deepening) ... ok
2026-09-24T04:04:33.7664112Z test_corrupt_tree_and_blob_bytes_are_rechecked_after_successful_import (test_continuity_git_lineage.GitLineageTests.test_corrupt_tree_and_blob_bytes_are_rechecked_after_successful_import) ... ok
2026-09-24T04:04:33.8586808Z test_cursor_policy_is_compatible_and_forged_opt_in_cannot_skip_assessments (test_continuity_git_lineage.GitLineageTests.test_cursor_policy_is_compatible_and_forged_opt_in_cannot_skip_assessments) ... ok
2026-09-24T04:04:33.9954914Z test_duplicate_content_copy_edit_and_mode_changes_are_not_silent_identity_merges (test_continuity_git_lineage.GitLineageTests.test_duplicate_content_copy_edit_and_mode_changes_are_not_silent_identity_merges) ... ok
2026-09-24T04:04:34.0380849Z test_excluded_regular_names_still_prevent_false_unique_matches (test_continuity_git_lineage.GitLineageTests.test_excluded_regular_names_still_prevent_false_unique_matches) ... ok
2026-09-24T04:04:34.0998126Z test_existing_assertion_authority_stays_bound_to_its_original_entity (test_continuity_git_lineage.GitLineageTests.test_existing_assertion_authority_stays_bound_to_its_original_entity) ... ok
2026-09-24T04:04:34.3191610Z test_limits_and_preappend_interruption_preserve_atomic_retry (test_continuity_git_lineage.GitLineageTests.test_limits_and_preappend_interruption_preserve_atomic_retry) ... ok
2026-09-24T04:04:34.3618614Z test_nonregular_replacement_is_not_a_removed_path (test_continuity_git_lineage.GitLineageTests.test_nonregular_replacement_is_not_a_removed_path) ... ok
2026-09-24T04:04:34.4749620Z test_opt_in_persists_inferred_relocation_with_exact_binding_and_no_proof_transfer (test_continuity_git_lineage.GitLineageTests.test_opt_in_persists_inferred_relocation_with_exact_binding_and_no_proof_transfer) ... ok
2026-09-24T04:04:34.5370676Z test_profile_rejects_promoted_authority_unbound_paths_and_altered_relations (test_continuity_git_lineage.GitLineageTests.test_profile_rejects_promoted_authority_unbound_paths_and_altered_relations) ... ok
2026-09-24T04:04:34.5831508Z test_profile_validation_has_specific_causes_independent_of_dedupe (test_continuity_git_lineage.GitLineageTests.test_profile_validation_has_specific_causes_independent_of_dedupe) ... ok
2026-09-24T04:04:34.6558028Z test_query_limits_exact_citations_and_journal_corruption (test_continuity_git_lineage.GitLineageTests.test_query_limits_exact_citations_and_journal_corruption) ... ok
2026-09-24T04:04:34.8382486Z test_real_pair_budget_rejects_whole_page_and_deadline_rejects_without_append (test_continuity_git_lineage.GitLineageTests.test_real_pair_budget_rejects_whole_page_and_deadline_rejects_without_append) ... ok
2026-09-24T04:04:35.0656437Z test_rename_back_and_branch_divergence_retain_distinct_cited_observations (test_continuity_git_lineage.GitLineageTests.test_rename_back_and_branch_divergence_retain_distinct_cited_observations) ... ok
2026-09-24T04:04:35.2316081Z test_sha256_root_merge_and_shallow_boundary_preserve_original_meaning (test_continuity_git_lineage.GitLineageTests.test_sha256_root_merge_and_shallow_boundary_preserve_original_meaning) ... ok
2026-09-24T04:04:35.2701754Z test_valid_hash_does_not_admit_malformed_or_unsafe_tree_structure (test_continuity_git_lineage.GitLineageTests.test_valid_hash_does_not_admit_malformed_or_unsafe_tree_structure) ... ok
2026-09-24T04:04:36.7021526Z test_guard_then_codex_stop_same_tree_keeps_current_proof_coherent (test_continuity_guard_native_reverification.GuardNativeReverificationTests.test_guard_then_codex_stop_same_tree_keeps_current_proof_coherent) ... ok
2026-09-24T04:04:36.7472454Z test_bounds_cycles_unknown_nodes_and_repeated_calls_are_deterministic (test_continuity_history.MemoryNavigationTests.test_bounds_cycles_unknown_nodes_and_repeated_calls_are_deterministic) ... ok
2026-09-24T04:04:36.7716451Z test_corrupt_journal_cannot_supply_history_or_reasons (test_continuity_history.MemoryNavigationTests.test_corrupt_journal_cannot_supply_history_or_reasons) ... ok
2026-09-24T04:04:36.8204860Z test_cursor_rejects_wrong_identity_truncation_and_valid_divergent_prefix (test_continuity_history.MemoryNavigationTests.test_cursor_rejects_wrong_identity_truncation_and_valid_divergent_prefix) ... ok
2026-09-24T04:04:36.8545720Z test_depth_and_reason_truncation_are_explicit (test_continuity_history.MemoryNavigationTests.test_depth_and_reason_truncation_are_explicit) ... ok
2026-09-24T04:04:36.8739495Z test_empty_history_and_unknown_identity_are_explicit_without_persistence (test_continuity_history.MemoryNavigationTests.test_empty_history_and_unknown_identity_are_explicit_without_persistence) ... ok
2026-09-24T04:04:36.9080199Z test_exact_citation_opens_original_event_and_rejects_wrong_hash_or_missing_id (test_continuity_history.MemoryNavigationTests.test_exact_citation_opens_original_event_and_rejects_wrong_hash_or_missing_id) ... ok
2026-09-24T04:04:37.0106627Z test_history_byte_bound_preserves_whole_events_and_all_pages (test_continuity_history.MemoryNavigationTests.test_history_byte_bound_preserves_whole_events_and_all_pages) ... ok
2026-09-24T04:04:37.0556135Z test_history_retains_exact_events_and_pages_a_stable_prefix_across_appends (test_continuity_history.MemoryNavigationTests.test_history_retains_exact_events_and_pages_a_stable_prefix_across_appends) ... ok
2026-09-24T04:04:37.0920994Z test_latest_edge_is_selected_with_its_own_source_and_old_event_remains_in_history (test_continuity_history.MemoryNavigationTests.test_latest_edge_is_selected_with_its_own_source_and_old_event_remains_in_history) ... ok
2026-09-24T04:04:37.1344691Z test_public_cli_json_and_french_text_are_read_only_and_escape_recorded_controls (test_continuity_history.MemoryNavigationTests.test_public_cli_json_and_french_text_are_read_only_and_escape_recorded_controls) ... ok
2026-09-24T04:04:37.1621295Z test_public_cli_rejects_non_repository_without_traceback_or_files (test_continuity_history.MemoryNavigationTests.test_public_cli_rejects_non_repository_without_traceback_or_files) ... ok
2026-09-24T04:04:37.2015560Z test_review_does_not_replace_assertion_and_inactive_memory_stays_explicit (test_continuity_history.MemoryNavigationTests.test_review_does_not_replace_assertion_and_inactive_memory_stays_explicit) ... ok
2026-09-24T04:04:37.2424956Z test_why_traverses_both_directions_and_preserves_separate_authorities_and_reasons (test_continuity_history.MemoryNavigationTests.test_why_traverses_both_directions_and_preserves_separate_authorities_and_reasons) ... ok
2026-09-24T04:04:37.3437520Z test_actual_git_delta_is_durable_cited_bidirectional_and_not_proof (test_continuity_impact.ImpactTests.test_actual_git_delta_is_durable_cited_bidirectional_and_not_proof) ... ok
2026-09-24T04:04:37.4402623Z test_actual_partial_path_coverage_keeps_unobserved_expectations_unknown (test_continuity_impact.ImpactTests.test_actual_partial_path_coverage_keeps_unobserved_expectations_unknown) ... ok
2026-09-24T04:04:37.5046586Z test_actual_unavailable_git_tree_and_exact_cited_memory (test_continuity_impact.ImpactTests.test_actual_unavailable_git_tree_and_exact_cited_memory) ... ok
2026-09-24T04:04:37.5879007Z test_dirty_plan_uses_exact_worktree_without_mutating_user_index (test_continuity_impact.ImpactTests.test_dirty_plan_uses_exact_worktree_without_mutating_user_index) ... ok
2026-09-24T04:04:37.6591621Z test_import_rejects_forged_delta_reference_hash_and_authority (test_continuity_impact.ImpactTests.test_import_rejects_forged_delta_reference_hash_and_authority) ... ok
2026-09-24T04:04:37.7086921Z test_invalid_inputs_fail_before_journal_write_and_no_path_aliases (test_continuity_impact.ImpactTests.test_invalid_inputs_fail_before_journal_write_and_no_path_aliases) ... ok
2026-09-24T04:04:37.7678999Z test_missing_git_objects_produce_unknown_not_false_absence (test_continuity_impact.ImpactTests.test_missing_git_objects_produce_unknown_not_false_absence) ... ok
2026-09-24T04:04:38.1695993Z test_real_cli_french_english_show_is_read_only_and_help_has_no_effects (test_continuity_impact.ImpactTests.test_real_cli_french_english_show_is_read_only_and_help_has_no_effects) ... ok
2026-09-24T04:04:38.2344841Z test_recording_plan_after_observed_change_is_not_anticipation (test_continuity_impact.ImpactTests.test_recording_plan_after_observed_change_is_not_anticipation) ... ok
2026-09-24T04:04:38.2998932Z test_unanticipated_path_and_partial_scope_are_explicit (test_continuity_impact.ImpactTests.test_unanticipated_path_and_partial_scope_are_explicit) ... ok
2026-09-24T04:04:38.3756358Z test_append_and_corruption_after_snapshot_never_stamp_unvalidated_bytes (test_continuity_incremental.IncrementalStateTests.test_append_and_corruption_after_snapshot_never_stamp_unvalidated_bytes) ... ok
2026-09-24T04:04:38.4099517Z test_append_checks_old_event_shape_once_and_batch_references_still_reject_atomically (test_continuity_incremental.IncrementalStateTests.test_append_checks_old_event_shape_once_and_batch_references_still_reject_atomically) ... ok
2026-09-24T04:04:38.4520757Z test_append_projects_only_suffix_with_one_validated_snapshot (test_continuity_incremental.IncrementalStateTests.test_append_projects_only_suffix_with_one_validated_snapshot) ... ok
2026-09-24T04:04:38.4980292Z test_busy_sqlite_writer_is_not_replaced_or_silently_rebuilt (test_continuity_incremental.IncrementalStateTests.test_busy_sqlite_writer_is_not_replaced_or_silently_rebuilt) ... ok
2026-09-24T04:04:38.5334764Z test_existing_reader_snapshot_remains_coherent_across_suffix_commit (test_continuity_incremental.IncrementalStateTests.test_existing_reader_snapshot_remains_coherent_across_suffix_commit) ... ok
2026-09-24T04:04:38.5719081Z test_hash_valid_invalid_prefix_reference_rejects_update_and_append (test_continuity_incremental.IncrementalStateTests.test_hash_valid_invalid_prefix_reference_rejects_update_and_append) ... ok
2026-09-24T04:04:38.6941669Z test_legacy_framing_and_duplicate_conflicts_preserve_exact_bytes (test_continuity_incremental.IncrementalStateTests.test_legacy_framing_and_duplicate_conflicts_preserve_exact_bytes) ... ok
2026-09-24T04:04:38.8802933Z test_materializers_and_explicit_rebuild_serialize_before_reading_journal (test_continuity_incremental.IncrementalStateTests.test_materializers_and_explicit_rebuild_serialize_before_reading_journal) ... ok
2026-09-24T04:04:39.0037711Z test_mixed_history_and_citations_match_rebuild_without_reprojecting_prefix (test_continuity_incremental.IncrementalStateTests.test_mixed_history_and_citations_match_rebuild_without_reprojecting_prefix) ... ok
2026-09-24T04:04:39.0395688Z test_same_size_same_mtime_prefix_corruption_is_rejected_and_preserves_state (test_continuity_incremental.IncrementalStateTests.test_same_size_same_mtime_prefix_corruption_is_rejected_and_preserves_state) ... ok
2026-09-24T04:04:39.0861484Z test_suffix_failure_rolls_back_rows_head_digest_and_retry_converges (test_continuity_incremental.IncrementalStateTests.test_suffix_failure_rolls_back_rows_head_digest_and_retry_converges) ... ok
2026-09-24T04:04:39.3157802Z test_truncation_divergence_missing_anchor_and_event_row_damage_reconstruct (test_continuity_incremental.IncrementalStateTests.test_truncation_divergence_missing_anchor_and_event_row_damage_reconstruct) ... ok
2026-09-24T04:04:39.3676373Z test_changed_payload_removes_stale_terms_but_inherited_label_remains_searchable (test_continuity_indexed_context.IndexedContextTests.test_changed_payload_removes_stale_terms_but_inherited_label_remains_searchable) ... ok
2026-09-24T04:04:39.4069560Z test_complete_two_hop_graph_critical_and_component_seeds_survive_selection (test_continuity_indexed_context.IndexedContextTests.test_complete_two_hop_graph_critical_and_component_seeds_survive_selection) ... ok
2026-09-24T04:04:39.4362799Z test_exact_short_id_and_short_component_seed_do_not_depend_on_lexical_tokens (test_continuity_indexed_context.IndexedContextTests.test_exact_short_id_and_short_component_seed_do_not_depend_on_lexical_tokens) ... ok
2026-09-24T04:04:39.5312610Z test_indexed_retrieval_matches_full_scan_on_mixed_graph (test_continuity_indexed_context.IndexedContextTests.test_indexed_retrieval_matches_full_scan_on_mixed_graph) ... ok
2026-09-24T04:04:39.7759021Z test_selective_query_does_not_decode_thousands_of_unrelated_entities (test_continuity_indexed_context.IndexedContextTests.test_selective_query_does_not_decode_thousands_of_unrelated_entities) ... ok
2026-09-24T04:04:39.8038364Z test_cache_from_permissive_parser_cannot_bypass_strict_validation (test_continuity_json_contract.ContinuityJSONContractTests.test_cache_from_permissive_parser_cannot_bypass_strict_validation) ... ok
2026-09-24T04:04:39.8161383Z test_duplicate_members_are_rejected_at_every_nesting_level (test_continuity_json_contract.ContinuityJSONContractTests.test_duplicate_members_are_rejected_at_every_nesting_level) ... ok
2026-09-24T04:04:39.8431357Z test_invalid_checkpoint_does_not_rewrite_local_journal (test_continuity_json_contract.ContinuityJSONContractTests.test_invalid_checkpoint_does_not_rewrite_local_journal) ... ok
2026-09-24T04:04:39.8571732Z test_legacy_non_finite_history_is_rejected_even_with_valid_old_hashes (test_continuity_json_contract.ContinuityJSONContractTests.test_legacy_non_finite_history_is_rejected_even_with_valid_old_hashes) ... ok
2026-09-24T04:04:39.8794327Z test_non_finite_writer_rejects_entire_batch_before_append (test_continuity_json_contract.ContinuityJSONContractTests.test_non_finite_writer_rejects_entire_batch_before_append) ... ok
2026-09-24T04:04:39.8961865Z test_unicode_line_separators_inside_strings_do_not_split_events (test_continuity_json_contract.ContinuityJSONContractTests.test_unicode_line_separators_inside_strings_do_not_split_events) ... ok
2026-09-24T04:04:39.9622226Z test_valid_history_keeps_exact_bytes_identifiers_and_reconstruction (test_continuity_json_contract.ContinuityJSONContractTests.test_valid_history_keeps_exact_bytes_identifiers_and_reconstruction) ... ok
2026-09-24T04:04:39.9623970Z test_component_identity_is_provider_neutral_and_path_safe (test_continuity_kernel.ContinuityKernelTests.test_component_identity_is_provider_neutral_and_path_safe) ... ok
2026-09-24T04:04:40.0824022Z test_context_compiler_joins_human_memory_structure_and_change_evidence (test_continuity_kernel.ContinuityKernelTests.test_context_compiler_joins_human_memory_structure_and_change_evidence) ... ok
2026-09-24T04:04:40.1264358Z test_event_and_state_do_not_store_raw_diff_or_prompt_fields (test_continuity_kernel.ContinuityKernelTests.test_event_and_state_do_not_store_raw_diff_or_prompt_fields) ... ok
2026-09-24T04:04:40.1933145Z test_manual_envelope_cannot_self_promote_proof_to_verified (test_continuity_kernel.ContinuityKernelTests.test_manual_envelope_cannot_self_promote_proof_to_verified) ... ok
2026-09-24T04:04:40.2160099Z test_project_event_log_is_hash_chained_and_tamper_evident (test_continuity_kernel.ContinuityKernelTests.test_project_event_log_is_hash_chained_and_tamper_evident) ... ok
2026-09-24T04:04:40.2402848Z test_python_structure_separates_observed_from_inferred (test_continuity_kernel.ContinuityKernelTests.test_python_structure_separates_observed_from_inferred) ... ok
2026-09-24T04:04:40.2829125Z test_state_db_is_disposable_and_rebuilt_from_events (test_continuity_kernel.ContinuityKernelTests.test_state_db_is_disposable_and_rebuilt_from_events) ... ok
2026-09-24T04:04:40.3247036Z test_accented_query_matches_plain_label_and_french_ligatures (test_continuity_language_retrieval.LanguageRetrievalTests.test_accented_query_matches_plain_label_and_french_ligatures) ... ok
2026-09-24T04:04:40.3353485Z test_ascii_token_behavior_is_preserved (test_continuity_language_retrieval.LanguageRetrievalTests.test_ascii_token_behavior_is_preserved) ... ok
2026-09-24T04:04:40.4118190Z test_compatibility_forms_match_memory_in_both_directions (test_continuity_language_retrieval.LanguageRetrievalTests.test_compatibility_forms_match_memory_in_both_directions) ... ok
2026-09-24T04:04:40.4966596Z test_french_accents_and_canonical_unicode_forms_recall_exact_assertion (test_continuity_language_retrieval.LanguageRetrievalTests.test_french_accents_and_canonical_unicode_forms_recall_exact_assertion) ... ok
2026-09-24T04:04:40.5360360Z test_legacy_index_rebuilds_without_changing_the_journal (test_continuity_language_retrieval.LanguageRetrievalTests.test_legacy_index_rebuilds_without_changing_the_journal) ... ok
2026-09-24T04:04:40.5691479Z test_normalized_terms_do_not_merge_distinct_identities_or_authorities (test_continuity_language_retrieval.LanguageRetrievalTests.test_normalized_terms_do_not_merge_distinct_identities_or_authorities) ... ok
2026-09-24T04:04:40.5991283Z test_query_is_not_persisted_and_unrelated_query_has_no_match (test_continuity_language_retrieval.LanguageRetrievalTests.test_query_is_not_persisted_and_unrelated_query_has_no_match) ... ok
2026-09-24T04:04:40.6508321Z test_replacement_removes_old_normalized_payload_terms (test_continuity_language_retrieval.LanguageRetrievalTests.test_replacement_removes_old_normalized_payload_terms) ... ok
2026-09-24T04:04:40.6976658Z test_retired_memory_is_not_revived_by_normalization (test_continuity_language_retrieval.LanguageRetrievalTests.test_retired_memory_is_not_revived_by_normalization) ... ok
2026-09-24T04:04:40.7321761Z test_short_exact_id_keeps_literal_matching (test_continuity_language_retrieval.LanguageRetrievalTests.test_short_exact_id_keeps_literal_matching) ... ok
2026-09-24T04:04:40.7549221Z test_contract_exposes_both_profiles_without_proof_authority (test_continuity_lifecycle_profiles.LifecycleProfileTests.test_contract_exposes_both_profiles_without_proof_authority) ... ok
2026-09-24T04:04:40.8365409Z test_invalid_profiled_ledger_batch_cannot_append_or_promote_authority (test_continuity_lifecycle_profiles.LifecycleProfileTests.test_invalid_profiled_ledger_batch_cannot_append_or_promote_authority) ... ok
2026-09-24T04:04:40.8951855Z test_malformed_consumed_ledger_values_are_rejected_before_projection (test_continuity_lifecycle_profiles.LifecycleProfileTests.test_malformed_consumed_ledger_values_are_rejected_before_projection) ... ok
2026-09-24T04:04:40.9246267Z test_missing_historical_git_object_and_zero_points_preserve_absence (test_continuity_lifecycle_profiles.LifecycleProfileTests.test_missing_historical_git_object_and_zero_points_preserve_absence) ... ok
2026-09-24T04:04:41.0035346Z test_native_legacy_ledger_reimport_preserves_every_original_byte (test_continuity_lifecycle_profiles.LifecycleProfileTests.test_native_legacy_ledger_reimport_preserves_every_original_byte) ... ok
2026-09-24T04:04:41.0583107Z test_native_legacy_relation_reimport_is_immutable (test_continuity_lifecycle_profiles.LifecycleProfileTests.test_native_legacy_relation_reimport_is_immutable) ... ok
2026-09-24T04:04:41.1059930Z test_profile_adoption_does_not_mask_real_ledger_or_relation_conflicts (test_continuity_lifecycle_profiles.LifecycleProfileTests.test_profile_adoption_does_not_mask_real_ledger_or_relation_conflicts) ... ok
2026-09-24T04:04:41.1801522Z test_public_relation_preserves_source_authority_and_payload (test_continuity_lifecycle_profiles.LifecycleProfileTests.test_public_relation_preserves_source_authority_and_payload) ... ok
2026-09-24T04:04:41.2240559Z test_readers_checkpoints_and_old_cache_reject_hash_valid_invalid_profile (test_continuity_lifecycle_profiles.LifecycleProfileTests.test_readers_checkpoints_and_old_cache_reject_hash_valid_invalid_profile) ... ok
2026-09-24T04:04:41.2935569Z test_real_six_state_lifecycle_is_profiled_idempotent_and_replayable (test_continuity_lifecycle_profiles.LifecycleProfileTests.test_real_six_state_lifecycle_is_profiled_idempotent_and_replayable) ... ok
2026-09-24T04:04:41.3461818Z test_relation_profile_rejects_promotion_missing_provenance_and_invalid_edges (test_continuity_lifecycle_profiles.LifecycleProfileTests.test_relation_profile_rejects_promotion_missing_provenance_and_invalid_edges) ... ok
2026-09-24T04:04:41.3601367Z test_denial_followed_by_live_owner_does_not_authorize_entry (test_continuity_lock.EventLockTests.test_denial_followed_by_live_owner_does_not_authorize_entry) ... ok
2026-09-24T04:04:41.3730676Z test_non_windows_permission_denial_is_not_retried (test_continuity_lock.EventLockTests.test_non_windows_permission_denial_is_not_retried) ... ok
2026-09-24T04:04:41.3866288Z test_persistent_denial_cannot_enter_mutate_or_remove_foreign_lock (test_continuity_lock.EventLockTests.test_persistent_denial_cannot_enter_mutate_or_remove_foreign_lock) ... ok
2026-09-24T04:04:41.4549326Z test_transient_windows_create_denial_retries_exclusively_before_append (test_continuity_lock.EventLockTests.test_transient_windows_create_denial_retries_exclusively_before_append) ... ok
2026-09-24T04:04:41.4814341Z test_debt_refresh_never_promotes_replacement_measurement (test_continuity_memory_authority.MemoryAuthorityTests.test_debt_refresh_never_promotes_replacement_measurement) ... ok
2026-09-24T04:04:41.5459578Z test_legacy_materialization_is_rebuilt_without_journal_mutation (test_continuity_memory_authority.MemoryAuthorityTests.test_legacy_materialization_is_rebuilt_without_journal_mutation) ... ok
2026-09-24T04:04:42.2941580Z test_real_proof_cannot_certify_a_later_public_cli_declaration (test_continuity_memory_authority.MemoryAuthorityTests.test_real_proof_cannot_certify_a_later_public_cli_declaration) ... ok
2026-09-24T04:04:42.3260581Z test_relation_only_event_does_not_replace_source_entity (test_continuity_memory_authority.MemoryAuthorityTests.test_relation_only_event_does_not_replace_source_entity) ... ok
2026-09-24T04:04:42.3526700Z test_relation_update_never_inherits_authority_for_new_metadata (test_continuity_memory_authority.MemoryAuthorityTests.test_relation_update_never_inherits_authority_for_new_metadata) ... ok
2026-09-24T04:04:42.4364031Z test_replacement_facts_carry_their_own_authority_and_provenance (test_continuity_memory_authority.MemoryAuthorityTests.test_replacement_facts_carry_their_own_authority_and_provenance) ... ok
2026-09-24T04:04:42.4719035Z test_batch_write_failure_preserves_existing_database_and_all_journal_bytes (test_continuity_projection_batches.ProjectionBatchTests.test_batch_write_failure_preserves_existing_database_and_all_journal_bytes) ... ok
2026-09-24T04:04:43.1688997Z test_bounded_batches_equal_sequential_projection_across_updates_and_lifecycle (test_continuity_projection_batches.ProjectionBatchTests.test_bounded_batches_equal_sequential_projection_across_updates_and_lifecycle) ... ok
2026-09-24T04:04:43.5036298Z test_actual_cli_bilingual_json_is_identical_and_help_has_no_writes (test_continuity_questions.MemoryQuestionTests.test_actual_cli_bilingual_json_is_identical_and_help_has_no_writes) ... ok
2026-09-24T04:04:43.5538789Z test_ambiguous_dependency_targets_abstain_unless_literal_identity_is_given (test_continuity_questions.MemoryQuestionTests.test_ambiguous_dependency_targets_abstain_unless_literal_identity_is_given) ... ok
2026-09-24T04:04:43.5980057Z test_bounds_determinism_literal_entity_and_corrupt_journal_fail_closed (test_continuity_questions.MemoryQuestionTests.test_bounds_determinism_literal_entity_and_corrupt_journal_fail_closed) ... ok
2026-09-24T04:04:43.6343100Z test_changes_require_all_search_terms_not_a_shared_generic_word (test_continuity_questions.MemoryQuestionTests.test_changes_require_all_search_terms_not_a_shared_generic_word) ... ok
2026-09-24T04:04:43.6941025Z test_clock_qualifiers_do_not_become_matching_path_components (test_continuity_questions.MemoryQuestionTests.test_clock_qualifiers_do_not_become_matching_path_components) ... ok
2026-09-24T04:04:43.8467838Z test_compact_fiscal_and_quarter_periods_never_become_path_terms (test_continuity_questions.MemoryQuestionTests.test_compact_fiscal_and_quarter_periods_never_become_path_terms) ... ok
2026-09-24T04:04:43.8823261Z test_compound_dependency_questions_do_not_ignore_outgoing_clause (test_continuity_questions.MemoryQuestionTests.test_compound_dependency_questions_do_not_ignore_outgoing_clause) ... ok
2026-09-24T04:04:43.9308423Z test_conjunctive_names_preserve_intent_words_and_exact_sources (test_continuity_questions.MemoryQuestionTests.test_conjunctive_names_preserve_intent_words_and_exact_sources) ... 
2026-09-24T04:04:43.9309825Z   test_conjunctive_names_preserve_intent_words_and_exact_sources (test_continuity_questions.MemoryQuestionTests.test_conjunctive_names_preserve_intent_words_and_exact_sources) (question='Why risk and memory management?') ... FAIL
2026-09-24T04:04:43.9351458Z   test_conjunctive_names_preserve_intent_words_and_exact_sources (test_continuity_questions.MemoryQuestionTests.test_conjunctive_names_preserve_intent_words_and_exact_sources) (question='Pourquoi risk and memory management ?') ... FAIL
2026-09-24T04:04:43.9538135Z   test_conjunctive_names_preserve_intent_words_and_exact_sources (test_continuity_questions.MemoryQuestionTests.test_conjunctive_names_preserve_intent_words_and_exact_sources) (question='What depends on risk and memory management?') ... FAIL
2026-09-24T04:04:43.9579472Z   test_conjunctive_names_preserve_intent_words_and_exact_sources (test_continuity_questions.MemoryQuestionTests.test_conjunctive_names_preserve_intent_words_and_exact_sources) (question='Qu’est-ce qui dépend de risk and memory management ?') ... FAIL
2026-09-24T04:04:43.9620343Z   test_conjunctive_names_preserve_intent_words_and_exact_sources (test_continuity_questions.MemoryQuestionTests.test_conjunctive_names_preserve_intent_words_and_exact_sources) (question='Why risque et mémoire management?') ... FAIL
2026-09-24T04:04:43.9661696Z   test_conjunctive_names_preserve_intent_words_and_exact_sources (test_continuity_questions.MemoryQuestionTests.test_conjunctive_names_preserve_intent_words_and_exact_sources) (question='Pourquoi risque et mémoire management ?') ... FAIL
2026-09-24T04:04:43.9847752Z   test_conjunctive_names_preserve_intent_words_and_exact_sources (test_continuity_questions.MemoryQuestionTests.test_conjunctive_names_preserve_intent_words_and_exact_sources) (question='What depends on risque et mémoire management?') ... FAIL
2026-09-24T04:04:43.9888781Z   test_conjunctive_names_preserve_intent_words_and_exact_sources (test_continuity_questions.MemoryQuestionTests.test_conjunctive_names_preserve_intent_words_and_exact_sources) (question='Qu’est-ce qui dépend de risque et mémoire management ?') ... FAIL
2026-09-24T04:04:44.0219357Z   test_conjunctive_names_preserve_intent_words_and_exact_sources (test_continuity_questions.MemoryQuestionTests.test_conjunctive_names_preserve_intent_words_and_exact_sources) (question='What depends on risk or change management?') ... FAIL
2026-09-24T04:04:44.0261359Z   test_conjunctive_names_preserve_intent_words_and_exact_sources (test_continuity_questions.MemoryQuestionTests.test_conjunctive_names_preserve_intent_words_and_exact_sources) (question='Qu’est-ce qui dépend de risk or change management ?') ... FAIL
2026-09-24T04:04:44.0588637Z   test_conjunctive_names_preserve_intent_words_and_exact_sources (test_continuity_questions.MemoryQuestionTests.test_conjunctive_names_preserve_intent_words_and_exact_sources) (question='What depends on risk and call management?') ... FAIL
2026-09-24T04:04:44.0632016Z   test_conjunctive_names_preserve_intent_words_and_exact_sources (test_continuity_questions.MemoryQuestionTests.test_conjunctive_names_preserve_intent_words_and_exact_sources) (question='Qu’est-ce qui dépend de risk and call management ?') ... FAIL
2026-09-24T04:04:44.1696248Z test_dependency_entity_names_do_not_become_other_intents (test_continuity_questions.MemoryQuestionTests.test_dependency_entity_names_do_not_become_other_intents) ... ok
2026-09-24T04:04:44.2138787Z test_dependency_target_uses_all_distinguishing_terms (test_continuity_questions.MemoryQuestionTests.test_dependency_target_uses_all_distinguishing_terms) ... ok
2026-09-24T04:04:44.2459154Z test_dotted_software_versions_are_not_unintroduced_date_filters (test_continuity_questions.MemoryQuestionTests.test_dotted_software_versions_are_not_unintroduced_date_filters) ... 
2026-09-24T04:04:44.2460663Z   test_dotted_software_versions_are_not_unintroduced_date_filters (test_continuity_questions.MemoryQuestionTests.test_dotted_software_versions_are_not_unintroduced_date_filters) (question='Why Python 3.14?') ... FAIL
2026-09-24T04:04:44.2498816Z   test_dotted_software_versions_are_not_unintroduced_date_filters (test_continuity_questions.MemoryQuestionTests.test_dotted_software_versions_are_not_unintroduced_date_filters) (question='Pourquoi Python 3.14 ?') ... FAIL
2026-09-24T04:04:44.2536931Z   test_dotted_software_versions_are_not_unintroduced_date_filters (test_continuity_questions.MemoryQuestionTests.test_dotted_software_versions_are_not_unintroduced_date_filters) (question='Why Python 3.12?') ... FAIL
2026-09-24T04:04:44.2574962Z   test_dotted_software_versions_are_not_unintroduced_date_filters (test_continuity_questions.MemoryQuestionTests.test_dotted_software_versions_are_not_unintroduced_date_filters) (question='Pourquoi Python 3.12 ?') ... FAIL
2026-09-24T04:04:44.2612913Z   test_dotted_software_versions_are_not_unintroduced_date_filters (test_continuity_questions.MemoryQuestionTests.test_dotted_software_versions_are_not_unintroduced_date_filters) (question='Why Node 24.1.0?') ... FAIL
2026-09-24T04:04:44.2651292Z   test_dotted_software_versions_are_not_unintroduced_date_filters (test_continuity_questions.MemoryQuestionTests.test_dotted_software_versions_are_not_unintroduced_date_filters) (question='Pourquoi Node 24.1.0 ?') ... FAIL
2026-09-24T04:04:44.2689064Z   test_dotted_software_versions_are_not_unintroduced_date_filters (test_continuity_questions.MemoryQuestionTests.test_dotted_software_versions_are_not_unintroduced_date_filters) (question='Why Deno 2.3?') ... FAIL
2026-09-24T04:04:44.2726333Z   test_dotted_software_versions_are_not_unintroduced_date_filters (test_continuity_questions.MemoryQuestionTests.test_dotted_software_versions_are_not_unintroduced_date_filters) (question='Pourquoi Deno 2.3 ?') ... FAIL
2026-09-24T04:04:44.4146124Z test_entity_intent_words_are_preserved_in_why_and_explicit_memory (test_continuity_questions.MemoryQuestionTests.test_entity_intent_words_are_preserved_in_why_and_explicit_memory) ... ok
2026-09-24T04:04:44.4529774Z test_explicit_bound_does_not_erase_question_side_time_constraints (test_continuity_questions.MemoryQuestionTests.test_explicit_bound_does_not_erase_question_side_time_constraints) ... ok
2026-09-24T04:04:44.4975614Z test_explicit_dotted_date_constraints_do_not_become_version_terms (test_continuity_questions.MemoryQuestionTests.test_explicit_dotted_date_constraints_do_not_become_version_terms) ... ok
2026-09-24T04:04:44.7476753Z test_extreme_timezone_bounds_have_bounded_cli_rejection (test_continuity_questions.MemoryQuestionTests.test_extreme_timezone_bounds_have_bounded_cli_rejection) ... ok
2026-09-24T04:04:44.7844344Z test_french_english_why_cite_exact_reason_without_promoting_it (test_continuity_questions.MemoryQuestionTests.test_french_english_why_cite_exact_reason_without_promoting_it) ... ok
2026-09-24T04:04:44.8237247Z test_import_and_call_questions_cannot_fall_back_to_memory (test_continuity_questions.MemoryQuestionTests.test_import_and_call_questions_cannot_fall_back_to_memory) ... ok
2026-09-24T04:04:44.8604123Z test_inactive_edge_cannot_make_an_active_unknown_target_ambiguous (test_continuity_questions.MemoryQuestionTests.test_inactive_edge_cannot_make_an_active_unknown_target_ambiguous) ... ok
2026-09-24T04:04:44.8963633Z test_inactive_source_cannot_name_an_unknown_target_for_an_active_edge (test_continuity_questions.MemoryQuestionTests.test_inactive_source_cannot_name_an_unknown_target_for_an_active_edge) ... ok
2026-09-24T04:04:44.9454849Z test_incoming_dependencies_have_exact_relation_source_and_direction (test_continuity_questions.MemoryQuestionTests.test_incoming_dependencies_have_exact_relation_source_and_direction) ... ok
2026-09-24T04:04:44.9781925Z test_iso_date_substrings_remain_literal_entity_identifiers (test_continuity_questions.MemoryQuestionTests.test_iso_date_substrings_remain_literal_entity_identifiers) ... 
2026-09-24T04:04:44.9784510Z   test_iso_date_substrings_remain_literal_entity_identifiers (test_continuity_questions.MemoryQuestionTests.test_iso_date_substrings_remain_literal_entity_identifiers) (question='Why release-2026-09-21?') ... FAIL
2026-09-24T04:04:44.9822002Z   test_iso_date_substrings_remain_literal_entity_identifiers (test_continuity_questions.MemoryQuestionTests.test_iso_date_substrings_remain_literal_entity_identifiers) (question='Pourquoi release-2026-09-21 ?') ... FAIL
2026-09-24T04:04:44.9860908Z   test_iso_date_substrings_remain_literal_entity_identifiers (test_continuity_questions.MemoryQuestionTests.test_iso_date_substrings_remain_literal_entity_identifiers) (question='Why release-2026-09-22?') ... FAIL
2026-09-24T04:04:44.9899905Z   test_iso_date_substrings_remain_literal_entity_identifiers (test_continuity_questions.MemoryQuestionTests.test_iso_date_substrings_remain_literal_entity_identifiers) (question='Pourquoi release-2026-09-22 ?') ... FAIL
2026-09-24T04:04:45.0078108Z   test_iso_date_substrings_remain_literal_entity_identifiers (test_continuity_questions.MemoryQuestionTests.test_iso_date_substrings_remain_literal_entity_identifiers) (question='Why api/2026-09-21?') ... FAIL
2026-09-24T04:04:45.0116583Z   test_iso_date_substrings_remain_literal_entity_identifiers (test_continuity_questions.MemoryQuestionTests.test_iso_date_substrings_remain_literal_entity_identifiers) (question='Pourquoi api/2026-09-21 ?') ... FAIL
2026-09-24T04:04:45.0546053Z test_missing_reason_unrelated_question_and_ambiguous_dates_abstain (test_continuity_questions.MemoryQuestionTests.test_missing_reason_unrelated_question_and_ambiguous_dates_abstain) ... ok
2026-09-24T04:04:45.1187259Z test_mixed_intents_never_choose_one_partial_answer (test_continuity_questions.MemoryQuestionTests.test_mixed_intents_never_choose_one_partial_answer) ... ok
2026-09-24T04:04:45.1537899Z test_natural_date_with_time_qualification_never_becomes_midnight (test_continuity_questions.MemoryQuestionTests.test_natural_date_with_time_qualification_never_becomes_midnight) ... ok
2026-09-24T04:04:45.2569010Z test_numeric_technology_and_compound_identifiers_are_not_year_filters (test_continuity_questions.MemoryQuestionTests.test_numeric_technology_and_compound_identifiers_are_not_year_filters) ... ok
2026-09-24T04:04:45.2925628Z test_outgoing_dependency_wording_abstains_in_both_languages (test_continuity_questions.MemoryQuestionTests.test_outgoing_dependency_wording_abstains_in_both_languages) ... ok
2026-09-24T04:04:45.4203445Z test_oversized_context_refuses_instead_of_cutting_reason_or_citation (test_continuity_questions.MemoryQuestionTests.test_oversized_context_refuses_instead_of_cutting_reason_or_citation) ... ok
2026-09-24T04:04:45.4823592Z test_punctuation_bearing_technology_names_remain_distinct (test_continuity_questions.MemoryQuestionTests.test_punctuation_bearing_technology_names_remain_distinct) ... ok
2026-09-24T04:04:45.5308937Z test_quarters_and_unqualified_years_never_match_path_years_as_time (test_continuity_questions.MemoryQuestionTests.test_quarters_and_unqualified_years_never_match_path_years_as_time) ... ok
2026-09-24T04:04:45.5610895Z test_query_and_recorded_instructions_remain_data_without_side_effects (test_continuity_questions.MemoryQuestionTests.test_query_and_recorded_instructions_remain_data_without_side_effects) ... ok
2026-09-24T04:04:45.5998951Z test_relative_constraints_are_checked_for_every_question_kind (test_continuity_questions.MemoryQuestionTests.test_relative_constraints_are_checked_for_every_question_kind) ... ok
2026-09-24T04:04:45.6588009Z test_relative_time_phrases_do_not_return_all_changes (test_continuity_questions.MemoryQuestionTests.test_relative_time_phrases_do_not_return_all_changes) ... ok
2026-09-24T04:04:45.7097055Z test_resolved_unknown_target_keeps_every_active_incoming_edge (test_continuity_questions.MemoryQuestionTests.test_resolved_unknown_target_keeps_every_active_incoming_edge) ... ok
2026-09-24T04:04:45.7476262Z test_retired_assertion_is_not_current_answer_and_confirmed_source_is_cited (test_continuity_questions.MemoryQuestionTests.test_retired_assertion_is_not_current_answer_and_confirmed_source_is_cited) ... ok
2026-09-24T04:04:45.7827183Z test_season_named_technology_without_period_qualifier_is_queryable (test_continuity_questions.MemoryQuestionTests.test_season_named_technology_without_period_qualifier_is_queryable) ... ok
2026-09-24T04:04:45.8393862Z test_short_query_terms_distinguish_versions_and_single_letter_names (test_continuity_questions.MemoryQuestionTests.test_short_query_terms_distinguish_versions_and_single_letter_names) ... ok
2026-09-24T04:04:45.8761371Z test_temporal_changes_use_recorded_instants_and_preserve_unknown_coverage (test_continuity_questions.MemoryQuestionTests.test_temporal_changes_use_recorded_instants_and_preserve_unknown_coverage) ... ok
2026-09-24T04:04:45.9114322Z test_unicode_query_terms_are_not_silently_discarded (test_continuity_questions.MemoryQuestionTests.test_unicode_query_terms_are_not_silently_discarded) ... ok
2026-09-24T04:04:45.9629759Z test_unknown_auto_intent_abstains_but_explicit_memory_lookup_remains (test_continuity_questions.MemoryQuestionTests.test_unknown_auto_intent_abstains_but_explicit_memory_lookup_remains) ... ok
2026-09-24T04:04:46.0087226Z test_unsupported_named_period_bounds_abstain (test_continuity_questions.MemoryQuestionTests.test_unsupported_named_period_bounds_abstain) ... ok
2026-09-24T04:04:46.1715433Z test_weekends_seasons_and_long_relative_periods_abstain (test_continuity_questions.MemoryQuestionTests.test_weekends_seasons_and_long_relative_periods_abstain) ... ok
2026-09-24T04:04:46.2070889Z test_why_requires_all_search_terms_not_a_shared_generic_word (test_continuity_questions.MemoryQuestionTests.test_why_requires_all_search_terms_not_a_shared_generic_word) ... ok
2026-09-24T04:04:46.2855192Z test_word_clock_and_unsupported_at_constraints_abstain (test_continuity_questions.MemoryQuestionTests.test_word_clock_and_unsupported_at_constraints_abstain) ... ok
2026-09-24T04:04:46.3167213Z test_year_only_from_bound_cannot_match_a_year_in_recorded_paths (test_continuity_questions.MemoryQuestionTests.test_year_only_from_bound_cannot_match_a_year_in_recorded_paths) ... ok
2026-09-24T04:04:46.3482200Z test_fallback_keeps_its_minimum_term_length (test_continuity_related_changes.ContinuityRelatedChangeTests.test_fallback_keeps_its_minimum_term_length) ... ok
2026-09-24T04:04:46.5865241Z test_french_ligatures_match_recorded_file_names_in_both_directions (test_continuity_related_changes.ContinuityRelatedChangeTests.test_french_ligatures_match_recorded_file_names_in_both_directions) ... ok
2026-09-24T04:04:46.6208105Z test_human_calcul_query_recovers_verified_calculator_change (test_continuity_related_changes.ContinuityRelatedChangeTests.test_human_calcul_query_recovers_verified_calculator_change) ... ok
2026-09-24T04:04:46.6552124Z test_unrelated_query_does_not_return_recent_change_just_because_it_is_recent (test_continuity_related_changes.ContinuityRelatedChangeTests.test_unrelated_query_does_not_return_recent_change_just_because_it_is_recent) ... ok
2026-09-24T04:04:46.6920163Z test_bridge_reverification_keeps_one_change_and_advances_current_proof (test_continuity_reverification.ContinuityReverificationTests.test_bridge_reverification_keeps_one_change_and_advances_current_proof) ... ok
2026-09-24T04:04:46.7218223Z test_same_tree_change_accepts_new_certificate_despite_new_snapshot_shas (test_continuity_reverification.ContinuityReverificationTests.test_same_tree_change_accepts_new_certificate_despite_new_snapshot_shas) ... ok
2026-09-24T04:04:46.7251113Z test_deferred_indexes_keep_constraints_and_exact_final_schema (test_continuity_schema_transaction.SchemaTransactionTests.test_deferred_indexes_keep_constraints_and_exact_final_schema) ... ok
2026-09-24T04:04:46.7702717Z test_failed_rebuild_preserves_old_state_and_cleans_temporary_database (test_continuity_schema_transaction.SchemaTransactionTests.test_failed_rebuild_preserves_old_state_and_cleans_temporary_database) ... ok
2026-09-24T04:04:46.8169328Z test_late_index_failure_keeps_previous_projection_and_journal (test_continuity_schema_transaction.SchemaTransactionTests.test_late_index_failure_keeps_previous_projection_and_journal) ... ok
2026-09-24T04:04:46.8183126Z test_schema_and_rows_can_be_rolled_back_together (test_continuity_schema_transaction.SchemaTransactionTests.test_schema_and_rows_can_be_rolled_back_together) ... ok
2026-09-24T04:04:46.8530049Z test_v8_lexical_table_rebuild_preserves_terms_and_journal (test_continuity_schema_transaction.SchemaTransactionTests.test_v8_lexical_table_rebuild_preserves_terms_and_journal) ... ok
2026-09-24T04:04:46.8542696Z test_classification_is_conservative_and_state_is_outside_project (test_continuity_task_session.ContinuityTaskSessionTests.test_classification_is_conservative_and_state_is_outside_project) ... ok
2026-09-24T04:04:46.8556117Z test_short_followup_keeps_anchor_and_task_identity (test_continuity_task_session.ContinuityTaskSessionTests.test_short_followup_keeps_anchor_and_task_identity) ... ok
2026-09-24T04:04:46.8574161Z test_substantive_focus_stays_inside_task_until_explicit_pivot (test_continuity_task_session.ContinuityTaskSessionTests.test_substantive_focus_stays_inside_task_until_explicit_pivot) ... ok
2026-09-24T04:04:46.8577853Z test_task_id_has_frozen_cross_runtime_vector (test_continuity_task_session.ContinuityTaskSessionTests.test_task_id_has_frozen_cross_runtime_vector) ... ok
2026-09-24T04:04:46.9626636Z test_boundary_participation_keeps_pivots_and_excludes_other_sessions_and_boundaries (test_continuity_tasks.DurableTaskTests.test_boundary_participation_keeps_pivots_and_excludes_other_sessions_and_boundaries) ... ok
2026-09-24T04:04:47.3302025Z test_explicit_task_cli_description_link_and_history_retrieval (test_continuity_tasks.DurableTaskTests.test_explicit_task_cli_description_link_and_history_retrieval) ... ok
2026-09-24T04:04:47.3869180Z test_hash_valid_broken_references_are_rejected_by_readers_checkpoints_and_old_cache (test_continuity_tasks.DurableTaskTests.test_hash_valid_broken_references_are_rejected_by_readers_checkpoints_and_old_cache) ... ok
2026-09-24T04:04:48.1987847Z test_installed_guided_technical_french_and_english_context_show_declared_task (test_continuity_tasks.DurableTaskTests.test_installed_guided_technical_french_and_english_context_show_declared_task) ... ok
2026-09-24T04:04:48.2873352Z test_invalid_or_cross_task_reference_aborts_whole_envelope_batch (test_continuity_tasks.DurableTaskTests.test_invalid_or_cross_task_reference_aborts_whole_envelope_batch) ... ok
2026-09-24T04:04:48.3591955Z test_lost_native_participant_stays_degraded_after_a_later_successful_prompt (test_continuity_tasks.DurableTaskTests.test_lost_native_participant_stays_degraded_after_a_later_successful_prompt) ... ok
2026-09-24T04:04:48.4550692Z test_native_link_is_atomic_idempotent_observed_and_survives_session_cleanup (test_continuity_tasks.DurableTaskTests.test_native_link_is_atomic_idempotent_observed_and_survives_session_cleanup) ... ok
2026-09-24T04:04:48.6970164Z test_native_link_rejects_extra_text_and_preserves_description (test_continuity_tasks.DurableTaskTests.test_native_link_rejects_extra_text_and_preserves_description) ... ok
2026-09-24T04:04:48.7518390Z test_native_prompt_persists_stable_identity_without_raw_prompt_or_session (test_continuity_tasks.DurableTaskTests.test_native_prompt_persists_stable_identity_without_raw_prompt_or_session) ... ok
2026-09-24T04:04:48.9591772Z test_native_task_can_be_explicitly_described_without_reimport_conflict (test_continuity_tasks.DurableTaskTests.test_native_task_can_be_explicitly_described_without_reimport_conflict) ... ok
2026-09-24T04:04:49.0076678Z test_profile_rejects_raw_prompt_extensions_and_authority_promotion (test_continuity_tasks.DurableTaskTests.test_profile_rejects_raw_prompt_extensions_and_authority_promotion) ... ok
2026-09-24T04:04:49.2320975Z test_task_cli_unknown_links_fail_without_changing_history (test_continuity_tasks.DurableTaskTests.test_task_cli_unknown_links_fail_without_changing_history) ... ok
2026-09-24T04:04:49.3257768Z test_task_identity_cannot_replace_existing_entity_and_unprofiled_extensions_keep_projection (test_continuity_tasks.DurableTaskTests.test_task_identity_cannot_replace_existing_entity_and_unprofiled_extensions_keep_projection) ... ok
2026-09-24T04:04:49.3730861Z test_checkpoint_is_idempotent_and_never_moves_head (test_continuity_transport.ContinuityTransportTests.test_checkpoint_is_idempotent_and_never_moves_head) ... ok
2026-09-24T04:04:49.5541695Z test_concurrent_remote_update_is_never_force_overwritten (test_continuity_transport.ContinuityTransportTests.test_concurrent_remote_update_is_never_force_overwritten) ... ok
2026-09-24T04:04:49.7418994Z test_divergent_project_histories_fail_closed (test_continuity_transport.ContinuityTransportTests.test_divergent_project_histories_fail_closed) ... ok
2026-09-24T04:04:49.8450732Z test_push_then_fresh_clone_pull_restores_exact_history_without_touching_code_head (test_continuity_transport.ContinuityTransportTests.test_push_then_fresh_clone_pull_restores_exact_history_without_touching_code_head) ... ok
2026-09-24T04:04:49.8453022Z test_action_binds_policy_to_base_revision_not_candidate_config (test_debt_action.DebtActionContractTests.test_action_binds_policy_to_base_revision_not_candidate_config) ... ok
2026-09-24T04:04:49.8454716Z test_action_exposes_proof_and_debt_outputs (test_debt_action.DebtActionContractTests.test_action_exposes_proof_and_debt_outputs) ... ok
2026-09-24T04:04:49.8455976Z test_action_restores_but_never_pushes_cumulative_ledger (test_debt_action.DebtActionContractTests.test_action_restores_but_never_pushes_cumulative_ledger) ... ok
2026-09-24T04:04:49.8473753Z test_existing_lineage_is_not_double_counted (test_debt_budget.DebtBudgetTests.test_existing_lineage_is_not_double_counted) ... ok
2026-09-24T04:04:49.8487560Z test_total_change_and_category_limits (test_debt_budget.DebtBudgetTests.test_total_change_and_category_limits) ... ok
2026-09-24T04:04:49.8502771Z test_explicit_accounting_can_record_a_real_over_budget_change (test_debt_budget_transaction.DebtBudgetTransactionTests.test_explicit_accounting_can_record_a_real_over_budget_change) ... ok
2026-09-24T04:04:49.8508792Z test_read_only_atomic_budget_check_does_not_mutate (test_debt_budget_transaction.DebtBudgetTransactionTests.test_read_only_atomic_budget_check_does_not_mutate) ... ok
2026-09-24T04:04:49.8529374Z test_two_stale_agents_cannot_both_consume_the_same_remaining_budget (test_debt_budget_transaction.DebtBudgetTransactionTests.test_two_stale_agents_cannot_both_consume_the_same_remaining_budget) ... ok
2026-09-24T04:04:49.8764481Z test_assurance_certificate_must_be_content_addressed_and_tree_bound (test_debt_certificate.DebtCertificateTests.test_assurance_certificate_must_be_content_addressed_and_tree_bound) ... ok
2026-09-24T04:04:49.8929123Z test_noop_certificate_is_rehashed_and_requires_candidate_binding (test_debt_certificate.DebtCertificateTests.test_noop_certificate_is_rehashed_and_requires_candidate_binding) ... ok
2026-09-24T04:04:49.9507040Z test_acceptance_requires_reason_and_remains_visible (test_debt_cli.DebtCliTests.test_acceptance_requires_reason_and_remains_visible) ... ok
2026-09-24T04:04:49.9923108Z test_debt_records_local_git_ledger_and_plan_surfaces_it (test_debt_cli.DebtCliTests.test_debt_records_local_git_ledger_and_plan_surfaces_it) ... ok
2026-09-24T04:04:50.0184794Z test_forged_certificate_cannot_waive_change_debt (test_debt_cli.DebtCliTests.test_forged_certificate_cannot_waive_change_debt) ... ok
2026-09-24T04:04:50.0692583Z test_health_trend_and_ledger_show_are_human_readable (test_debt_cli.DebtCliTests.test_health_trend_and_ledger_show_are_human_readable) ... ok
2026-09-24T04:04:50.0706189Z test_nested_diffwitness_debt_supported (test_debt_config.DebtConfigTests.test_nested_diffwitness_debt_supported) ... ok
2026-09-24T04:04:50.0720074Z test_top_level_debt_and_category_tables_normalize (test_debt_config.DebtConfigTests.test_top_level_debt_and_category_tables_normalize) ... ok
2026-09-24T04:04:50.0723488Z test_unknown_debt_key_fails_closed (test_debt_config.DebtConfigTests.test_unknown_debt_key_fails_closed) ... ok
2026-09-24T04:04:50.0993105Z test_tampered_certificate_fails_before_accounting (test_debt_entry.DebtEntryTests.test_tampered_certificate_fails_before_accounting) ... ok
2026-09-24T04:04:50.1024732Z test_trend_reconstructs_prior_balance_from_events (test_debt_history.DebtHistoryTests.test_trend_reconstructs_prior_balance_from_events) ... ok
2026-09-24T04:04:50.1292842Z test_health_does_not_count_duplicate_blocks_only_in_test_fixtures (test_debt_integrity.DebtIntegrityTests.test_health_does_not_count_duplicate_blocks_only_in_test_fixtures) ... ok
2026-09-24T04:04:50.1609094Z test_health_filters_function_local_python_cycle_but_keeps_real_import_cycle (test_debt_integrity.DebtIntegrityTests.test_health_filters_function_local_python_cycle_but_keeps_real_import_cycle) ... ok
2026-09-24T04:04:50.1962571Z test_health_scan_is_bound_to_the_dirty_worktree_it_actually_reads (test_debt_integrity.DebtIntegrityTests.test_health_scan_is_bound_to_the_dirty_worktree_it_actually_reads) ... ok
2026-09-24T04:04:50.2894360Z test_mutation_recheck_cleans_control_run_side_effects_before_counterfactual (test_debt_integrity.DebtIntegrityTests.test_mutation_recheck_cleans_control_run_side_effects_before_counterfactual) ... ok
2026-09-24T04:04:50.2895908Z test_dedupe_keeps_strongest_same_lineage (test_debt_models.DebtModelTests.test_dedupe_keeps_strongest_same_lineage) ... ok
2026-09-24T04:04:50.2896871Z test_report_is_additive_and_explicit (test_debt_models.DebtModelTests.test_report_is_additive_and_explicit) ... ok
2026-09-24T04:04:50.2897999Z test_stable_identity_ignores_explanation_and_points (test_debt_models.DebtModelTests.test_stable_identity_ignores_explanation_and_points) ... ok
2026-09-24T04:04:50.3070506Z test_plan_separates_automatic_repayment_from_manual_review (test_debt_planning.DebtPlanningTests.test_plan_separates_automatic_repayment_from_manual_review) ... ok
2026-09-24T04:04:50.3235898Z test_repay_all_ignores_manual_backlog_instead_of_promising_closure (test_debt_planning.DebtPlanningTests.test_repay_all_ignores_manual_backlog_instead_of_promising_closure) ... ok
2026-09-24T04:04:50.3393630Z test_repay_refuses_lineage_without_automatic_closure_adapter (test_debt_planning.DebtPlanningTests.test_repay_refuses_lineage_without_automatic_closure_adapter) ... ok
2026-09-24T04:04:50.3616853Z test_change_only_rules_are_not_mislabeled_as_project_replay (test_debt_scan.DebtScanTests.test_change_only_rules_are_not_mislabeled_as_project_replay) ... ok
2026-09-24T04:04:50.3838300Z test_change_security_scan_ignores_added_python_string_literal (test_debt_scan.DebtScanTests.test_change_security_scan_ignores_added_python_string_literal) ... ok
2026-09-24T04:04:50.4084859Z test_non_probative_certificate_cannot_hide_unverified_change (test_debt_scan.DebtScanTests.test_non_probative_certificate_cannot_hide_unverified_change) ... ok
2026-09-24T04:04:50.4333728Z test_preservation_certificate_prevents_fake_test_debt_but_not_security_review (test_debt_scan.DebtScanTests.test_preservation_certificate_prevents_fake_test_debt_but_not_security_review) ... ok
2026-09-24T04:04:50.4504455Z test_project_scan_finds_one_duplicate_region_and_local_cycle (test_debt_scan.DebtScanTests.test_project_scan_finds_one_duplicate_region_and_local_cycle) ... ok
2026-09-24T04:04:50.4659999Z test_python_security_scan_detects_structural_call_keywords (test_debt_scan.DebtScanTests.test_python_security_scan_detects_structural_call_keywords) ... ok
2026-09-24T04:04:50.4817996Z test_python_security_scan_ignores_signature_strings_and_comments (test_debt_scan.DebtScanTests.test_python_security_scan_ignores_signature_strings_and_comments) ... ok
2026-09-24T04:04:50.5075150Z test_security_rule_has_same_identity_in_change_and_project_scan (test_debt_scan.DebtScanTests.test_security_rule_has_same_identity_in_change_and_project_scan) ... ok
2026-09-24T04:04:50.5298083Z test_unverified_change_and_no_changed_test_surface_are_explicit (test_debt_scan.DebtScanTests.test_unverified_change_and_no_changed_test_surface_are_explicit) ... ok
2026-09-24T04:04:50.5551332Z test_structurally_unrelated_function_is_not_flagged (test_debt_sensor_precision.SemanticRedundancyPrecisionTests.test_structurally_unrelated_function_is_not_flagged) ... ok
2026-09-24T04:04:50.5853022Z test_accounting_boundary_enriches_report_but_zero_point_sensor_cannot_break_budget (test_debt_sensors.SemanticRedundancySensorTests.test_accounting_boundary_enriches_report_but_zero_point_sensor_cannot_break_budget) ... ok
2026-09-24T04:04:50.6162899Z test_change_and_project_modes_keep_same_debt_identity (test_debt_sensors.SemanticRedundancySensorTests.test_change_and_project_modes_keep_same_debt_identity) ... ok
2026-09-24T04:04:50.6475589Z test_change_sensor_finds_renamed_reimplementation_without_exporting_source (test_debt_sensors.SemanticRedundancySensorTests.test_change_sensor_finds_renamed_reimplementation_without_exporting_source) ... ok
2026-09-24T04:04:50.6728111Z test_exact_source_copy_is_left_to_existing_deterministic_duplicate_rule (test_debt_sensors.SemanticRedundancySensorTests.test_exact_source_copy_is_left_to_existing_deterministic_duplicate_rule) ... ok
2026-09-24T04:04:50.6955957Z test_sensor_can_be_disabled_at_accounting_boundary (test_debt_sensors.SemanticRedundancySensorTests.test_sensor_can_be_disabled_at_accounting_boundary) ... ok
2026-09-24T04:04:50.8484349Z test_historical_test_debt_resolves_when_current_tests_discriminate_origin (test_debt_verify.DebtVerifyTests.test_historical_test_debt_resolves_when_current_tests_discriminate_origin) ... ok
2026-09-24T04:04:51.0997030Z test_mutation_debt_resolves_when_current_tests_make_it_necessary (test_debt_verify.DebtVerifyTests.test_mutation_debt_resolves_when_current_tests_make_it_necessary) ... ok
2026-09-24T04:04:51.0998729Z test_binary_change_is_never_misrepresented_as_line_hunk (test_diff_edgecases.DiffEdgeCaseTests.test_binary_change_is_never_misrepresented_as_line_hunk) ... ok
2026-09-24T04:04:51.1000666Z test_documentation_new_file_does_not_enter_executable_causal_surface (test_diff_edgecases.DiffEdgeCaseTests.test_documentation_new_file_does_not_enter_executable_causal_surface) ... ok
2026-09-24T04:04:51.1002683Z test_new_production_file_is_conservative_structural_mutation (test_diff_edgecases.DiffEdgeCaseTests.test_new_production_file_is_conservative_structural_mutation) ... ok
2026-09-24T04:04:51.1004281Z test_path_with_spaces_remains_one_hunk_mutation (test_diff_edgecases.DiffEdgeCaseTests.test_path_with_spaces_remains_one_hunk_mutation) ... ok
2026-09-24T04:04:51.1005477Z test_rename_is_file_level_even_with_text_hunk (test_diff_edgecases.DiffEdgeCaseTests.test_rename_is_file_level_even_with_text_hunk) ... ok
2026-09-24T04:04:51.1006317Z test_documentation_classifier_is_narrow (test_diffing.DiffingTests.test_documentation_classifier_is_narrow) ... ok
2026-09-24T04:04:51.1007589Z test_documentation_hunks_are_excluded_by_default_but_can_be_included (test_diffing.DiffingTests.test_documentation_hunks_are_excluded_by_default_but_can_be_included) ... ok
2026-09-24T04:04:51.1008787Z test_hunk_ranges_become_annotation_lines (test_diffing.DiffingTests.test_hunk_ranges_become_annotation_lines) ... ok
2026-09-24T04:04:51.1009481Z test_test_path_detection (test_diffing.DiffingTests.test_test_path_detection) ... ok
2026-09-24T04:04:53.2083206Z test_real_no_proof_fresh_drift_clean_stale_and_failed_attempt (test_doctor_proof_truthfulness.DoctorProofTruthfulnessTests.test_real_no_proof_fresh_drift_clean_stale_and_failed_attempt) ... DiffWitness Gate rejected: candidate is not stably green
2026-09-24T04:04:53.2084128Z 
2026-09-24T04:04:53.2084256Z DiffWitness Guard: PROOF REJECTED
2026-09-24T04:04:53.6761672Z ok
2026-09-24T04:04:53.6764694Z test_engine_command_is_argv_not_shell_text (test_engine_config.EngineConfigTests.test_engine_command_is_argv_not_shell_text) ... ok
2026-09-24T04:04:53.6766201Z test_required_engine_needs_command (test_engine_config.EngineConfigTests.test_required_engine_needs_command) ... ok
2026-09-24T04:04:53.6771503Z test_top_level_engine_table_loads_without_relaxing_unknown_keys (test_engine_config.EngineConfigTests.test_top_level_engine_table_loads_without_relaxing_unknown_keys) ... ok
2026-09-24T04:04:53.7205330Z test_capability_preflight_accepts_compatible_bounded_engine (test_engine_doctor.EngineDoctorTests.test_capability_preflight_accepts_compatible_bounded_engine) ... ok
2026-09-24T04:04:53.7479106Z test_capability_preflight_rejects_ambiguous_json (test_engine_doctor.EngineDoctorTests.test_capability_preflight_rejects_ambiguous_json) ... ok
2026-09-24T04:04:53.8235892Z test_capability_preflight_rejects_protocol_or_authority_drift (test_engine_doctor.EngineDoctorTests.test_capability_preflight_rejects_protocol_or_authority_drift) ... ok
2026-09-24T04:04:53.8827326Z test_dw_doctor_fails_preflight_for_incompatible_required_engine (test_engine_doctor.EngineDoctorTests.test_dw_doctor_fails_preflight_for_incompatible_required_engine) ... ok
2026-09-24T04:04:53.9100986Z test_dw_doctor_keeps_community_only_onboarding_clean (test_engine_doctor.EngineDoctorTests.test_dw_doctor_keeps_community_only_onboarding_clean) ... ok
2026-09-24T04:04:53.9688049Z test_dw_doctor_reports_compatible_required_private_engine (test_engine_doctor.EngineDoctorTests.test_dw_doctor_reports_compatible_required_private_engine) ... ok
2026-09-24T04:04:53.9825895Z test_committed_project_engine_wins_over_machine_local_profile (test_engine_local.LocalEngineTests.test_committed_project_engine_wins_over_machine_local_profile) ... ok
2026-09-24T04:04:54.0046491Z test_corrupt_machine_local_profile_fails_closed (test_engine_local.LocalEngineTests.test_corrupt_machine_local_profile_fails_closed) ... ok
2026-09-24T04:04:54.1539451Z test_dw_engine_enable_status_doctor_disable_is_git_local (test_engine_local.LocalEngineTests.test_dw_engine_enable_status_doctor_disable_is_git_local) ... ok
2026-09-24T04:04:54.5670335Z test_real_gate_consumes_git_local_private_plan_but_public_runner_owns_verdict (test_engine_local_gate.LocalEngineGateTests.test_real_gate_consumes_git_local_private_plan_but_public_runner_owns_verdict) ... ok
2026-09-24T04:04:54.6207375Z test_ambiguous_engine_json_is_rejected_before_plan_validation (test_engine_protocol.EngineProtocolTests.test_ambiguous_engine_json_is_rejected_before_plan_validation) ... ok
2026-09-24T04:04:54.6209671Z test_canonical_compat_vector_has_frozen_request_id_and_digest (test_engine_protocol.EngineProtocolTests.test_canonical_compat_vector_has_frozen_request_id_and_digest) ... ok
2026-09-24T04:04:54.6211230Z test_change_identity_depends_on_repository_and_git_trees (test_engine_protocol.EngineProtocolTests.test_change_identity_depends_on_repository_and_git_trees) ... ok
2026-09-24T04:04:54.6420630Z test_non_finite_planning_budget_is_rejected_before_request_hashing (test_engine_protocol.EngineProtocolTests.test_non_finite_planning_budget_is_rejected_before_request_hashing) ... ok
2026-09-24T04:04:54.6957336Z test_optional_engine_failure_degrades_but_required_engine_fails_closed (test_engine_protocol.EngineProtocolTests.test_optional_engine_failure_degrades_but_required_engine_fails_closed) ... ok
2026-09-24T04:04:54.7181514Z test_plan_must_be_exactly_bound_and_cover_every_mutation_once (test_engine_protocol.EngineProtocolTests.test_plan_must_be_exactly_bound_and_cover_every_mutation_once) ... ok
2026-09-24T04:04:54.7717812Z test_real_subprocess_plan_is_validated_before_use (test_engine_protocol.EngineProtocolTests.test_real_subprocess_plan_is_validated_before_use) ... ok
2026-09-24T04:04:54.7950872Z test_request_is_content_bound_without_embedding_test_command_or_patch (test_engine_protocol.EngineProtocolTests.test_request_is_content_bound_without_embedding_test_command_or_patch) ... ok
2026-09-24T04:04:54.8058258Z test_code_change_does_not_get_noop_preflight (test_entry.EntryTests.test_code_change_does_not_get_noop_preflight) ... DiffWitness proof dw0_097afb5b43b9ca2a818a attached to c4c9327e8f49 via refs/notes/diffwitness.
2026-09-24T04:04:54.8059809Z Publish it with: git push origin refs/notes/diffwitness
2026-09-24T04:04:54.8060407Z Invariant INV-IMPACT: Keep identity
2026-09-24T04:04:54.8060933Z Objective OBJ-REFUNDS: Support partial refunds safely
2026-09-24T04:04:54.8061837Z Decision DEC-IDEMPOTENCY: Keep refund operations idempotent
2026-09-24T04:04:54.8062797Z Invariant INV-CAPTURE-LIMIT: Refund total must never exceed captured payment
2026-09-24T04:04:54.8063619Z Failed approach FAIL-DIRECT-CHARGE: Mutating charge rows directly
2026-09-24T04:04:54.8281068Z DiffWitness: No evidence command could be detected. Run `dw doctor`, pass --test, or create .diffwitness.toml.
2026-09-24T04:04:54.8290613Z ok
2026-09-24T04:04:54.8621862Z test_docs_only_prove_succeeds_without_test_command_and_writes_noop_certificate (test_entry.EntryTests.test_docs_only_prove_succeeds_without_test_command_and_writes_noop_certificate) ... ok
2026-09-24T04:04:54.8625472Z test_public_version_options_bypass_friendly_unknown_router (test_entry.EntryTests.test_public_version_options_bypass_friendly_unknown_router) ... ok
2026-09-24T04:04:54.8734237Z test_unknown_test_only_surface_without_evidence_never_becomes_noop_success (test_fail_closed.FailClosedTests.test_unknown_test_only_surface_without_evidence_never_becomes_noop_success) ... DiffWitness: proof not required (dw0_6a0b7c3349a3661d62f5); no executable causal mutation detected.
2026-09-24T04:04:54.8951688Z DiffWitness: this change contains tests but DiffWitness cannot determine how to execute evidence. Failing closed: pass --test or configure [diffwitness].test.
2026-09-24T04:04:54.8960437Z ok
2026-09-24T04:04:55.3598331Z test_auto_routes_surplus_patch_to_adaptive_and_rejects_it (test_gate.GateTests.test_auto_routes_surplus_patch_to_adaptive_and_rejects_it) ... DiffWitness Gate rejected: Adaptive Core found 1 mutation(s) removable while preserving the selected stable evidence
2026-09-24T04:04:55.3611569Z ok
2026-09-24T04:04:55.3722923Z test_docs_only_gate_becomes_formal_proof_not_required (test_gate.GateTests.test_docs_only_gate_becomes_formal_proof_not_required) ... DiffWitness Gate: causal contrast proven; adaptive strategy for 2 production mutation(s) under balanced policy (899.9s proof budget remaining)
2026-09-24T04:04:55.3724848Z DiffWitness Adaptive Core
2026-09-24T04:04:55.3725193Z contrast:    PROVEN
2026-09-24T04:04:55.3725412Z mutations:   2 original
2026-09-24T04:04:55.3725634Z core:        1 retained
2026-09-24T04:04:55.3725860Z removable:   1 observed removable
2026-09-24T04:04:55.3726105Z experiments: 3/10
2026-09-24T04:04:55.3726305Z 1-minimal:   yes
2026-09-24T04:04:55.3726525Z certificate: dwac1_a88484b03afa1d7511c2
2026-09-24T04:04:55.3726720Z 
2026-09-24T04:04:55.3726796Z Causal core:
2026-09-24T04:04:55.3726995Z   KEEP    calc.py hunk 1/2
2026-09-24T04:04:55.3727145Z 
2026-09-24T04:04:55.3727246Z Evidence-removable surface:
2026-09-24T04:04:55.3727711Z   REVIEW  calc.py hunk 2/2 — def add(a, b):
2026-09-24T04:04:55.4338789Z ok
2026-09-24T04:04:55.4451545Z test_explicit_nondefault_config_supplies_evidence_command (test_gate.GateTests.test_explicit_nondefault_config_supplies_evidence_command) ... DiffWitness: proof not required (dw0_d3508dca33e3223aa3e6); no executable causal mutation detected.
2026-09-24T04:04:55.4453890Z Project continuity: 2 new change event(s) · dwchg_e4e5cdaf6790158177e44f7b
2026-09-24T04:04:55.6017114Z DiffWitness Gate: causal contrast proven; exhaustive strategy for 1 production mutation(s) under strict policy (899.9s proof budget remaining)
2026-09-24T04:04:55.8842302Z ok
2026-09-24T04:04:55.8954231Z test_small_proven_fix_uses_exhaustive_gate_and_writes_certificate (test_gate.GateTests.test_small_proven_fix_uses_exhaustive_gate_and_writes_certificate) ... DiffWitness 0.4.0a1 - counterfactual patch evidence
2026-09-24T04:04:55.8955347Z repo:      /tmp/tmp_msldbxt/repo
2026-09-24T04:04:55.8955758Z base:      f4859b15e47cab8a1ff23d2471aa282c9616d2a6 (f4859b15e47c)
2026-09-24T04:04:55.8956186Z candidate: 3bad7081c50efd3b6a968ac33bc58e90c8c11d40 (3bad7081c50e)
2026-09-24T04:04:55.8956727Z evidence:  "/opt/hostedtoolcache/Python/3.11.16/x64/bin/python" -m unittest discover -s tests -q
2026-09-24T04:04:55.8957185Z stability: 1 run(s) per variant
2026-09-24T04:04:55.8957437Z budget:    899.883s total; 300s per command
2026-09-24T04:04:55.8957948Z changes:   1 analyzed mutation(s); 1 changed test file(s)
2026-09-24T04:04:55.8958177Z 
2026-09-24T04:04:55.8958321Z contrast:  BASE STABLE-FAIL -> CANDIDATE STABLE-PASS
2026-09-24T04:04:55.8958542Z 
2026-09-24T04:04:55.8958682Z WITNESSED         +1/-1  calc.py hunk 1/1  [stable-fail]
2026-09-24T04:04:55.8958900Z 
2026-09-24T04:04:55.8959023Z summary: 1 witnessed, 0 unwitnessed, 0 inconclusive
2026-09-24T04:04:55.8959360Z core:    1 minimal sufficient set(s) of 1 hunk(s)
2026-09-24T04:04:55.8959658Z cert:    dw2_30a56a86755713759593
2026-09-24T04:04:55.8959957Z DiffWitness Gate accepted (dw2_30a56a86755713759593)
2026-09-24T04:04:55.8960604Z Project continuity: 2 new change event(s) · dwchg_1a14ccc7ae9801b35c089933
2026-09-24T04:04:56.0453080Z DiffWitness Gate: causal contrast proven; exhaustive strategy for 1 production mutation(s) under strict policy (899.9s proof budget remaining)
2026-09-24T04:04:56.3262599Z ok
2026-09-24T04:04:56.3263606Z test_unwitnessed_hunk_becomes_file_warning (test_github_actions.GitHubActionTests.test_unwitnessed_hunk_becomes_file_warning) ... ok
2026-09-24T04:04:56.3405414Z test_clean_worktree_reuses_head_exactly (test_gitops_snapshot_fastpath.SnapshotFastPathTests.test_clean_worktree_reuses_head_exactly) ... ok
2026-09-24T04:04:56.3630962Z test_meaningful_untracked_file_forces_exact_snapshot (test_gitops_snapshot_fastpath.SnapshotFastPathTests.test_meaningful_untracked_file_forces_exact_snapshot) ... ok
2026-09-24T04:04:56.3773032Z test_only_known_untracked_runtime_artifacts_still_reuse_head (test_gitops_snapshot_fastpath.SnapshotFastPathTests.test_only_known_untracked_runtime_artifacts_still_reuse_head) ... ok
2026-09-24T04:04:56.4008465Z test_staged_change_is_not_mistaken_for_clean_state (test_gitops_snapshot_fastpath.SnapshotFastPathTests.test_staged_change_is_not_mistaken_for_clean_state) ... ok
2026-09-24T04:04:56.4288697Z test_tracked_cache_like_file_is_never_filtered (test_gitops_snapshot_fastpath.SnapshotFastPathTests.test_tracked_cache_like_file_is_never_filtered) ... ok
2026-09-24T04:04:56.4514503Z test_tracked_worktree_change_forces_exact_snapshot (test_gitops_snapshot_fastpath.SnapshotFastPathTests.test_tracked_worktree_change_forces_exact_snapshot) ... ok
2026-09-24T04:04:56.4611946Z test_public_guard_delegates_proven_agent_patch_to_gate (test_guard.PublicGuardTests.test_public_guard_delegates_proven_agent_patch_to_gate) ... DiffWitness 0.4.0a1 - counterfactual patch evidence
2026-09-24T04:04:56.4613449Z repo:      /tmp/tmpyeifwb0c
2026-09-24T04:04:56.4613776Z base:      f4859b15e47cab8a1ff23d2471aa282c9616d2a6 (f4859b15e47c)
2026-09-24T04:04:56.4614191Z candidate: 3bad7081c50efd3b6a968ac33bc58e90c8c11d40 (3bad7081c50e)
2026-09-24T04:04:56.4614709Z evidence:  "/opt/hostedtoolcache/Python/3.11.16/x64/bin/python" -m unittest discover -s tests -q
2026-09-24T04:04:56.4615153Z stability: 1 run(s) per variant
2026-09-24T04:04:56.4615416Z budget:    899.885s total; 300s per command
2026-09-24T04:04:56.4615739Z changes:   1 analyzed mutation(s); 1 changed test file(s)
2026-09-24T04:04:56.4615978Z 
2026-09-24T04:04:56.4616112Z contrast:  BASE STABLE-FAIL -> CANDIDATE STABLE-PASS
2026-09-24T04:04:56.4616330Z 
2026-09-24T04:04:56.4616466Z WITNESSED         +1/-1  calc.py hunk 1/1  [stable-fail]
2026-09-24T04:04:56.4616684Z 
2026-09-24T04:04:56.4616812Z summary: 1 witnessed, 0 unwitnessed, 0 inconclusive
2026-09-24T04:04:56.4617129Z core:    1 minimal sufficient set(s) of 1 hunk(s)
2026-09-24T04:04:56.4617419Z cert:    dw2_9361b1457f5626421fc2
2026-09-24T04:04:56.4617699Z DiffWitness Gate accepted (dw2_9361b1457f5626421fc2)
2026-09-24T04:04:56.4618343Z Project continuity: 2 new change event(s) · dwchg_1a14ccc7ae9801b35c089933
2026-09-24T04:04:56.6336179Z DiffWitness Guard armed at e1650ece4437
2026-09-24T04:04:56.6338790Z Agent:    /opt/hostedtoolcache/Python/3.11.16/x64/bin/python -c from pathlib import Path; Path('calc.py').write_text('def add(a, b):\n    return a + b\n', encoding='utf-8'); Path('tests').mkdir(exist_ok=True); Path('tests/test_calc.py').write_text("import unittest\nfrom calc import add\n\nclass T(unittest.TestCase):\n    def test_add(self):\n        self.assertEqual(add(2, 3), 5)\n", encoding='utf-8')
2026-09-24T04:04:56.6340098Z Policy:   strict
2026-09-24T04:04:56.6340302Z Strategy: auto
2026-09-24T04:04:56.6340520Z Proof budget: 900s after agent exit
2026-09-24T04:04:56.6340698Z 
2026-09-24T04:04:56.6341102Z DiffWitness Gate: causal contrast proven; exhaustive strategy for 1 production mutation(s) under strict policy (899.9s proof budget remaining)
2026-09-24T04:04:56.9319278Z ok
2026-09-24T04:04:56.9417412Z test_public_guard_preserves_agent_failure_code_without_claiming_proof (test_guard.PublicGuardTests.test_public_guard_preserves_agent_failure_code_without_claiming_proof) ... DiffWitness 0.4.0a1 - counterfactual patch evidence
2026-09-24T04:04:56.9418587Z repo:      /tmp/tmp_asimu88
2026-09-24T04:04:56.9419220Z base:      e1650ece443742561d90e8f1c5a6b88f6598c95f (e1650ece4437)
2026-09-24T04:04:56.9419718Z candidate: 21cc1959081cc5594863783227ce7ce583e9bdb1 (21cc1959081c)
2026-09-24T04:04:56.9420324Z evidence:  "/opt/hostedtoolcache/Python/3.11.16/x64/bin/python" -m unittest discover -s tests -q
2026-09-24T04:04:56.9420823Z stability: 1 run(s) per variant
2026-09-24T04:04:56.9421126Z budget:    899.884s total; 300s per command
2026-09-24T04:04:56.9421499Z changes:   1 analyzed mutation(s); 1 changed test file(s)
2026-09-24T04:04:56.9421776Z 
2026-09-24T04:04:56.9422128Z contrast:  BASE STABLE-FAIL -> CANDIDATE STABLE-PASS
2026-09-24T04:04:56.9422634Z 
2026-09-24T04:04:56.9422941Z WITNESSED         +1/-1  calc.py hunk 1/1  [stable-fail]
2026-09-24T04:04:56.9423319Z 
2026-09-24T04:04:56.9423791Z summary: 1 witnessed, 0 unwitnessed, 0 inconclusive
2026-09-24T04:04:56.9424254Z core:    1 minimal sufficient set(s) of 1 hunk(s)
2026-09-24T04:04:56.9424647Z cert:    dw2_3a90288ea25d28207141
2026-09-24T04:04:56.9424984Z DiffWitness Gate accepted (dw2_3a90288ea25d28207141)
2026-09-24T04:04:56.9425201Z 
2026-09-24T04:04:56.9425308Z DiffWitness Guard: PROOF ACCEPTED
2026-09-24T04:04:56.9425495Z 
2026-09-24T04:04:56.9425581Z CHANGE DEBT
2026-09-24T04:04:56.9425787Z +0 point(s) / 0 obligation(s)
2026-09-24T04:04:56.9426266Z Debt budget: PASS — projected total 0; new 0
2026-09-24T04:04:56.9426581Z Debt Ledger: +0 introduced, 0 reopened, 0 refreshed
2026-09-24T04:04:56.9427105Z IdleProof explanation: /tmp/tmp_asimu88/.git/diffwitness/idleproof-explanation.json
2026-09-24T04:04:56.9427704Z Change envelope: /tmp/tmp_asimu88/.git/diffwitness/change-envelope.json
2026-09-24T04:04:56.9428610Z Project continuity: 3 new change event(s) · dwchg_9bf4a22034a8e1a11f8cb54a
2026-09-24T04:04:56.9628615Z DiffWitness Guard: agent exited with code 7; proof was not attempted.
2026-09-24T04:04:56.9681002Z ok
2026-09-24T04:04:56.9780663Z test_guard_records_agent_provenance_after_proof (test_guard_debt.GuardDebtTests.test_guard_records_agent_provenance_after_proof) ... DiffWitness Guard armed at debe17e5b9d9
2026-09-24T04:04:56.9781554Z Agent:    /opt/hostedtoolcache/Python/3.11.16/x64/bin/python -c raise SystemExit(7)
2026-09-24T04:04:56.9782011Z Policy:   config/default
2026-09-24T04:04:56.9782265Z Strategy: config/default
2026-09-24T04:04:56.9782670Z Proof budget: 900s after agent exit
2026-09-24T04:04:56.9782853Z 
2026-09-24T04:04:57.1533942Z DiffWitness Guard armed at 456dd70ad42d
2026-09-24T04:04:57.1535549Z Agent:    /opt/hostedtoolcache/Python/3.11.16/x64/bin/python -c from pathlib import Path; p=Path('auth/session.py'); p.write_text('def add(a, b):\n    return a + b\n', encoding='utf-8'); t=Path('tests/test_session.py'); t.parent.mkdir(exist_ok=True); t.write_text("import unittest\nfrom auth.session import add\n\nclass T(unittest.TestCase):\n    def test_add(self):\n        self.assertEqual(add(2, 3), 5)\n", encoding='utf-8')
2026-09-24T04:04:57.1536933Z Policy:   strict
2026-09-24T04:04:57.1537151Z Strategy: config/default
2026-09-24T04:04:57.1537387Z Proof budget: 900s after agent exit
2026-09-24T04:04:57.1537558Z 
2026-09-24T04:04:57.1538172Z DiffWitness Gate: causal contrast proven; exhaustive strategy for 1 production mutation(s) under strict policy (899.9s proof budget remaining)
2026-09-24T04:04:57.4688689Z ok
2026-09-24T04:04:57.4788195Z test_guard_rejects_over_budget_patch_without_admitting_rejected_debt (test_guard_debt.GuardDebtTests.test_guard_rejects_over_budget_patch_without_admitting_rejected_debt) ... DiffWitness 0.4.0a1 - counterfactual patch evidence
2026-09-24T04:04:57.4789378Z repo:      /tmp/tmpmqhioizf
2026-09-24T04:04:57.4789699Z base:      456dd70ad42d1a0fff1497fd8c383e979a30aadc (456dd70ad42d)
2026-09-24T04:04:57.4790128Z candidate: 2f9c73442d880de88d2a0c9b7a533e8d2939299d (2f9c73442d88)
2026-09-24T04:04:57.4790643Z evidence:  "/opt/hostedtoolcache/Python/3.11.16/x64/bin/python" -m unittest discover -s tests -q
2026-09-24T04:04:57.4791084Z stability: 1 run(s) per variant
2026-09-24T04:04:57.4791345Z budget:    899.882s total; 300s per command
2026-09-24T04:04:57.4791668Z changes:   1 analyzed mutation(s); 1 changed test file(s)
2026-09-24T04:04:57.4791898Z 
2026-09-24T04:04:57.4792042Z contrast:  BASE STABLE-FAIL -> CANDIDATE STABLE-PASS
2026-09-24T04:04:57.4792261Z 
2026-09-24T04:04:57.4793296Z WITNESSED         +1/-1  auth/session.py hunk 1/1  [stable-fail]
2026-09-24T04:04:57.4793725Z 
2026-09-24T04:04:57.4793902Z summary: 1 witnessed, 0 unwitnessed, 0 inconclusive
2026-09-24T04:04:57.4794227Z core:    1 minimal sufficient set(s) of 1 hunk(s)
2026-09-24T04:04:57.4794720Z cert:    dw2_8ced7bc61a94b6e61bc9
2026-09-24T04:04:57.4795013Z DiffWitness Gate accepted (dw2_8ced7bc61a94b6e61bc9)
2026-09-24T04:04:57.4795222Z 
2026-09-24T04:04:57.4795337Z DiffWitness Guard: PROOF ACCEPTED
2026-09-24T04:04:57.4795507Z 
2026-09-24T04:04:57.4795584Z CHANGE DEBT
2026-09-24T04:04:57.4795784Z +1 point(s) / 1 obligation(s)
2026-09-24T04:04:57.4796033Z   security           +1
2026-09-24T04:04:57.4796630Z   DW-F90AD233C569 +1 security/heuristic — Security-sensitive surface changed
2026-09-24T04:04:57.4797091Z Debt budget: PASS — projected total 1; new 1
2026-09-24T04:04:57.4797418Z Debt Ledger: +1 introduced, 0 reopened, 0 refreshed
2026-09-24T04:04:57.4797854Z IdleProof explanation: /tmp/tmpmqhioizf/.git/diffwitness/idleproof-explanation.json
2026-09-24T04:04:57.4798363Z Change envelope: /tmp/tmpmqhioizf/.git/diffwitness/change-envelope.json
2026-09-24T04:04:57.4798894Z Project continuity: 4 new change event(s) · dwchg_d1d728de1d78d42140ba4324
2026-09-24T04:04:57.4799329Z Project continuity: 1 Debt Ledger lifecycle event(s) projected
2026-09-24T04:04:57.6512153Z DiffWitness Guard armed at e557e248be4d
2026-09-24T04:04:57.6514805Z Agent:    /opt/hostedtoolcache/Python/3.11.16/x64/bin/python -c from pathlib import Path; p=Path('auth/session.py'); p.write_text('def add(a, b):\n    return a + b\n', encoding='utf-8'); t=Path('tests/test_session.py'); t.parent.mkdir(exist_ok=True); t.write_text("import unittest\nfrom auth.session import add\n\nclass T(unittest.TestCase):\n    def test_add(self):\n        self.assertEqual(add(2, 3), 5)\n", encoding='utf-8')
2026-09-24T04:04:57.6517451Z Policy:   strict
2026-09-24T04:04:57.6517815Z Strategy: config/default
2026-09-24T04:04:57.6518250Z Proof budget: 900s after agent exit
2026-09-24T04:04:57.6518570Z 
2026-09-24T04:04:57.6519302Z DiffWitness Gate: causal contrast proven; exhaustive strategy for 1 production mutation(s) under strict policy (899.9s proof budget remaining)
2026-09-24T04:04:57.9187286Z DiffWitness Guard: DEBT BUDGET REJECTED
2026-09-24T04:04:57.9461775Z ok
2026-09-24T04:04:57.9647268Z test_default_guided_root_help_is_a_bounded_onboarding_surface (test_ht001_guided_first_run.GuidedFirstRunDensityTests.test_default_guided_root_help_is_a_bounded_onboarding_surface) ... ok
2026-09-24T04:04:57.9765941Z test_french_guided_root_help_has_the_same_bounded_information_shape (test_ht001_guided_first_run.GuidedFirstRunDensityTests.test_french_guided_root_help_has_the_same_bounded_information_shape) ... ok
2026-09-24T04:04:57.9918538Z test_technical_help_keeps_the_complete_engineering_surface (test_ht001_guided_first_run.GuidedFirstRunDensityTests.test_technical_help_keeps_the_complete_engineering_surface) ... ok
2026-09-24T04:04:57.9934735Z test_default_guided_english_explains_how_to_reach_a_valid_doctor_context (test_ht002_doctor_outside_git.DoctorOutsideGitActionabilityTests.test_default_guided_english_explains_how_to_reach_a_valid_doctor_context) ... ok
2026-09-24T04:04:57.9950205Z test_guided_french_has_the_same_actionable_failure_shape (test_ht002_doctor_outside_git.DoctorOutsideGitActionabilityTests.test_guided_french_has_the_same_actionable_failure_shape) ... ok
2026-09-24T04:04:57.9965982Z test_json_outside_git_preserves_raw_failure_contract (test_ht002_doctor_outside_git.DoctorOutsideGitActionabilityTests.test_json_outside_git_preserves_raw_failure_contract) ... ok
2026-09-24T04:04:57.9976837Z test_other_git_failures_do_not_get_outside_repository_advice (test_ht002_doctor_outside_git.DoctorOutsideGitActionabilityTests.test_other_git_failures_do_not_get_outside_repository_advice) ... ok
2026-09-24T04:04:57.9992701Z test_technical_outside_git_still_fails_without_inventing_readiness (test_ht002_doctor_outside_git.DoctorOutsideGitActionabilityTests.test_technical_outside_git_still_fails_without_inventing_readiness) ... ok
2026-09-24T04:04:57.9994267Z test_every_diffwitness_owned_sidecar_diagnostic_has_a_guided_rendering (test_ht004_guided_vocabulary.HT004GuidedVocabularyTests.test_every_diffwitness_owned_sidecar_diagnostic_has_a_guided_rendering) ... ok
2026-09-24T04:04:58.4469464Z test_guided_setup_hides_internal_sidecar_term_without_changing_machine_or_technical_detail (test_ht004_guided_vocabulary.HT004GuidedVocabularyTests.test_guided_setup_hides_internal_sidecar_term_without_changing_machine_or_technical_detail) ... ok
2026-09-24T04:04:58.5213323Z test_idleproof_help_does_not_expose_internal_sidecar_architecture (test_ht004_guided_vocabulary.HT004GuidedVocabularyTests.test_idleproof_help_does_not_expose_internal_sidecar_architecture) ... ok
2026-09-24T04:04:58.5863611Z test_frontend_error_public_export_remains_available_on_demand (test_ht006_cli_startup.HT006CliStartupTests.test_frontend_error_public_export_remains_available_on_demand) ... ok
2026-09-24T04:04:58.6101150Z test_importing_public_entry_does_not_eagerly_load_full_frontend (test_ht006_cli_startup.HT006CliStartupTests.test_importing_public_entry_does_not_eagerly_load_full_frontend) ... ok
2026-09-24T04:04:58.6106140Z test_version_fast_path_does_not_run_git (test_ht006_cli_startup.HT006CliStartupTests.test_version_fast_path_does_not_run_git) ... ok
2026-09-24T04:04:58.6107390Z test_version_output_contract_remains_exact (test_ht006_cli_startup.HT006CliStartupTests.test_version_output_contract_remains_exact) ... ok
2026-09-24T04:04:58.6108774Z test_explicit_codex_setup_bounds_protect_scope_when_claude_is_detectable (test_ht007_provider_scope.HT007ProviderScopeQualificationTests.test_explicit_codex_setup_bounds_protect_scope_when_claude_is_detectable)
2026-09-24T04:04:59.2856582Z Public setup scope must win over broader provider auto-detection in Protect. ... ok
2026-09-24T04:05:00.3651701Z test_claude_hooks_use_exec_form_and_complete_native_change (test_human_blocker_regressions.HumanBlockerRegressionTests.test_claude_hooks_use_exec_form_and_complete_native_change) ... ok
2026-09-24T04:05:01.2544443Z test_manual_gate_persists_current_worktree_verification (test_human_blocker_regressions.HumanBlockerRegressionTests.test_manual_gate_persists_current_worktree_verification) ... ok
2026-09-24T04:05:01.2872856Z test_continuity_projection_failure_is_durable_degradation_and_recovery_clears_it (test_ide_handoff_fail_closed.IdeHandoffFailClosedTests.test_continuity_projection_failure_is_durable_degradation_and_recovery_clears_it) ... ok
2026-09-24T04:05:01.2883796Z test_exhausted_continuation_budget_never_becomes_approval (test_ide_handoff_fail_closed.IdeHandoffFailClosedTests.test_exhausted_continuation_budget_never_becomes_approval) ... ok
2026-09-24T04:05:01.3015398Z test_missing_or_invalid_native_start_capture_terminates_unverified_without_a_loop (test_ide_handoff_fail_closed.IdeHandoffFailClosedTests.test_missing_or_invalid_native_start_capture_terminates_unverified_without_a_loop) ... ok
2026-09-24T04:05:01.3018524Z test_session_model_receives_evidence_first_policy_and_optional_soul (test_idleproof_agent_session.IdleProofAgentSessionTests.test_session_model_receives_evidence_first_policy_and_optional_soul) ... ok
2026-09-24T04:05:01.3020672Z test_session_policy_does_not_require_soul_or_any_provider (test_idleproof_agent_session.IdleProofAgentSessionTests.test_session_policy_does_not_require_soul_or_any_provider) ... ok
2026-09-24T04:05:01.3340670Z test_authoritative_proof_path_has_no_model_or_http_client_dependency (test_idleproof_architecture_invariants.IdleProofArchitectureInvariantTests.test_authoritative_proof_path_has_no_model_or_http_client_dependency) ... ok
2026-09-24T04:05:01.3344426Z test_guard_may_emit_deterministic_idleproof_but_not_call_optional_inference (test_idleproof_architecture_invariants.IdleProofArchitectureInvariantTests.test_guard_may_emit_deterministic_idleproof_but_not_call_optional_inference) ... ok
2026-09-24T04:05:01.6855053Z test_optional_user_inference_never_flows_back_into_proof_debt_or_continuity_modules (test_idleproof_architecture_invariants.IdleProofArchitectureInvariantTests.test_optional_user_inference_never_flows_back_into_proof_debt_or_continuity_modules) ... ok
2026-09-24T04:05:01.6857685Z test_user_owned_cache_stays_in_git_metadata_not_project_source (test_idleproof_architecture_invariants.IdleProofArchitectureInvariantTests.test_user_owned_cache_stays_in_git_metadata_not_project_source) ... ok
2026-09-24T04:05:01.6860197Z test_binary_change_is_explained_conservatively (test_idleproof_explanation.DeterministicExplanationTests.test_binary_change_is_explained_conservatively) ... ok
2026-09-24T04:05:01.6861728Z test_empty_change_still_has_an_explicit_result (test_idleproof_explanation.DeterministicExplanationTests.test_empty_change_still_has_an_explicit_result) ... ok
2026-09-24T04:05:01.6863533Z test_heuristic_sensor_never_becomes_a_verified_fact (test_idleproof_explanation.DeterministicExplanationTests.test_heuristic_sensor_never_becomes_a_verified_fact) ... ok
2026-09-24T04:05:01.6864853Z test_renderer_is_useful_without_network_or_llm (test_idleproof_explanation.DeterministicExplanationTests.test_renderer_is_useful_without_network_or_llm) ... ok
2026-09-24T04:05:01.6866149Z test_unaccepted_proof_is_never_described_as_proven (test_idleproof_explanation.DeterministicExplanationTests.test_unaccepted_proof_is_never_described_as_proven) ... ok
2026-09-24T04:05:01.6867627Z test_builder_quota_is_exactly_500 (test_idleproof_explanation.ManagedInferencePolicyTests.test_builder_quota_is_exactly_500) ... ok
2026-09-24T04:05:01.6869167Z test_free_alpha_and_unknown_plans_can_never_use_diffwitness_managed_inference (test_idleproof_explanation.ManagedInferencePolicyTests.test_free_alpha_and_unknown_plans_can_never_use_diffwitness_managed_inference) ... ok
2026-09-24T04:05:01.6870953Z test_managed_quota_exhaustion_falls_back_to_deterministic_not_another_paid_route (test_idleproof_explanation.ManagedInferencePolicyTests.test_managed_quota_exhaustion_falls_back_to_deterministic_not_another_paid_route) ... ok
2026-09-24T04:05:01.6872499Z test_pro_quota_is_exactly_1200 (test_idleproof_explanation.ManagedInferencePolicyTests.test_pro_quota_is_exactly_1200) ... ok
2026-09-24T04:05:01.6873868Z test_team_and_enterprise_are_finite_in_shared_policy (test_idleproof_explanation.ManagedInferencePolicyTests.test_team_and_enterprise_are_finite_in_shared_policy) ... ok
2026-09-24T04:05:01.6875192Z test_user_owned_compute_remains_available_on_free (test_idleproof_explanation.ManagedInferencePolicyTests.test_user_owned_compute_remains_available_on_free) ... ok
2026-09-24T04:05:01.6876502Z test_llm_context_contains_only_bounded_facts_and_style (test_idleproof_explanation.SoulAndLlmContextTests.test_llm_context_contains_only_bounded_facts_and_style) ... ok
2026-09-24T04:05:01.6877734Z test_local_soul_is_style_only_and_bounded (test_idleproof_explanation.SoulAndLlmContextTests.test_local_soul_is_style_only_and_bounded) ... ok
2026-09-24T04:05:01.7433756Z test_historical_accepted_proof_cannot_claim_drifted_worktree_is_verified (test_idleproof_freshness.IdleProofFreshnessTests.test_historical_accepted_proof_cannot_claim_drifted_worktree_is_verified) ... ok
2026-09-24T04:05:01.7579104Z test_snapshot_omits_invalid_local_protection_projection (test_idleproof_protect_projection.IdleProofProtectProjectionTests.test_snapshot_omits_invalid_local_protection_projection) ... ok
2026-09-24T04:05:01.7719450Z test_snapshot_projects_only_bounded_aggregate_protection (test_idleproof_protect_projection.IdleProofProtectProjectionTests.test_snapshot_projects_only_bounded_aggregate_protection) ... ok
2026-09-24T04:05:01.7872672Z test_auto_installs_only_detected_project_providers (test_idleproof_sidecar.IntegrationTests.test_auto_installs_only_detected_project_providers) ... ok
2026-09-24T04:05:01.7983862Z test_auto_without_a_detected_provider_is_actionable_and_non_mutating (test_idleproof_sidecar.IntegrationTests.test_auto_without_a_detected_provider_is_actionable_and_non_mutating) ... ok
2026-09-24T04:05:01.8133413Z test_install_migrates_provider_neutral_hooks_without_double_execution (test_idleproof_sidecar.IntegrationTests.test_install_migrates_provider_neutral_hooks_without_double_execution) ... ok
2026-09-24T04:05:01.8335839Z test_install_status_and_uninstall_are_non_destructive (test_idleproof_sidecar.IntegrationTests.test_install_status_and_uninstall_are_non_destructive) ... ok
2026-09-24T04:05:01.8481342Z test_local_project_identity_is_stable_and_repo_bound (test_idleproof_sidecar.IntegrationTests.test_local_project_identity_is_stable_and_repo_bound) ... ok
2026-09-24T04:05:01.8586409Z test_assurance_bridge_rejects_envelope_that_violates_privacy_boundary (test_idleproof_sidecar.PortalSidecarTests.test_assurance_bridge_rejects_envelope_that_violates_privacy_boundary) ... ok
2026-09-24T04:05:01.8783629Z test_dry_run_needs_no_token_and_exposes_bounded_snapshot (test_idleproof_sidecar.PortalSidecarTests.test_dry_run_needs_no_token_and_exposes_bounded_snapshot) ... ok
2026-09-24T04:05:01.8917312Z test_endpoint_policy_and_token_is_never_persisted (test_idleproof_sidecar.PortalSidecarTests.test_endpoint_policy_and_token_is_never_persisted) ... ok
2026-09-24T04:05:02.4249462Z test_real_local_http_sync_sends_only_bounded_snapshot_and_uses_env_token (test_idleproof_sidecar.PortalSidecarTests.test_real_local_http_sync_sends_only_bounded_snapshot_and_uses_env_token) ... ok
2026-09-24T04:05:02.4462747Z test_snapshot_is_bounded_deterministic_and_preserves_inconclusive_proof (test_idleproof_sidecar.PortalSidecarTests.test_snapshot_is_bounded_deterministic_and_preserves_inconclusive_proof) ... ok
2026-09-24T04:05:02.4694939Z test_tracked_soul_remains_part_of_the_software_tree (test_idleproof_soul_snapshot.IdleProofSoulSnapshotTests.test_tracked_soul_remains_part_of_the_software_tree) ... ok
2026-09-24T04:05:02.4851562Z test_untracked_soul_preferences_do_not_change_candidate_tree (test_idleproof_soul_snapshot.IdleProofSoulSnapshotTests.test_untracked_soul_preferences_do_not_change_candidate_tree) ... ok
2026-09-24T04:05:02.4855446Z test_api_key_cannot_be_sent_over_plain_http_except_loopback (test_idleproof_user_inference.IdleProofUserInferenceTests.test_api_key_cannot_be_sent_over_plain_http_except_loopback) ... ok
2026-09-24T04:05:02.4985182Z test_cache_is_content_addressed_by_context_endpoint_and_model (test_idleproof_user_inference.IdleProofUserInferenceTests.test_cache_is_content_addressed_by_context_endpoint_and_model) ... ok
2026-09-24T04:05:02.5200289Z test_default_dw_explain_never_builds_a_network_opener (test_idleproof_user_inference.IdleProofUserInferenceTests.test_default_dw_explain_never_builds_a_network_opener) ... ok
2026-09-24T04:05:02.5202819Z test_human_output_always_shows_deterministic_original_before_labelled_ai_wording (test_idleproof_user_inference.IdleProofUserInferenceTests.test_human_output_always_shows_deterministic_original_before_labelled_ai_wording) ... ok
2026-09-24T04:05:02.5490657Z test_managed_engine_is_impossible_from_oss_cli_and_falls_back (test_idleproof_user_inference.IdleProofUserInferenceTests.test_managed_engine_is_impossible_from_oss_cli_and_falls_back) ... ok
2026-09-24T04:05:02.5878219Z test_openrouter_uses_only_user_key_and_cache_prevents_second_provider_call (test_idleproof_user_inference.IdleProofUserInferenceTests.test_openrouter_uses_only_user_key_and_cache_prevents_second_provider_call) ... ok
2026-09-24T04:05:02.5884246Z test_provider_control_characters_are_neutralized_before_display_or_cache (test_idleproof_user_inference.IdleProofUserInferenceTests.test_provider_control_characters_are_neutralized_before_display_or_cache) ... ok
2026-09-24T04:05:02.5889321Z test_slots_presentation_units_serialize_and_provider_rewrites_only_existing_ids (test_idleproof_user_inference.IdleProofUserInferenceTests.test_slots_presentation_units_serialize_and_provider_rewrites_only_existing_ids) ... ok
2026-09-24T04:05:04.0824926Z test_minimal_sufficient_core_and_surplus_hunk (test_integration.IntegrationTests.test_minimal_sufficient_core_and_surplus_hunk) ... ok
2026-09-24T04:05:04.5186876Z test_mutual_backup_pair_is_detected (test_integration.IntegrationTests.test_mutual_backup_pair_is_detected) ... ok
2026-09-24T04:05:04.5434389Z test_snapshot_ignores_untracked_runtime_caches_but_keeps_untracked_source (test_integration.IntegrationTests.test_snapshot_ignores_untracked_runtime_caches_but_keeps_untracked_source) ... ok
2026-09-24T04:05:04.5644536Z test_tracked_cache_named_file_is_never_silently_hidden (test_integration.IntegrationTests.test_tracked_cache_named_file_is_never_silently_hidden) ... ok
2026-09-24T04:05:04.5836839Z test_worktree_snapshot_does_not_require_persistent_git_identity (test_integration.IntegrationTests.test_worktree_snapshot_does_not_require_persistent_git_identity) ... ok
2026-09-24T04:05:04.6931234Z test_explicit_french_and_precedence_preserve_view_and_never_leak (test_language.LanguageTests.test_explicit_french_and_precedence_preserve_view_and_never_leak) ... ok
2026-09-24T04:05:04.8889347Z test_french_environment_defaults_to_english_without_persisting_language (test_language.LanguageTests.test_french_environment_defaults_to_english_without_persisting_language) ... ok
2026-09-24T04:05:05.4838698Z test_french_human_surfaces_and_json_are_language_and_view_invariant (test_language.LanguageTests.test_french_human_surfaces_and_json_are_language_and_view_invariant) ... ok
2026-09-24T04:05:05.4896151Z test_invalid_choice_and_missing_repo_do_not_save_or_leak (test_language.LanguageTests.test_invalid_choice_and_missing_repo_do_not_save_or_leak) ... ok
2026-09-24T04:05:05.4983574Z test_native_protocol_and_agent_arguments_do_not_inherit_ui_language (test_language.LanguageTests.test_native_protocol_and_agent_arguments_do_not_inherit_ui_language) ... ok
2026-09-24T04:05:05.7834474Z test_same_executed_evidence_produces_identical_certificates_in_both_languages (test_language.LanguageTests.test_same_executed_evidence_produces_identical_certificates_in_both_languages) ... ok
2026-09-24T04:05:05.7877925Z test_event_sourced_lifecycle_and_reopen (test_ledger.LedgerTests.test_event_sourced_lifecycle_and_reopen) ... ok
2026-09-24T04:05:05.7895381Z test_hash_valid_but_invalid_transition_fails_closed (test_ledger.LedgerTests.test_hash_valid_but_invalid_transition_fails_closed) ... ok
2026-09-24T04:05:05.7928837Z test_project_reconciliation_only_closes_project_rules (test_ledger.LedgerTests.test_project_reconciliation_only_closes_project_rules) ... ok
2026-09-24T04:05:05.7930072Z test_semantic_identity_mismatch_fails_closed_on_load (test_ledger.LedgerTests.test_semantic_identity_mismatch_fails_closed_on_load)
2026-09-24T04:05:05.7947108Z A hash-valid imported event cannot relabel a signal under another DW id. ... ok
2026-09-24T04:05:05.7982143Z test_stale_accept_cannot_accept_debt_resolved_by_another_process (test_ledger.LedgerTests.test_stale_accept_cannot_accept_debt_resolved_by_another_process) ... ok
2026-09-24T04:05:05.7983619Z test_stale_instances_append_without_losing_events (test_ledger.LedgerTests.test_stale_instances_append_without_losing_events)
2026-09-24T04:05:05.8009924Z Two agents that loaded the same ledger must not overwrite each other. ... ok
2026-09-24T04:05:05.8011053Z test_stale_instances_do_not_double_introduce_same_debt (test_ledger.LedgerTests.test_stale_instances_do_not_double_introduce_same_debt)
2026-09-24T04:05:05.8029742Z The state decision and append must share the same lock, not only the disk write. ... ok
2026-09-24T04:05:05.8053403Z test_stale_persist_cannot_overwrite_newer_history (test_ledger.LedgerTests.test_stale_persist_cannot_overwrite_newer_history) ... ok
2026-09-24T04:05:05.8069131Z test_tampering_breaks_integrity (test_ledger.LedgerTests.test_tampering_breaks_integrity) ... ok
2026-09-24T04:05:05.8071993Z test_unknown_event_type_is_rejected (test_ledger.LedgerTests.test_unknown_event_type_is_rejected) ... ok
2026-09-24T04:05:05.8604766Z test_checkpoint_and_status_are_exposed_through_dw (test_ledger_cli.LedgerCliTests.test_checkpoint_and_status_are_exposed_through_dw) ... ok
2026-09-24T04:05:05.8699493Z test_missing_remote_is_reported_as_cli_error_not_traceback (test_ledger_cli.LedgerCliTests.test_missing_remote_is_reported_as_cli_error_not_traceback) ... DiffWitness 0.4.0a1 - counterfactual patch evidence
2026-09-24T04:05:05.8700711Z repo:      /tmp/tmpjhlsn5nz
2026-09-24T04:05:05.8701740Z base:      e557e248be4dcec7f928e0140067ac9e0340ecc3 (e557e248be4d)
2026-09-24T04:05:05.8702692Z candidate: 95a6afbcb505ff1318a6b3b3f900e54ad4c56c8e (95a6afbcb505)
2026-09-24T04:05:05.8703868Z evidence:  "/opt/hostedtoolcache/Python/3.11.16/x64/bin/python" -m unittest discover -s tests -q
2026-09-24T04:05:05.8704634Z stability: 1 run(s) per variant
2026-09-24T04:05:05.8705061Z budget:    899.884s total; 300s per command
2026-09-24T04:05:05.8705625Z changes:   1 analyzed mutation(s); 1 changed test file(s)
2026-09-24T04:05:05.8706004Z 
2026-09-24T04:05:05.8706221Z contrast:  BASE STABLE-FAIL -> CANDIDATE STABLE-PASS
2026-09-24T04:05:05.8706579Z 
2026-09-24T04:05:05.8706831Z WITNESSED         +1/-1  auth/session.py hunk 1/1  [stable-fail]
2026-09-24T04:05:05.8707259Z 
2026-09-24T04:05:05.8707465Z summary: 1 witnessed, 0 unwitnessed, 0 inconclusive
2026-09-24T04:05:05.8708024Z core:    1 minimal sufficient set(s) of 1 hunk(s)
2026-09-24T04:05:05.8708507Z cert:    dw2_69dc6ee8581b0abf9e22
2026-09-24T04:05:05.8708988Z DiffWitness Gate accepted (dw2_69dc6ee8581b0abf9e22)
2026-09-24T04:05:05.8709364Z 
2026-09-24T04:05:05.8709541Z DiffWitness Guard: PROOF ACCEPTED
2026-09-24T04:05:05.8709847Z 
2026-09-24T04:05:05.8709976Z CHANGE DEBT
2026-09-24T04:05:05.8710275Z +1 point(s) / 1 obligation(s)
2026-09-24T04:05:05.8710720Z   security           +1
2026-09-24T04:05:05.8711639Z   DW-F90AD233C569 +1 security/heuristic — Security-sensitive surface changed
2026-09-24T04:05:05.8712222Z Debt budget: EXCEEDED — projected total 1; new 1
2026-09-24T04:05:05.8713200Z   ! new debt 1 exceeds per-change budget 0
2026-09-24T04:05:05.8713559Z Debt Ledger: rejected change was not admitted to the durable ledger.
2026-09-24T04:05:05.8714069Z IdleProof explanation: /tmp/tmpjhlsn5nz/.git/diffwitness/idleproof-explanation.json
2026-09-24T04:05:05.8714582Z Change envelope: /tmp/tmpjhlsn5nz/.git/diffwitness/change-envelope.json
2026-09-24T04:05:05.8715120Z Project continuity: 4 new change event(s) · dwchg_602f161b543782d3ea065bd2
2026-09-24T04:05:05.8871863Z ok
2026-09-24T04:05:05.8875564Z test_non_object_jsonl_record_fails_closed (test_ledger_corruption.LedgerCorruptionTests.test_non_object_jsonl_record_fails_closed) ... ok
2026-09-24T04:05:05.8897171Z test_truncated_jsonl_tail_fails_closed_and_is_not_repaired_silently (test_ledger_corruption.LedgerCorruptionTests.test_truncated_jsonl_tail_fails_closed_and_is_not_repaired_silently) ... ok
2026-09-24T04:05:05.9268630Z test_checkpoint_history_is_fast_forward_only (test_ledger_transport.LedgerTransportTests.test_checkpoint_history_is_fast_forward_only) ... ok
2026-09-24T04:05:05.9516435Z test_checkpoint_is_idempotent_for_unchanged_ledger (test_ledger_transport.LedgerTransportTests.test_checkpoint_is_idempotent_for_unchanged_ledger) ... ok
2026-09-24T04:05:05.9784260Z test_checkpoint_restores_into_empty_clone_state_without_touching_head (test_ledger_transport.LedgerTransportTests.test_checkpoint_restores_into_empty_clone_state_without_touching_head) ... ok
2026-09-24T04:05:05.9990045Z test_checkpoint_tree_and_blob_are_platform_canonical (test_ledger_transport.LedgerTransportTests.test_checkpoint_tree_and_blob_are_platform_canonical) ... ok
2026-09-24T04:05:06.0707309Z test_missing_remote_ref_cannot_reuse_stale_tracking_ref (test_ledger_transport.LedgerTransportTests.test_missing_remote_ref_cannot_reuse_stale_tracking_ref) ... ok
2026-09-24T04:05:06.1943414Z test_remote_concurrent_update_never_force_overwrites (test_ledger_transport.LedgerTransportTests.test_remote_concurrent_update_never_force_overwrites) ... ok
2026-09-24T04:05:06.2613261Z test_remote_push_and_fresh_pull_round_trip (test_ledger_transport.LedgerTransportTests.test_remote_push_and_fresh_pull_round_trip) ... ok
2026-09-24T04:05:06.2896379Z test_exhausted_failed_proof_terminates_unverified (test_legacy_stop_contract.LegacyStopContractTests.test_exhausted_failed_proof_terminates_unverified) ... ok
2026-09-24T04:05:06.3059689Z test_missing_or_invalid_start_state_terminates_unverified_without_a_loop (test_legacy_stop_contract.LegacyStopContractTests.test_missing_or_invalid_start_state_terminates_unverified_without_a_loop) ... ok
2026-09-24T04:05:06.3269766Z test_no_change_success_omits_decision (test_legacy_stop_contract.LegacyStopContractTests.test_no_change_success_omits_decision) ... ok
2026-09-24T04:05:06.3271206Z test_payload_contract_reserves_decision_for_blocks (test_legacy_stop_contract.LegacyStopContractTests.test_payload_contract_reserves_decision_for_blocks) ... ok
2026-09-24T04:05:06.7020033Z test_native_proof_debt_understand_and_status_use_real_worktree_metadata (test_linked_worktree_product.LinkedWorktreeProductTests.test_native_proof_debt_understand_and_status_use_real_worktree_metadata) ... ok
2026-09-24T04:05:06.7160478Z test_damaged_or_duplicate_marker_blocks_fail_closed_without_rewriting_user_rules (test_local_git_state.LocalGitStateTests.test_damaged_or_duplicate_marker_blocks_fail_closed_without_rewriting_user_rules) ... ok
2026-09-24T04:05:06.7384101Z test_local_excludes_are_idempotent_preserve_user_rules_and_keep_tracked_files_visible (test_local_git_state.LocalGitStateTests.test_local_excludes_are_idempotent_preserve_user_rules_and_keep_tracked_files_visible) ... ok
2026-09-24T04:05:06.7506808Z test_setup_install_fails_before_sidecar_if_git_metadata_cannot_be_prepared (test_local_git_state.LocalGitStateTests.test_setup_install_fails_before_sidecar_if_git_metadata_cannot_be_prepared) ... ok
2026-09-24T04:05:06.7780212Z test_setup_install_prepares_local_excludes_before_sidecar_runs (test_local_git_state.LocalGitStateTests.test_setup_install_prepares_local_excludes_before_sidecar_runs) ... ok
2026-09-24T04:05:08.5557283Z test_all_kinds_nonascii_and_fr_en_keep_same_citations (test_memory_code.MemoryCodeTests.test_all_kinds_nonascii_and_fr_en_keep_same_citations) ... ok
2026-09-24T04:05:09.1690641Z test_code_drift_revalidation_keeps_authorities_and_index (test_memory_code.MemoryCodeTests.test_code_drift_revalidation_keeps_authorities_and_index) ... ok
2026-09-24T04:05:09.6343200Z test_deleted_and_explicitly_moved_reference (test_memory_code.MemoryCodeTests.test_deleted_and_explicitly_moved_reference) ... ok
2026-09-24T04:05:10.1303418Z test_deleted_role_can_be_explicitly_cleared_but_not_both_roles (test_memory_code.MemoryCodeTests.test_deleted_role_can_be_explicitly_cleared_but_not_both_roles) ... ok
2026-09-24T04:05:10.1963182Z test_forged_git_digest_cannot_be_reported_as_unchanged (test_memory_code.MemoryCodeTests.test_forged_git_digest_cannot_be_reported_as_unchanged) ... ok
2026-09-24T04:05:10.3066826Z test_forged_source_reference_rejected_on_all_readers (test_memory_code.MemoryCodeTests.test_forged_source_reference_rejected_on_all_readers) ... ok
2026-09-24T04:05:10.7301060Z test_invalid_selections_and_inactive_memory_do_not_append (test_memory_code.MemoryCodeTests.test_invalid_selections_and_inactive_memory_do_not_append) ... ok
2026-09-24T04:05:10.8779633Z test_missing_baseline_object_and_corrupt_bytes_fail_closed (test_memory_code.MemoryCodeTests.test_missing_baseline_object_and_corrupt_bytes_fail_closed) ... ok
2026-09-24T04:05:10.9428444Z test_schema_authority_and_subject_collision_rejected (test_memory_code.MemoryCodeTests.test_schema_authority_and_subject_collision_rejected) ... ok
2026-09-24T04:05:11.3514454Z test_stale_binding_and_memory_revision_fail_atomically (test_memory_code.MemoryCodeTests.test_stale_binding_and_memory_revision_fail_atomically) ... ok
2026-09-24T04:05:11.5160131Z test_types_and_budgets_fail_without_false_unchanged (test_memory_code.MemoryCodeTests.test_types_and_budgets_fail_without_false_unchanged) ... ok
2026-09-24T04:05:13.2615102Z test_all_four_kinds_confirm_retire_and_reconsider_preserve_assertion (test_memory_lifecycle.MemoryLifecycleTests.test_all_four_kinds_confirm_retire_and_reconsider_preserve_assertion) ... ok
2026-09-24T04:05:13.3786390Z test_confirmation_does_not_promote_or_replace_original_assertion_authority (test_memory_lifecycle.MemoryLifecycleTests.test_confirmation_does_not_promote_or_replace_original_assertion_authority) ... ok
2026-09-24T04:05:13.4926256Z test_hash_valid_invalid_revision_is_rejected_by_checkpoint_and_old_cache (test_memory_lifecycle.MemoryLifecycleTests.test_hash_valid_invalid_revision_is_rejected_by_checkpoint_and_old_cache) ... ok
2026-09-24T04:05:14.3579292Z test_installed_presentations_retain_failed_approaches_and_distinct_review_authority (test_memory_lifecycle.MemoryLifecycleTests.test_installed_presentations_retain_failed_approaches_and_distinct_review_authority) ... ok
2026-09-24T04:05:14.8069810Z test_invalid_replacements_and_unknown_kind_fail_without_partial_history (test_memory_lifecycle.MemoryLifecycleTests.test_invalid_replacements_and_unknown_kind_fail_without_partial_history) ... ok
2026-09-24T04:05:14.8414128Z test_profile_cannot_promote_judgment_or_smuggle_replacement_relations (test_memory_lifecycle.MemoryLifecycleTests.test_profile_cannot_promote_judgment_or_smuggle_replacement_relations) ... ok
2026-09-24T04:05:15.0087919Z test_public_redeclaration_of_managed_identity_is_a_controlled_rejection (test_memory_lifecycle.MemoryLifecycleTests.test_public_redeclaration_of_managed_identity_is_a_controlled_rejection) ... ok
2026-09-24T04:05:15.2889653Z test_rejected_memory_and_edges_do_not_seed_context_but_history_remains (test_memory_lifecycle.MemoryLifecycleTests.test_rejected_memory_and_edges_do_not_seed_context_but_history_remains) ... ok
2026-09-24T04:05:15.3983162Z test_stale_revision_is_rejected_atomically_and_source_cannot_be_overwritten (test_memory_lifecycle.MemoryLifecycleTests.test_stale_revision_is_rejected_atomically_and_source_cannot_be_overwritten) ... ok
2026-09-24T04:05:15.7834067Z test_supersession_is_immutable_and_bidirectional_with_exact_replacement_reference (test_memory_lifecycle.MemoryLifecycleTests.test_supersession_is_immutable_and_bidirectional_with_exact_replacement_reference) ... ok
2026-09-24T04:05:15.8057343Z test_codex_configuration_never_implies_provider_trust (test_native_activation.NativeActivationTests.test_codex_configuration_never_implies_provider_trust) ... ok
2026-09-24T04:05:16.0730314Z test_concurrent_provider_observations_do_not_lose_updates (test_native_activation.NativeActivationTests.test_concurrent_provider_observations_do_not_lose_updates) ... ok
2026-09-24T04:05:16.0980804Z test_linked_worktree_uses_real_git_metadata_and_keeps_activation_local (test_native_activation.NativeActivationTests.test_linked_worktree_uses_real_git_metadata_and_keeps_activation_local) ... ok
2026-09-24T04:05:16.1135159Z test_start_cause_cannot_be_mistaken_for_a_provider (test_native_activation.NativeActivationTests.test_start_cause_cannot_be_mistaken_for_a_provider) ... ok
2026-09-24T04:05:16.1333689Z test_successful_provider_session_start_records_real_observation (test_native_activation.NativeActivationTests.test_successful_provider_session_start_records_real_observation) ... ok
2026-09-24T04:05:16.1451880Z test_unknown_source_cannot_fabricate_native_provider_observation (test_native_activation.NativeActivationTests.test_unknown_source_cannot_fabricate_native_provider_observation) ... ok
2026-09-24T04:05:16.1825751Z test_native_prompt_context_never_tells_active_agent_to_launch_guard (test_native_hook_contracts.NativeHookContractTests.test_native_prompt_context_never_tells_active_agent_to_launch_guard) ... ok
2026-09-24T04:05:16.2141665Z test_native_prompt_without_session_start_does_not_spawn_fallback_agent (test_native_hook_contracts.NativeHookContractTests.test_native_prompt_without_session_start_does_not_spawn_fallback_agent) ... ok
2026-09-24T04:05:16.2143944Z test_stop_block_preserves_block_and_reason (test_native_hook_contracts.NativeHookContractTests.test_stop_block_preserves_block_and_reason) ... ok
2026-09-24T04:05:16.2145043Z test_stop_success_omits_unsupported_approve_decision (test_native_hook_contracts.NativeHookContractTests.test_stop_success_omits_unsupported_approve_decision) ... ok
2026-09-24T04:05:16.2146518Z test_terminal_stop_failure_never_requests_another_agent_turn (test_native_hook_contracts.NativeHookContractTests.test_terminal_stop_failure_never_requests_another_agent_turn) ... ok
2026-09-24T04:05:16.2546475Z test_committed_patch_round_trip_preserves_mixed_endings_and_utf8_context (test_native_patch_bytes.NativePatchBytesTests.test_committed_patch_round_trip_preserves_mixed_endings_and_utf8_context) ... ok
2026-09-24T04:05:17.4867127Z test_native_staged_unborn_counterfactual_uses_exact_lf_and_crlf_bytes (test_native_patch_bytes.NativePatchBytesTests.test_native_staged_unborn_counterfactual_uses_exact_lf_and_crlf_bytes) ... ok
2026-09-24T04:05:17.5042844Z test_a_new_scope_never_reuses_a_previous_git_resolution (test_native_prompt_resolution.NativeResolutionTests.test_a_new_scope_never_reuses_a_previous_git_resolution) ... ok
2026-09-24T04:05:17.5481865Z test_historical_corruption_between_prompts_cannot_reuse_advisory_memory (test_native_prompt_resolution.NativeResolutionTests.test_historical_corruption_between_prompts_cannot_reuse_advisory_memory) ... ok
2026-09-24T04:05:17.5638739Z test_linked_worktree_roots_are_distinct_but_journal_is_shared (test_native_prompt_resolution.NativeResolutionTests.test_linked_worktree_roots_are_distinct_but_journal_is_shared) ... Preparing worktree (detached HEAD 8ad7480)
2026-09-24T04:05:17.5726079Z ok
2026-09-24T04:05:17.6384044Z test_native_prompt_reuses_only_repository_paths_within_one_invocation (test_native_prompt_resolution.NativeResolutionTests.test_native_prompt_reuses_only_repository_paths_within_one_invocation) ... ok
2026-09-24T04:05:17.6635636Z test_scoped_paths_are_discarded_on_exit_and_exception (test_native_prompt_resolution.NativeResolutionTests.test_scoped_paths_are_discarded_on_exit_and_exception) ... ok
2026-09-24T04:05:22.8921190Z test_generated_hooks_complete_all_guided_and_technical_provider_journeys (test_native_setup_journeys.NativeSetupJourneyTests.test_generated_hooks_complete_all_guided_and_technical_provider_journeys) ... ok
2026-09-24T04:05:22.9065776Z test_invalid_bytes_are_not_reinterpreted_as_locale_text (test_native_utf8_protocol.NativeUtf8ProtocolTests.test_invalid_bytes_are_not_reinterpreted_as_locale_text) ... ok
2026-09-24T04:05:23.2068963Z test_real_adapters_ignore_locale_for_native_utf8_input_and_output (test_native_utf8_protocol.NativeUtf8ProtocolTests.test_real_adapters_ignore_locale_for_native_utf8_input_and_output) ... ok
2026-09-24T04:05:23.2070864Z test_text_streams_and_non_object_payloads_keep_existing_contract (test_native_utf8_protocol.NativeUtf8ProtocolTests.test_text_streams_and_non_object_payloads_keep_existing_contract) ... ok
2026-09-24T04:05:23.2235037Z test_nested_idleproof_and_agent_hook_state_are_not_software_changes (test_nested_idleproof_plumbing.NestedLocalToolArtifactsTests.test_nested_idleproof_and_agent_hook_state_are_not_software_changes) ... ok
2026-09-24T04:05:23.2236800Z test_distinct_invalid_bytes_are_rejected_before_identity (test_patch_encoding_boundary.PatchEncodingBoundaryTests.test_distinct_invalid_bytes_are_rejected_before_identity) ... ok
2026-09-24T04:05:23.2852535Z test_real_prove_rejects_non_utf8_before_analysis_or_outputs (test_patch_encoding_boundary.PatchEncodingBoundaryTests.test_real_prove_rejects_non_utf8_before_analysis_or_outputs) ... ok
2026-09-24T04:05:23.7821692Z test_utf8_prove_persists_certificate_and_exact_crlf_reduction (test_patch_encoding_boundary.PatchEncodingBoundaryTests.test_utf8_prove_persists_certificate_and_exact_crlf_reduction) ... ok
2026-09-24T04:05:23.8117407Z test_native_handoff_blocks_an_intact_but_canonically_unaccepted_proof_before_debt_or_continuity (test_plugin_context_hook.PluginContextHookTests.test_native_handoff_blocks_an_intact_but_canonically_unaccepted_proof_before_debt_or_continuity) ... ok
2026-09-24T04:05:24.5818040Z test_native_session_stop_converges_on_proof_debt_envelope_and_continuity_without_guard_wrapper (test_plugin_context_hook.PluginContextHookTests.test_native_session_stop_converges_on_proof_debt_envelope_and_continuity_without_guard_wrapper) ... ok
2026-09-24T04:05:24.6682024Z test_prompt_submit_fails_open_outside_git_repository (test_plugin_context_hook.PluginContextHookTests.test_prompt_submit_fails_open_outside_git_repository) ... ok
2026-09-24T04:05:24.8322827Z test_prompt_submit_injects_bounded_epistemic_context_without_persisting_prompt (test_plugin_context_hook.PluginContextHookTests.test_prompt_submit_injects_bounded_epistemic_context_without_persisting_prompt) ... ok
2026-09-24T04:05:24.9318354Z test_prompt_submit_without_text_is_noop (test_plugin_context_hook.PluginContextHookTests.test_prompt_submit_without_text_is_noop) ... ok
2026-09-24T04:05:24.9320002Z test_help_exposes_only_diffwitness_commands (test_portal_proxy.PortalProxyTests.test_help_exposes_only_diffwitness_commands) ... ok
2026-09-24T04:05:24.9328315Z test_local_git_exclude_failure_blocks_state_creating_commands (test_portal_proxy.PortalProxyTests.test_local_git_exclude_failure_blocks_state_creating_commands) ... ok
2026-09-24T04:05:24.9336501Z test_missing_sidecar_is_actionable (test_portal_proxy.PortalProxyTests.test_missing_sidecar_is_actionable) ... ok
2026-09-24T04:05:24.9347105Z test_proxy_forwards_argv_without_shell_or_token_rewriting (test_portal_proxy.PortalProxyTests.test_proxy_forwards_argv_without_shell_or_token_rewriting) ... ok
2026-09-24T04:05:24.9357967Z test_snapshot_is_local_and_does_not_require_sidecar_or_portal_config (test_portal_proxy.PortalProxyTests.test_snapshot_is_local_and_does_not_require_sidecar_or_portal_config) ... ok
2026-09-24T04:05:24.9365333Z test_snapshot_rejects_unknown_options_without_network_or_sidecar (test_portal_proxy.PortalProxyTests.test_snapshot_rejects_unknown_options_without_network_or_sidecar) ... ok
2026-09-24T04:05:24.9375949Z test_start_failure_does_not_expose_internal_sidecar_term (test_portal_proxy.PortalProxyTests.test_start_failure_does_not_expose_internal_sidecar_term) ... ok
2026-09-24T04:05:24.9377717Z test_unknown_sidecar_surface_is_rejected (test_portal_proxy.PortalProxyTests.test_unknown_sidecar_surface_is_rejected) ... ok
2026-09-24T04:05:24.9379120Z test_balanced_and_strict_policies_are_distinct (test_proof_cli.ProofCliTests.test_balanced_and_strict_policies_are_distinct) ... ok
2026-09-24T04:05:24.9438542Z test_doctor_explains_default_detection (test_proof_cli.ProofCliTests.test_doctor_explains_default_detection) ... ok
2026-09-24T04:05:25.1693298Z test_guard_adaptive_accepts_one_hunk_proven_fix (test_proof_cli.ProofCliTests.test_guard_adaptive_accepts_one_hunk_proven_fix) ... ok
2026-09-24T04:05:25.5182628Z test_guard_auto_routes_large_enough_patch_to_adaptive_and_rejects_surplus (test_proof_cli.ProofCliTests.test_guard_auto_routes_large_enough_patch_to_adaptive_and_rejects_surplus) ... 
2026-09-24T04:05:25.5183699Z DiffWitness Guard: PROOF REJECTED - Adaptive Core found 1 mutation(s) removable while preserving the selected stable evidence
2026-09-24T04:05:25.5195105Z ok
2026-09-24T04:05:25.5686739Z test_guard_captures_pre_agent_state_and_accepts_proven_fix (test_proof_cli.ProofCliTests.test_guard_captures_pre_agent_state_and_accepts_proven_fix) ... DiffWitness Guard armed at b3b3f305abd8
2026-09-24T04:05:25.5687799Z Evidence: "/opt/hostedtoolcache/Python/3.11.16/x64/bin/python" -m unittest discover -s tests -q
2026-09-24T04:05:25.5688246Z Policy:   strict
2026-09-24T04:05:25.5688458Z Strategy: adaptive
2026-09-24T04:05:25.5688699Z Budget:   900s proof wall clock
2026-09-24T04:05:25.5688866Z 
2026-09-24T04:05:25.5689071Z DiffWitness Guard selected adaptive proof for 1 production mutation(s).
2026-09-24T04:05:25.5689444Z DiffWitness Adaptive Core
2026-09-24T04:05:25.5689676Z contrast:    PROVEN
2026-09-24T04:05:25.5689916Z mutations:   1 original
2026-09-24T04:05:25.5690133Z core:        1 retained
2026-09-24T04:05:25.5690363Z removable:   0 observed removable
2026-09-24T04:05:25.5690608Z experiments: 1/40
2026-09-24T04:05:25.5690823Z 1-minimal:   yes
2026-09-24T04:05:25.5691052Z certificate: dwac1_4b50377abeb828d828ae
2026-09-24T04:05:25.5691234Z 
2026-09-24T04:05:25.5691321Z Causal core:
2026-09-24T04:05:25.5691538Z   KEEP    calc.py hunk 1/1
2026-09-24T04:05:25.5691685Z 
2026-09-24T04:05:25.5691857Z DiffWitness Guard: PROOF ACCEPTED (dwac1_4b50377abeb828d828ae)
2026-09-24T04:05:25.5692204Z DiffWitness Guard armed at 0261dd0f34d4
2026-09-24T04:05:25.5692963Z Evidence: "/opt/hostedtoolcache/Python/3.11.16/x64/bin/python" -m unittest discover -s tests -q
2026-09-24T04:05:25.5693495Z Policy:   balanced
2026-09-24T04:05:25.5693890Z Strategy: auto
2026-09-24T04:05:25.5694108Z Budget:   900s proof wall clock
2026-09-24T04:05:25.5694258Z 
2026-09-24T04:05:25.5694457Z DiffWitness Guard selected adaptive proof for 2 production mutation(s).
2026-09-24T04:05:25.5694822Z DiffWitness Adaptive Core
2026-09-24T04:05:25.5695049Z contrast:    PROVEN
2026-09-24T04:05:25.5695254Z mutations:   2 original
2026-09-24T04:05:25.5695469Z core:        1 retained
2026-09-24T04:05:25.5695691Z removable:   1 observed removable
2026-09-24T04:05:25.5695935Z experiments: 3/10
2026-09-24T04:05:25.5696144Z 1-minimal:   yes
2026-09-24T04:05:25.5696369Z certificate: dwac1_4f03c66999e6a314da4f
2026-09-24T04:05:25.5696547Z 
2026-09-24T04:05:25.5696631Z Causal core:
2026-09-24T04:05:25.5696831Z   KEEP    calc.py hunk 1/2
2026-09-24T04:05:25.5696974Z 
2026-09-24T04:05:25.5697079Z Evidence-removable surface:
2026-09-24T04:05:25.5697564Z   REVIEW  calc.py hunk 2/2 — def add(a, b):
2026-09-24T04:05:25.5697862Z DiffWitness Guard armed at bb04f80ddad2
2026-09-24T04:05:25.5698297Z Evidence: "/opt/hostedtoolcache/Python/3.11.16/x64/bin/python" -m unittest discover -s tests -q
2026-09-24T04:05:25.5698725Z Policy:   strict
2026-09-24T04:05:25.5698921Z Strategy: auto
2026-09-24T04:05:25.5699137Z Budget:   900s proof wall clock
2026-09-24T04:05:25.5699296Z 
2026-09-24T04:05:25.5699498Z DiffWitness Guard selected exhaustive proof for 1 production mutation(s).
2026-09-24T04:05:25.8155796Z ok
2026-09-24T04:05:25.8636922Z test_guard_rejects_scope_creep_under_strict_policy (test_proof_cli.ProofCliTests.test_guard_rejects_scope_creep_under_strict_policy) ... DiffWitness 0.4.0a1 - counterfactual patch evidence
2026-09-24T04:05:25.8637702Z repo:      /tmp/tmp79m7qppv
2026-09-24T04:05:25.8638064Z base:      bb04f80ddad2fe01b390cda4472e74ca37e0d750 (bb04f80ddad2)
2026-09-24T04:05:25.8638500Z candidate: 60ed4fdce399bde6b7eba4ad1899a213e5ff9e28 (60ed4fdce399)
2026-09-24T04:05:25.8639025Z evidence:  "/opt/hostedtoolcache/Python/3.11.16/x64/bin/python" -m unittest discover -s tests -q
2026-09-24T04:05:25.8639484Z stability: 1 run(s) per variant
2026-09-24T04:05:25.8639740Z budget:    900s total; 300s per command
2026-09-24T04:05:25.8640048Z changes:   1 analyzed mutation(s); 1 changed test file(s)
2026-09-24T04:05:25.8640267Z 
2026-09-24T04:05:25.8640412Z contrast:  BASE STABLE-FAIL -> CANDIDATE STABLE-PASS
2026-09-24T04:05:25.8640630Z 
2026-09-24T04:05:25.8640766Z WITNESSED         +1/-1  calc.py hunk 1/1  [stable-fail]
2026-09-24T04:05:25.8640980Z 
2026-09-24T04:05:25.8641103Z summary: 1 witnessed, 0 unwitnessed, 0 inconclusive
2026-09-24T04:05:25.8641603Z core:    1 minimal sufficient set(s) of 1 hunk(s)
2026-09-24T04:05:25.8641910Z cert:    dw2_e5591b85b1024187ba96
2026-09-24T04:05:25.8642069Z 
2026-09-24T04:05:25.8642233Z DiffWitness Guard: PROOF ACCEPTED (dw2_e5591b85b1024187ba96)
2026-09-24T04:05:25.8642700Z DiffWitness Guard armed at 0261dd0f34d4
2026-09-24T04:05:25.8643138Z Evidence: "/opt/hostedtoolcache/Python/3.11.16/x64/bin/python" -m unittest discover -s tests -q
2026-09-24T04:05:25.8643573Z Policy:   strict
2026-09-24T04:05:25.8643773Z Strategy: auto
2026-09-24T04:05:25.8643980Z Budget:   900s proof wall clock
2026-09-24T04:05:25.8644141Z 
2026-09-24T04:05:25.8644337Z DiffWitness Guard selected exhaustive proof for 2 production mutation(s).
2026-09-24T04:05:26.2338750Z 
2026-09-24T04:05:26.2339408Z DiffWitness Guard: PROOF REJECTED - 1 strong surplus candidate hunk(s) were found
2026-09-24T04:05:26.2354106Z ok
2026-09-24T04:05:28.3669722Z test_all_real_public_producers_verify_then_feed_debt_unchanged (test_proof_debt_families.ProofDebtFamilyTests.test_all_real_public_producers_verify_then_feed_debt_unchanged) ... ok
2026-09-24T04:05:29.6140044Z test_binding_conflicts_and_unknown_schemas_are_refused_by_both_readers (test_proof_debt_families.ProofDebtFamilyTests.test_binding_conflicts_and_unknown_schemas_are_refused_by_both_readers) ... ok
2026-09-24T04:05:31.3627410Z test_wrong_base_is_refused_before_measurement_for_every_real_family (test_proof_debt_families.ProofDebtFamilyTests.test_wrong_base_is_refused_before_measurement_for_every_real_family) ... ok
2026-09-24T04:05:32.5308017Z test_reference_semantics_all_hold (test_proofbench.ProofBenchTests.test_reference_semantics_all_hold) ... ok
2026-09-24T04:05:32.5532149Z test_codex_requires_live_activation_then_becomes_ready_after_observed_hook (test_protect.ProtectTests.test_codex_requires_live_activation_then_becomes_ready_after_observed_hook) ... ok
2026-09-24T04:05:32.5771882Z test_codex_safe_live_hook_promotes_readiness_without_a_risk_finding (test_protect.ProtectTests.test_codex_safe_live_hook_promotes_readiness_without_a_risk_finding) ... ok
2026-09-24T04:05:32.5832214Z test_default_is_off_and_never_gates (test_protect.ProtectTests.test_default_is_off_and_never_gates) ... ok
2026-09-24T04:05:32.5923603Z test_external_harness_marker_delegates_without_force (test_protect.ProtectTests.test_external_harness_marker_delegates_without_force) ... ok
2026-09-24T04:05:32.6101782Z test_force_builtin_merges_and_disable_preserves_foreign_hooks (test_protect.ProtectTests.test_force_builtin_merges_and_disable_preserves_foreign_hooks) ... ok
2026-09-24T04:05:32.6207891Z test_no_detected_adapter_does_not_create_provider_scaffolds (test_protect.ProtectTests.test_no_detected_adapter_does_not_create_provider_scaffolds) ... ok
2026-09-24T04:05:32.6361703Z test_observe_policy_records_but_does_not_block (test_protect.ProtectTests.test_observe_policy_records_but_does_not_block) ... ok
2026-09-24T04:05:32.7877335Z test_parallel_first_codex_hooks_record_one_durable_activation (test_protect.ProtectTests.test_parallel_first_codex_hooks_record_one_durable_activation) ... ok
2026-09-24T04:05:32.9449879Z test_parallel_receipt_appends_preserve_one_valid_chain (test_protect.ProtectTests.test_parallel_receipt_appends_preserve_one_valid_chain) ... ok
2026-09-24T04:05:32.9601417Z test_post_tool_reports_invalid_json_as_observed (test_protect.ProtectTests.test_post_tool_reports_invalid_json_as_observed) ... ok
2026-09-24T04:05:32.9758897Z test_receipt_integrity_detects_tampering (test_protect.ProtectTests.test_receipt_integrity_detects_tampering) ... ok
2026-09-24T04:05:32.9901419Z test_secret_is_blocked_but_secret_value_is_not_persisted (test_protect.ProtectTests.test_secret_is_blocked_but_secret_value_is_not_persisted) ... ok
2026-09-24T04:05:33.0043862Z test_standard_blocks_destructive_git_without_recording_raw_command (test_protect.ProtectTests.test_standard_blocks_destructive_git_without_recording_raw_command) ... ok
2026-09-24T04:05:33.0093230Z test_status_is_bounded_and_contains_no_raw_agent_data (test_protect.ProtectTests.test_status_is_bounded_and_contains_no_raw_agent_data) ... ok
2026-09-24T04:05:33.0283811Z test_strict_dependency_install_blocks_on_current_codex_adapter (test_protect.ProtectTests.test_strict_dependency_install_blocks_on_current_codex_adapter) ... ok
2026-09-24T04:05:33.0471762Z test_strict_dependency_install_requests_confirmation_for_claude (test_protect.ProtectTests.test_strict_dependency_install_requests_confirmation_for_claude) ... ok
2026-09-24T04:05:33.0558303Z test_tampered_tail_cannot_be_silently_extended (test_protect.ProtectTests.test_tampered_tail_cannot_be_silently_extended) ... ok
2026-09-24T04:05:33.0701283Z test_write_outside_repository_is_blocked (test_protect.ProtectTests.test_write_outside_repository_is_blocked) ... ok
2026-09-24T04:05:33.0954648Z test_claude_protect_uses_exec_form_and_preserves_native_hooks (test_protect_claude_exec_hooks.ProtectClaudeExecHookTests.test_claude_protect_uses_exec_form_and_preserves_native_hooks) ... ok
2026-09-24T04:05:33.1121055Z test_dry_run_clean_is_not_misclassified_as_forced (test_protect_command_normalization.ProtectCommandNormalizationTests.test_dry_run_clean_is_not_misclassified_as_forced) ... ok
2026-09-24T04:05:33.1530392Z test_git_global_options_cannot_bypass_forced_clean (test_protect_command_normalization.ProtectCommandNormalizationTests.test_git_global_options_cannot_bypass_forced_clean) ... ok
2026-09-24T04:05:33.1882265Z test_global_options_are_normalized_for_other_destructive_git_subcommands (test_protect_command_normalization.ProtectCommandNormalizationTests.test_global_options_are_normalized_for_other_destructive_git_subcommands) ... ok
2026-09-24T04:05:33.1992085Z test_protect_honors_explicit_setup_adapter_scope (test_protect_command_normalization.ProtectCommandNormalizationTests.test_protect_honors_explicit_setup_adapter_scope) ... ok
2026-09-24T04:05:33.2352316Z test_forced_git_clean_is_denied_before_execution_and_never_mints_proof (test_protect_destructive_end_to_end.ProtectDestructiveEndToEndTests.test_forced_git_clean_is_denied_before_execution_and_never_mints_proof) ... ok
2026-09-24T04:05:33.2360126Z test_block_maps_to_provider_deny_without_allow_override (test_protect_ide_bridge.ProtectIdeBridgeTests.test_block_maps_to_provider_deny_without_allow_override) ... ok
2026-09-24T04:05:33.2366255Z test_clean_action_emits_no_permission_decision (test_protect_ide_bridge.ProtectIdeBridgeTests.test_clean_action_emits_no_permission_decision) ... ok
2026-09-24T04:05:33.2371303Z test_post_tool_feedback_is_explicitly_observed (test_protect_ide_bridge.ProtectIdeBridgeTests.test_post_tool_feedback_is_explicitly_observed) ... ok
2026-09-24T04:05:33.2376082Z test_pre_tool_bridge_failure_fails_closed (test_protect_ide_bridge.ProtectIdeBridgeTests.test_pre_tool_bridge_failure_fails_closed) ... ok
2026-09-24T04:05:33.2382577Z test_strict_confirmation_maps_to_provider_ask (test_protect_ide_bridge.ProtectIdeBridgeTests.test_strict_confirmation_maps_to_provider_ask) ... ok
2026-09-24T04:05:33.3357621Z test_codex_reenable_waits_for_observation_without_inventing_trust_state (test_provider_trust_readiness.ProviderTrustReadinessTests.test_codex_reenable_waits_for_observation_without_inventing_trust_state) ... ok
2026-09-24T04:05:33.3395097Z test_missing_native_observation_does_not_prove_pending_approval (test_provider_trust_readiness.ProviderTrustReadinessTests.test_missing_native_observation_does_not_prove_pending_approval) ... ok
2026-09-24T04:05:33.3398650Z test_entry_resolves_to_v03_package_frontend (test_public_frontend.PublicFrontendTests.test_entry_resolves_to_v03_package_frontend) ... ok
2026-09-24T04:05:33.3507994Z test_preservation_certificate_is_integrity_and_tree_verifiable (test_public_frontend.PublicFrontendTests.test_preservation_certificate_is_integrity_and_tree_verifiable) ... DiffWitness 0.4.0a1 - counterfactual patch evidence
2026-09-24T04:05:33.3509003Z repo:      /tmp/tmpxpt3qtss
2026-09-24T04:05:33.3509542Z base:      0261dd0f34d423fd762f041cb006e4aedb931b58 (0261dd0f34d4)
2026-09-24T04:05:33.3509984Z candidate: 948c218455c3c8c806a53fd0cca4f8052a78dcd4 (948c218455c3)
2026-09-24T04:05:33.3510699Z evidence:  "/opt/hostedtoolcache/Python/3.11.16/x64/bin/python" -m unittest discover -s tests -q
2026-09-24T04:05:33.3511150Z stability: 1 run(s) per variant
2026-09-24T04:05:33.3511412Z budget:    900s total; 300s per command
2026-09-24T04:05:33.3511726Z changes:   2 analyzed mutation(s); 1 changed test file(s)
2026-09-24T04:05:33.3511963Z 
2026-09-24T04:05:33.3512102Z contrast:  BASE STABLE-FAIL -> CANDIDATE STABLE-PASS
2026-09-24T04:05:33.3512520Z 
2026-09-24T04:05:33.3512777Z WITNESSED         +1/-1  calc.py hunk 1/2  [stable-fail]
2026-09-24T04:05:33.3513453Z UNWITNESSED       +1/-1  calc.py hunk 2/2 — def add(a, b):  [stable-pass]
2026-09-24T04:05:33.3513714Z 
2026-09-24T04:05:33.3513854Z summary: 1 witnessed, 1 unwitnessed, 0 inconclusive
2026-09-24T04:05:33.3514174Z core:    1 minimal sufficient set(s) of 1 hunk(s)
2026-09-24T04:05:33.3514476Z surplus: 1 strong surplus candidate hunk(s)
2026-09-24T04:05:33.3514762Z cert:    dw2_62487fe87e5c4d013179
2026-09-24T04:05:33.5272156Z DiffWitness Gate: preservation-evidence under balanced policy (dwa1_b8e90192271c3249c05b)
2026-09-24T04:05:33.5272961Z DiffWitness Gate accepted: balanced policy accepts stable preservation assurance
2026-09-24T04:05:33.5273724Z Project continuity: 2 new change event(s) · dwchg_d21fd4850db5aaca7c015503
2026-09-24T04:05:33.5435933Z ok
2026-09-24T04:05:33.6334954Z test_current_proof_staleness_is_independent_of_native_readiness (test_readiness.ReadinessTests.test_current_proof_staleness_is_independent_of_native_readiness) ... ok
2026-09-24T04:05:33.6601073Z test_historical_observation_does_not_hide_missing_hook_or_executable (test_readiness.ReadinessTests.test_historical_observation_does_not_hide_missing_hook_or_executable) ... ok
2026-09-24T04:05:33.7943969Z test_ht005_missing_hooks_preserves_configured_but_repairs_in_every_view (test_readiness.ReadinessTests.test_ht005_missing_hooks_preserves_configured_but_repairs_in_every_view) ... ok
2026-09-24T04:05:33.9450905Z test_ht012_unobserved_then_observed_is_independent_of_provider_trust_and_proof (test_readiness.ReadinessTests.test_ht012_unobserved_then_observed_is_independent_of_provider_trust_and_proof) ... ok
2026-09-24T04:05:33.9796579Z test_mixed_adapters_do_not_hide_the_unobserved_one (test_readiness.ReadinessTests.test_mixed_adapters_do_not_hide_the_unobserved_one) ... ok
2026-09-24T04:05:34.0530168Z test_protect_optional_delegated_and_pending_are_separate_from_proof (test_readiness.ReadinessTests.test_protect_optional_delegated_and_pending_are_separate_from_proof) ... ok
2026-09-24T04:05:34.0777548Z test_verification_preflight_does_not_run_the_command (test_readiness.ReadinessTests.test_verification_preflight_does_not_run_the_command) ... ok
2026-09-24T04:05:34.0783767Z test_all_canonical_release_gates_requalify_main_merges (test_release_metadata.ReleaseMetadataTests.test_all_canonical_release_gates_requalify_main_merges) ... ok
2026-09-24T04:05:34.0788548Z test_distributed_hook_locations_match_local_desktop_and_cli_contracts (test_release_metadata.ReleaseMetadataTests.test_distributed_hook_locations_match_local_desktop_and_cli_contracts) ... ok
2026-09-24T04:05:34.0796010Z test_launch_docs_keep_native_agents_primary_and_guided_first (test_release_metadata.ReleaseMetadataTests.test_launch_docs_keep_native_agents_primary_and_guided_first) ... ok
2026-09-24T04:05:34.0805393Z test_python_and_plugin_versions_describe_the_same_release (test_release_metadata.ReleaseMetadataTests.test_python_and_plugin_versions_describe_the_same_release) ... ok
2026-09-24T04:05:34.0807665Z test_release_blocks_publication_until_exact_tag_consumer_passes (test_release_metadata.ReleaseMetadataTests.test_release_blocks_publication_until_exact_tag_consumer_passes) ... ok
2026-09-24T04:05:34.1180474Z test_repay_closes_historical_test_debt_only_after_discriminating_replay (test_repay_flow.RepayFlowTests.test_repay_closes_historical_test_debt_only_after_discriminating_replay) ... certificate: dwa1_b8e90192271c3249c05b
2026-09-24T04:05:34.1181886Z integrity:   valid
2026-09-24T04:05:34.1182311Z freshness:   fresh against WORKTREE
2026-09-24T04:05:34.1182774Z candidate:   embedded-tree
2026-09-24T04:05:34.1183010Z base:        embedded-tree
2026-09-24T04:05:34.1183233Z verdict:     VALID
2026-09-24T04:05:34.1183481Z Debt impact: +8 point(s) across 2 obligation(s)
2026-09-24T04:05:34.1183779Z   unverified_change  +5
2026-09-24T04:05:34.1183999Z   test               +3
2026-09-24T04:05:34.1184146Z 
2026-09-24T04:05:34.1184758Z DW-4471C03E4485  + 5  unverified_change/deterministic — Executable change lacks accepted DiffWitness behavioral evidence
2026-09-24T04:05:34.1185487Z DW-D20EA7FBB60C  + 3  test/deterministic — Production change has no changed test surface
2026-09-24T04:05:34.1185822Z 
2026-09-24T04:05:34.1185982Z Budget: PASS — projected total 8; new 8
2026-09-24T04:05:34.1186288Z Ledger: +2 introduced, 0 reopened, 0 refreshed
2026-09-24T04:05:34.1574034Z DiffWitness Repay: 1 obligation(s), 3 point(s)
2026-09-24T04:05:34.1576111Z Agent: /opt/hostedtoolcache/Python/3.11.16/x64/bin/python -c from pathlib import Path; t=Path('tests/test_app.py'); t.parent.mkdir(exist_ok=True); t.write_text("import unittest\nfrom app import add\n\nclass T(unittest.TestCase):\n    def test_add(self):\n        self.assertEqual(add(2, 3), 5)\n", encoding='utf-8')
2026-09-24T04:05:34.4163691Z ok
2026-09-24T04:05:34.4380566Z test_saved_guided_view_applies_to_doctor_explain_context_and_protect (test_rr007_guided_surface.GuidedSurfaceContractTests.test_saved_guided_view_applies_to_doctor_explain_context_and_protect) ... ok
2026-09-24T04:05:34.4381817Z test_classifies_stability (test_runner.RunnerTests.test_classifies_stability) ... ok
2026-09-24T04:05:34.4383127Z test_non_finite_command_and_proof_budgets_fail_closed (test_runner.RunnerTests.test_non_finite_command_and_proof_budgets_fail_closed) ... ok
2026-09-24T04:05:34.5471781Z test_prepare_is_recreated_before_every_repetition (test_runner.RunnerTests.test_prepare_is_recreated_before_every_repetition) ... ok
2026-09-24T04:05:34.6149775Z test_proof_repetitions_remove_ignored_state_between_runs (test_runner.RunnerTests.test_proof_repetitions_remove_ignored_state_between_runs) ... ok
2026-09-24T04:05:34.6151296Z test_timeout_terminates_descendant_processes (test_runner.RunnerTests.test_timeout_terminates_descendant_processes)
2026-09-24T04:05:36.1176796Z A timed-out evidence command must not leak workers into later proof variants. ... ok
2026-09-24T04:05:36.1178368Z test_wall_clock_budget_caps_nested_evidence_command (test_runner.RunnerTests.test_wall_clock_budget_caps_nested_evidence_command)
2026-09-24T04:05:36.3203252Z A proof-wide deadline must cap commands even when their local timeout is much larger. ... ok
2026-09-24T04:05:36.3217919Z test_explicit_launcher_wins_over_other_installation_on_path (test_runtime_executable.RuntimeExecutableTests.test_explicit_launcher_wins_over_other_installation_on_path) ... ok
2026-09-24T04:05:36.3237343Z test_explicit_override_is_resolved_once_and_not_treated_as_shell_text (test_runtime_executable.RuntimeExecutableTests.test_explicit_override_is_resolved_once_and_not_treated_as_shell_text) ... ok
2026-09-24T04:05:36.3248627Z test_frozen_binary_uses_bootloader_not_argv_or_extraction_dir (test_runtime_executable.RuntimeExecutableTests.test_frozen_binary_uses_bootloader_not_argv_or_extraction_dir) ... ok
2026-09-24T04:05:36.3262232Z test_frozen_setup_requires_explicit_sidecar_instead_of_path (test_runtime_executable.RuntimeExecutableTests.test_frozen_setup_requires_explicit_sidecar_instead_of_path) ... ok
2026-09-24T04:05:36.3280290Z test_metadata_for_another_loaded_distribution_is_rejected (test_runtime_executable.RuntimeExecutableTests.test_metadata_for_another_loaded_distribution_is_rejected) ... ok
2026-09-24T04:05:36.3490937Z test_missing_override_does_not_remove_existing_hooks (test_runtime_executable.RuntimeExecutableTests.test_missing_override_does_not_remove_existing_hooks) ... ok
2026-09-24T04:05:36.3501875Z test_symlink_freezes_the_actual_installation (test_runtime_executable.RuntimeExecutableTests.test_symlink_freezes_the_actual_installation) ... ok
2026-09-24T04:05:36.3514906Z test_unknown_programmatic_entry_cannot_fall_back_to_path (test_runtime_executable.RuntimeExecutableTests.test_unknown_programmatic_entry_cannot_fall_back_to_path) ... ok
2026-09-24T04:05:36.3525008Z test_windows_console_launcher_recovers_stripped_exe_suffix (test_runtime_executable.RuntimeExecutableTests.test_windows_console_launcher_recovers_stripped_exe_suffix) ... ok
2026-09-24T04:05:36.7562727Z test_changed_lines_and_detection_keep_native_paths (test_sensor_native_paths.SensorNativePathTests.test_changed_lines_and_detection_keep_native_paths) ... ok
2026-09-24T04:05:36.7757849Z test_enumeration_is_exact_independent_of_git_quote_configuration (test_sensor_native_paths.SensorNativePathTests.test_enumeration_is_exact_independent_of_git_quote_configuration) ... ok
2026-09-24T04:05:36.8176815Z test_exact_move_is_not_new_code_and_edited_move_keeps_native_destination (test_sensor_native_paths.SensorNativePathTests.test_exact_move_is_not_new_code_and_edited_move_keeps_native_destination) ... ok
2026-09-24T04:05:36.8330209Z test_limit_is_visible_in_actual_sensor_coverage (test_sensor_native_paths.SensorNativePathTests.test_limit_is_visible_in_actual_sensor_coverage) ... ok
2026-09-24T04:05:36.8527564Z test_non_utf8_git_identity_is_explicitly_unsupported_without_an_alias (test_sensor_native_paths.SensorNativePathTests.test_non_utf8_git_identity_is_explicitly_unsupported_without_an_alias) ... ok
2026-09-24T04:05:36.8863431Z test_real_sensor_preserves_unicode_identity_and_advisory_authority (test_sensor_native_paths.SensorNativePathTests.test_real_sensor_preserves_unicode_identity_and_advisory_authority) ... ok
2026-09-24T04:05:36.8974618Z test_exact_inventory_rejects_extras_omissions_and_byte_changes (test_source_distribution_smoke.SourceDistributionInventoryTests.test_exact_inventory_rejects_extras_omissions_and_byte_changes) ... ok
2026-09-24T04:05:37.6641129Z test_real_accepted_proof_becomes_historical_after_failing_worktree_drift (test_stale_proof_end_to_end.StaleProofEndToEndTests.test_real_accepted_proof_becomes_historical_after_failing_worktree_drift) ... DiffWitness Gate rejected: candidate is not stably green
2026-09-24T04:05:37.6789819Z ok
2026-09-24T04:05:37.7012298Z test_clean_repo_preserves_v1_navigation_contract (test_status_cli.ProjectStatusTests.test_clean_repo_preserves_v1_navigation_contract) ... ok
2026-09-24T04:05:37.7231088Z test_configured_evidence_with_missing_executable_is_not_ready (test_status_cli.ProjectStatusTests.test_configured_evidence_with_missing_executable_is_not_ready) ... ok
2026-09-24T04:05:37.7453617Z test_dirty_repo_points_to_executable_gate_with_explicit_base (test_status_cli.ProjectStatusTests.test_dirty_repo_points_to_executable_gate_with_explicit_base) ... ok
2026-09-24T04:05:37.7676093Z test_guided_and_technical_views_share_exact_same_status_model (test_status_cli.ProjectStatusTests.test_guided_and_technical_views_share_exact_same_status_model) ... ok
2026-09-24T04:05:37.8072149Z test_json_cli_is_machine_readable_non_mutating_and_view_invariant (test_status_cli.ProjectStatusTests.test_json_cli_is_machine_readable_non_mutating_and_view_invariant) ... ok
2026-09-24T04:05:37.8292994Z test_native_scope_alone_requires_repair_before_normal_agent_use (test_status_cli.ProjectStatusTests.test_native_scope_alone_requires_repair_before_normal_agent_use) ... ok
2026-09-24T04:05:37.8512972Z test_untracked_python_cache_is_navigation_noise_not_user_change (test_status_cli.ProjectStatusTests.test_untracked_python_cache_is_navigation_noise_not_user_change) ... ok
2026-09-24T04:05:37.8591967Z test_concurrent_documents_and_rejections_remain_independent (test_strict_json_decoder.StrictDecoderTests.test_concurrent_documents_and_rejections_remain_independent) ... ok
2026-09-24T04:05:37.8594549Z test_documents_and_failed_parses_do_not_share_mutable_state (test_strict_json_decoder.StrictDecoderTests.test_documents_and_failed_parses_do_not_share_mutable_state) ... ok
2026-09-24T04:05:37.8692048Z test_encoding_and_type_compatibility (test_strict_json_decoder.StrictDecoderTests.test_encoding_and_type_compatibility) ... ok
2026-09-24T04:05:37.8697395Z test_contract_rejects_path_digest_authority_and_invalid_positions (test_structure_contract.StructureContractTests.test_contract_rejects_path_digest_authority_and_invalid_positions) ... ok
2026-09-24T04:05:37.9019834Z test_invalid_provider_result_cannot_delete_previous_index (test_structure_contract.StructureContractTests.test_invalid_provider_result_cannot_delete_previous_index) ... ok
2026-09-24T04:05:37.9021946Z test_line_positions_accept_python_universal_newlines (test_structure_contract.StructureContractTests.test_line_positions_accept_python_universal_newlines) ... ok
2026-09-24T04:05:37.9331055Z test_missing_extraction_contract_stamp_forces_refresh_at_same_tree (test_structure_contract.StructureContractTests.test_missing_extraction_contract_stamp_forces_refresh_at_same_tree) ... ok
2026-09-24T04:05:37.9332951Z test_parse_failure_has_no_symbol_or_relation_claims (test_structure_contract.StructureContractTests.test_parse_failure_has_no_symbol_or_relation_claims) ... ok
2026-09-24T04:05:37.9336214Z test_python_provider_exposes_source_bound_typed_facts_and_existing_names (test_structure_contract.StructureContractTests.test_python_provider_exposes_source_bound_typed_facts_and_existing_names) ... ok
2026-09-24T04:05:37.9337812Z test_actual_transport_hash_authority_positions_and_no_values (test_structure_data.DataSyntaxTests.test_actual_transport_hash_authority_positions_and_no_values) ... skipped 'actual optional SQL/config grammars not installed'
2026-09-24T04:05:37.9339315Z test_decoded_keys_positions_and_invalid_surrogates (test_structure_data.DataSyntaxTests.test_decoded_keys_positions_and_invalid_surrogates) ... skipped 'actual optional SQL/config grammars not installed'
2026-09-24T04:05:37.9354439Z test_duplicates_invalid_encodings_and_unsupported_sql_form_fail_closed (test_structure_data.DataSyntaxTests.test_duplicates_invalid_encodings_and_unsupported_sql_form_fail_closed) ... skipped 'actual optional SQL/config grammars not installed'
2026-09-24T04:05:37.9355965Z test_immutable_tree_index_keeps_keys_and_ddl_without_dirty_values (test_structure_data.DataSyntaxTests.test_immutable_tree_index_keeps_keys_and_ddl_without_dirty_values) ... skipped 'actual optional SQL/config grammars not installed'
2026-09-24T04:05:37.9357350Z test_json_keys_are_unambiguous_and_array_items_distinct (test_structure_data.DataSyntaxTests.test_json_keys_are_unambiguous_and_array_items_distinct) ... skipped 'actual optional SQL/config grammars not installed'
2026-09-24T04:05:37.9358451Z test_missing_grammars_remain_recognized_empty (test_structure_data.DataSyntaxTests.test_missing_grammars_remain_recognized_empty) ... ok
2026-09-24T04:05:37.9359603Z test_overflowing_json_values_fail_closed_at_every_nesting_level (test_structure_data.DataSyntaxTests.test_overflowing_json_values_fail_closed_at_every_nesting_level) ... skipped 'actual optional SQL/config grammars not installed'
2026-09-24T04:05:37.9361001Z test_sql_only_top_level_ddl_names_not_query_or_literal_decoys (test_structure_data.DataSyntaxTests.test_sql_only_top_level_ddl_names_not_query_or_literal_decoys) ... skipped 'actual optional SQL/config grammars not installed'
2026-09-24T04:05:37.9362288Z test_toml_tables_and_nested_array_table_scopes (test_structure_data.DataSyntaxTests.test_toml_tables_and_nested_array_table_scopes) ... skipped 'actual optional SQL/config grammars not installed'
2026-09-24T04:05:37.9363960Z test_yaml_document_scopes_without_alias_or_tag_execution (test_structure_data.DataSyntaxTests.test_yaml_document_scopes_without_alias_or_tag_execution) ... skipped 'actual optional SQL/config grammars not installed'
2026-09-24T04:05:37.9365378Z test_absolute_and_sequential_namespaces_and_unresolved_receivers (test_structure_dynamic.DynamicSyntaxTests.test_absolute_and_sequential_namespaces_and_unresolved_receivers) ... skipped 'actual optional Ruby/PHP grammars not installed'
2026-09-24T04:05:37.9366904Z test_actual_transport_source_and_authority (test_structure_dynamic.DynamicSyntaxTests.test_actual_transport_source_and_authority) ... skipped 'actual optional Ruby/PHP grammars not installed'
2026-09-24T04:05:37.9368247Z test_heredoc_decoys_dynamic_paths_and_actual_interpolation_calls (test_structure_dynamic.DynamicSyntaxTests.test_heredoc_decoys_dynamic_paths_and_actual_interpolation_calls) ... skipped 'actual optional Ruby/PHP grammars not installed'
2026-09-24T04:05:37.9369642Z test_immutable_git_tree_index_ignores_dirty_sources (test_structure_dynamic.DynamicSyntaxTests.test_immutable_git_tree_index_ignores_dirty_sources) ... skipped 'actual optional Ruby/PHP grammars not installed'
2026-09-24T04:05:37.9371462Z test_invalid_utf8_syntax_and_reopened_identity_fail_closed (test_structure_dynamic.DynamicSyntaxTests.test_invalid_utf8_syntax_and_reopened_identity_fail_closed) ... skipped 'actual optional Ruby/PHP grammars not installed'
2026-09-24T04:05:37.9372885Z test_missing_grammars_are_recognized_empty (test_structure_dynamic.DynamicSyntaxTests.test_missing_grammars_are_recognized_empty) ... ok
2026-09-24T04:05:37.9374246Z test_php_namespace_calls_do_not_bind_to_an_arbitrary_same_name (test_structure_dynamic.DynamicSyntaxTests.test_php_namespace_calls_do_not_bind_to_an_arbitrary_same_name) ... skipped 'actual optional Ruby/PHP grammars not installed'
2026-09-24T04:05:37.9375645Z test_php_namespace_types_signatures_and_grouped_use (test_structure_dynamic.DynamicSyntaxTests.test_php_namespace_types_signatures_and_grouped_use) ... skipped 'actual optional Ruby/PHP grammars not installed'
2026-09-24T04:05:37.9377251Z test_php_parenthesized_static_include_paths_keep_edges_without_dynamic_guesses (test_structure_dynamic.DynamicSyntaxTests.test_php_parenthesized_static_include_paths_keep_edges_without_dynamic_guesses) ... skipped 'actual optional Ruby/PHP grammars not installed'
2026-09-24T04:05:37.9378743Z test_ruby_lexical_types_methods_and_literal_require (test_structure_dynamic.DynamicSyntaxTests.test_ruby_lexical_types_methods_and_literal_require) ... skipped 'actual optional Ruby/PHP grammars not installed'
2026-09-24T04:05:37.9380184Z test_comments_parentheses_templates_and_import_options_have_exact_spans (test_structure_import_calls.ImportCallTests.test_comments_parentheses_templates_and_import_options_have_exact_spans) ... skipped 'actual JS/TS optional grammars not installed'
2026-09-24T04:05:37.9381684Z test_decoys_dynamic_and_loader_members_do_not_become_targets (test_structure_import_calls.ImportCallTests.test_decoys_dynamic_and_loader_members_do_not_become_targets) ... skipped 'actual JS/TS optional grammars not installed'
2026-09-24T04:05:37.9383301Z test_escaped_direct_eval_is_an_ambiguity_barrier (test_structure_import_calls.ImportCallTests.test_escaped_direct_eval_is_an_ambiguity_barrier) ... skipped 'actual JS/TS optional grammars not installed'
2026-09-24T04:05:37.9384536Z test_invalid_source_stays_completely_unparsed (test_structure_import_calls.ImportCallTests.test_invalid_source_stays_completely_unparsed) ... skipped 'actual JS/TS optional grammars not installed'
2026-09-24T04:05:37.9385967Z test_nested_literal_keyword_reference_and_transport_authority_are_preserved (test_structure_import_calls.ImportCallTests.test_nested_literal_keyword_reference_and_transport_authority_are_preserved) ... skipped 'actual JS/TS optional grammars not installed'
2026-09-24T04:05:37.9387677Z test_shadowing_and_writes_suppress_commonjs_candidates_but_keep_keyword_import (test_structure_import_calls.ImportCallTests.test_shadowing_and_writes_suppress_commonjs_candidates_but_keep_keyword_import) ... skipped 'actual JS/TS optional grammars not installed'
2026-09-24T04:05:37.9389350Z test_static_commonjs_and_import_keyword_reuse_each_js_ts_grammar (test_structure_import_calls.ImportCallTests.test_static_commonjs_and_import_keyword_reuse_each_js_ts_grammar) ... skipped 'actual JS/TS optional grammars not installed'
2026-09-24T04:05:37.9390890Z test_typescript_function_signatures_are_require_binding_barriers (test_structure_import_calls.ImportCallTests.test_typescript_function_signatures_are_require_binding_barriers) ... skipped 'actual JS/TS optional grammars not installed'
2026-09-24T04:05:37.9392338Z test_actual_syntax_import_positions_reuse_every_adapter (test_structure_import_references.ImportReferenceTests.test_actual_syntax_import_positions_reuse_every_adapter) ... skipped 'optional actual syntax grammars not installed'
2026-09-24T04:05:37.9682320Z test_immutable_index_never_picks_ambiguous_or_outside_relative_modules (test_structure_import_references.ImportReferenceTests.test_immutable_index_never_picks_ambiguous_or_outside_relative_modules) ... ok
2026-09-24T04:05:37.9685453Z test_import_detail_admission_rejects_invalid_positions_and_members (test_structure_import_references.ImportReferenceTests.test_import_detail_admission_rejects_invalid_positions_and_members) ... ok
2026-09-24T04:05:37.9689483Z test_outside_package_relative_imports_never_become_absolute_names (test_structure_import_references.ImportReferenceTests.test_outside_package_relative_imports_never_become_absolute_names) ... ok
2026-09-24T04:05:37.9691807Z test_package_initializer_retains_base_members_and_source_positions (test_structure_import_references.ImportReferenceTests.test_package_initializer_retains_base_members_and_source_positions) ... ok
2026-09-24T04:05:37.9694393Z test_python_aliases_crlf_and_decoys_preserve_only_import_syntax (test_structure_import_references.ImportReferenceTests.test_python_aliases_crlf_and_decoys_preserve_only_import_syntax) ... ok
2026-09-24T04:05:37.9696793Z test_v1_field_shape_is_preserved_and_v2_is_explicit (test_structure_import_references.ImportReferenceTests.test_v1_field_shape_is_preserved_and_v2_is_explicit) ... ok
2026-09-24T04:05:37.9704347Z test_actual_transport_source_binding_and_authority (test_structure_managed.ManagedSyntaxTests.test_actual_transport_source_binding_and_authority) ... skipped 'actual optional Java/Kotlin/C# grammars not installed'
2026-09-24T04:05:37.9706050Z test_csharp_file_namespace_nested_members_and_aliases (test_structure_managed.ManagedSyntaxTests.test_csharp_file_namespace_nested_members_and_aliases) ... skipped 'actual optional Java/Kotlin/C# grammars not installed'
2026-09-24T04:05:37.9707501Z test_errors_and_ambiguous_overloads_do_not_supply_partial_facts (test_structure_managed.ManagedSyntaxTests.test_errors_and_ambiguous_overloads_do_not_supply_partial_facts) ... skipped 'actual optional Java/Kotlin/C# grammars not installed'
2026-09-24T04:05:37.9708959Z test_immutable_tree_index_uses_all_three_shared_providers (test_structure_managed.ManagedSyntaxTests.test_immutable_tree_index_uses_all_three_shared_providers) ... skipped 'actual optional Java/Kotlin/C# grammars not installed'
2026-09-24T04:05:37.9710392Z test_java_package_types_nested_members_and_static_imports (test_structure_managed.ManagedSyntaxTests.test_java_package_types_nested_members_and_static_imports) ... skipped 'actual optional Java/Kotlin/C# grammars not installed'
2026-09-24T04:05:37.9711779Z test_kotlin_package_named_objects_aliases_and_decoys (test_structure_managed.ManagedSyntaxTests.test_kotlin_package_named_objects_aliases_and_decoys) ... skipped 'actual optional Java/Kotlin/C# grammars not installed'
2026-09-24T04:05:37.9713863Z test_kotlin_type_kinds_signatures_and_comment_free_import_paths (test_structure_managed.ManagedSyntaxTests.test_kotlin_type_kinds_signatures_and_comment_free_import_paths) ... skipped 'actual optional Java/Kotlin/C# grammars not installed'
2026-09-24T04:05:37.9715098Z test_missing_grammar_remains_recognized_empty (test_structure_managed.ManagedSyntaxTests.test_missing_grammar_remains_recognized_empty) ... ok
2026-09-24T04:05:37.9716407Z test_raw_strings_do_not_create_declarations_but_interpolation_keeps_real_calls (test_structure_managed.ManagedSyntaxTests.test_raw_strings_do_not_create_declarations_but_interpolation_keeps_real_calls) ... skipped 'actual optional Java/Kotlin/C# grammars not installed'
2026-09-24T04:05:37.9718230Z test_comments_inside_rust_paths_do_not_become_names_or_dependencies (test_structure_native.NativeSyntaxTests.test_comments_inside_rust_paths_do_not_become_names_or_dependencies) ... skipped 'optional actual Go/Rust grammars not installed'
2026-09-24T04:05:37.9719630Z test_go_functions_receivers_types_and_grouped_imports (test_structure_native.NativeSyntaxTests.test_go_functions_receivers_types_and_grouped_imports) ... skipped 'optional actual Go/Rust grammars not installed'
2026-09-24T04:05:37.9720913Z test_index_binds_go_and_rust_facts_to_captured_tree (test_structure_native.NativeSyntaxTests.test_index_binds_go_and_rust_facts_to_captured_tree) ... skipped 'optional actual Go/Rust grammars not installed'
2026-09-24T04:05:37.9722245Z test_malformed_syntax_encoding_and_transport_source_binding (test_structure_native.NativeSyntaxTests.test_malformed_syntax_encoding_and_transport_source_binding) ... skipped 'optional actual Go/Rust grammars not installed'
2026-09-24T04:05:37.9723594Z test_missing_grammars_preserve_recognized_empty_unparsed_coverage (test_structure_native.NativeSyntaxTests.test_missing_grammars_preserve_recognized_empty_unparsed_coverage) ... ok
2026-09-24T04:05:37.9724742Z test_new_suffixes_cannot_forge_javascript_local_import_resolution (test_structure_native.NativeSyntaxTests.test_new_suffixes_cannot_forge_javascript_local_import_resolution) ... ok
2026-09-24T04:05:37.9726168Z test_parenthesized_named_receivers_preserve_methods_without_guessing_tuple_types (test_structure_native.NativeSyntaxTests.test_parenthesized_named_receivers_preserve_methods_without_guessing_tuple_types) ... skipped 'optional actual Go/Rust grammars not installed'
2026-09-24T04:05:37.9727791Z test_qualified_rust_impl_and_trait_names_preserve_owner_scope (test_structure_native.NativeSyntaxTests.test_qualified_rust_impl_and_trait_names_preserve_owner_scope) ... skipped 'optional actual Go/Rust grammars not installed'
2026-09-24T04:05:37.9729368Z test_rust_scopes_import_groups_and_macro_decoys (test_structure_native.NativeSyntaxTests.test_rust_scopes_import_groups_and_macro_decoys) ... skipped 'optional actual Go/Rust grammars not installed'
2026-09-24T04:05:38.0428415Z test_bounded_coverage_and_parse_failures_are_visible_in_context (test_structure_snapshot.StructureSnapshotTests.test_bounded_coverage_and_parse_failures_are_visible_in_context) ... ok
2026-09-24T04:05:38.0752884Z test_corrupt_blob_response_cannot_replace_existing_index (test_structure_snapshot.StructureSnapshotTests.test_corrupt_blob_response_cannot_replace_existing_index) ... ok
2026-09-24T04:05:38.1161451Z test_dirty_untracked_and_deleted_working_files_cannot_change_head_bound_facts (test_structure_snapshot.StructureSnapshotTests.test_dirty_untracked_and_deleted_working_files_cannot_change_head_bound_facts) ... ok
2026-09-24T04:05:38.1482139Z test_git_symlink_mode_is_excluded_even_if_worktree_is_a_regular_python_file (test_structure_snapshot.StructureSnapshotTests.test_git_symlink_mode_is_excluded_even_if_worktree_is_a_regular_python_file) ... ok
2026-09-24T04:05:38.1983637Z test_head_advance_during_refresh_keeps_one_tree_and_next_refresh_updates (test_structure_snapshot.StructureSnapshotTests.test_head_advance_during_refresh_keeps_one_tree_and_next_refresh_updates) ... ok
2026-09-24T04:05:38.2461330Z test_old_tree_stamp_cannot_preserve_mutable_file_projection (test_structure_snapshot.StructureSnapshotTests.test_old_tree_stamp_cannot_preserve_mutable_file_projection) ... ok
2026-09-24T04:05:38.2613921Z test_total_byte_budget_omits_whole_blobs_and_reports_partial_coverage (test_structure_snapshot.StructureSnapshotTests.test_total_byte_budget_omits_whole_blobs_and_reports_partial_coverage) ... ok
2026-09-24T04:05:38.2615925Z test_ambient_typescript_declarations_are_observed_syntax (test_structure_syntax.StructureSyntaxTests.test_ambient_typescript_declarations_are_observed_syntax) ... skipped 'optional actual JS/TS parsers not installed'
2026-09-24T04:05:38.2617199Z test_dotted_basename_import_resolves_only_one_supported_source (test_structure_syntax.StructureSyntaxTests.test_dotted_basename_import_resolves_only_one_supported_source) ... ok
2026-09-24T04:05:38.2619237Z test_index_uses_immutable_tree_and_refreshes_provider_profile (test_structure_syntax.StructureSyntaxTests.test_index_uses_immutable_tree_and_refreshes_provider_profile) ... skipped 'optional actual JS/TS parsers not installed'
2026-09-24T04:05:38.2621205Z test_javascript_uses_syntax_not_strings_comments_or_template_text (test_structure_syntax.StructureSyntaxTests.test_javascript_uses_syntax_not_strings_comments_or_template_text) ... skipped 'optional actual JS/TS parsers not installed'
2026-09-24T04:05:38.2622870Z test_malformed_encoding_syntax_and_bounds_fail_empty (test_structure_syntax.StructureSyntaxTests.test_malformed_encoding_syntax_and_bounds_fail_empty) ... skipped 'optional actual JS/TS parsers not installed'
2026-09-24T04:05:38.2624466Z test_missing_optional_package_is_unparsed_not_heuristic_facts (test_structure_syntax.StructureSyntaxTests.test_missing_optional_package_is_unparsed_not_heuristic_facts) ... ok
2026-09-24T04:05:38.2625570Z test_python_and_unknown_fallback_keep_existing_contract (test_structure_syntax.StructureSyntaxTests.test_python_and_unknown_fallback_keep_existing_contract) ... ok
2026-09-24T04:05:38.2626824Z test_syntax_authority_admission_and_ambiguous_import_resolution (test_structure_syntax.StructureSyntaxTests.test_syntax_authority_admission_and_ambiguous_import_resolution) ... skipped 'optional actual JS/TS parsers not installed'
2026-09-24T04:05:38.2628276Z test_typescript_declarations_and_jsx_tsx_have_real_syntax_coverage (test_structure_syntax.StructureSyntaxTests.test_typescript_declarations_and_jsx_tsx_have_real_syntax_coverage) ... skipped 'optional actual JS/TS parsers not installed'
2026-09-24T04:05:38.5368236Z test_extraction_stays_independent_of_journal_proof_and_debt_services (test_structure_transport.StructureTransportTests.test_extraction_stays_independent_of_journal_proof_and_debt_services) ... ok
2026-09-24T04:05:39.3304607Z test_malformed_json_path_base64_schema_and_duplicate_paths_fail_atomically (test_structure_transport.StructureTransportTests.test_malformed_json_path_base64_schema_and_duplicate_paths_fail_atomically) ... ok
2026-09-24T04:05:39.5644522Z test_nonpython_extraction_loads_only_selected_provider_implementation (test_structure_transport.StructureTransportTests.test_nonpython_extraction_loads_only_selected_provider_implementation) ... ok
2026-09-24T04:05:39.5678166Z test_public_entry_never_discovers_repository_or_reads_language_preferences (test_structure_transport.StructureTransportTests.test_public_entry_never_discovers_repository_or_reads_language_preferences) ... ok
2026-09-24T04:05:39.6667713Z test_python_only_extraction_does_not_initialize_optional_distribution_metadata (test_structure_transport.StructureTransportTests.test_python_only_extraction_does_not_initialize_optional_distribution_metadata) ... ok
2026-09-24T04:05:39.7689507Z test_real_cli_outside_git_preserves_python_provider_and_french_json (test_structure_transport.StructureTransportTests.test_real_cli_outside_git_preserves_python_provider_and_french_json) ... ok
2026-09-24T04:05:39.7690743Z test_results_are_detached_and_empty_batch_is_valid (test_structure_transport.StructureTransportTests.test_results_are_detached_and_empty_batch_is_valid) ... ok
2026-09-24T04:05:39.9184627Z test_selected_extraction_parser_preserves_argument_rejections_and_help (test_structure_transport.StructureTransportTests.test_selected_extraction_parser_preserves_argument_rejections_and_help) ... ok
2026-09-24T04:05:39.9612965Z test_transport_limits_and_binary_or_invalid_python_have_explicit_coverage (test_structure_transport.StructureTransportTests.test_transport_limits_and_binary_or_invalid_python_have_explicit_coverage) ... ok
2026-09-24T04:05:39.9614799Z test_wire_bounds_reject_before_emitting_any_partial_response (test_structure_transport.StructureTransportTests.test_wire_bounds_reject_before_emitting_any_partial_response) ... ok
2026-09-24T04:05:40.0609315Z test_concurrent_first_identity_callers_agree (test_unborn_repository.UnbornRepositoryTests.test_concurrent_first_identity_callers_agree) ... ok
2026-09-24T04:05:40.0686949Z test_corrupt_head_is_never_silently_replaced_by_empty_base (test_unborn_repository.UnbornRepositoryTests.test_corrupt_head_is_never_silently_replaced_by_empty_base) ... ok
2026-09-24T04:05:40.0828642Z test_corrupt_local_identity_is_preserved_and_rejected (test_unborn_repository.UnbornRepositoryTests.test_corrupt_local_identity_is_preserved_and_rejected) ... ok
2026-09-24T04:05:40.1118993Z test_empty_base_is_deterministic_unreachable_and_not_an_ordinary_ref (test_unborn_repository.UnbornRepositoryTests.test_empty_base_is_deterministic_unreachable_and_not_an_ordinary_ref) ... ok
2026-09-24T04:05:40.1544502Z test_empty_native_session_does_not_manufacture_proof (test_unborn_repository.UnbornRepositoryTests.test_empty_native_session_does_not_manufacture_proof) ... ok
2026-09-24T04:05:40.1981392Z test_initial_snapshot_preserves_staging_and_excludes_only_owned_transients (test_unborn_repository.UnbornRepositoryTests.test_initial_snapshot_preserves_staging_and_excludes_only_owned_transients) ... ok
2026-09-24T04:05:40.2252926Z test_old_provisional_envelope_cannot_be_reingested_as_new_lineage (test_unborn_repository.UnbornRepositoryTests.test_old_provisional_envelope_cannot_be_reingested_as_new_lineage) ... ok
2026-09-24T04:05:40.2316303Z test_portal_cannot_send_provisional_identity (test_unborn_repository.UnbornRepositoryTests.test_portal_cannot_send_provisional_identity) ... ok
2026-09-24T04:05:40.2646507Z test_provisional_identity_is_distinct_durable_and_becomes_normal_root_lineage (test_unborn_repository.UnbornRepositoryTests.test_provisional_identity_is_distinct_durable_and_becomes_normal_root_lineage) ... ok
2026-09-24T04:05:40.5790863Z test_setup_and_status_are_useful_without_commits_or_evidence (test_unborn_repository.UnbornRepositoryTests.test_setup_and_status_are_useful_without_commits_or_evidence) ... ok
2026-09-24T04:05:40.5899246Z test_failing_test_only_diff_is_rejected (test_validation.ValidationOnlyTests.test_failing_test_only_diff_is_rejected) ... DiffWitness: validation-only stable-pass (dwv1_4bfd2f3dc1dc9e6f744c)
2026-09-24T04:05:40.5900430Z Project continuity: 2 new change event(s) · dwchg_418f11c68c94f147b5bd5ab2
2026-09-24T04:05:40.5900715Z 
2026-09-24T04:05:40.5900889Z Repayment verification: 1/1 selected obligation(s) resolved
2026-09-24T04:05:40.5901529Z   DW-D20EA7FBB60C: resolved — current tests now discriminate the introducing candidate from its historical base
2026-09-24T04:05:40.5902032Z DiffWitness Repay: ACCEPTED
2026-09-24T04:05:40.5902508Z Project continuity: 3 Debt Ledger lifecycle event(s) projected
2026-09-24T04:05:40.6657097Z ok
2026-09-24T04:05:40.6768123Z test_test_only_diff_runs_evidence_and_is_attestable (test_validation.ValidationOnlyTests.test_test_only_diff_runs_evidence_and_is_attestable) ... DiffWitness: validation-only stable-fail (dwv1_378b161e1cb87d07d6ab)
2026-09-24T04:05:40.8330610Z DiffWitness: validation-only stable-pass (dwv1_82a9c27be968451f04bb)
2026-09-24T04:05:40.8331805Z Project continuity: 2 new change event(s) · dwchg_1a8400040c605f61586a06f2
2026-09-24T04:05:40.8493139Z ok
2026-09-24T04:05:40.8647481Z test_cli_can_switch_both_directions_and_report_machine_state (test_view_mode.ViewModeTests.test_cli_can_switch_both_directions_and_report_machine_state) ... ok
2026-09-24T04:05:40.8757571Z test_defaults_to_guided_for_first_run (test_view_mode.ViewModeTests.test_defaults_to_guided_for_first_run) ... ok
2026-09-24T04:05:40.8870154Z test_invalid_stored_preference_fails_soft_to_guided (test_view_mode.ViewModeTests.test_invalid_stored_preference_fails_soft_to_guided) ... ok
2026-09-24T04:05:40.9069633Z test_root_help_is_guided_first_but_technical_is_one_command_away (test_view_mode.ViewModeTests.test_root_help_is_guided_first_but_technical_is_one_command_away) ... ok
2026-09-24T04:05:40.9268205Z test_switch_persists_inside_git_metadata_without_dirtying_repository (test_view_mode.ViewModeTests.test_switch_persists_inside_git_metadata_without_dirtying_repository) ... ok
2026-09-24T04:05:40.9271112Z test_health_semantic_sensor_reads_utf8_git_blob_without_degrading (test_windows_health_utf8_git_blob.WindowsUtf8SubprocessBoundaryTests.test_health_semantic_sensor_reads_utf8_git_blob_without_degrading) ... skipped 'Windows legacy-codepage regression'
2026-09-24T04:05:40.9274292Z test_proof_runner_keeps_non_utf8_diagnostics_json_safe (test_windows_health_utf8_git_blob.WindowsUtf8SubprocessBoundaryTests.test_proof_runner_keeps_non_utf8_diagnostics_json_safe) ... skipped 'Windows legacy-codepage regression'
2026-09-24T04:05:40.9277029Z test_proof_runner_preserves_utf8_stdout_and_stderr (test_windows_health_utf8_git_blob.WindowsUtf8SubprocessBoundaryTests.test_proof_runner_preserves_utf8_stdout_and_stderr) ... skipped 'Windows legacy-codepage regression'
2026-09-24T04:05:40.9280213Z test_acceptance_runner_decodes_utf8_child_output_without_locale_loss (test_windows_subprocess_utf8_reader.WindowsSubprocessUtf8ReaderRegressionTests.test_acceptance_runner_decodes_utf8_child_output_without_locale_loss)
2026-09-24T04:05:40.9283932Z A UTF-8 child must not be decoded through the host's legacy Windows code page. ... skipped 'Windows legacy-codepage reproduction'
2026-09-24T04:05:40.9285294Z 
2026-09-24T04:05:40.9285609Z ======================================================================
2026-09-24T04:05:40.9288379Z FAIL: test_conjunctive_names_preserve_intent_words_and_exact_sources (test_continuity_questions.MemoryQuestionTests.test_conjunctive_names_preserve_intent_words_and_exact_sources) (question='Why risk and memory management?')
2026-09-24T04:05:40.9291647Z ----------------------------------------------------------------------
2026-09-24T04:05:40.9292702Z Traceback (most recent call last):
2026-09-24T04:05:40.9302781Z   File "/home/runner/work/tooltest/tooltest/tests/test_continuity_questions.py", line 580, in test_conjunctive_names_preserve_intent_words_and_exact_sources
2026-09-24T04:05:40.9304044Z     self.assertEqual(result['status'],'cited-records')
2026-09-24T04:05:40.9304594Z AssertionError: 'abstained' != 'cited-records'
2026-09-24T04:05:40.9305013Z - abstained
2026-09-24T04:05:40.9305286Z + cited-records
2026-09-24T04:05:40.9305477Z 
2026-09-24T04:05:40.9305506Z 
2026-09-24T04:05:40.9305681Z ======================================================================
2026-09-24T04:05:40.9307205Z FAIL: test_conjunctive_names_preserve_intent_words_and_exact_sources (test_continuity_questions.MemoryQuestionTests.test_conjunctive_names_preserve_intent_words_and_exact_sources) (question='Pourquoi risk and memory management ?')
2026-09-24T04:05:40.9308689Z ----------------------------------------------------------------------
2026-09-24T04:05:40.9309198Z Traceback (most recent call last):
2026-09-24T04:05:40.9310296Z   File "/home/runner/work/tooltest/tooltest/tests/test_continuity_questions.py", line 580, in test_conjunctive_names_preserve_intent_words_and_exact_sources
2026-09-24T04:05:40.9311300Z     self.assertEqual(result['status'],'cited-records')
2026-09-24T04:05:40.9311956Z AssertionError: 'abstained' != 'cited-records'
2026-09-24T04:05:40.9312502Z - abstained
2026-09-24T04:05:40.9312786Z + cited-records
2026-09-24T04:05:40.9312959Z 
2026-09-24T04:05:40.9312977Z 
2026-09-24T04:05:40.9313142Z ======================================================================
2026-09-24T04:05:40.9314561Z FAIL: test_conjunctive_names_preserve_intent_words_and_exact_sources (test_continuity_questions.MemoryQuestionTests.test_conjunctive_names_preserve_intent_words_and_exact_sources) (question='What depends on risk and memory management?')
2026-09-24T04:05:40.9315987Z ----------------------------------------------------------------------
2026-09-24T04:05:40.9316472Z Traceback (most recent call last):
2026-09-24T04:05:40.9317503Z   File "/home/runner/work/tooltest/tooltest/tests/test_continuity_questions.py", line 586, in test_conjunctive_names_preserve_intent_words_and_exact_sources
2026-09-24T04:05:40.9318494Z     self.assertEqual(result['status'],'cited-records')
2026-09-24T04:05:40.9318968Z AssertionError: 'abstained' != 'cited-records'
2026-09-24T04:05:40.9319365Z - abstained
2026-09-24T04:05:40.9319640Z + cited-records
2026-09-24T04:05:40.9319800Z 
2026-09-24T04:05:40.9320048Z 
2026-09-24T04:05:40.9320232Z ======================================================================
2026-09-24T04:05:40.9322110Z FAIL: test_conjunctive_names_preserve_intent_words_and_exact_sources (test_continuity_questions.MemoryQuestionTests.test_conjunctive_names_preserve_intent_words_and_exact_sources) (question='Qu’est-ce qui dépend de risk and memory management ?')
2026-09-24T04:05:40.9323791Z ----------------------------------------------------------------------
2026-09-24T04:05:40.9324310Z Traceback (most recent call last):
2026-09-24T04:05:40.9325322Z   File "/home/runner/work/tooltest/tooltest/tests/test_continuity_questions.py", line 586, in test_conjunctive_names_preserve_intent_words_and_exact_sources
2026-09-24T04:05:40.9326383Z     self.assertEqual(result['status'],'cited-records')
2026-09-24T04:05:40.9326924Z AssertionError: 'abstained' != 'cited-records'
2026-09-24T04:05:40.9327364Z - abstained
2026-09-24T04:05:40.9327646Z + cited-records
2026-09-24T04:05:40.9327847Z 
2026-09-24T04:05:40.9327873Z 
2026-09-24T04:05:40.9328042Z ======================================================================
2026-09-24T04:05:40.9329857Z FAIL: test_conjunctive_names_preserve_intent_words_and_exact_sources (test_continuity_questions.MemoryQuestionTests.test_conjunctive_names_preserve_intent_words_and_exact_sources) (question='Why risque et mémoire management?')
2026-09-24T04:05:40.9331564Z ----------------------------------------------------------------------
2026-09-24T04:05:40.9332070Z Traceback (most recent call last):
2026-09-24T04:05:40.9333291Z   File "/home/runner/work/tooltest/tooltest/tests/test_continuity_questions.py", line 580, in test_conjunctive_names_preserve_intent_words_and_exact_sources
2026-09-24T04:05:40.9334316Z     self.assertEqual(result['status'],'cited-records')
2026-09-24T04:05:40.9334832Z AssertionError: 'abstained' != 'cited-records'
2026-09-24T04:05:40.9335242Z - abstained
2026-09-24T04:05:40.9335526Z + cited-records
2026-09-24T04:05:40.9335698Z 
2026-09-24T04:05:40.9335706Z 
2026-09-24T04:05:40.9335893Z ======================================================================
2026-09-24T04:05:40.9337656Z FAIL: test_conjunctive_names_preserve_intent_words_and_exact_sources (test_continuity_questions.MemoryQuestionTests.test_conjunctive_names_preserve_intent_words_and_exact_sources) (question='Pourquoi risque et mémoire management ?')
2026-09-24T04:05:40.9339172Z ----------------------------------------------------------------------
2026-09-24T04:05:40.9339675Z Traceback (most recent call last):
2026-09-24T04:05:40.9340746Z   File "/home/runner/work/tooltest/tooltest/tests/test_continuity_questions.py", line 580, in test_conjunctive_names_preserve_intent_words_and_exact_sources
2026-09-24T04:05:40.9341777Z     self.assertEqual(result['status'],'cited-records')
2026-09-24T04:05:40.9342262Z AssertionError: 'abstained' != 'cited-records'
2026-09-24T04:05:40.9342852Z - abstained
2026-09-24T04:05:40.9343125Z + cited-records
2026-09-24T04:05:40.9343307Z 
2026-09-24T04:05:40.9343315Z 
2026-09-24T04:05:40.9343495Z ======================================================================
2026-09-24T04:05:40.9345224Z FAIL: test_conjunctive_names_preserve_intent_words_and_exact_sources (test_continuity_questions.MemoryQuestionTests.test_conjunctive_names_preserve_intent_words_and_exact_sources) (question='What depends on risque et mémoire management?')
2026-09-24T04:05:40.9346692Z ----------------------------------------------------------------------
2026-09-24T04:05:40.9347174Z Traceback (most recent call last):
2026-09-24T04:05:40.9348165Z   File "/home/runner/work/tooltest/tooltest/tests/test_continuity_questions.py", line 586, in test_conjunctive_names_preserve_intent_words_and_exact_sources
2026-09-24T04:05:40.9349169Z     self.assertEqual(result['status'],'cited-records')
2026-09-24T04:05:40.9349667Z AssertionError: 'abstained' != 'cited-records'
2026-09-24T04:05:40.9350072Z - abstained
2026-09-24T04:05:40.9350333Z + cited-records
2026-09-24T04:05:40.9350506Z 
2026-09-24T04:05:40.9350514Z 
2026-09-24T04:05:40.9350906Z ======================================================================
2026-09-24T04:05:40.9352886Z FAIL: test_conjunctive_names_preserve_intent_words_and_exact_sources (test_continuity_questions.MemoryQuestionTests.test_conjunctive_names_preserve_intent_words_and_exact_sources) (question='Qu’est-ce qui dépend de risque et mémoire management ?')
2026-09-24T04:05:40.9354477Z ----------------------------------------------------------------------
2026-09-24T04:05:40.9354989Z Traceback (most recent call last):
2026-09-24T04:05:40.9356573Z   File "/home/runner/work/tooltest/tooltest/tests/test_continuity_questions.py", line 586, in test_conjunctive_names_preserve_intent_words_and_exact_sources
2026-09-24T04:05:40.9358304Z     self.assertEqual(result['status'],'cited-records')
2026-09-24T04:05:40.9359161Z AssertionError: 'abstained' != 'cited-records'
2026-09-24T04:05:40.9359843Z - abstained
2026-09-24T04:05:40.9360333Z + cited-records
2026-09-24T04:05:40.9360636Z 
2026-09-24T04:05:40.9360657Z 
2026-09-24T04:05:40.9360929Z ======================================================================
2026-09-24T04:05:40.9363302Z FAIL: test_conjunctive_names_preserve_intent_words_and_exact_sources (test_continuity_questions.MemoryQuestionTests.test_conjunctive_names_preserve_intent_words_and_exact_sources) (question='What depends on risk or change management?')
2026-09-24T04:05:40.9365616Z ----------------------------------------------------------------------
2026-09-24T04:05:40.9366237Z Traceback (most recent call last):
2026-09-24T04:05:40.9367780Z   File "/home/runner/work/tooltest/tooltest/tests/test_continuity_questions.py", line 586, in test_conjunctive_names_preserve_intent_words_and_exact_sources
2026-09-24T04:05:40.9369307Z     self.assertEqual(result['status'],'cited-records')
2026-09-24T04:05:40.9370388Z AssertionError: 'abstained' != 'cited-records'
2026-09-24T04:05:40.9371315Z - abstained
2026-09-24T04:05:40.9371922Z + cited-records
2026-09-24T04:05:40.9372295Z 
2026-09-24T04:05:40.9372305Z 
2026-09-24T04:05:40.9372805Z ======================================================================
2026-09-24T04:05:40.9376226Z FAIL: test_conjunctive_names_preserve_intent_words_and_exact_sources (test_continuity_questions.MemoryQuestionTests.test_conjunctive_names_preserve_intent_words_and_exact_sources) (question='Qu’est-ce qui dépend de risk or change management ?')
2026-09-24T04:05:40.9377885Z ----------------------------------------------------------------------
2026-09-24T04:05:40.9378461Z Traceback (most recent call last):
2026-09-24T04:05:40.9379601Z   File "/home/runner/work/tooltest/tooltest/tests/test_continuity_questions.py", line 586, in test_conjunctive_names_preserve_intent_words_and_exact_sources
2026-09-24T04:05:40.9380650Z     self.assertEqual(result['status'],'cited-records')
2026-09-24T04:05:40.9381165Z AssertionError: 'abstained' != 'cited-records'
2026-09-24T04:05:40.9381651Z - abstained
2026-09-24T04:05:40.9381966Z + cited-records
2026-09-24T04:05:40.9382163Z 
2026-09-24T04:05:40.9382185Z 
2026-09-24T04:05:40.9382622Z ======================================================================
2026-09-24T04:05:40.9385130Z FAIL: test_conjunctive_names_preserve_intent_words_and_exact_sources (test_continuity_questions.MemoryQuestionTests.test_conjunctive_names_preserve_intent_words_and_exact_sources) (question='What depends on risk and call management?')
2026-09-24T04:05:40.9387743Z ----------------------------------------------------------------------
2026-09-24T04:05:40.9388298Z Traceback (most recent call last):
2026-09-24T04:05:40.9389413Z   File "/home/runner/work/tooltest/tooltest/tests/test_continuity_questions.py", line 586, in test_conjunctive_names_preserve_intent_words_and_exact_sources
2026-09-24T04:05:40.9390489Z     self.assertEqual(result['status'],'cited-records')
2026-09-24T04:05:40.9391017Z AssertionError: 'abstained' != 'cited-records'
2026-09-24T04:05:40.9391455Z - abstained
2026-09-24T04:05:40.9391743Z + cited-records
2026-09-24T04:05:40.9391918Z 
2026-09-24T04:05:40.9392125Z 
2026-09-24T04:05:40.9392329Z ======================================================================
2026-09-24T04:05:40.9394320Z FAIL: test_conjunctive_names_preserve_intent_words_and_exact_sources (test_continuity_questions.MemoryQuestionTests.test_conjunctive_names_preserve_intent_words_and_exact_sources) (question='Qu’est-ce qui dépend de risk and call management ?')
2026-09-24T04:05:40.9395897Z ----------------------------------------------------------------------
2026-09-24T04:05:40.9396448Z Traceback (most recent call last):
2026-09-24T04:05:40.9397550Z   File "/home/runner/work/tooltest/tooltest/tests/test_continuity_questions.py", line 586, in test_conjunctive_names_preserve_intent_words_and_exact_sources
2026-09-24T04:05:40.9398616Z     self.assertEqual(result['status'],'cited-records')
2026-09-24T04:05:40.9399145Z AssertionError: 'abstained' != 'cited-records'
2026-09-24T04:05:40.9399570Z - abstained
2026-09-24T04:05:40.9399874Z + cited-records
2026-09-24T04:05:40.9400058Z 
2026-09-24T04:05:40.9400078Z 
2026-09-24T04:05:40.9400244Z ======================================================================
2026-09-24T04:05:40.9401594Z FAIL: test_dotted_software_versions_are_not_unintroduced_date_filters (test_continuity_questions.MemoryQuestionTests.test_dotted_software_versions_are_not_unintroduced_date_filters) (question='Why Python 3.14?')
2026-09-24T04:05:40.9403135Z ----------------------------------------------------------------------
2026-09-24T04:05:40.9403816Z Traceback (most recent call last):
2026-09-24T04:05:40.9404846Z   File "/home/runner/work/tooltest/tooltest/tests/test_continuity_questions.py", line 598, in test_dotted_software_versions_are_not_unintroduced_date_filters
2026-09-24T04:05:40.9405854Z     self.assertEqual(result['status'],'cited-records')
2026-09-24T04:05:40.9406347Z AssertionError: 'abstained' != 'cited-records'
2026-09-24T04:05:40.9406746Z - abstained
2026-09-24T04:05:40.9407040Z + cited-records
2026-09-24T04:05:40.9407210Z 
2026-09-24T04:05:40.9407219Z 
2026-09-24T04:05:40.9407389Z ======================================================================
2026-09-24T04:05:40.9408748Z FAIL: test_dotted_software_versions_are_not_unintroduced_date_filters (test_continuity_questions.MemoryQuestionTests.test_dotted_software_versions_are_not_unintroduced_date_filters) (question='Pourquoi Python 3.14 ?')
2026-09-24T04:05:40.9410193Z ----------------------------------------------------------------------
2026-09-24T04:05:40.9410734Z Traceback (most recent call last):
2026-09-24T04:05:40.9411909Z   File "/home/runner/work/tooltest/tooltest/tests/test_continuity_questions.py", line 598, in test_dotted_software_versions_are_not_unintroduced_date_filters
2026-09-24T04:05:40.9413190Z     self.assertEqual(result['status'],'cited-records')
2026-09-24T04:05:40.9413754Z AssertionError: 'abstained' != 'cited-records'
2026-09-24T04:05:40.9414327Z - abstained
2026-09-24T04:05:40.9414614Z + cited-records
2026-09-24T04:05:40.9414800Z 
2026-09-24T04:05:40.9414807Z 
2026-09-24T04:05:40.9414990Z ======================================================================
2026-09-24T04:05:40.9416429Z FAIL: test_dotted_software_versions_are_not_unintroduced_date_filters (test_continuity_questions.MemoryQuestionTests.test_dotted_software_versions_are_not_unintroduced_date_filters) (question='Why Python 3.12?')
2026-09-24T04:05:40.9417814Z ----------------------------------------------------------------------
2026-09-24T04:05:40.9418341Z Traceback (most recent call last):
2026-09-24T04:05:40.9419436Z   File "/home/runner/work/tooltest/tooltest/tests/test_continuity_questions.py", line 598, in test_dotted_software_versions_are_not_unintroduced_date_filters
2026-09-24T04:05:40.9420528Z     self.assertEqual(result['status'],'cited-records')
2026-09-24T04:05:40.9421060Z AssertionError: 'abstained' != 'cited-records'
2026-09-24T04:05:40.9421533Z - abstained
2026-09-24T04:05:40.9421853Z + cited-records
2026-09-24T04:05:40.9422051Z 
2026-09-24T04:05:40.9422058Z 
2026-09-24T04:05:40.9422571Z ======================================================================
2026-09-24T04:05:40.9424041Z FAIL: test_dotted_software_versions_are_not_unintroduced_date_filters (test_continuity_questions.MemoryQuestionTests.test_dotted_software_versions_are_not_unintroduced_date_filters) (question='Pourquoi Python 3.12 ?')
2026-09-24T04:05:40.9425527Z ----------------------------------------------------------------------
2026-09-24T04:05:40.9426077Z Traceback (most recent call last):
2026-09-24T04:05:40.9427207Z   File "/home/runner/work/tooltest/tooltest/tests/test_continuity_questions.py", line 598, in test_dotted_software_versions_are_not_unintroduced_date_filters
2026-09-24T04:05:40.9428423Z     self.assertEqual(result['status'],'cited-records')
2026-09-24T04:05:40.9428941Z AssertionError: 'abstained' != 'cited-records'
2026-09-24T04:05:40.9429398Z - abstained
2026-09-24T04:05:40.9429673Z + cited-records
2026-09-24T04:05:40.9429871Z 
2026-09-24T04:05:40.9429879Z 
2026-09-24T04:05:40.9430051Z ======================================================================
2026-09-24T04:05:40.9431583Z FAIL: test_dotted_software_versions_are_not_unintroduced_date_filters (test_continuity_questions.MemoryQuestionTests.test_dotted_software_versions_are_not_unintroduced_date_filters) (question='Why Node 24.1.0?')
2026-09-24T04:05:40.9433827Z ----------------------------------------------------------------------
2026-09-24T04:05:40.9434863Z Traceback (most recent call last):
2026-09-24T04:05:40.9436485Z   File "/home/runner/work/tooltest/tooltest/tests/test_continuity_questions.py", line 598, in test_dotted_software_versions_are_not_unintroduced_date_filters
2026-09-24T04:05:40.9438108Z     self.assertEqual(result['status'],'cited-records')
2026-09-24T04:05:40.9438865Z AssertionError: 'abstained' != 'cited-records'
2026-09-24T04:05:40.9439513Z - abstained
2026-09-24T04:05:40.9439956Z + cited-records
2026-09-24T04:05:40.9440220Z 
2026-09-24T04:05:40.9440227Z 
2026-09-24T04:05:40.9440485Z ======================================================================
2026-09-24T04:05:40.9443683Z FAIL: test_dotted_software_versions_are_not_unintroduced_date_filters (test_continuity_questions.MemoryQuestionTests.test_dotted_software_versions_are_not_unintroduced_date_filters) (question='Pourquoi Node 24.1.0 ?')
2026-09-24T04:05:40.9446603Z ----------------------------------------------------------------------
2026-09-24T04:05:40.9447358Z Traceback (most recent call last):
2026-09-24T04:05:40.9448477Z   File "/home/runner/work/tooltest/tooltest/tests/test_continuity_questions.py", line 598, in test_dotted_software_versions_are_not_unintroduced_date_filters
2026-09-24T04:05:40.9449759Z     self.assertEqual(result['status'],'cited-records')
2026-09-24T04:05:40.9450475Z AssertionError: 'abstained' != 'cited-records'
2026-09-24T04:05:40.9451098Z - abstained
2026-09-24T04:05:40.9451491Z + cited-records
2026-09-24T04:05:40.9451745Z 
2026-09-24T04:05:40.9451753Z 
2026-09-24T04:05:40.9452019Z ======================================================================
2026-09-24T04:05:40.9453497Z FAIL: test_dotted_software_versions_are_not_unintroduced_date_filters (test_continuity_questions.MemoryQuestionTests.test_dotted_software_versions_are_not_unintroduced_date_filters) (question='Why Deno 2.3?')
2026-09-24T04:05:40.9454890Z ----------------------------------------------------------------------
2026-09-24T04:05:40.9455402Z Traceback (most recent call last):
2026-09-24T04:05:40.9456453Z   File "/home/runner/work/tooltest/tooltest/tests/test_continuity_questions.py", line 598, in test_dotted_software_versions_are_not_unintroduced_date_filters
2026-09-24T04:05:40.9457475Z     self.assertEqual(result['status'],'cited-records')
2026-09-24T04:05:40.9457971Z AssertionError: 'abstained' != 'cited-records'
2026-09-24T04:05:40.9458372Z - abstained
2026-09-24T04:05:40.9458643Z + cited-records
2026-09-24T04:05:40.9458818Z 
2026-09-24T04:05:40.9458824Z 
2026-09-24T04:05:40.9458985Z ======================================================================
2026-09-24T04:05:40.9460456Z FAIL: test_dotted_software_versions_are_not_unintroduced_date_filters (test_continuity_questions.MemoryQuestionTests.test_dotted_software_versions_are_not_unintroduced_date_filters) (question='Pourquoi Deno 2.3 ?')
2026-09-24T04:05:40.9461860Z ----------------------------------------------------------------------
2026-09-24T04:05:40.9462587Z Traceback (most recent call last):
2026-09-24T04:05:40.9464102Z   File "/home/runner/work/tooltest/tooltest/tests/test_continuity_questions.py", line 598, in test_dotted_software_versions_are_not_unintroduced_date_filters
2026-09-24T04:05:40.9465156Z     self.assertEqual(result['status'],'cited-records')
2026-09-24T04:05:40.9465665Z AssertionError: 'abstained' != 'cited-records'
2026-09-24T04:05:40.9466092Z - abstained
2026-09-24T04:05:40.9466383Z + cited-records
2026-09-24T04:05:40.9466568Z 
2026-09-24T04:05:40.9466575Z 
2026-09-24T04:05:40.9466758Z ======================================================================
2026-09-24T04:05:40.9468102Z FAIL: test_iso_date_substrings_remain_literal_entity_identifiers (test_continuity_questions.MemoryQuestionTests.test_iso_date_substrings_remain_literal_entity_identifiers) (question='Why release-2026-09-21?')
2026-09-24T04:05:40.9469500Z ----------------------------------------------------------------------
2026-09-24T04:05:40.9470025Z Traceback (most recent call last):
2026-09-24T04:05:40.9471088Z   File "/home/runner/work/tooltest/tooltest/tests/test_continuity_questions.py", line 610, in test_iso_date_substrings_remain_literal_entity_identifiers
2026-09-24T04:05:40.9472590Z     self.assertEqual(result['status'],'cited-records')
2026-09-24T04:05:40.9473135Z AssertionError: 'abstained' != 'cited-records'
2026-09-24T04:05:40.9473586Z - abstained
2026-09-24T04:05:40.9473879Z + cited-records
2026-09-24T04:05:40.9474064Z 
2026-09-24T04:05:40.9474074Z 
2026-09-24T04:05:40.9474265Z ======================================================================
2026-09-24T04:05:40.9475701Z FAIL: test_iso_date_substrings_remain_literal_entity_identifiers (test_continuity_questions.MemoryQuestionTests.test_iso_date_substrings_remain_literal_entity_identifiers) (question='Pourquoi release-2026-09-21 ?')
2026-09-24T04:05:40.9477133Z ----------------------------------------------------------------------
2026-09-24T04:05:40.9477655Z Traceback (most recent call last):
2026-09-24T04:05:40.9478729Z   File "/home/runner/work/tooltest/tooltest/tests/test_continuity_questions.py", line 610, in test_iso_date_substrings_remain_literal_entity_identifiers
2026-09-24T04:05:40.9479795Z     self.assertEqual(result['status'],'cited-records')
2026-09-24T04:05:40.9480330Z AssertionError: 'abstained' != 'cited-records'
2026-09-24T04:05:40.9480763Z - abstained
2026-09-24T04:05:40.9481051Z + cited-records
2026-09-24T04:05:40.9481241Z 
2026-09-24T04:05:40.9481250Z 
2026-09-24T04:05:40.9481424Z ======================================================================
2026-09-24T04:05:40.9482906Z FAIL: test_iso_date_substrings_remain_literal_entity_identifiers (test_continuity_questions.MemoryQuestionTests.test_iso_date_substrings_remain_literal_entity_identifiers) (question='Why release-2026-09-22?')
2026-09-24T04:05:40.9483815Z ----------------------------------------------------------------------
2026-09-24T04:05:40.9484141Z Traceback (most recent call last):
2026-09-24T04:05:40.9484782Z   File "/home/runner/work/tooltest/tooltest/tests/test_continuity_questions.py", line 610, in test_iso_date_substrings_remain_literal_entity_identifiers
2026-09-24T04:05:40.9485418Z     self.assertEqual(result['status'],'cited-records')
2026-09-24T04:05:40.9485742Z AssertionError: 'abstained' != 'cited-records'
2026-09-24T04:05:40.9486010Z - abstained
2026-09-24T04:05:40.9486202Z + cited-records
2026-09-24T04:05:40.9486316Z 
2026-09-24T04:05:40.9486321Z 
2026-09-24T04:05:40.9486440Z ======================================================================
2026-09-24T04:05:40.9487419Z FAIL: test_iso_date_substrings_remain_literal_entity_identifiers (test_continuity_questions.MemoryQuestionTests.test_iso_date_substrings_remain_literal_entity_identifiers) (question='Pourquoi release-2026-09-22 ?')
2026-09-24T04:05:40.9488280Z ----------------------------------------------------------------------
2026-09-24T04:05:40.9488606Z Traceback (most recent call last):
2026-09-24T04:05:40.9489234Z   File "/home/runner/work/tooltest/tooltest/tests/test_continuity_questions.py", line 610, in test_iso_date_substrings_remain_literal_entity_identifiers
2026-09-24T04:05:40.9489878Z     self.assertEqual(result['status'],'cited-records')
2026-09-24T04:05:40.9490209Z AssertionError: 'abstained' != 'cited-records'
2026-09-24T04:05:40.9490479Z - abstained
2026-09-24T04:05:40.9490667Z + cited-records
2026-09-24T04:05:40.9490780Z 
2026-09-24T04:05:40.9490784Z 
2026-09-24T04:05:40.9490897Z ======================================================================
2026-09-24T04:05:40.9491697Z FAIL: test_iso_date_substrings_remain_literal_entity_identifiers (test_continuity_questions.MemoryQuestionTests.test_iso_date_substrings_remain_literal_entity_identifiers) (question='Why api/2026-09-21?')
2026-09-24T04:05:40.9492731Z ----------------------------------------------------------------------
2026-09-24T04:05:40.9493063Z Traceback (most recent call last):
2026-09-24T04:05:40.9493686Z   File "/home/runner/work/tooltest/tooltest/tests/test_continuity_questions.py", line 610, in test_iso_date_substrings_remain_literal_entity_identifiers
2026-09-24T04:05:40.9494405Z     self.assertEqual(result['status'],'cited-records')
2026-09-24T04:05:40.9494728Z AssertionError: 'abstained' != 'cited-records'
2026-09-24T04:05:40.9494999Z - abstained
2026-09-24T04:05:40.9495181Z + cited-records
2026-09-24T04:05:40.9495300Z 
2026-09-24T04:05:40.9495305Z 
2026-09-24T04:05:40.9495411Z ======================================================================
2026-09-24T04:05:40.9496249Z FAIL: test_iso_date_substrings_remain_literal_entity_identifiers (test_continuity_questions.MemoryQuestionTests.test_iso_date_substrings_remain_literal_entity_identifiers) (question='Pourquoi api/2026-09-21 ?')
2026-09-24T04:05:40.9497105Z ----------------------------------------------------------------------
2026-09-24T04:05:40.9497421Z Traceback (most recent call last):
2026-09-24T04:05:40.9498036Z   File "/home/runner/work/tooltest/tooltest/tests/test_continuity_questions.py", line 610, in test_iso_date_substrings_remain_literal_entity_identifiers
2026-09-24T04:05:40.9498662Z     self.assertEqual(result['status'],'cited-records')
2026-09-24T04:05:40.9498990Z AssertionError: 'abstained' != 'cited-records'
2026-09-24T04:05:40.9499255Z - abstained
2026-09-24T04:05:40.9499442Z + cited-records
2026-09-24T04:05:40.9499551Z 
2026-09-24T04:05:40.9499556Z 
2026-09-24T04:05:40.9499700Z ----------------------------------------------------------------------
2026-09-24T04:05:40.9500017Z Ran 788 tests in 82.130s
2026-09-24T04:05:40.9500153Z 
2026-09-24T04:05:40.9500259Z FAILED (failures=26, skipped=52)
2026-09-24T04:05:40.9500517Z certificate: dwv1_82a9c27be968451f04bb
2026-09-24T04:05:40.9500764Z integrity:   valid
2026-09-24T04:05:40.9500979Z freshness:   fresh against WORKTREE
2026-09-24T04:05:40.9501235Z candidate:   embedded-tree
2026-09-24T04:05:40.9501459Z base:        embedded-tree
2026-09-24T04:05:40.9501680Z verdict:     VALID
2026-09-24T04:05:40.9668393Z ##[error]Process completed with exit code 1.
2026-09-24T04:05:41.0347011Z ##[group]Run actions/upload-artifact@v6
2026-09-24T04:05:41.0347312Z with:
2026-09-24T04:05:41.0347531Z   name: unittest-Linux-py3.11
2026-09-24T04:05:41.0347776Z   path: unittest.log
2026-09-24T04:05:41.0347995Z   if-no-files-found: error
2026-09-24T04:05:41.0348223Z   retention-days: 7
2026-09-24T04:05:41.0348428Z   compression-level: 6
2026-09-24T04:05:41.0348636Z   overwrite: false
2026-09-24T04:05:41.0348844Z   include-hidden-files: false
2026-09-24T04:05:41.0349073Z env:
2026-09-24T04:05:41.0349328Z   pythonLocation: /opt/hostedtoolcache/Python/3.11.16/x64
2026-09-24T04:05:41.0349740Z   PKG_CONFIG_PATH: /opt/hostedtoolcache/Python/3.11.16/x64/lib/pkgconfig
2026-09-24T04:05:41.0350148Z   Python_ROOT_DIR: /opt/hostedtoolcache/Python/3.11.16/x64
2026-09-24T04:05:41.0350517Z   Python2_ROOT_DIR: /opt/hostedtoolcache/Python/3.11.16/x64
2026-09-24T04:05:41.0350882Z   Python3_ROOT_DIR: /opt/hostedtoolcache/Python/3.11.16/x64
2026-09-24T04:05:41.0351285Z   LD_LIBRARY_PATH: /opt/hostedtoolcache/Python/3.11.16/x64/lib
2026-09-24T04:05:41.0351595Z ##[endgroup]
2026-09-24T04:05:41.1891018Z With the provided path, there will be 1 file uploaded
2026-09-24T04:05:41.1901949Z Artifact name is valid!
2026-09-24T04:05:41.1924264Z Root directory input is valid!
2026-09-24T04:05:41.5667400Z Beginning upload of artifact content to blob storage
2026-09-24T04:05:41.8721993Z Uploaded bytes 30494
2026-09-24T04:05:41.9330294Z Finished uploading artifact content to blob storage!
2026-09-24T04:05:41.9331248Z SHA256 digest of uploaded artifact zip is c7837ee0b0060eeb2d969c3d3e59d78ec4549d7e87a699720cc199791dcfd70d
2026-09-24T04:05:41.9333980Z Finalizing artifact upload
2026-09-24T04:05:42.2878227Z Artifact unittest-Linux-py3.11.zip successfully finalized. Artifact ID 10789159711
2026-09-24T04:05:42.2879222Z Artifact unittest-Linux-py3.11 has been successfully uploaded! Final size is 30494 bytes. Artifact ID is 10789159711
2026-09-24T04:05:42.2883719Z Artifact download URL: https://github.com/TFourniax/tooltest/actions/runs/35954010148/artifacts/10789159711
2026-09-24T04:05:42.3173392Z Post job cleanup.
2026-09-24T04:05:42.4034252Z [command]/usr/bin/git version
2026-09-24T04:05:42.4081687Z git version 2.55.0
2026-09-24T04:05:42.4124848Z Temporarily overriding HOME='/home/runner/work/_temp/7f9ddcd8-97d3-46af-8902-903cb71930fa' before making global git config changes
2026-09-24T04:05:42.4125864Z Adding repository directory to the temporary git global config as a safe directory
2026-09-24T04:05:42.4131369Z [command]/usr/bin/git config --global --add safe.directory /home/runner/work/tooltest/tooltest
2026-09-24T04:05:42.4162828Z Removing SSH command configuration
2026-09-24T04:05:42.4170706Z [command]/usr/bin/git config --local --name-only --get-regexp core\.sshCommand
2026-09-24T04:05:42.4204591Z [command]/usr/bin/git submodule foreach --recursive sh -c "git config --local --name-only --get-regexp 'core\.sshCommand' && git config --local --unset-all 'core.sshCommand' || :"
2026-09-24T04:05:42.4419198Z Removing HTTP extra header
2026-09-24T04:05:42.4425164Z [command]/usr/bin/git config --local --name-only --get-regexp http\.https\:\/\/github\.com\/\.extraheader
2026-09-24T04:05:42.4462693Z [command]/usr/bin/git submodule foreach --recursive sh -c "git config --local --name-only --get-regexp 'http\.https\:\/\/github\.com\/\.extraheader' && git config --local --unset-all 'http.https://github.com/.extraheader' || :"
2026-09-24T04:05:42.4675173Z Removing includeIf entries pointing to credentials config files
2026-09-24T04:05:42.4684162Z [command]/usr/bin/git config --local --name-only --get-regexp ^includeIf\.gitdir:
2026-09-24T04:05:42.4707898Z includeif.gitdir:/home/runner/work/tooltest/tooltest/.git.path
2026-09-24T04:05:42.4708629Z includeif.gitdir:/home/runner/work/tooltest/tooltest/.git/worktrees/*.path
2026-09-24T04:05:42.4709211Z includeif.gitdir:/github/workspace/.git.path
2026-09-24T04:05:42.4709711Z includeif.gitdir:/github/workspace/.git/worktrees/*.path
2026-09-24T04:05:42.4719211Z [command]/usr/bin/git config --local --get-all includeif.gitdir:/home/runner/work/tooltest/tooltest/.git.path
2026-09-24T04:05:42.4742053Z /home/runner/work/_temp/git-credentials-f9e1a21a-eabd-43c3-8cc6-ac0d62637814.config
2026-09-24T04:05:42.4753213Z [command]/usr/bin/git config --local --unset includeif.gitdir:/home/runner/work/tooltest/tooltest/.git.path \/home\/runner\/work\/_temp\/git\-credentials\-f9e1a21a\-eabd\-43c3\-8cc6\-ac0d62637814\.config
2026-09-24T04:05:42.4788969Z [command]/usr/bin/git config --local --get-all includeif.gitdir:/home/runner/work/tooltest/tooltest/.git/worktrees/*.path
2026-09-24T04:05:42.4821630Z /home/runner/work/_temp/git-credentials-f9e1a21a-eabd-43c3-8cc6-ac0d62637814.config
2026-09-24T04:05:42.4833163Z [command]/usr/bin/git config --local --unset includeif.gitdir:/home/runner/work/tooltest/tooltest/.git/worktrees/*.path \/home\/runner\/work\/_temp\/git\-credentials\-f9e1a21a\-eabd\-43c3\-8cc6\-ac0d62637814\.config
2026-09-24T04:05:42.4866472Z [command]/usr/bin/git config --local --get-all includeif.gitdir:/github/workspace/.git.path
2026-09-24T04:05:42.4886838Z /github/runner_temp/git-credentials-f9e1a21a-eabd-43c3-8cc6-ac0d62637814.config
2026-09-24T04:05:42.4892938Z [command]/usr/bin/git config --local --unset includeif.gitdir:/github/workspace/.git.path \/github\/runner_temp\/git\-credentials\-f9e1a21a\-eabd\-43c3\-8cc6\-ac0d62637814\.config
2026-09-24T04:05:42.4926883Z [command]/usr/bin/git config --local --get-all includeif.gitdir:/github/workspace/.git/worktrees/*.path
2026-09-24T04:05:42.4957870Z /github/runner_temp/git-credentials-f9e1a21a-eabd-43c3-8cc6-ac0d62637814.config
2026-09-24T04:05:42.4961370Z [command]/usr/bin/git config --local --unset includeif.gitdir:/github/workspace/.git/worktrees/*.path \/github\/runner_temp\/git\-credentials\-f9e1a21a\-eabd\-43c3\-8cc6\-ac0d62637814\.config
2026-09-24T04:05:42.4995860Z [command]/usr/bin/git submodule foreach --recursive git config --local --show-origin --name-only --get-regexp remote.origin.url
2026-09-24T04:05:42.5191677Z Removing credentials config '/home/runner/work/_temp/git-credentials-f9e1a21a-eabd-43c3-8cc6-ac0d62637814.config'
2026-09-24T04:05:42.5326457Z Cleaning up orphan processes
