2026-09-24T01:36:21.8897972Z Current runner version: '2.337.0'
2026-09-24T01:36:21.8920203Z ##[group]Runner Image Provisioner
2026-09-24T01:36:21.8921114Z Hosted Compute Agent
2026-09-24T01:36:21.8921654Z Version: 20260828.587
2026-09-24T01:36:21.8922306Z Commit: abac92662cab4cc7352de4f9f9d2e2419aad9c29
2026-09-24T01:36:21.8922976Z Build Date: 2026-08-28T16:44:25Z
2026-09-24T01:36:21.8923594Z Worker ID: {f16bf6db-26e3-4fd2-989d-d9a5aea8dd23}
2026-09-24T01:36:21.8924667Z Azure Region: centralus
2026-09-24T01:36:21.8925215Z ##[endgroup]
2026-09-24T01:36:21.8926837Z ##[group]Operating System
2026-09-24T01:36:21.8927433Z Ubuntu
2026-09-24T01:36:21.8927899Z 24.04.5
2026-09-24T01:36:21.8928417Z LTS
2026-09-24T01:36:21.8928861Z ##[endgroup]
2026-09-24T01:36:21.8929414Z ##[group]Runner Image
2026-09-24T01:36:21.8929960Z Image: ubuntu-24.04
2026-09-24T01:36:21.8930496Z Version: 20260920.314.1
2026-09-24T01:36:21.8931732Z Included Software: https://github.com/actions/runner-images/blob/ubuntu24/20260920.314/images/ubuntu/Ubuntu2404-Readme.md
2026-09-24T01:36:21.8933209Z Image Release: https://github.com/actions/runner-images/releases/tag/ubuntu24%2F20260920.314
2026-09-24T01:36:21.8934367Z ##[endgroup]
2026-09-24T01:36:21.8935428Z ##[group]GITHUB_TOKEN Permissions
2026-09-24T01:36:21.8937634Z Contents: read
2026-09-24T01:36:21.8938179Z Metadata: read
2026-09-24T01:36:21.8938721Z ##[endgroup]
2026-09-24T01:36:21.8940713Z Secret source: Actions
2026-09-24T01:36:21.8941689Z Cache mode: write
2026-09-24T01:36:21.8942336Z Prepare workflow directory
2026-09-24T01:36:21.9174273Z Prepare all required actions
2026-09-24T01:36:21.9211618Z Getting action download info
2026-09-24T01:36:22.1455603Z Download action repository 'actions/checkout@v7' (SHA:3d3c42e5aac5ba805825da76410c181273ba90b1)
2026-09-24T01:36:22.2389905Z Download action repository 'actions/setup-python@v7' (SHA:5fda3b95a4ea91299a34e894583c3862153e4b97)
2026-09-24T01:36:22.3666106Z Download action repository 'actions/upload-artifact@v6' (SHA:b7c566a772e6b6bfb58ed0dc250532a479d7789f)
2026-09-24T01:36:22.6850997Z Complete job name: test (ubuntu-latest, 3.13)
2026-09-24T01:36:22.7362735Z ##[group]Run actions/checkout@v7
2026-09-24T01:36:22.7363282Z with:
2026-09-24T01:36:22.7363698Z   repository: TFourniax/tooltest
2026-09-24T01:36:22.7366652Z   token: ***
2026-09-24T01:36:22.7367030Z   ssh-strict: true
2026-09-24T01:36:22.7367397Z   ssh-user: git
2026-09-24T01:36:22.7367770Z   persist-credentials: true
2026-09-24T01:36:22.7368174Z   clean: true
2026-09-24T01:36:22.7368533Z   sparse-checkout-cone-mode: true
2026-09-24T01:36:22.7368953Z   fetch-depth: 1
2026-09-24T01:36:22.7369308Z   fetch-tags: false
2026-09-24T01:36:22.7369669Z   show-progress: true
2026-09-24T01:36:22.7370031Z   lfs: false
2026-09-24T01:36:22.7370361Z   submodules: false
2026-09-24T01:36:22.7370720Z   set-safe-directory: true
2026-09-24T01:36:22.7371135Z   allow-unsafe-pr-checkout: false
2026-09-24T01:36:22.7371738Z ##[endgroup]
2026-09-24T01:36:22.8155184Z Syncing repository: TFourniax/tooltest
2026-09-24T01:36:22.8157229Z ##[group]Getting Git version info
2026-09-24T01:36:22.8158110Z Working directory is '/home/runner/work/tooltest/tooltest'
2026-09-24T01:36:22.8159288Z [command]/usr/bin/git version
2026-09-24T01:36:22.8285179Z git version 2.55.0
2026-09-24T01:36:22.8298091Z ##[endgroup]
2026-09-24T01:36:22.8304470Z Temporarily overriding HOME='/home/runner/work/_temp/4bbde421-bb51-4f06-934c-f4119727a9f8' before making global git config changes
2026-09-24T01:36:22.8306098Z Adding repository directory to the temporary git global config as a safe directory
2026-09-24T01:36:22.8308051Z [command]/usr/bin/git config --global --add safe.directory /home/runner/work/tooltest/tooltest
2026-09-24T01:36:22.8341549Z Deleting the contents of '/home/runner/work/tooltest/tooltest'
2026-09-24T01:36:22.8343699Z ##[group]Determining repository object format
2026-09-24T01:36:22.8345391Z ##[endgroup]
2026-09-24T01:36:22.8346274Z ##[group]Initializing the repository
2026-09-24T01:36:22.8348071Z [command]/usr/bin/git init /home/runner/work/tooltest/tooltest
2026-09-24T01:36:22.8871140Z hint: Using 'master' as the name for the initial branch. This default branch name
2026-09-24T01:36:22.8871977Z hint: will change to "main" in Git 3.0. To configure the initial branch name
2026-09-24T01:36:22.8872762Z hint: to use in all of your new repositories, which will suppress this warning,
2026-09-24T01:36:22.8873318Z hint: call:
2026-09-24T01:36:22.8873640Z hint:
2026-09-24T01:36:22.8874280Z hint: 	git config --global init.defaultBranch <name>
2026-09-24T01:36:22.8874916Z hint:
2026-09-24T01:36:22.8875546Z hint: Names commonly chosen instead of 'master' are 'main', 'trunk' and
2026-09-24T01:36:22.8876512Z hint: 'development'. The just-created branch can be renamed via this command:
2026-09-24T01:36:22.8877154Z hint:
2026-09-24T01:36:22.8877534Z hint: 	git branch -m <name>
2026-09-24T01:36:22.8877907Z hint:
2026-09-24T01:36:22.8878548Z hint: Disable this message with "git config set advice.defaultBranchName false"
2026-09-24T01:36:22.8879501Z Initialized empty Git repository in /home/runner/work/tooltest/tooltest/.git/
2026-09-24T01:36:22.8883296Z [command]/usr/bin/git remote add origin https://github.com/TFourniax/tooltest
2026-09-24T01:36:22.8931667Z ##[endgroup]
2026-09-24T01:36:22.8932267Z ##[group]Disabling automatic garbage collection
2026-09-24T01:36:22.8933128Z [command]/usr/bin/git config --local gc.auto 0
2026-09-24T01:36:22.8959974Z ##[endgroup]
2026-09-24T01:36:22.8960562Z ##[group]Setting up auth
2026-09-24T01:36:22.8961003Z Removing SSH command configuration
2026-09-24T01:36:22.8963741Z [command]/usr/bin/git config --local --name-only --get-regexp core\.sshCommand
2026-09-24T01:36:22.8985301Z [command]/usr/bin/git submodule foreach --recursive sh -c "git config --local --name-only --get-regexp 'core\.sshCommand' && git config --local --unset-all 'core.sshCommand' || :"
2026-09-24T01:36:22.9250563Z Removing HTTP extra header
2026-09-24T01:36:22.9255206Z [command]/usr/bin/git config --local --name-only --get-regexp http\.https\:\/\/github\.com\/\.extraheader
2026-09-24T01:36:22.9280441Z [command]/usr/bin/git submodule foreach --recursive sh -c "git config --local --name-only --get-regexp 'http\.https\:\/\/github\.com\/\.extraheader' && git config --local --unset-all 'http.https://github.com/.extraheader' || :"
2026-09-24T01:36:22.9427855Z Removing includeIf entries pointing to credentials config files
2026-09-24T01:36:22.9429134Z [command]/usr/bin/git config --local --name-only --get-regexp ^includeIf\.gitdir:
2026-09-24T01:36:22.9448311Z [command]/usr/bin/git submodule foreach --recursive git config --local --show-origin --name-only --get-regexp remote.origin.url
2026-09-24T01:36:22.9591368Z [command]/usr/bin/git config --file /home/runner/work/_temp/git-credentials-1c13b5d0-369c-4584-8195-77e75b6823be.config http.https://github.com/.extraheader AUTHORIZATION: basic ***
2026-09-24T01:36:22.9615751Z [command]/usr/bin/git config --local includeIf.gitdir:/home/runner/work/tooltest/tooltest/.git.path /home/runner/work/_temp/git-credentials-1c13b5d0-369c-4584-8195-77e75b6823be.config
2026-09-24T01:36:22.9640583Z [command]/usr/bin/git config --local includeIf.gitdir:/home/runner/work/tooltest/tooltest/.git/worktrees/*.path /home/runner/work/_temp/git-credentials-1c13b5d0-369c-4584-8195-77e75b6823be.config
2026-09-24T01:36:22.9665569Z [command]/usr/bin/git config --local includeIf.gitdir:/github/workspace/.git.path /github/runner_temp/git-credentials-1c13b5d0-369c-4584-8195-77e75b6823be.config
2026-09-24T01:36:22.9690191Z [command]/usr/bin/git config --local includeIf.gitdir:/github/workspace/.git/worktrees/*.path /github/runner_temp/git-credentials-1c13b5d0-369c-4584-8195-77e75b6823be.config
2026-09-24T01:36:22.9712104Z ##[endgroup]
2026-09-24T01:36:22.9712856Z ##[group]Fetching the repository
2026-09-24T01:36:22.9717557Z [command]/usr/bin/git -c protocol.version=2 fetch --no-tags --prune --no-recurse-submodules --depth=1 origin +f418f3d1beb94c50404a1dade1191476eff160aa:refs/remotes/pull/128/merge
2026-09-24T01:36:23.9907719Z From https://github.com/TFourniax/tooltest
2026-09-24T01:36:23.9909016Z  * [new ref]         f418f3d1beb94c50404a1dade1191476eff160aa -> pull/128/merge
2026-09-24T01:36:23.9912123Z ##[endgroup]
2026-09-24T01:36:23.9913138Z ##[group]Determining the checkout info
2026-09-24T01:36:23.9914479Z ##[endgroup]
2026-09-24T01:36:23.9915312Z [command]/usr/bin/git sparse-checkout disable
2026-09-24T01:36:24.0001393Z [command]/usr/bin/git config --local --unset-all extensions.worktreeConfig
2026-09-24T01:36:24.0032420Z ##[group]Checking out the ref
2026-09-24T01:36:24.0034324Z [command]/usr/bin/git checkout --progress --force refs/remotes/pull/128/merge
2026-09-24T01:36:24.0700639Z Note: switching to 'refs/remotes/pull/128/merge'.
2026-09-24T01:36:24.0701514Z 
2026-09-24T01:36:24.0702061Z You are in 'detached HEAD' state. You can look around, make experimental
2026-09-24T01:36:24.0703489Z changes and commit them, and you can discard any commits you make in this
2026-09-24T01:36:24.0704793Z state without impacting any branches by switching back to a branch.
2026-09-24T01:36:24.0705570Z 
2026-09-24T01:36:24.0706032Z If you want to create a new branch to retain commits you create, you may
2026-09-24T01:36:24.0707137Z do so (now or later) by using -c with the switch command. Example:
2026-09-24T01:36:24.0708032Z 
2026-09-24T01:36:24.0708318Z   git switch -c <new-branch-name>
2026-09-24T01:36:24.0708993Z 
2026-09-24T01:36:24.0709303Z Or undo this operation with:
2026-09-24T01:36:24.0709771Z 
2026-09-24T01:36:24.0709990Z   git switch -
2026-09-24T01:36:24.0710306Z 
2026-09-24T01:36:24.0710947Z Turn off this advice by setting config variable advice.detachedHead to false
2026-09-24T01:36:24.0711695Z 
2026-09-24T01:36:24.0712820Z HEAD is now at f418f3d Merge 0256d8fc19e7845521b954d60369be249af02ec0 into c03164e75e805ff1df976e55cdf6d86073e89b04
2026-09-24T01:36:24.0715442Z ##[endgroup]
2026-09-24T01:36:24.0738047Z [command]/usr/bin/git log -1 --format=%H
2026-09-24T01:36:24.0755639Z f418f3d1beb94c50404a1dade1191476eff160aa
2026-09-24T01:36:24.1006163Z ##[group]Run actions/setup-python@v7
2026-09-24T01:36:24.1006811Z with:
2026-09-24T01:36:24.1007216Z   python-version: 3.13
2026-09-24T01:36:24.1007739Z   check-latest: false
2026-09-24T01:36:24.1014295Z   token: ***
2026-09-24T01:36:24.1014746Z   update-environment: true
2026-09-24T01:36:24.1015298Z   allow-prereleases: false
2026-09-24T01:36:24.1015819Z   freethreaded: false
2026-09-24T01:36:24.1016269Z ##[endgroup]
2026-09-24T01:36:24.1858313Z ##[group]Installed versions
2026-09-24T01:36:24.1917273Z Successfully set up CPython (3.13.15)
2026-09-24T01:36:24.1918754Z ##[endgroup]
2026-09-24T01:36:24.2047757Z ##[group]Run python -m pip install -e .
2026-09-24T01:36:24.2048496Z [36;1mpython -m pip install -e .[0m
2026-09-24T01:36:24.4591832Z shell: /usr/bin/bash -e {0}
2026-09-24T01:36:24.4592398Z env:
2026-09-24T01:36:24.4592959Z   pythonLocation: /opt/hostedtoolcache/Python/3.13.15/x64
2026-09-24T01:36:24.4594027Z   PKG_CONFIG_PATH: /opt/hostedtoolcache/Python/3.13.15/x64/lib/pkgconfig
2026-09-24T01:36:24.4595467Z   Python_ROOT_DIR: /opt/hostedtoolcache/Python/3.13.15/x64
2026-09-24T01:36:24.4596429Z   Python2_ROOT_DIR: /opt/hostedtoolcache/Python/3.13.15/x64
2026-09-24T01:36:24.4597317Z   Python3_ROOT_DIR: /opt/hostedtoolcache/Python/3.13.15/x64
2026-09-24T01:36:24.4598226Z   LD_LIBRARY_PATH: /opt/hostedtoolcache/Python/3.13.15/x64/lib
2026-09-24T01:36:24.4598983Z ##[endgroup]
2026-09-24T01:36:29.0293101Z Obtaining file:///home/runner/work/tooltest/tooltest
2026-09-24T01:36:29.0306152Z   Installing build dependencies: started
2026-09-24T01:36:30.0272705Z   Installing build dependencies: finished with status 'done'
2026-09-24T01:36:30.0276369Z   Checking if build backend supports build_editable: started
2026-09-24T01:36:30.6132526Z   Checking if build backend supports build_editable: finished with status 'done'
2026-09-24T01:36:30.6138010Z   Getting requirements to build editable: started
2026-09-24T01:36:30.8522178Z   Getting requirements to build editable: finished with status 'done'
2026-09-24T01:36:30.8527358Z   Preparing editable metadata (pyproject.toml): started
2026-09-24T01:36:30.9866401Z   Preparing editable metadata (pyproject.toml): finished with status 'done'
2026-09-24T01:36:30.9909773Z Building wheels for collected packages: diffwitness
2026-09-24T01:36:30.9914173Z   Building editable for diffwitness (pyproject.toml): started
2026-09-24T01:36:31.1407085Z   Building editable for diffwitness (pyproject.toml): finished with status 'done'
2026-09-24T01:36:31.1415423Z   Created wheel for diffwitness: filename=diffwitness-0.4.0a1-0.editable-py3-none-any.whl size=13006 sha256=f1f24905160307481e940987c7eadf184305615d85e9975c430ade7170ecde8a
2026-09-24T01:36:31.1416365Z   Stored in directory: /tmp/pip-ephem-wheel-cache-f0u565vq/wheels/89/0f/a0/c7bfda379bc2c208c7de77ef5813e2f6bf2d6d3c46e8e2ced4
2026-09-24T01:36:31.1435374Z Successfully built diffwitness
2026-09-24T01:36:31.1531947Z Installing collected packages: diffwitness
2026-09-24T01:36:31.1584608Z Successfully installed diffwitness-0.4.0a1
2026-09-24T01:36:31.2122810Z ##[group]Run python -m pip check
2026-09-24T01:36:31.2123154Z [36;1mpython -m pip check[0m
2026-09-24T01:36:31.2158662Z shell: /usr/bin/bash -e {0}
2026-09-24T01:36:31.2158948Z env:
2026-09-24T01:36:31.2159224Z   pythonLocation: /opt/hostedtoolcache/Python/3.13.15/x64
2026-09-24T01:36:31.2159608Z   PKG_CONFIG_PATH: /opt/hostedtoolcache/Python/3.13.15/x64/lib/pkgconfig
2026-09-24T01:36:31.2159987Z   Python_ROOT_DIR: /opt/hostedtoolcache/Python/3.13.15/x64
2026-09-24T01:36:31.2160328Z   Python2_ROOT_DIR: /opt/hostedtoolcache/Python/3.13.15/x64
2026-09-24T01:36:31.2160689Z   Python3_ROOT_DIR: /opt/hostedtoolcache/Python/3.13.15/x64
2026-09-24T01:36:31.2161061Z   LD_LIBRARY_PATH: /opt/hostedtoolcache/Python/3.13.15/x64/lib
2026-09-24T01:36:31.2161363Z ##[endgroup]
2026-09-24T01:36:31.3476790Z No broken requirements found.
2026-09-24T01:36:31.3735845Z ##[group]Run python -m compileall -q src integrations scripts
2026-09-24T01:36:31.3736255Z [36;1mpython -m compileall -q src integrations scripts[0m
2026-09-24T01:36:31.3768868Z shell: /usr/bin/bash -e {0}
2026-09-24T01:36:31.3769171Z env:
2026-09-24T01:36:31.3769437Z   pythonLocation: /opt/hostedtoolcache/Python/3.13.15/x64
2026-09-24T01:36:31.3769806Z   PKG_CONFIG_PATH: /opt/hostedtoolcache/Python/3.13.15/x64/lib/pkgconfig
2026-09-24T01:36:31.3770184Z   Python_ROOT_DIR: /opt/hostedtoolcache/Python/3.13.15/x64
2026-09-24T01:36:31.3770523Z   Python2_ROOT_DIR: /opt/hostedtoolcache/Python/3.13.15/x64
2026-09-24T01:36:31.3770850Z   Python3_ROOT_DIR: /opt/hostedtoolcache/Python/3.13.15/x64
2026-09-24T01:36:31.3771177Z   LD_LIBRARY_PATH: /opt/hostedtoolcache/Python/3.13.15/x64/lib
2026-09-24T01:36:31.3771469Z ##[endgroup]
2026-09-24T01:36:31.6116545Z ##[group]Run set +e
2026-09-24T01:36:31.6116836Z [36;1mset +e[0m
2026-09-24T01:36:31.6117129Z [36;1mpython -m unittest discover -s tests -v 2>&1 | tee unittest.log[0m
2026-09-24T01:36:31.6117477Z [36;1mrc=${PIPESTATUS[0]}[0m
2026-09-24T01:36:31.6117751Z [36;1mecho "return_code=$rc" >> "$GITHUB_OUTPUT"[0m
2026-09-24T01:36:31.6118022Z [36;1mexit "$rc"[0m
2026-09-24T01:36:31.6145534Z shell: /usr/bin/bash --noprofile --norc -e -o pipefail {0}
2026-09-24T01:36:31.6145917Z env:
2026-09-24T01:36:31.6146183Z   pythonLocation: /opt/hostedtoolcache/Python/3.13.15/x64
2026-09-24T01:36:31.6146539Z   PKG_CONFIG_PATH: /opt/hostedtoolcache/Python/3.13.15/x64/lib/pkgconfig
2026-09-24T01:36:31.6146929Z   Python_ROOT_DIR: /opt/hostedtoolcache/Python/3.13.15/x64
2026-09-24T01:36:31.6147276Z   Python2_ROOT_DIR: /opt/hostedtoolcache/Python/3.13.15/x64
2026-09-24T01:36:31.6147609Z   Python3_ROOT_DIR: /opt/hostedtoolcache/Python/3.13.15/x64
2026-09-24T01:36:31.6148043Z   LD_LIBRARY_PATH: /opt/hostedtoolcache/Python/3.13.15/x64/lib
2026-09-24T01:36:31.6148314Z ##[endgroup]
2026-09-24T01:36:33.1030286Z test_acceptance_harnesses_preserve_utf8_subprocess_output (test_acceptance_utf8.AcceptanceEncodingTests.test_acceptance_harnesses_preserve_utf8_subprocess_output) ... ok
2026-09-24T01:36:33.3839298Z test_advisory_partition_can_spend_tiny_budget_but_public_runner_still_proves_removal (test_adaptive.AdaptiveCoreTests.test_advisory_partition_can_spend_tiny_budget_but_public_runner_still_proves_removal) ... ok
2026-09-24T01:36:34.4715943Z test_finds_one_hunk_core_without_testing_every_surplus_hunk (test_adaptive.AdaptiveCoreTests.test_finds_one_hunk_core_without_testing_every_surplus_hunk) ... ok
2026-09-24T01:36:34.4954394Z test_invalid_advisory_plan_fails_before_any_search (test_adaptive.AdaptiveCoreTests.test_invalid_advisory_plan_fails_before_any_search) ... ok
2026-09-24T01:36:34.6066186Z test_behavior_preserving_refactor_gets_preservation_evidence (test_assurance.AssuranceTests.test_behavior_preserving_refactor_gets_preservation_evidence) ... ok
2026-09-24T01:36:34.7423624Z test_changed_tests_that_already_pass_on_base_are_non_discriminating (test_assurance.AssuranceTests.test_changed_tests_that_already_pass_on_base_are_non_discriminating) ... DiffWitness Gate rejected: changed tests do not discriminate the production change from base
2026-09-24T01:36:34.7446842Z ok
2026-09-24T01:36:34.7555436Z test_gate_balanced_accepts_and_public_verify_understands_assurance (test_assurance.AssuranceTests.test_gate_balanced_accepts_and_public_verify_understands_assurance) ... DiffWitness Gate: non-discriminating-change under balanced policy (dwa1_ba3cec255094ee4c2fd5)
2026-09-24T01:36:34.9342868Z DiffWitness Gate: preservation-evidence under balanced policy (dwa1_00fd022ce5513bfed3fa)
2026-09-24T01:36:34.9343554Z DiffWitness Gate accepted: balanced policy accepts stable preservation assurance
2026-09-24T01:36:34.9344515Z Project continuity: 2 new change event(s) · dwchg_531d1682273e5cf76b3a5f1b
2026-09-24T01:36:34.9471394Z certificate: dwa1_00fd022ce5513bfed3fa
2026-09-24T01:36:34.9471942Z integrity:   valid
2026-09-24T01:36:34.9472206Z freshness:   fresh against WORKTREE
2026-09-24T01:36:34.9472540Z candidate:   embedded-tree
2026-09-24T01:36:34.9472818Z base:        embedded-tree
2026-09-24T01:36:34.9473068Z verdict:     VALID
2026-09-24T01:36:34.9605752Z certificate: dwa1_00fd022ce5513bfed3fa
2026-09-24T01:36:34.9606092Z integrity:   valid
2026-09-24T01:36:34.9606437Z freshness:   stale against WORKTREE
2026-09-24T01:36:34.9606784Z candidate:   embedded-tree
2026-09-24T01:36:34.9607054Z base:        embedded-tree
2026-09-24T01:36:34.9607700Z verdict:     INVALID
2026-09-24T01:36:35.1838878Z DiffWitness Gate rejected: candidate is not stably green
2026-09-24T01:36:35.1873213Z ok
2026-09-24T01:36:35.2247486Z test_noop_certificate_is_fresh_then_stale_after_content_changes (test_attest.AttestationTests.test_noop_certificate_is_fresh_then_stale_after_content_changes) ... DiffWitness Gate: candidate-not-stable-green under strict policy (dwa1_052b2a3977aed0114a25)
2026-09-24T01:36:35.2527297Z DiffWitness: proof not required (dw0_6c587fb44cb576bf228b); no executable causal mutation detected.
2026-09-24T01:36:35.2762345Z certificate: dw0_6c587fb44cb576bf228b
2026-09-24T01:36:35.2762675Z integrity:   valid
2026-09-24T01:36:35.2762925Z freshness:   fresh against WORKTREE
2026-09-24T01:36:35.2763166Z candidate:   embedded-tree
2026-09-24T01:36:35.2763422Z base:        embedded-tree
2026-09-24T01:36:35.2763638Z artifacts:   ignored proof.json
2026-09-24T01:36:35.2763855Z verdict:     VALID
2026-09-24T01:36:35.2907069Z ok
2026-09-24T01:36:35.3001778Z test_tree_bound_validation_proof_verifies_in_fresh_clone_without_snapshot_commit (test_attest.AttestationTests.test_tree_bound_validation_proof_verifies_in_fresh_clone_without_snapshot_commit) ... certificate: dw0_6c587fb44cb576bf228b
2026-09-24T01:36:35.3002644Z integrity:   valid
2026-09-24T01:36:35.3002855Z freshness:   stale against WORKTREE
2026-09-24T01:36:35.3003166Z candidate:   embedded-tree
2026-09-24T01:36:35.3003384Z base:        embedded-tree
2026-09-24T01:36:35.3003599Z artifacts:   ignored proof.json
2026-09-24T01:36:35.3003829Z verdict:     INVALID
2026-09-24T01:36:35.7518419Z DiffWitness: validation-only stable-pass (dwv1_3217186383ad3bcd4699)
2026-09-24T01:36:35.7519572Z Project continuity: 2 new change event(s) · dwchg_4e58f3fdda8300446cc8375a
2026-09-24T01:36:35.7656186Z ok
2026-09-24T01:36:35.7756072Z test_verified_worktree_proof_can_be_attached_after_identical_commit (test_attest.AttestationTests.test_verified_worktree_proof_can_be_attached_after_identical_commit) ... certificate: dwv1_3217186383ad3bcd4699
2026-09-24T01:36:35.7756760Z integrity:   valid
2026-09-24T01:36:35.7756965Z freshness:   fresh against HEAD
2026-09-24T01:36:35.7757221Z candidate:   embedded-tree
2026-09-24T01:36:35.7757437Z base:        embedded-tree
2026-09-24T01:36:35.7757667Z verdict:     VALID
2026-09-24T01:36:35.7965288Z DiffWitness: proof not required (dw0_6c587fb44cb576bf228b); no executable causal mutation detected.
2026-09-24T01:36:35.9092456Z ok
2026-09-24T01:36:35.9096550Z test_detects_pytest_configuration (test_autodetect.AutoDetectTests.test_detects_pytest_configuration) ... ok
2026-09-24T01:36:35.9099627Z test_falls_back_to_unittest_for_plain_tests_directory (test_autodetect.AutoDetectTests.test_falls_back_to_unittest_for_plain_tests_directory) ... ok
2026-09-24T01:36:35.9105461Z test_prefers_declared_pnpm_test_script (test_autodetect.AutoDetectTests.test_prefers_declared_pnpm_test_script) ... ok
2026-09-24T01:36:35.9108184Z test_unified_schema_declares_every_public_certificate_family (test_certificate_schema.CertificateSchemaTests.test_unified_schema_declares_every_public_certificate_family) ... ok
2026-09-24T01:36:35.9690433Z test_binds_proof_debt_and_idleproof_to_one_exact_change (test_change_envelope.ChangeEnvelopeTests.test_binds_proof_debt_and_idleproof_to_one_exact_change) ... ok
2026-09-24T01:36:35.9866756Z test_corrupt_evidence_and_empty_envelope_fail_closed (test_change_envelope.ChangeEnvelopeTests.test_corrupt_evidence_and_empty_envelope_fail_closed) ... ok
2026-09-24T01:36:36.0005393Z test_idleproof_state_and_local_hook_files_do_not_change_diffwitness_worktree_identity (test_change_envelope.ChangeEnvelopeTests.test_idleproof_state_and_local_hook_files_do_not_change_diffwitness_worktree_identity) ... ok
2026-09-24T01:36:36.0460305Z test_mismatched_debt_candidate_tree_fails_closed (test_change_envelope.ChangeEnvelopeTests.test_mismatched_debt_candidate_tree_fails_closed) ... ok
2026-09-24T01:36:36.0897405Z test_mismatched_idleproof_change_fails_closed (test_change_envelope.ChangeEnvelopeTests.test_mismatched_idleproof_change_fails_closed) ... ok
2026-09-24T01:36:36.2020362Z test_init_creates_pinned_workflow_with_explicit_commands (test_cli.CliTests.test_init_creates_pinned_workflow_with_explicit_commands) ... ok
2026-09-24T01:36:36.4874202Z test_prove_writes_v2_certificate_and_markdown (test_cli.CliTests.test_prove_writes_v2_certificate_and_markdown) ... ok
2026-09-24T01:36:36.6876097Z test_direct_frontends_also_parse_before_preflight_or_discovery (test_cli_informational_safety.InformationalSafetyTests.test_direct_frontends_also_parse_before_preflight_or_discovery) ... ok
2026-09-24T01:36:37.0030673Z test_explicit_proof_still_executes_repository_tests (test_cli_informational_safety.InformationalSafetyTests.test_explicit_proof_still_executes_repository_tests) ... ok
2026-09-24T01:36:39.2668886Z test_help_and_version_preserve_repository_and_historical_evidence (test_cli_informational_safety.InformationalSafetyTests.test_help_and_version_preserve_repository_and_historical_evidence) ... ok
2026-09-24T01:36:39.7483440Z test_help_inside_explicit_test_command_still_executes (test_cli_informational_safety.InformationalSafetyTests.test_help_inside_explicit_test_command_still_executes) ... ok
2026-09-24T01:36:40.4966018Z test_invalid_options_fail_before_execution_or_certificate_deletion (test_cli_informational_safety.InformationalSafetyTests.test_invalid_options_fail_before_execution_or_certificate_deletion) ... ok
2026-09-24T01:36:40.4985349Z test_invalid_policy_and_budget_are_rejected (test_config.ConfigTests.test_invalid_policy_and_budget_are_rejected) ... ok
2026-09-24T01:36:40.6402858Z test_non_finite_timeouts_are_rejected_in_core_and_engine_config (test_config.ConfigTests.test_non_finite_timeouts_are_rejected_in_core_and_engine_config) ... ok
2026-09-24T01:36:40.6405755Z test_unknown_key_fails_closed (test_config.ConfigTests.test_unknown_key_fails_closed) ... ok
2026-09-24T01:36:40.6417929Z test_valid_gate_configuration_round_trips (test_config.ConfigTests.test_valid_gate_configuration_round_trips) ... ok
2026-09-24T01:36:40.6657609Z test_context_uses_project_test_configuration_without_private_engine_access (test_context_process_budget.ContextProcessBudgetTests.test_context_uses_project_test_configuration_without_private_engine_access) ... ok
2026-09-24T01:36:40.6767928Z test_failed_committed_history_walk_is_not_an_unborn_fingerprint (test_context_process_budget.ContextProcessBudgetTests.test_failed_committed_history_walk_is_not_an_unborn_fingerprint) ... ok
2026-09-24T01:36:40.6974652Z test_fingerprint_uses_reachable_roots_and_ignores_other_refs (test_context_process_budget.ContextProcessBudgetTests.test_fingerprint_uses_reachable_roots_and_ignores_other_refs) ... ok
2026-09-24T01:36:40.7161941Z test_malformed_project_configuration_still_fails (test_context_process_budget.ContextProcessBudgetTests.test_malformed_project_configuration_still_fails) ... ok
2026-09-24T01:36:40.7585927Z test_warm_context_uses_at_most_five_git_processes (test_context_process_budget.ContextProcessBudgetTests.test_warm_context_uses_at_most_five_git_processes) ... ok
2026-09-24T01:36:40.8430191Z test_bounds_and_repository_eviction_force_complete_validation (test_continuity_append_cache.AppendCacheTests.test_bounds_and_repository_eviction_force_complete_validation) ... ok
2026-09-24T01:36:41.0229334Z test_caller_inputs_and_results_cannot_mutate_cached_history (test_continuity_append_cache.AppendCacheTests.test_caller_inputs_and_results_cannot_mutate_cached_history) ... ok
2026-09-24T01:36:41.2091868Z test_concurrent_calls_have_one_chain_and_dedupe (test_continuity_append_cache.AppendCacheTests.test_concurrent_calls_have_one_chain_and_dedupe) ... ok
2026-09-24T01:36:41.2304743Z test_crt_text_translation_cannot_make_cached_bytes_differ_from_disk (test_continuity_append_cache.AppendCacheTests.test_crt_text_translation_cannot_make_cached_bytes_differ_from_disk) ... ok
2026-09-24T01:36:41.3286540Z test_external_suffix_is_validated_and_invalid_suffix_fails_closed (test_continuity_append_cache.AppendCacheTests.test_external_suffix_is_validated_and_invalid_suffix_fails_closed) ... ok
2026-09-24T01:36:41.3569315Z test_failed_batch_cannot_advance_cached_lifecycle_or_dedupe (test_continuity_append_cache.AppendCacheTests.test_failed_batch_cannot_advance_cached_lifecycle_or_dedupe) ... ok
2026-09-24T01:36:41.5144550Z test_failed_task_reference_cannot_replace_cached_task_identity (test_continuity_append_cache.AppendCacheTests.test_failed_task_reference_cannot_replace_cached_task_identity) ... ok
2026-09-24T01:36:41.5829176Z test_hash_valid_invalid_profile_and_duplicate_json_external_suffix_fail_closed (test_continuity_append_cache.AppendCacheTests.test_hash_valid_invalid_profile_and_duplicate_json_external_suffix_fail_closed) ... ok
2026-09-24T01:36:41.6102310Z test_partial_write_never_publishes_checkpoint (test_continuity_append_cache.AppendCacheTests.test_partial_write_never_publishes_checkpoint) ... ok
2026-09-24T01:36:41.6309032Z test_repeated_append_validates_only_new_suffix_but_public_read_remains_complete (test_continuity_append_cache.AppendCacheTests.test_repeated_append_validates_only_new_suffix_but_public_read_remains_complete) ... ok
2026-09-24T01:36:41.7077930Z test_same_size_timestamp_corruption_is_rejected_before_append (test_continuity_append_cache.AppendCacheTests.test_same_size_timestamp_corruption_is_rejected_before_append) ... ok
2026-09-24T01:36:41.8302374Z test_unterminated_valid_record_gets_separator_without_changing_old_bytes (test_continuity_append_cache.AppendCacheTests.test_unterminated_valid_record_gets_separator_without_changing_old_bytes) ... ok
2026-09-24T01:36:42.0421681Z test_valid_rewrite_truncation_and_crlf_unicode_keep_chain_truth (test_continuity_append_cache.AppendCacheTests.test_valid_rewrite_truncation_and_crlf_unicode_keep_chain_truth) ... ok
2026-09-24T01:36:42.1123529Z test_authoritative_flag_consistency_preserves_existing_runner_boundary (test_continuity_artifact_profile.ArtifactProfileTests.test_authoritative_flag_consistency_preserves_existing_runner_boundary) ... ok
2026-09-24T01:36:42.1607680Z test_compatible_legacy_reimport_preserves_original_events_and_bytes (test_continuity_artifact_profile.ArtifactProfileTests.test_compatible_legacy_reimport_preserves_original_events_and_bytes) ... ok
2026-09-24T01:36:42.2321910Z test_consumed_input_types_are_checked_before_projection (test_continuity_artifact_profile.ArtifactProfileTests.test_consumed_input_types_are_checked_before_projection) ... ok
2026-09-24T01:36:42.2712949Z test_declaration_and_relation_json_conflicts_fail_atomically (test_continuity_artifact_profile.ArtifactProfileTests.test_declaration_and_relation_json_conflicts_fail_atomically) ... ok
2026-09-24T01:36:42.2978567Z test_descriptor_advertises_profile_without_new_proof_authority (test_continuity_artifact_profile.ArtifactProfileTests.test_descriptor_advertises_profile_without_new_proof_authority) ... ok
2026-09-24T01:36:42.3471917Z test_invalid_legacy_cannot_gain_profile_compatibility_via_ignored_fields (test_continuity_artifact_profile.ArtifactProfileTests.test_invalid_legacy_cannot_gain_profile_compatibility_via_ignored_fields) ... ok
2026-09-24T01:36:42.7985432Z test_json_type_conflicts_are_not_silently_deduped (test_continuity_artifact_profile.ArtifactProfileTests.test_json_type_conflicts_are_not_silently_deduped) ... ok
2026-09-24T01:36:42.8521680Z test_legacy_digest_and_ephemeral_sha_exceptions_survive_profile_adoption (test_continuity_artifact_profile.ArtifactProfileTests.test_legacy_digest_and_ephemeral_sha_exceptions_survive_profile_adoption) ... ok
2026-09-24T01:36:42.9943377Z test_malformed_profile_batches_are_atomic (test_continuity_artifact_profile.ArtifactProfileTests.test_malformed_profile_batches_are_atomic) ... ok
2026-09-24T01:36:43.0929921Z test_mixed_history_replay_and_checkpoint_preserve_legacy_extensions (test_continuity_artifact_profile.ArtifactProfileTests.test_mixed_history_replay_and_checkpoint_preserve_legacy_extensions) ... ok
2026-09-24T01:36:43.1378397Z test_native_producer_profiles_all_five_types_without_promoting_imports (test_continuity_artifact_profile.ArtifactProfileTests.test_native_producer_profiles_all_five_types_without_promoting_imports) ... ok
2026-09-24T01:36:43.1785626Z test_native_reimport_adopts_legacy_without_rewriting_it (test_continuity_artifact_profile.ArtifactProfileTests.test_native_reimport_adopts_legacy_without_rewriting_it) ... ok
2026-09-24T01:36:43.2408827Z test_profile_does_not_hide_real_conflicts_or_other_profiles (test_continuity_artifact_profile.ArtifactProfileTests.test_profile_does_not_hide_real_conflicts_or_other_profiles) ... ok
2026-09-24T01:36:43.2866409Z test_readers_and_old_cache_cannot_bypass_typed_validation (test_continuity_artifact_profile.ArtifactProfileTests.test_readers_and_old_cache_cannot_bypass_typed_validation) ... ok
2026-09-24T01:36:43.3189473Z test_canonical_bytes_match_independent_reference_for_extensions_and_unicode (test_continuity_canonical_integrity.CanonicalIntegrityTests.test_canonical_bytes_match_independent_reference_for_extensions_and_unicode) ... ok
2026-09-24T01:36:43.3194963Z test_corruption_of_any_integrity_input_remains_visible (test_continuity_canonical_integrity.CanonicalIntegrityTests.test_corruption_of_any_integrity_input_remains_visible) ... ok
2026-09-24T01:36:43.3196337Z test_finite_json_and_circular_reference_checks_remain_active (test_continuity_canonical_integrity.CanonicalIntegrityTests.test_finite_json_and_circular_reference_checks_remain_active) ... ok
2026-09-24T01:36:43.3199685Z test_full_validator_encodes_nested_payload_only_once (test_continuity_canonical_integrity.CanonicalIntegrityTests.test_full_validator_encodes_nested_payload_only_once) ... ok
2026-09-24T01:36:43.3212974Z test_missing_or_malformed_identity_still_rejects_and_matches_reference (test_continuity_canonical_integrity.CanonicalIntegrityTests.test_missing_or_malformed_identity_still_rejects_and_matches_reference) ... ok
2026-09-24T01:36:43.3222922Z test_nested_identity_lookalikes_and_missing_actor_match_reference (test_continuity_canonical_integrity.CanonicalIntegrityTests.test_nested_identity_lookalikes_and_missing_actor_match_reference) ... ok
2026-09-24T01:36:43.3225344Z test_nonstandard_python_mapping_keeps_reference_encoding (test_continuity_canonical_integrity.CanonicalIntegrityTests.test_nonstandard_python_mapping_keeps_reference_encoding) ... ok
2026-09-24T01:36:43.3228395Z test_ordinary_validation_needs_one_complete_canonical_encoding (test_continuity_canonical_integrity.CanonicalIntegrityTests.test_ordinary_validation_needs_one_complete_canonical_encoding) ... ok
2026-09-24T01:36:43.3230632Z test_size_limit_counts_utf8_and_hash_member_exactly (test_continuity_canonical_integrity.CanonicalIntegrityTests.test_size_limit_counts_utf8_and_hash_member_exactly) ... ok
2026-09-24T01:36:43.3239127Z test_stream_rejection_closes_file_after_earlier_valid_events (test_continuity_canonical_integrity.CanonicalIntegrityTests.test_stream_rejection_closes_file_after_earlier_valid_events) ... ok
2026-09-24T01:36:43.3985628Z test_byte_budget_counts_utf8_bytes_instead_of_characters (test_continuity_change_paths.ChangePathAdmissionTests.test_byte_budget_counts_utf8_bytes_instead_of_characters) ... ok
2026-09-24T01:36:43.4218086Z test_exact_unicode_whitespace_control_and_backslash_paths (test_continuity_change_paths.ChangePathAdmissionTests.test_exact_unicode_whitespace_control_and_backslash_paths) ... ok
2026-09-24T01:36:43.4590969Z test_file_facts_use_change_identity_trees_not_unrelated_or_missing_commit_hints (test_continuity_change_paths.ChangePathAdmissionTests.test_file_facts_use_change_identity_trees_not_unrelated_or_missing_commit_hints) ... ok
2026-09-24T01:36:43.5307461Z test_forged_coverage_is_rejected_atomically (test_continuity_change_paths.ChangePathAdmissionTests.test_forged_coverage_is_rejected_atomically) ... ok
2026-09-24T01:36:43.6552690Z test_human_context_quotes_paths_without_terminal_control_execution (test_continuity_change_paths.ChangePathAdmissionTests.test_human_context_quotes_paths_without_terminal_control_execution) ... ok
2026-09-24T01:36:43.7633192Z test_installed_cli_reports_safe_exact_and_partial_admission (test_continuity_change_paths.ChangePathAdmissionTests.test_installed_cli_reports_safe_exact_and_partial_admission) ... ok
2026-09-24T01:36:43.8669060Z test_large_changes_keep_bounded_whole_paths_and_explicit_coverage (test_continuity_change_paths.ChangePathAdmissionTests.test_large_changes_keep_bounded_whole_paths_and_explicit_coverage) ... ok
2026-09-24T01:36:43.8889710Z test_unavailable_tree_is_not_presented_as_observed_empty_change (test_continuity_change_paths.ChangePathAdmissionTests.test_unavailable_tree_is_not_presented_as_observed_empty_change) ... ok
2026-09-24T01:36:44.0184848Z test_unknown_legacy_coverage_extension_cannot_crash_context (test_continuity_change_paths.ChangePathAdmissionTests.test_unknown_legacy_coverage_extension_cannot_crash_context) ... ok
2026-09-24T01:36:44.1883064Z test_unrepresentable_names_are_omitted_whole_without_relabeling (test_continuity_change_paths.ChangePathAdmissionTests.test_unrepresentable_names_are_omitted_whole_without_relabeling) ... ok
2026-09-24T01:36:44.2120200Z test_untrusted_commit_hint_cannot_be_a_git_option (test_continuity_change_paths.ChangePathAdmissionTests.test_untrusted_commit_hint_cannot_be_a_git_option) ... ok
2026-09-24T01:36:44.3456975Z test_whole_path_byte_budget_keeps_the_original_event_limit (test_continuity_change_paths.ChangePathAdmissionTests.test_whole_path_byte_budget_keeps_the_original_event_limit) ... ok
2026-09-24T01:36:44.5653161Z test_append_after_validation_is_visible_on_next_context (test_continuity_context_cache.ContinuityContextCacheTests.test_append_after_validation_is_visible_on_next_context) ... ok
2026-09-24T01:36:44.6852640Z test_concurrent_rebuild_cannot_inherit_another_snapshot_digest (test_continuity_context_cache.ContinuityContextCacheTests.test_concurrent_rebuild_cannot_inherit_another_snapshot_digest) ... ok
2026-09-24T01:36:44.7692044Z test_corruption_after_validation_never_becomes_a_trusted_cache_anchor (test_continuity_context_cache.ContinuityContextCacheTests.test_corruption_after_validation_never_becomes_a_trusted_cache_anchor) ... ok
2026-09-24T01:36:44.9211307Z test_hot_cache_detects_historical_tampering_before_serving_context (test_continuity_context_cache.ContinuityContextCacheTests.test_hot_cache_detects_historical_tampering_before_serving_context) ... ok
2026-09-24T01:36:44.9544727Z test_legacy_unvalidated_digest_is_not_trusted_after_upgrade (test_continuity_context_cache.ContinuityContextCacheTests.test_legacy_unvalidated_digest_is_not_trusted_after_upgrade) ... ok
2026-09-24T01:36:45.1419915Z test_legitimate_append_invalidates_cache_and_rebuilds_strictly (test_continuity_context_cache.ContinuityContextCacheTests.test_legitimate_append_invalidates_cache_and_rebuilds_strictly) ... ok
2026-09-24T01:36:45.2280294Z test_rebuilt_state_digest_belongs_to_the_bytes_that_were_validated (test_continuity_context_cache.ContinuityContextCacheTests.test_rebuilt_state_digest_belongs_to_the_bytes_that_were_validated) ... ok
2026-09-24T01:36:45.3028420Z test_unchanged_cache_does_not_reparse_the_journal (test_continuity_context_cache.ContinuityContextCacheTests.test_unchanged_cache_does_not_reparse_the_journal) ... ok
2026-09-24T01:36:45.3774215Z test_citation_tracks_the_exact_assertion_not_the_latest_journal_head (test_continuity_context_sources.ContextSourceTests.test_citation_tracks_the_exact_assertion_not_the_latest_journal_head) ... ok
2026-09-24T01:36:45.4195671Z test_confirmation_cites_its_review_separately_from_the_assertion (test_continuity_context_sources.ContextSourceTests.test_confirmation_cites_its_review_separately_from_the_assertion) ... ok
2026-09-24T01:36:45.6146858Z test_inconsistent_assertion_status_or_details_cannot_be_cited (test_continuity_context_sources.ContextSourceTests.test_inconsistent_assertion_status_or_details_cannot_be_cited) ... ok
2026-09-24T01:36:45.6479010Z test_missing_assertion_row_cannot_produce_a_fabricated_citation (test_continuity_context_sources.ContextSourceTests.test_missing_assertion_row_cannot_produce_a_fabricated_citation) ... ok
2026-09-24T01:36:45.6878475Z test_packet_anchor_and_citations_share_a_read_snapshot (test_continuity_context_sources.ContextSourceTests.test_packet_anchor_and_citations_share_a_read_snapshot) ... ok
2026-09-24T01:36:45.8272783Z test_stale_source_pointer_with_identical_assertions_is_rejected (test_continuity_context_sources.ContextSourceTests.test_stale_source_pointer_with_identical_assertions_is_rejected) ... ok
2026-09-24T01:36:45.8274709Z test_contract_covers_concepts_without_renaming_historical_wire_kinds (test_continuity_contract.ContinuityContractTests.test_contract_covers_concepts_without_renaming_historical_wire_kinds) ... ok
2026-09-24T01:36:45.8282380Z test_discovery_preserves_the_existing_human_relation_boundary (test_continuity_contract.ContinuityContractTests.test_discovery_preserves_the_existing_human_relation_boundary) ... ok
2026-09-24T01:36:45.8285472Z test_exported_metadata_cannot_mutate_live_contract_rules (test_continuity_contract.ContinuityContractTests.test_exported_metadata_cannot_mutate_live_contract_rules) ... ok
2026-09-24T01:36:45.9151961Z test_legacy_extensions_and_projection_lifecycle_survive_reconstruction (test_continuity_contract.ContinuityContractTests.test_legacy_extensions_and_projection_lifecycle_survive_reconstruction) ... ok
2026-09-24T01:36:46.0056901Z test_public_json_discovery_is_repository_independent_read_only_and_language_stable (test_continuity_contract.ContinuityContractTests.test_public_json_discovery_is_repository_independent_read_only_and_language_stable) ... ok
2026-09-24T01:36:46.0408565Z test_corrupt_debt_ledger_never_becomes_project_history (test_continuity_debt_bridge.ContinuityDebtBridgeTests.test_corrupt_debt_ledger_never_becomes_project_history) ... ok
2026-09-24T01:36:46.1169267Z test_full_ledger_lifecycle_projects_idempotently (test_continuity_debt_bridge.ContinuityDebtBridgeTests.test_full_ledger_lifecycle_projects_idempotently) ... ok
2026-09-24T01:36:46.1555511Z test_only_exact_available_base_and_well_formed_tree_can_identify_a_change (test_continuity_debt_bridge.ContinuityDebtBridgeTests.test_only_exact_available_base_and_well_formed_tree_can_identify_a_change) ... ok
2026-09-24T01:36:46.2362400Z test_option_like_historical_report_retains_debt_without_invented_change_link (test_continuity_debt_bridge.ContinuityDebtBridgeTests.test_option_like_historical_report_retains_debt_without_invented_change_link) ... ok
2026-09-24T01:36:46.2458213Z test_both_readers_reject_profile_mismatch_even_with_valid_hashes (test_continuity_declaration_profile.DeclarationProfileTests.test_both_readers_reject_profile_mismatch_even_with_valid_hashes) ... ok
2026-09-24T01:36:46.2752148Z test_cache_from_json_only_validation_cannot_skip_profile_admission (test_continuity_declaration_profile.DeclarationProfileTests.test_cache_from_json_only_validation_cannot_skip_profile_admission) ... ok
2026-09-24T01:36:46.2847588Z test_descriptor_exposes_opt_in_profile_without_claiming_proof_authority (test_continuity_declaration_profile.DeclarationProfileTests.test_descriptor_exposes_opt_in_profile_without_claiming_proof_authority) ... ok
2026-09-24T01:36:46.4359771Z test_invalid_profile_batch_fails_before_any_append (test_continuity_declaration_profile.DeclarationProfileTests.test_invalid_profile_batch_fails_before_any_append) ... ok
2026-09-24T01:36:46.4844542Z test_legacy_extensions_and_typed_events_share_history_without_rewriting (test_continuity_declaration_profile.DeclarationProfileTests.test_legacy_extensions_and_typed_events_share_history_without_rewriting) ... ok
2026-09-24T01:36:46.5447727Z test_native_commands_adopt_profile_and_keep_declared_authority (test_continuity_declaration_profile.DeclarationProfileTests.test_native_commands_adopt_profile_and_keep_declared_authority) ... ok
2026-09-24T01:36:46.5843581Z test_ambiguous_and_nonfinite_source_json_fails_before_append (test_continuity_envelope_admission.EnvelopeAdmissionTests.test_ambiguous_and_nonfinite_source_json_fails_before_append) ... ok
2026-09-24T01:36:46.7181994Z test_legacy_absence_and_idempotency_remain_compatible (test_continuity_envelope_admission.EnvelopeAdmissionTests.test_legacy_absence_and_idempotency_remain_compatible) ... ok
2026-09-24T01:36:46.8633975Z test_malformed_containers_fail_with_controlled_errors (test_continuity_envelope_admission.EnvelopeAdmissionTests.test_malformed_containers_fail_with_controlled_errors) ... ok
2026-09-24T01:36:47.0051465Z test_native_builder_output_remains_importable_and_observed (test_continuity_envelope_admission.EnvelopeAdmissionTests.test_native_builder_output_remains_importable_and_observed) ... ok
2026-09-24T01:36:47.1004497Z test_public_cli_rejects_string_false_without_writing_history (test_continuity_envelope_admission.EnvelopeAdmissionTests.test_public_cli_rejects_string_false_without_writing_history) ... ok
2026-09-24T01:36:47.2520195Z test_valid_false_zero_and_nullable_budget_keep_exact_meaning (test_continuity_envelope_admission.EnvelopeAdmissionTests.test_valid_false_zero_and_nullable_budget_keep_exact_meaning) ... ok
2026-09-24T01:36:47.5731586Z test_wrong_summary_scalars_fail_atomically (test_continuity_envelope_admission.EnvelopeAdmissionTests.test_wrong_summary_scalars_fail_atomically) ... ok
2026-09-24T01:36:47.6100739Z test_conflicting_object_and_path_are_rejected_without_append (test_continuity_envelope_snapshot.EnvelopeSnapshotTests.test_conflicting_object_and_path_are_rejected_without_append) ... ok
2026-09-24T01:36:47.7627352Z test_direct_object_has_no_invented_file_digest (test_continuity_envelope_snapshot.EnvelopeSnapshotTests.test_direct_object_has_no_invented_file_digest) ... ok
2026-09-24T01:36:47.9840424Z test_matching_dual_input_preserves_raw_unicode_and_line_endings (test_continuity_envelope_snapshot.EnvelopeSnapshotTests.test_matching_dual_input_preserves_raw_unicode_and_line_endings) ... ok
2026-09-24T01:36:48.1222178Z test_replacement_or_deletion_after_parse_keeps_parsed_snapshot_digest (test_continuity_envelope_snapshot.EnvelopeSnapshotTests.test_replacement_or_deletion_after_parse_keeps_parsed_snapshot_digest) ... ok
2026-09-24T01:36:48.2608275Z test_supplied_object_cannot_bypass_invalid_or_missing_source (test_continuity_envelope_snapshot.EnvelopeSnapshotTests.test_supplied_object_cannot_bypass_invalid_or_missing_source) ... ok
2026-09-24T01:36:48.3086439Z test_all_branches_include_merge_parents_and_disconnected_roots_without_proof (test_continuity_git_branches.GitBranchHistoryTests.test_all_branches_include_merge_parents_and_disconnected_roots_without_proof) ... Switched to a new branch 'unrelated'
2026-09-24T01:36:48.4877833Z ok
2026-09-24T01:36:48.5363859Z test_cli_resumption_hint_keeps_explicit_message_policy (test_continuity_git_branches.GitBranchHistoryTests.test_cli_resumption_hint_keeps_explicit_message_policy) ... Switched to a new branch 'unrelated'
2026-09-24T01:36:48.7073509Z ok
2026-09-24T01:36:48.7574021Z test_consistent_cursor_cannot_claim_unimported_messages (test_continuity_git_branches.GitBranchHistoryTests.test_consistent_cursor_cannot_claim_unimported_messages) ... Switched to a new branch 'unrelated'
2026-09-24T01:36:48.9413428Z ok
2026-09-24T01:36:48.9871816Z test_consistent_cursor_cannot_skip_unimported_commits (test_continuity_git_branches.GitBranchHistoryTests.test_consistent_cursor_cannot_skip_unimported_commits) ... Switched to a new branch 'unrelated'
2026-09-24T01:36:49.1788205Z ok
2026-09-24T01:36:49.2253553Z test_cursor_prefix_rechecks_corrupt_journal_bytes_with_preserved_size_and_time (test_continuity_git_branches.GitBranchHistoryTests.test_cursor_prefix_rechecks_corrupt_journal_bytes_with_preserved_size_and_time) ... Switched to a new branch 'unrelated'
2026-09-24T01:36:49.2587531Z ok
2026-09-24T01:36:49.3046557Z test_cursor_rejects_invalid_typed_fields_even_with_recomputed_checksum (test_continuity_git_branches.GitBranchHistoryTests.test_cursor_rejects_invalid_typed_fields_even_with_recomputed_checksum) ... Switched to a new branch 'unrelated'
2026-09-24T01:36:49.3390123Z ok
2026-09-24T01:36:49.3839837Z test_declared_messages_remain_opt_in_and_cannot_change_cursor_policy (test_continuity_git_branches.GitBranchHistoryTests.test_declared_messages_remain_opt_in_and_cannot_change_cursor_policy) ... Switched to a new branch 'unrelated'
2026-09-24T01:36:49.4333803Z ok
2026-09-24T01:36:49.4898659Z test_empty_sha256_and_localized_cli_preserve_compatible_modes (test_continuity_git_branches.GitBranchHistoryTests.test_empty_sha256_and_localized_cli_preserve_compatible_modes) ... Switched to a new branch 'unrelated'
2026-09-24T01:36:49.6605825Z ok
2026-09-24T01:36:49.7059665Z test_interruption_and_concurrent_page_imports_retain_journal_integrity (test_continuity_git_branches.GitBranchHistoryTests.test_interruption_and_concurrent_page_imports_retain_journal_integrity) ... Switched to a new branch 'unrelated'
2026-09-24T01:36:49.8042480Z ok
2026-09-24T01:36:49.8707378Z test_invalid_options_and_corrupted_cursor_fail_without_appending (test_continuity_git_branches.GitBranchHistoryTests.test_invalid_options_and_corrupted_cursor_fail_without_appending) ... Switched to a new branch 'unrelated'
2026-09-24T01:36:49.9036456Z ok
2026-09-24T01:36:49.9539735Z test_missing_non_first_parent_and_excessive_branch_capture_fail_before_append (test_continuity_git_branches.GitBranchHistoryTests.test_missing_non_first_parent_and_excessive_branch_capture_fail_before_append) ... Switched to a new branch 'unrelated'
2026-09-24T01:36:49.9881782Z ok
2026-09-24T01:36:50.2023419Z test_remote_tracking_tips_are_included_but_tag_only_history_is_explicitly_outside_scope (test_continuity_git_branches.GitBranchHistoryTests.test_remote_tracking_tips_are_included_but_tag_only_history_is_explicitly_outside_scope) ... Switched to a new branch 'unrelated'
2026-09-24T01:36:50.4858840Z ok
2026-09-24T01:36:50.6932659Z test_shallow_and_grafted_parent_lists_never_claim_complete_history (test_continuity_git_branches.GitBranchHistoryTests.test_shallow_and_grafted_parent_lists_never_claim_complete_history) ... Switched to a new branch 'unrelated'
2026-09-24T01:36:50.9776210Z ok
2026-09-24T01:36:51.1414225Z test_small_pages_retry_idempotently_and_keep_the_captured_tips_after_ref_movement (test_continuity_git_branches.GitBranchHistoryTests.test_small_pages_retry_idempotently_and_keep_the_captured_tips_after_ref_movement) ... Switched to a new branch 'unrelated'
2026-09-24T01:36:51.2927418Z ok
2026-09-24T01:36:51.5209702Z test_blocking_child_is_terminated_at_the_command_deadline (test_continuity_git_history.GitHistoryTests.test_blocking_child_is_terminated_at_the_command_deadline) ... ok
2026-09-24T01:36:51.6291693Z test_cli_rejects_bad_limit_and_imports_unicode_paths (test_continuity_git_history.GitHistoryTests.test_cli_rejects_bad_limit_and_imports_unicode_paths) ... ok
2026-09-24T01:36:51.9503955Z test_corrupt_commit_and_bounded_git_output_fail_before_append (test_continuity_git_history.GitHistoryTests.test_corrupt_commit_and_bounded_git_output_fail_before_append) ... ok
2026-09-24T01:36:52.0032759Z test_empty_and_sha256_repositories_are_supported (test_continuity_git_history.GitHistoryTests.test_empty_and_sha256_repositories_are_supported) ... ok
2026-09-24T01:36:52.0571601Z test_head_advance_and_replacement_objects_cannot_relabel_captured_commit (test_continuity_git_history.GitHistoryTests.test_head_advance_and_replacement_objects_cannot_relabel_captured_commit) ... ok
2026-09-24T01:36:52.1216205Z test_message_truncation_and_path_omission_are_explicit (test_continuity_git_history.GitHistoryTests.test_message_truncation_and_path_omission_are_explicit) ... ok
2026-09-24T01:36:52.2061594Z test_messages_are_separate_declared_opt_in_and_do_not_replace_commit_authority (test_continuity_git_history.GitHistoryTests.test_messages_are_separate_declared_opt_in_and_do_not_replace_commit_authority) ... ok
2026-09-24T01:36:52.2417586Z test_non_utf8_message_retains_only_digest_and_explicit_coverage (test_continuity_git_history.GitHistoryTests.test_non_utf8_message_retains_only_digest_and_explicit_coverage) ... ok
2026-09-24T01:36:52.2829171Z test_oversized_object_and_invalid_ref_cannot_partially_import_a_page (test_continuity_git_history.GitHistoryTests.test_oversized_object_and_invalid_ref_cannot_partially_import_a_page) ... ok
2026-09-24T01:36:52.3774604Z test_page_resumption_is_idempotent_and_excludes_dirty_bytes_and_private_headers (test_continuity_git_history.GitHistoryTests.test_page_resumption_is_idempotent_and_excludes_dirty_bytes_and_private_headers) ... ok
2026-09-24T01:36:52.4349428Z test_preappend_interruption_leaves_page_retryable (test_continuity_git_history.GitHistoryTests.test_preappend_interruption_leaves_page_retryable) ... ok
2026-09-24T01:36:52.5084211Z test_profile_cannot_promote_messages_or_invent_unbound_paths (test_continuity_git_history.GitHistoryTests.test_profile_cannot_promote_messages_or_invent_unbound_paths) ... ok
2026-09-24T01:36:52.6452370Z test_root_and_merge_observe_first_parent_diff_without_importing_side_branch (test_continuity_git_history.GitHistoryTests.test_root_and_merge_observe_first_parent_diff_without_importing_side_branch) ... ok
2026-09-24T01:36:52.7421883Z test_shallow_boundary_is_explicit_and_resumes_after_deepening (test_continuity_git_history.GitHistoryTests.test_shallow_boundary_is_explicit_and_resumes_after_deepening) ... ok
2026-09-24T01:36:52.8123671Z test_corrupt_tree_and_blob_bytes_are_rechecked_after_successful_import (test_continuity_git_lineage.GitLineageTests.test_corrupt_tree_and_blob_bytes_are_rechecked_after_successful_import) ... ok
2026-09-24T01:36:52.8944524Z test_cursor_policy_is_compatible_and_forged_opt_in_cannot_skip_assessments (test_continuity_git_lineage.GitLineageTests.test_cursor_policy_is_compatible_and_forged_opt_in_cannot_skip_assessments) ... ok
2026-09-24T01:36:53.3587892Z test_duplicate_content_copy_edit_and_mode_changes_are_not_silent_identity_merges (test_continuity_git_lineage.GitLineageTests.test_duplicate_content_copy_edit_and_mode_changes_are_not_silent_identity_merges) ... ok
2026-09-24T01:36:53.3947779Z test_excluded_regular_names_still_prevent_false_unique_matches (test_continuity_git_lineage.GitLineageTests.test_excluded_regular_names_still_prevent_false_unique_matches) ... ok
2026-09-24T01:36:53.4586233Z test_existing_assertion_authority_stays_bound_to_its_original_entity (test_continuity_git_lineage.GitLineageTests.test_existing_assertion_authority_stays_bound_to_its_original_entity) ... ok
2026-09-24T01:36:53.6427043Z test_limits_and_preappend_interruption_preserve_atomic_retry (test_continuity_git_lineage.GitLineageTests.test_limits_and_preappend_interruption_preserve_atomic_retry) ... ok
2026-09-24T01:36:53.6787850Z test_nonregular_replacement_is_not_a_removed_path (test_continuity_git_lineage.GitLineageTests.test_nonregular_replacement_is_not_a_removed_path) ... ok
2026-09-24T01:36:53.8280713Z test_opt_in_persists_inferred_relocation_with_exact_binding_and_no_proof_transfer (test_continuity_git_lineage.GitLineageTests.test_opt_in_persists_inferred_relocation_with_exact_binding_and_no_proof_transfer) ... ok
2026-09-24T01:36:53.8801286Z test_profile_rejects_promoted_authority_unbound_paths_and_altered_relations (test_continuity_git_lineage.GitLineageTests.test_profile_rejects_promoted_authority_unbound_paths_and_altered_relations) ... ok
2026-09-24T01:36:54.1426991Z test_profile_validation_has_specific_causes_independent_of_dedupe (test_continuity_git_lineage.GitLineageTests.test_profile_validation_has_specific_causes_independent_of_dedupe) ... ok
2026-09-24T01:36:54.4157384Z test_query_limits_exact_citations_and_journal_corruption (test_continuity_git_lineage.GitLineageTests.test_query_limits_exact_citations_and_journal_corruption) ... ok
2026-09-24T01:36:55.0301715Z test_real_pair_budget_rejects_whole_page_and_deadline_rejects_without_append (test_continuity_git_lineage.GitLineageTests.test_real_pair_budget_rejects_whole_page_and_deadline_rejects_without_append) ... ok
2026-09-24T01:36:55.3162746Z test_rename_back_and_branch_divergence_retain_distinct_cited_observations (test_continuity_git_lineage.GitLineageTests.test_rename_back_and_branch_divergence_retain_distinct_cited_observations) ... ok
2026-09-24T01:36:55.7647030Z test_sha256_root_merge_and_shallow_boundary_preserve_original_meaning (test_continuity_git_lineage.GitLineageTests.test_sha256_root_merge_and_shallow_boundary_preserve_original_meaning) ... ok
2026-09-24T01:36:55.7968983Z test_valid_hash_does_not_admit_malformed_or_unsafe_tree_structure (test_continuity_git_lineage.GitLineageTests.test_valid_hash_does_not_admit_malformed_or_unsafe_tree_structure) ... ok
2026-09-24T01:36:57.7234833Z test_guard_then_codex_stop_same_tree_keeps_current_proof_coherent (test_continuity_guard_native_reverification.GuardNativeReverificationTests.test_guard_then_codex_stop_same_tree_keeps_current_proof_coherent) ... ok
2026-09-24T01:36:57.9069540Z test_bounds_cycles_unknown_nodes_and_repeated_calls_are_deterministic (test_continuity_history.MemoryNavigationTests.test_bounds_cycles_unknown_nodes_and_repeated_calls_are_deterministic) ... ok
2026-09-24T01:36:57.9331342Z test_corrupt_journal_cannot_supply_history_or_reasons (test_continuity_history.MemoryNavigationTests.test_corrupt_journal_cannot_supply_history_or_reasons) ... ok
2026-09-24T01:36:57.9776806Z test_cursor_rejects_wrong_identity_truncation_and_valid_divergent_prefix (test_continuity_history.MemoryNavigationTests.test_cursor_rejects_wrong_identity_truncation_and_valid_divergent_prefix) ... ok
2026-09-24T01:36:58.1683848Z test_depth_and_reason_truncation_are_explicit (test_continuity_history.MemoryNavigationTests.test_depth_and_reason_truncation_are_explicit) ... ok
2026-09-24T01:36:58.2669696Z test_empty_history_and_unknown_identity_are_explicit_without_persistence (test_continuity_history.MemoryNavigationTests.test_empty_history_and_unknown_identity_are_explicit_without_persistence) ... ok
2026-09-24T01:36:58.3993791Z test_exact_citation_opens_original_event_and_rejects_wrong_hash_or_missing_id (test_continuity_history.MemoryNavigationTests.test_exact_citation_opens_original_event_and_rejects_wrong_hash_or_missing_id) ... ok
2026-09-24T01:36:58.4836550Z test_history_byte_bound_preserves_whole_events_and_all_pages (test_continuity_history.MemoryNavigationTests.test_history_byte_bound_preserves_whole_events_and_all_pages) ... ok
2026-09-24T01:36:58.6502630Z test_history_retains_exact_events_and_pages_a_stable_prefix_across_appends (test_continuity_history.MemoryNavigationTests.test_history_retains_exact_events_and_pages_a_stable_prefix_across_appends) ... ok
2026-09-24T01:36:58.6868445Z test_latest_edge_is_selected_with_its_own_source_and_old_event_remains_in_history (test_continuity_history.MemoryNavigationTests.test_latest_edge_is_selected_with_its_own_source_and_old_event_remains_in_history) ... ok
2026-09-24T01:36:58.7590052Z test_public_cli_json_and_french_text_are_read_only_and_escape_recorded_controls (test_continuity_history.MemoryNavigationTests.test_public_cli_json_and_french_text_are_read_only_and_escape_recorded_controls) ... ok
2026-09-24T01:36:58.7830031Z test_public_cli_rejects_non_repository_without_traceback_or_files (test_continuity_history.MemoryNavigationTests.test_public_cli_rejects_non_repository_without_traceback_or_files) ... ok
2026-09-24T01:36:58.8234257Z test_review_does_not_replace_assertion_and_inactive_memory_stays_explicit (test_continuity_history.MemoryNavigationTests.test_review_does_not_replace_assertion_and_inactive_memory_stays_explicit) ... ok
2026-09-24T01:36:58.8851330Z test_why_traverses_both_directions_and_preserves_separate_authorities_and_reasons (test_continuity_history.MemoryNavigationTests.test_why_traverses_both_directions_and_preserves_separate_authorities_and_reasons) ... ok
2026-09-24T01:36:59.0569172Z test_actual_git_delta_is_durable_cited_bidirectional_and_not_proof (test_continuity_impact.ImpactTests.test_actual_git_delta_is_durable_cited_bidirectional_and_not_proof) ... ok
2026-09-24T01:36:59.1838092Z test_actual_partial_path_coverage_keeps_unobserved_expectations_unknown (test_continuity_impact.ImpactTests.test_actual_partial_path_coverage_keeps_unobserved_expectations_unknown) ... ok
2026-09-24T01:36:59.2454759Z test_actual_unavailable_git_tree_and_exact_cited_memory (test_continuity_impact.ImpactTests.test_actual_unavailable_git_tree_and_exact_cited_memory) ... ok
2026-09-24T01:36:59.3333846Z test_dirty_plan_uses_exact_worktree_without_mutating_user_index (test_continuity_impact.ImpactTests.test_dirty_plan_uses_exact_worktree_without_mutating_user_index) ... ok
2026-09-24T01:36:59.5271502Z test_import_rejects_forged_delta_reference_hash_and_authority (test_continuity_impact.ImpactTests.test_import_rejects_forged_delta_reference_hash_and_authority) ... ok
2026-09-24T01:36:59.7142317Z test_invalid_inputs_fail_before_journal_write_and_no_path_aliases (test_continuity_impact.ImpactTests.test_invalid_inputs_fail_before_journal_write_and_no_path_aliases) ... ok
2026-09-24T01:36:59.8198888Z test_missing_git_objects_produce_unknown_not_false_absence (test_continuity_impact.ImpactTests.test_missing_git_objects_produce_unknown_not_false_absence) ... ok
2026-09-24T01:37:00.1340644Z test_real_cli_french_english_show_is_read_only_and_help_has_no_effects (test_continuity_impact.ImpactTests.test_real_cli_french_english_show_is_read_only_and_help_has_no_effects) ... ok
2026-09-24T01:37:00.1909340Z test_recording_plan_after_observed_change_is_not_anticipation (test_continuity_impact.ImpactTests.test_recording_plan_after_observed_change_is_not_anticipation) ... ok
2026-09-24T01:37:00.3751858Z test_unanticipated_path_and_partial_scope_are_explicit (test_continuity_impact.ImpactTests.test_unanticipated_path_and_partial_scope_are_explicit) ... ok
2026-09-24T01:37:00.4749968Z test_append_and_corruption_after_snapshot_never_stamp_unvalidated_bytes (test_continuity_incremental.IncrementalStateTests.test_append_and_corruption_after_snapshot_never_stamp_unvalidated_bytes) ... ok
2026-09-24T01:37:00.5054258Z test_append_checks_old_event_shape_once_and_batch_references_still_reject_atomically (test_continuity_incremental.IncrementalStateTests.test_append_checks_old_event_shape_once_and_batch_references_still_reject_atomically) ... ok
2026-09-24T01:37:00.5670161Z test_append_projects_only_suffix_with_one_validated_snapshot (test_continuity_incremental.IncrementalStateTests.test_append_projects_only_suffix_with_one_validated_snapshot) ... ok
2026-09-24T01:37:00.6178213Z test_busy_sqlite_writer_is_not_replaced_or_silently_rebuilt (test_continuity_incremental.IncrementalStateTests.test_busy_sqlite_writer_is_not_replaced_or_silently_rebuilt) ... ok
2026-09-24T01:37:00.7123751Z test_existing_reader_snapshot_remains_coherent_across_suffix_commit (test_continuity_incremental.IncrementalStateTests.test_existing_reader_snapshot_remains_coherent_across_suffix_commit) ... ok
2026-09-24T01:37:00.8210327Z test_hash_valid_invalid_prefix_reference_rejects_update_and_append (test_continuity_incremental.IncrementalStateTests.test_hash_valid_invalid_prefix_reference_rejects_update_and_append) ... ok
2026-09-24T01:37:01.3236243Z test_legacy_framing_and_duplicate_conflicts_preserve_exact_bytes (test_continuity_incremental.IncrementalStateTests.test_legacy_framing_and_duplicate_conflicts_preserve_exact_bytes) ... ok
2026-09-24T01:37:01.6306079Z test_materializers_and_explicit_rebuild_serialize_before_reading_journal (test_continuity_incremental.IncrementalStateTests.test_materializers_and_explicit_rebuild_serialize_before_reading_journal) ... ok
2026-09-24T01:37:01.7409723Z test_mixed_history_and_citations_match_rebuild_without_reprojecting_prefix (test_continuity_incremental.IncrementalStateTests.test_mixed_history_and_citations_match_rebuild_without_reprojecting_prefix) ... ok
2026-09-24T01:37:01.7756258Z test_same_size_same_mtime_prefix_corruption_is_rejected_and_preserves_state (test_continuity_incremental.IncrementalStateTests.test_same_size_same_mtime_prefix_corruption_is_rejected_and_preserves_state) ... ok
2026-09-24T01:37:02.0160594Z test_suffix_failure_rolls_back_rows_head_digest_and_retry_converges (test_continuity_incremental.IncrementalStateTests.test_suffix_failure_rolls_back_rows_head_digest_and_retry_converges) ... ok
2026-09-24T01:37:02.3119941Z test_truncation_divergence_missing_anchor_and_event_row_damage_reconstruct (test_continuity_incremental.IncrementalStateTests.test_truncation_divergence_missing_anchor_and_event_row_damage_reconstruct) ... ok
2026-09-24T01:37:02.3566538Z test_changed_payload_removes_stale_terms_but_inherited_label_remains_searchable (test_continuity_indexed_context.IndexedContextTests.test_changed_payload_removes_stale_terms_but_inherited_label_remains_searchable) ... ok
2026-09-24T01:37:02.4720063Z test_complete_two_hop_graph_critical_and_component_seeds_survive_selection (test_continuity_indexed_context.IndexedContextTests.test_complete_two_hop_graph_critical_and_component_seeds_survive_selection) ... ok
2026-09-24T01:37:02.4975678Z test_exact_short_id_and_short_component_seed_do_not_depend_on_lexical_tokens (test_continuity_indexed_context.IndexedContextTests.test_exact_short_id_and_short_component_seed_do_not_depend_on_lexical_tokens) ... ok
2026-09-24T01:37:02.5752364Z test_indexed_retrieval_matches_full_scan_on_mixed_graph (test_continuity_indexed_context.IndexedContextTests.test_indexed_retrieval_matches_full_scan_on_mixed_graph) ... ok
2026-09-24T01:37:02.9623374Z test_selective_query_does_not_decode_thousands_of_unrelated_entities (test_continuity_indexed_context.IndexedContextTests.test_selective_query_does_not_decode_thousands_of_unrelated_entities) ... ok
2026-09-24T01:37:02.9980866Z test_cache_from_permissive_parser_cannot_bypass_strict_validation (test_continuity_json_contract.ContinuityJSONContractTests.test_cache_from_permissive_parser_cannot_bypass_strict_validation) ... ok
2026-09-24T01:37:03.0122425Z test_duplicate_members_are_rejected_at_every_nesting_level (test_continuity_json_contract.ContinuityJSONContractTests.test_duplicate_members_are_rejected_at_every_nesting_level) ... ok
2026-09-24T01:37:03.0541638Z test_invalid_checkpoint_does_not_rewrite_local_journal (test_continuity_json_contract.ContinuityJSONContractTests.test_invalid_checkpoint_does_not_rewrite_local_journal) ... ok
2026-09-24T01:37:03.0680976Z test_legacy_non_finite_history_is_rejected_even_with_valid_old_hashes (test_continuity_json_contract.ContinuityJSONContractTests.test_legacy_non_finite_history_is_rejected_even_with_valid_old_hashes) ... ok
2026-09-24T01:37:03.0869789Z test_non_finite_writer_rejects_entire_batch_before_append (test_continuity_json_contract.ContinuityJSONContractTests.test_non_finite_writer_rejects_entire_batch_before_append) ... ok
2026-09-24T01:37:03.2331150Z test_unicode_line_separators_inside_strings_do_not_split_events (test_continuity_json_contract.ContinuityJSONContractTests.test_unicode_line_separators_inside_strings_do_not_split_events) ... ok
2026-09-24T01:37:03.4260044Z test_valid_history_keeps_exact_bytes_identifiers_and_reconstruction (test_continuity_json_contract.ContinuityJSONContractTests.test_valid_history_keeps_exact_bytes_identifiers_and_reconstruction) ... ok
2026-09-24T01:37:03.4261295Z test_component_identity_is_provider_neutral_and_path_safe (test_continuity_kernel.ContinuityKernelTests.test_component_identity_is_provider_neutral_and_path_safe) ... ok
2026-09-24T01:37:03.7938061Z test_context_compiler_joins_human_memory_structure_and_change_evidence (test_continuity_kernel.ContinuityKernelTests.test_context_compiler_joins_human_memory_structure_and_change_evidence) ... ok
2026-09-24T01:37:03.8309064Z test_event_and_state_do_not_store_raw_diff_or_prompt_fields (test_continuity_kernel.ContinuityKernelTests.test_event_and_state_do_not_store_raw_diff_or_prompt_fields) ... ok
2026-09-24T01:37:03.8908440Z test_manual_envelope_cannot_self_promote_proof_to_verified (test_continuity_kernel.ContinuityKernelTests.test_manual_envelope_cannot_self_promote_proof_to_verified) ... ok
2026-09-24T01:37:03.9113127Z test_project_event_log_is_hash_chained_and_tamper_evident (test_continuity_kernel.ContinuityKernelTests.test_project_event_log_is_hash_chained_and_tamper_evident) ... ok
2026-09-24T01:37:03.9333615Z test_python_structure_separates_observed_from_inferred (test_continuity_kernel.ContinuityKernelTests.test_python_structure_separates_observed_from_inferred) ... ok
2026-09-24T01:37:03.9736603Z test_state_db_is_disposable_and_rebuilt_from_events (test_continuity_kernel.ContinuityKernelTests.test_state_db_is_disposable_and_rebuilt_from_events) ... ok
2026-09-24T01:37:04.0090235Z test_accented_query_matches_plain_label_and_french_ligatures (test_continuity_language_retrieval.LanguageRetrievalTests.test_accented_query_matches_plain_label_and_french_ligatures) ... ok
2026-09-24T01:37:04.0185669Z test_ascii_token_behavior_is_preserved (test_continuity_language_retrieval.LanguageRetrievalTests.test_ascii_token_behavior_is_preserved) ... ok
2026-09-24T01:37:04.1089189Z test_compatibility_forms_match_memory_in_both_directions (test_continuity_language_retrieval.LanguageRetrievalTests.test_compatibility_forms_match_memory_in_both_directions) ... ok
2026-09-24T01:37:04.1807986Z test_french_accents_and_canonical_unicode_forms_recall_exact_assertion (test_continuity_language_retrieval.LanguageRetrievalTests.test_french_accents_and_canonical_unicode_forms_recall_exact_assertion) ... ok
2026-09-24T01:37:04.2168378Z test_legacy_index_rebuilds_without_changing_the_journal (test_continuity_language_retrieval.LanguageRetrievalTests.test_legacy_index_rebuilds_without_changing_the_journal) ... ok
2026-09-24T01:37:04.2459697Z test_normalized_terms_do_not_merge_distinct_identities_or_authorities (test_continuity_language_retrieval.LanguageRetrievalTests.test_normalized_terms_do_not_merge_distinct_identities_or_authorities) ... ok
2026-09-24T01:37:04.2730299Z test_query_is_not_persisted_and_unrelated_query_has_no_match (test_continuity_language_retrieval.LanguageRetrievalTests.test_query_is_not_persisted_and_unrelated_query_has_no_match) ... ok
2026-09-24T01:37:04.3176013Z test_replacement_removes_old_normalized_payload_terms (test_continuity_language_retrieval.LanguageRetrievalTests.test_replacement_removes_old_normalized_payload_terms) ... ok
2026-09-24T01:37:04.3597651Z test_retired_memory_is_not_revived_by_normalization (test_continuity_language_retrieval.LanguageRetrievalTests.test_retired_memory_is_not_revived_by_normalization) ... ok
2026-09-24T01:37:04.3903211Z test_short_exact_id_keeps_literal_matching (test_continuity_language_retrieval.LanguageRetrievalTests.test_short_exact_id_keeps_literal_matching) ... ok
2026-09-24T01:37:04.4123156Z test_contract_exposes_both_profiles_without_proof_authority (test_continuity_lifecycle_profiles.LifecycleProfileTests.test_contract_exposes_both_profiles_without_proof_authority) ... ok
2026-09-24T01:37:04.4863014Z test_invalid_profiled_ledger_batch_cannot_append_or_promote_authority (test_continuity_lifecycle_profiles.LifecycleProfileTests.test_invalid_profiled_ledger_batch_cannot_append_or_promote_authority) ... ok
2026-09-24T01:37:04.5428279Z test_malformed_consumed_ledger_values_are_rejected_before_projection (test_continuity_lifecycle_profiles.LifecycleProfileTests.test_malformed_consumed_ledger_values_are_rejected_before_projection) ... ok
2026-09-24T01:37:04.5689767Z test_missing_historical_git_object_and_zero_points_preserve_absence (test_continuity_lifecycle_profiles.LifecycleProfileTests.test_missing_historical_git_object_and_zero_points_preserve_absence) ... ok
2026-09-24T01:37:04.6628551Z test_native_legacy_ledger_reimport_preserves_every_original_byte (test_continuity_lifecycle_profiles.LifecycleProfileTests.test_native_legacy_ledger_reimport_preserves_every_original_byte) ... ok
2026-09-24T01:37:04.7207834Z test_native_legacy_relation_reimport_is_immutable (test_continuity_lifecycle_profiles.LifecycleProfileTests.test_native_legacy_relation_reimport_is_immutable) ... ok
2026-09-24T01:37:04.7791694Z test_profile_adoption_does_not_mask_real_ledger_or_relation_conflicts (test_continuity_lifecycle_profiles.LifecycleProfileTests.test_profile_adoption_does_not_mask_real_ledger_or_relation_conflicts) ... ok
2026-09-24T01:37:04.8579088Z test_public_relation_preserves_source_authority_and_payload (test_continuity_lifecycle_profiles.LifecycleProfileTests.test_public_relation_preserves_source_authority_and_payload) ... ok
2026-09-24T01:37:04.9030038Z test_readers_checkpoints_and_old_cache_reject_hash_valid_invalid_profile (test_continuity_lifecycle_profiles.LifecycleProfileTests.test_readers_checkpoints_and_old_cache_reject_hash_valid_invalid_profile) ... ok
2026-09-24T01:37:04.9800591Z test_real_six_state_lifecycle_is_profiled_idempotent_and_replayable (test_continuity_lifecycle_profiles.LifecycleProfileTests.test_real_six_state_lifecycle_is_profiled_idempotent_and_replayable) ... ok
2026-09-24T01:37:05.0296829Z test_relation_profile_rejects_promotion_missing_provenance_and_invalid_edges (test_continuity_lifecycle_profiles.LifecycleProfileTests.test_relation_profile_rejects_promotion_missing_provenance_and_invalid_edges) ... ok
2026-09-24T01:37:05.0431990Z test_denial_followed_by_live_owner_does_not_authorize_entry (test_continuity_lock.EventLockTests.test_denial_followed_by_live_owner_does_not_authorize_entry) ... ok
2026-09-24T01:37:05.0556515Z test_non_windows_permission_denial_is_not_retried (test_continuity_lock.EventLockTests.test_non_windows_permission_denial_is_not_retried) ... ok
2026-09-24T01:37:05.0681752Z test_persistent_denial_cannot_enter_mutate_or_remove_foreign_lock (test_continuity_lock.EventLockTests.test_persistent_denial_cannot_enter_mutate_or_remove_foreign_lock) ... ok
2026-09-24T01:37:05.1350235Z test_transient_windows_create_denial_retries_exclusively_before_append (test_continuity_lock.EventLockTests.test_transient_windows_create_denial_retries_exclusively_before_append) ... ok
2026-09-24T01:37:05.1685371Z test_debt_refresh_never_promotes_replacement_measurement (test_continuity_memory_authority.MemoryAuthorityTests.test_debt_refresh_never_promotes_replacement_measurement) ... ok
2026-09-24T01:37:05.2332379Z test_legacy_materialization_is_rebuilt_without_journal_mutation (test_continuity_memory_authority.MemoryAuthorityTests.test_legacy_materialization_is_rebuilt_without_journal_mutation) ... ok
2026-09-24T01:37:05.8505669Z test_real_proof_cannot_certify_a_later_public_cli_declaration (test_continuity_memory_authority.MemoryAuthorityTests.test_real_proof_cannot_certify_a_later_public_cli_declaration) ... ok
2026-09-24T01:37:05.8810815Z test_relation_only_event_does_not_replace_source_entity (test_continuity_memory_authority.MemoryAuthorityTests.test_relation_only_event_does_not_replace_source_entity) ... ok
2026-09-24T01:37:05.9051019Z test_relation_update_never_inherits_authority_for_new_metadata (test_continuity_memory_authority.MemoryAuthorityTests.test_relation_update_never_inherits_authority_for_new_metadata) ... ok
2026-09-24T01:37:06.0218566Z test_replacement_facts_carry_their_own_authority_and_provenance (test_continuity_memory_authority.MemoryAuthorityTests.test_replacement_facts_carry_their_own_authority_and_provenance) ... ok
2026-09-24T01:37:06.0555781Z test_batch_write_failure_preserves_existing_database_and_all_journal_bytes (test_continuity_projection_batches.ProjectionBatchTests.test_batch_write_failure_preserves_existing_database_and_all_journal_bytes) ... ok
2026-09-24T01:37:06.5366526Z test_bounded_batches_equal_sequential_projection_across_updates_and_lifecycle (test_continuity_projection_batches.ProjectionBatchTests.test_bounded_batches_equal_sequential_projection_across_updates_and_lifecycle) ... ok
2026-09-24T01:37:06.7835510Z test_actual_cli_bilingual_json_is_identical_and_help_has_no_writes (test_continuity_questions.MemoryQuestionTests.test_actual_cli_bilingual_json_is_identical_and_help_has_no_writes) ... ok
2026-09-24T01:37:06.8412860Z test_bounds_determinism_literal_entity_and_corrupt_journal_fail_closed (test_continuity_questions.MemoryQuestionTests.test_bounds_determinism_literal_entity_and_corrupt_journal_fail_closed) ... ok
2026-09-24T01:37:06.8731732Z test_compound_dependency_questions_do_not_ignore_outgoing_clause (test_continuity_questions.MemoryQuestionTests.test_compound_dependency_questions_do_not_ignore_outgoing_clause) ... ok
2026-09-24T01:37:06.9057209Z test_explicit_bound_does_not_erase_question_side_time_constraints (test_continuity_questions.MemoryQuestionTests.test_explicit_bound_does_not_erase_question_side_time_constraints) ... ok
2026-09-24T01:37:07.0947197Z test_extreme_timezone_bounds_have_bounded_cli_rejection (test_continuity_questions.MemoryQuestionTests.test_extreme_timezone_bounds_have_bounded_cli_rejection) ... ok
2026-09-24T01:37:07.1248115Z test_french_english_why_cite_exact_reason_without_promoting_it (test_continuity_questions.MemoryQuestionTests.test_french_english_why_cite_exact_reason_without_promoting_it) ... ok
2026-09-24T01:37:07.1654566Z test_incoming_dependencies_have_exact_relation_source_and_direction (test_continuity_questions.MemoryQuestionTests.test_incoming_dependencies_have_exact_relation_source_and_direction) ... ok
2026-09-24T01:37:07.2141729Z test_missing_reason_unrelated_question_and_ambiguous_dates_abstain (test_continuity_questions.MemoryQuestionTests.test_missing_reason_unrelated_question_and_ambiguous_dates_abstain) ... ok
2026-09-24T01:37:07.2646185Z test_mixed_intents_never_choose_one_partial_answer (test_continuity_questions.MemoryQuestionTests.test_mixed_intents_never_choose_one_partial_answer) ... ok
2026-09-24T01:37:07.2933956Z test_natural_date_with_time_qualification_never_becomes_midnight (test_continuity_questions.MemoryQuestionTests.test_natural_date_with_time_qualification_never_becomes_midnight) ... ok
2026-09-24T01:37:07.3838991Z test_outgoing_dependency_wording_abstains_in_both_languages (test_continuity_questions.MemoryQuestionTests.test_outgoing_dependency_wording_abstains_in_both_languages) ... ok
2026-09-24T01:37:07.4846490Z test_oversized_context_refuses_instead_of_cutting_reason_or_citation (test_continuity_questions.MemoryQuestionTests.test_oversized_context_refuses_instead_of_cutting_reason_or_citation) ... ok
2026-09-24T01:37:07.5127364Z test_query_and_recorded_instructions_remain_data_without_side_effects (test_continuity_questions.MemoryQuestionTests.test_query_and_recorded_instructions_remain_data_without_side_effects) ... ok
2026-09-24T01:37:07.5704204Z test_relative_constraints_are_checked_for_every_question_kind (test_continuity_questions.MemoryQuestionTests.test_relative_constraints_are_checked_for_every_question_kind) ... 
2026-09-24T01:37:07.5705650Z   test_relative_constraints_are_checked_for_every_question_kind (test_continuity_questions.MemoryQuestionTests.test_relative_constraints_are_checked_for_every_question_kind) (question='Why auth recently?') ... FAIL
2026-09-24T01:37:07.5741538Z   test_relative_constraints_are_checked_for_every_question_kind (test_continuity_questions.MemoryQuestionTests.test_relative_constraints_are_checked_for_every_question_kind) (question='Pourquoi auth récemment ?') ... FAIL
2026-09-24T01:37:07.5777414Z   test_relative_constraints_are_checked_for_every_question_kind (test_continuity_questions.MemoryQuestionTests.test_relative_constraints_are_checked_for_every_question_kind) (question='What depends on auth this week?') ... FAIL
2026-09-24T01:37:07.5810874Z   test_relative_constraints_are_checked_for_every_question_kind (test_continuity_questions.MemoryQuestionTests.test_relative_constraints_are_checked_for_every_question_kind) (question='Qu’est-ce qui dépend de auth cette semaine ?') ... FAIL
2026-09-24T01:37:07.5845329Z   test_relative_constraints_are_checked_for_every_question_kind (test_continuity_questions.MemoryQuestionTests.test_relative_constraints_are_checked_for_every_question_kind) (question='Remember auth as of Monday?') ... FAIL
2026-09-24T01:37:07.8986837Z test_relative_time_phrases_do_not_return_all_changes (test_continuity_questions.MemoryQuestionTests.test_relative_time_phrases_do_not_return_all_changes) ... ok
2026-09-24T01:37:07.9311727Z test_retired_assertion_is_not_current_answer_and_confirmed_source_is_cited (test_continuity_questions.MemoryQuestionTests.test_retired_assertion_is_not_current_answer_and_confirmed_source_is_cited) ... ok
2026-09-24T01:37:07.9656426Z test_temporal_changes_use_recorded_instants_and_preserve_unknown_coverage (test_continuity_questions.MemoryQuestionTests.test_temporal_changes_use_recorded_instants_and_preserve_unknown_coverage) ... ok
2026-09-24T01:37:07.9940267Z test_fallback_keeps_its_minimum_term_length (test_continuity_related_changes.ContinuityRelatedChangeTests.test_fallback_keeps_its_minimum_term_length) ... ok
2026-09-24T01:37:08.4127282Z test_french_ligatures_match_recorded_file_names_in_both_directions (test_continuity_related_changes.ContinuityRelatedChangeTests.test_french_ligatures_match_recorded_file_names_in_both_directions) ... ok
2026-09-24T01:37:08.4424807Z test_human_calcul_query_recovers_verified_calculator_change (test_continuity_related_changes.ContinuityRelatedChangeTests.test_human_calcul_query_recovers_verified_calculator_change) ... ok
2026-09-24T01:37:08.4719230Z test_unrelated_query_does_not_return_recent_change_just_because_it_is_recent (test_continuity_related_changes.ContinuityRelatedChangeTests.test_unrelated_query_does_not_return_recent_change_just_because_it_is_recent) ... ok
2026-09-24T01:37:08.5972363Z test_bridge_reverification_keeps_one_change_and_advances_current_proof (test_continuity_reverification.ContinuityReverificationTests.test_bridge_reverification_keeps_one_change_and_advances_current_proof) ... ok
2026-09-24T01:37:08.6247385Z test_same_tree_change_accepts_new_certificate_despite_new_snapshot_shas (test_continuity_reverification.ContinuityReverificationTests.test_same_tree_change_accepts_new_certificate_despite_new_snapshot_shas) ... ok
2026-09-24T01:37:08.6268782Z test_deferred_indexes_keep_constraints_and_exact_final_schema (test_continuity_schema_transaction.SchemaTransactionTests.test_deferred_indexes_keep_constraints_and_exact_final_schema) ... ok
2026-09-24T01:37:08.6636997Z test_failed_rebuild_preserves_old_state_and_cleans_temporary_database (test_continuity_schema_transaction.SchemaTransactionTests.test_failed_rebuild_preserves_old_state_and_cleans_temporary_database) ... ok
2026-09-24T01:37:08.7466296Z test_late_index_failure_keeps_previous_projection_and_journal (test_continuity_schema_transaction.SchemaTransactionTests.test_late_index_failure_keeps_previous_projection_and_journal) ... ok
2026-09-24T01:37:08.7475331Z test_schema_and_rows_can_be_rolled_back_together (test_continuity_schema_transaction.SchemaTransactionTests.test_schema_and_rows_can_be_rolled_back_together) ... ok
2026-09-24T01:37:08.7858151Z test_v8_lexical_table_rebuild_preserves_terms_and_journal (test_continuity_schema_transaction.SchemaTransactionTests.test_v8_lexical_table_rebuild_preserves_terms_and_journal) ... ok
2026-09-24T01:37:08.7868573Z test_classification_is_conservative_and_state_is_outside_project (test_continuity_task_session.ContinuityTaskSessionTests.test_classification_is_conservative_and_state_is_outside_project) ... ok
2026-09-24T01:37:08.7884860Z test_short_followup_keeps_anchor_and_task_identity (test_continuity_task_session.ContinuityTaskSessionTests.test_short_followup_keeps_anchor_and_task_identity) ... ok
2026-09-24T01:37:08.7911744Z test_substantive_focus_stays_inside_task_until_explicit_pivot (test_continuity_task_session.ContinuityTaskSessionTests.test_substantive_focus_stays_inside_task_until_explicit_pivot) ... ok
2026-09-24T01:37:08.7912708Z test_task_id_has_frozen_cross_runtime_vector (test_continuity_task_session.ContinuityTaskSessionTests.test_task_id_has_frozen_cross_runtime_vector) ... ok
2026-09-24T01:37:09.1400502Z test_boundary_participation_keeps_pivots_and_excludes_other_sessions_and_boundaries (test_continuity_tasks.DurableTaskTests.test_boundary_participation_keeps_pivots_and_excludes_other_sessions_and_boundaries) ... ok
2026-09-24T01:37:09.6519905Z test_explicit_task_cli_description_link_and_history_retrieval (test_continuity_tasks.DurableTaskTests.test_explicit_task_cli_description_link_and_history_retrieval) ... ok
2026-09-24T01:37:09.7015870Z test_hash_valid_broken_references_are_rejected_by_readers_checkpoints_and_old_cache (test_continuity_tasks.DurableTaskTests.test_hash_valid_broken_references_are_rejected_by_readers_checkpoints_and_old_cache) ... ok
2026-09-24T01:37:10.3282069Z test_installed_guided_technical_french_and_english_context_show_declared_task (test_continuity_tasks.DurableTaskTests.test_installed_guided_technical_french_and_english_context_show_declared_task) ... ok
2026-09-24T01:37:10.7799702Z test_invalid_or_cross_task_reference_aborts_whole_envelope_batch (test_continuity_tasks.DurableTaskTests.test_invalid_or_cross_task_reference_aborts_whole_envelope_batch) ... ok
2026-09-24T01:37:10.9892365Z test_lost_native_participant_stays_degraded_after_a_later_successful_prompt (test_continuity_tasks.DurableTaskTests.test_lost_native_participant_stays_degraded_after_a_later_successful_prompt) ... ok
2026-09-24T01:37:11.1898333Z test_native_link_is_atomic_idempotent_observed_and_survives_session_cleanup (test_continuity_tasks.DurableTaskTests.test_native_link_is_atomic_idempotent_observed_and_survives_session_cleanup) ... ok
2026-09-24T01:37:11.6223702Z test_native_link_rejects_extra_text_and_preserves_description (test_continuity_tasks.DurableTaskTests.test_native_link_rejects_extra_text_and_preserves_description) ... ok
2026-09-24T01:37:11.6934815Z test_native_prompt_persists_stable_identity_without_raw_prompt_or_session (test_continuity_tasks.DurableTaskTests.test_native_prompt_persists_stable_identity_without_raw_prompt_or_session) ... ok
2026-09-24T01:37:11.8817041Z test_native_task_can_be_explicitly_described_without_reimport_conflict (test_continuity_tasks.DurableTaskTests.test_native_task_can_be_explicitly_described_without_reimport_conflict) ... ok
2026-09-24T01:37:11.9328982Z test_profile_rejects_raw_prompt_extensions_and_authority_promotion (test_continuity_tasks.DurableTaskTests.test_profile_rejects_raw_prompt_extensions_and_authority_promotion) ... ok
2026-09-24T01:37:12.1220642Z test_task_cli_unknown_links_fail_without_changing_history (test_continuity_tasks.DurableTaskTests.test_task_cli_unknown_links_fail_without_changing_history) ... ok
2026-09-24T01:37:12.1964825Z test_task_identity_cannot_replace_existing_entity_and_unprofiled_extensions_keep_projection (test_continuity_tasks.DurableTaskTests.test_task_identity_cannot_replace_existing_entity_and_unprofiled_extensions_keep_projection) ... ok
2026-09-24T01:37:12.2449099Z test_checkpoint_is_idempotent_and_never_moves_head (test_continuity_transport.ContinuityTransportTests.test_checkpoint_is_idempotent_and_never_moves_head) ... ok
2026-09-24T01:37:12.4023285Z test_concurrent_remote_update_is_never_force_overwritten (test_continuity_transport.ContinuityTransportTests.test_concurrent_remote_update_is_never_force_overwritten) ... ok
2026-09-24T01:37:12.5619919Z test_divergent_project_histories_fail_closed (test_continuity_transport.ContinuityTransportTests.test_divergent_project_histories_fail_closed) ... ok
2026-09-24T01:37:12.6526716Z test_push_then_fresh_clone_pull_restores_exact_history_without_touching_code_head (test_continuity_transport.ContinuityTransportTests.test_push_then_fresh_clone_pull_restores_exact_history_without_touching_code_head) ... ok
2026-09-24T01:37:12.6527844Z test_action_binds_policy_to_base_revision_not_candidate_config (test_debt_action.DebtActionContractTests.test_action_binds_policy_to_base_revision_not_candidate_config) ... ok
2026-09-24T01:37:12.6528938Z test_action_exposes_proof_and_debt_outputs (test_debt_action.DebtActionContractTests.test_action_exposes_proof_and_debt_outputs) ... ok
2026-09-24T01:37:12.6529870Z test_action_restores_but_never_pushes_cumulative_ledger (test_debt_action.DebtActionContractTests.test_action_restores_but_never_pushes_cumulative_ledger) ... ok
2026-09-24T01:37:12.6555559Z test_existing_lineage_is_not_double_counted (test_debt_budget.DebtBudgetTests.test_existing_lineage_is_not_double_counted) ... ok
2026-09-24T01:37:12.6581831Z test_total_change_and_category_limits (test_debt_budget.DebtBudgetTests.test_total_change_and_category_limits) ... ok
2026-09-24T01:37:12.6605937Z test_explicit_accounting_can_record_a_real_over_budget_change (test_debt_budget_transaction.DebtBudgetTransactionTests.test_explicit_accounting_can_record_a_real_over_budget_change) ... ok
2026-09-24T01:37:12.6615085Z test_read_only_atomic_budget_check_does_not_mutate (test_debt_budget_transaction.DebtBudgetTransactionTests.test_read_only_atomic_budget_check_does_not_mutate) ... ok
2026-09-24T01:37:12.6644635Z test_two_stale_agents_cannot_both_consume_the_same_remaining_budget (test_debt_budget_transaction.DebtBudgetTransactionTests.test_two_stale_agents_cannot_both_consume_the_same_remaining_budget) ... ok
2026-09-24T01:37:12.6839491Z test_assurance_certificate_must_be_content_addressed_and_tree_bound (test_debt_certificate.DebtCertificateTests.test_assurance_certificate_must_be_content_addressed_and_tree_bound) ... ok
2026-09-24T01:37:12.6975579Z test_noop_certificate_is_rehashed_and_requires_candidate_binding (test_debt_certificate.DebtCertificateTests.test_noop_certificate_is_rehashed_and_requires_candidate_binding) ... ok
2026-09-24T01:37:12.7498473Z test_acceptance_requires_reason_and_remains_visible (test_debt_cli.DebtCliTests.test_acceptance_requires_reason_and_remains_visible) ... ok
2026-09-24T01:37:12.7851236Z test_debt_records_local_git_ledger_and_plan_surfaces_it (test_debt_cli.DebtCliTests.test_debt_records_local_git_ledger_and_plan_surfaces_it) ... ok
2026-09-24T01:37:12.8076815Z test_forged_certificate_cannot_waive_change_debt (test_debt_cli.DebtCliTests.test_forged_certificate_cannot_waive_change_debt) ... ok
2026-09-24T01:37:12.8496572Z test_health_trend_and_ledger_show_are_human_readable (test_debt_cli.DebtCliTests.test_health_trend_and_ledger_show_are_human_readable) ... ok
2026-09-24T01:37:12.8507373Z test_nested_diffwitness_debt_supported (test_debt_config.DebtConfigTests.test_nested_diffwitness_debt_supported) ... ok
2026-09-24T01:37:12.8518070Z test_top_level_debt_and_category_tables_normalize (test_debt_config.DebtConfigTests.test_top_level_debt_and_category_tables_normalize) ... ok
2026-09-24T01:37:12.8520119Z test_unknown_debt_key_fails_closed (test_debt_config.DebtConfigTests.test_unknown_debt_key_fails_closed) ... ok
2026-09-24T01:37:12.8745270Z test_tampered_certificate_fails_before_accounting (test_debt_entry.DebtEntryTests.test_tampered_certificate_fails_before_accounting) ... ok
2026-09-24T01:37:12.8791587Z test_trend_reconstructs_prior_balance_from_events (test_debt_history.DebtHistoryTests.test_trend_reconstructs_prior_balance_from_events) ... ok
2026-09-24T01:37:12.9007627Z test_health_does_not_count_duplicate_blocks_only_in_test_fixtures (test_debt_integrity.DebtIntegrityTests.test_health_does_not_count_duplicate_blocks_only_in_test_fixtures) ... ok
2026-09-24T01:37:12.9259189Z test_health_filters_function_local_python_cycle_but_keeps_real_import_cycle (test_debt_integrity.DebtIntegrityTests.test_health_filters_function_local_python_cycle_but_keeps_real_import_cycle) ... ok
2026-09-24T01:37:12.9546373Z test_health_scan_is_bound_to_the_dirty_worktree_it_actually_reads (test_debt_integrity.DebtIntegrityTests.test_health_scan_is_bound_to_the_dirty_worktree_it_actually_reads) ... ok
2026-09-24T01:37:13.0330851Z test_mutation_recheck_cleans_control_run_side_effects_before_counterfactual (test_debt_integrity.DebtIntegrityTests.test_mutation_recheck_cleans_control_run_side_effects_before_counterfactual) ... ok
2026-09-24T01:37:13.0332175Z test_dedupe_keeps_strongest_same_lineage (test_debt_models.DebtModelTests.test_dedupe_keeps_strongest_same_lineage) ... ok
2026-09-24T01:37:13.0333104Z test_report_is_additive_and_explicit (test_debt_models.DebtModelTests.test_report_is_additive_and_explicit) ... ok
2026-09-24T01:37:13.0333979Z test_stable_identity_ignores_explanation_and_points (test_debt_models.DebtModelTests.test_stable_identity_ignores_explanation_and_points) ... ok
2026-09-24T01:37:13.0494519Z test_plan_separates_automatic_repayment_from_manual_review (test_debt_planning.DebtPlanningTests.test_plan_separates_automatic_repayment_from_manual_review) ... ok
2026-09-24T01:37:13.0659921Z test_repay_all_ignores_manual_backlog_instead_of_promising_closure (test_debt_planning.DebtPlanningTests.test_repay_all_ignores_manual_backlog_instead_of_promising_closure) ... ok
2026-09-24T01:37:13.0806324Z test_repay_refuses_lineage_without_automatic_closure_adapter (test_debt_planning.DebtPlanningTests.test_repay_refuses_lineage_without_automatic_closure_adapter) ... ok
2026-09-24T01:37:13.1079477Z test_change_only_rules_are_not_mislabeled_as_project_replay (test_debt_scan.DebtScanTests.test_change_only_rules_are_not_mislabeled_as_project_replay) ... ok
2026-09-24T01:37:13.1273667Z test_change_security_scan_ignores_added_python_string_literal (test_debt_scan.DebtScanTests.test_change_security_scan_ignores_added_python_string_literal) ... ok
2026-09-24T01:37:13.1488167Z test_non_probative_certificate_cannot_hide_unverified_change (test_debt_scan.DebtScanTests.test_non_probative_certificate_cannot_hide_unverified_change) ... ok
2026-09-24T01:37:13.1703575Z test_preservation_certificate_prevents_fake_test_debt_but_not_security_review (test_debt_scan.DebtScanTests.test_preservation_certificate_prevents_fake_test_debt_but_not_security_review) ... ok
2026-09-24T01:37:13.1848489Z test_project_scan_finds_one_duplicate_region_and_local_cycle (test_debt_scan.DebtScanTests.test_project_scan_finds_one_duplicate_region_and_local_cycle) ... ok
2026-09-24T01:37:13.1981472Z test_python_security_scan_detects_structural_call_keywords (test_debt_scan.DebtScanTests.test_python_security_scan_detects_structural_call_keywords) ... ok
2026-09-24T01:37:13.2116974Z test_python_security_scan_ignores_signature_strings_and_comments (test_debt_scan.DebtScanTests.test_python_security_scan_ignores_signature_strings_and_comments) ... ok
2026-09-24T01:37:13.2370904Z test_security_rule_has_same_identity_in_change_and_project_scan (test_debt_scan.DebtScanTests.test_security_rule_has_same_identity_in_change_and_project_scan) ... ok
2026-09-24T01:37:13.2612504Z test_unverified_change_and_no_changed_test_surface_are_explicit (test_debt_scan.DebtScanTests.test_unverified_change_and_no_changed_test_surface_are_explicit) ... ok
2026-09-24T01:37:13.2825740Z test_structurally_unrelated_function_is_not_flagged (test_debt_sensor_precision.SemanticRedundancyPrecisionTests.test_structurally_unrelated_function_is_not_flagged) ... ok
2026-09-24T01:37:13.3073910Z test_accounting_boundary_enriches_report_but_zero_point_sensor_cannot_break_budget (test_debt_sensors.SemanticRedundancySensorTests.test_accounting_boundary_enriches_report_but_zero_point_sensor_cannot_break_budget) ... ok
2026-09-24T01:37:13.3333939Z test_change_and_project_modes_keep_same_debt_identity (test_debt_sensors.SemanticRedundancySensorTests.test_change_and_project_modes_keep_same_debt_identity) ... ok
2026-09-24T01:37:13.3552084Z test_change_sensor_finds_renamed_reimplementation_without_exporting_source (test_debt_sensors.SemanticRedundancySensorTests.test_change_sensor_finds_renamed_reimplementation_without_exporting_source) ... ok
2026-09-24T01:37:13.3763550Z test_exact_source_copy_is_left_to_existing_deterministic_duplicate_rule (test_debt_sensors.SemanticRedundancySensorTests.test_exact_source_copy_is_left_to_existing_deterministic_duplicate_rule) ... ok
2026-09-24T01:37:13.3959574Z test_sensor_can_be_disabled_at_accounting_boundary (test_debt_sensors.SemanticRedundancySensorTests.test_sensor_can_be_disabled_at_accounting_boundary) ... ok
2026-09-24T01:37:13.5257111Z test_historical_test_debt_resolves_when_current_tests_discriminate_origin (test_debt_verify.DebtVerifyTests.test_historical_test_debt_resolves_when_current_tests_discriminate_origin) ... ok
2026-09-24T01:37:13.7349071Z test_mutation_debt_resolves_when_current_tests_make_it_necessary (test_debt_verify.DebtVerifyTests.test_mutation_debt_resolves_when_current_tests_make_it_necessary) ... ok
2026-09-24T01:37:13.7350330Z test_binary_change_is_never_misrepresented_as_line_hunk (test_diff_edgecases.DiffEdgeCaseTests.test_binary_change_is_never_misrepresented_as_line_hunk) ... ok
2026-09-24T01:37:13.7351457Z test_documentation_new_file_does_not_enter_executable_causal_surface (test_diff_edgecases.DiffEdgeCaseTests.test_documentation_new_file_does_not_enter_executable_causal_surface) ... ok
2026-09-24T01:37:13.7352485Z test_new_production_file_is_conservative_structural_mutation (test_diff_edgecases.DiffEdgeCaseTests.test_new_production_file_is_conservative_structural_mutation) ... ok
2026-09-24T01:37:13.7353480Z test_path_with_spaces_remains_one_hunk_mutation (test_diff_edgecases.DiffEdgeCaseTests.test_path_with_spaces_remains_one_hunk_mutation) ... ok
2026-09-24T01:37:13.7354466Z test_rename_is_file_level_even_with_text_hunk (test_diff_edgecases.DiffEdgeCaseTests.test_rename_is_file_level_even_with_text_hunk) ... ok
2026-09-24T01:37:13.7355244Z test_documentation_classifier_is_narrow (test_diffing.DiffingTests.test_documentation_classifier_is_narrow) ... ok
2026-09-24T01:37:13.7356372Z test_documentation_hunks_are_excluded_by_default_but_can_be_included (test_diffing.DiffingTests.test_documentation_hunks_are_excluded_by_default_but_can_be_included) ... ok
2026-09-24T01:37:13.7358607Z test_hunk_ranges_become_annotation_lines (test_diffing.DiffingTests.test_hunk_ranges_become_annotation_lines) ... ok
2026-09-24T01:37:13.7361213Z test_test_path_detection (test_diffing.DiffingTests.test_test_path_detection) ... ok
2026-09-24T01:37:15.4448416Z test_real_no_proof_fresh_drift_clean_stale_and_failed_attempt (test_doctor_proof_truthfulness.DoctorProofTruthfulnessTests.test_real_no_proof_fresh_drift_clean_stale_and_failed_attempt) ... DiffWitness Gate rejected: candidate is not stably green
2026-09-24T01:37:15.4449338Z 
2026-09-24T01:37:15.4449466Z DiffWitness Guard: PROOF REJECTED
2026-09-24T01:37:15.8543269Z ok
2026-09-24T01:37:15.8544443Z test_engine_command_is_argv_not_shell_text (test_engine_config.EngineConfigTests.test_engine_command_is_argv_not_shell_text) ... ok
2026-09-24T01:37:15.8545377Z test_required_engine_needs_command (test_engine_config.EngineConfigTests.test_required_engine_needs_command) ... ok
2026-09-24T01:37:15.8549289Z test_top_level_engine_table_loads_without_relaxing_unknown_keys (test_engine_config.EngineConfigTests.test_top_level_engine_table_loads_without_relaxing_unknown_keys) ... ok
2026-09-24T01:37:15.8870994Z test_capability_preflight_accepts_compatible_bounded_engine (test_engine_doctor.EngineDoctorTests.test_capability_preflight_accepts_compatible_bounded_engine) ... ok
2026-09-24T01:37:15.9133294Z test_capability_preflight_rejects_ambiguous_json (test_engine_doctor.EngineDoctorTests.test_capability_preflight_rejects_ambiguous_json) ... ok
2026-09-24T01:37:15.9754608Z test_capability_preflight_rejects_protocol_or_authority_drift (test_engine_doctor.EngineDoctorTests.test_capability_preflight_rejects_protocol_or_authority_drift) ... ok
2026-09-24T01:37:16.0130154Z test_dw_doctor_fails_preflight_for_incompatible_required_engine (test_engine_doctor.EngineDoctorTests.test_dw_doctor_fails_preflight_for_incompatible_required_engine) ... ok
2026-09-24T01:37:16.0354601Z test_dw_doctor_keeps_community_only_onboarding_clean (test_engine_doctor.EngineDoctorTests.test_dw_doctor_keeps_community_only_onboarding_clean) ... ok
2026-09-24T01:37:16.0821367Z test_dw_doctor_reports_compatible_required_private_engine (test_engine_doctor.EngineDoctorTests.test_dw_doctor_reports_compatible_required_private_engine) ... ok
2026-09-24T01:37:16.0951579Z test_committed_project_engine_wins_over_machine_local_profile (test_engine_local.LocalEngineTests.test_committed_project_engine_wins_over_machine_local_profile) ... ok
2026-09-24T01:37:16.1138120Z test_corrupt_machine_local_profile_fails_closed (test_engine_local.LocalEngineTests.test_corrupt_machine_local_profile_fails_closed) ... ok
2026-09-24T01:37:16.2540154Z test_dw_engine_enable_status_doctor_disable_is_git_local (test_engine_local.LocalEngineTests.test_dw_engine_enable_status_doctor_disable_is_git_local) ... ok
2026-09-24T01:37:16.6235555Z test_real_gate_consumes_git_local_private_plan_but_public_runner_owns_verdict (test_engine_local_gate.LocalEngineGateTests.test_real_gate_consumes_git_local_private_plan_but_public_runner_owns_verdict) ... ok
2026-09-24T01:37:16.6751155Z test_ambiguous_engine_json_is_rejected_before_plan_validation (test_engine_protocol.EngineProtocolTests.test_ambiguous_engine_json_is_rejected_before_plan_validation) ... ok
2026-09-24T01:37:16.6752786Z test_canonical_compat_vector_has_frozen_request_id_and_digest (test_engine_protocol.EngineProtocolTests.test_canonical_compat_vector_has_frozen_request_id_and_digest) ... ok
2026-09-24T01:37:16.6753735Z test_change_identity_depends_on_repository_and_git_trees (test_engine_protocol.EngineProtocolTests.test_change_identity_depends_on_repository_and_git_trees) ... ok
2026-09-24T01:37:16.7423878Z test_non_finite_planning_budget_is_rejected_before_request_hashing (test_engine_protocol.EngineProtocolTests.test_non_finite_planning_budget_is_rejected_before_request_hashing) ... ok
2026-09-24T01:37:16.7947311Z test_optional_engine_failure_degrades_but_required_engine_fails_closed (test_engine_protocol.EngineProtocolTests.test_optional_engine_failure_degrades_but_required_engine_fails_closed) ... ok
2026-09-24T01:37:16.8147333Z test_plan_must_be_exactly_bound_and_cover_every_mutation_once (test_engine_protocol.EngineProtocolTests.test_plan_must_be_exactly_bound_and_cover_every_mutation_once) ... ok
2026-09-24T01:37:16.8681346Z test_real_subprocess_plan_is_validated_before_use (test_engine_protocol.EngineProtocolTests.test_real_subprocess_plan_is_validated_before_use) ... ok
2026-09-24T01:37:16.9659788Z test_request_is_content_bound_without_embedding_test_command_or_patch (test_engine_protocol.EngineProtocolTests.test_request_is_content_bound_without_embedding_test_command_or_patch) ... ok
2026-09-24T01:37:16.9756819Z test_code_change_does_not_get_noop_preflight (test_entry.EntryTests.test_code_change_does_not_get_noop_preflight) ... DiffWitness proof dw0_6c587fb44cb576bf228b attached to 98a861b46c0f via refs/notes/diffwitness.
2026-09-24T01:37:16.9757513Z Publish it with: git push origin refs/notes/diffwitness
2026-09-24T01:37:16.9757896Z Invariant INV-IMPACT: Keep identity
2026-09-24T01:37:16.9758193Z Objective OBJ-REFUNDS: Support partial refunds safely
2026-09-24T01:37:16.9758586Z Decision DEC-IDEMPOTENCY: Keep refund operations idempotent
2026-09-24T01:37:16.9758967Z Invariant INV-CAPTURE-LIMIT: Refund total must never exceed captured payment
2026-09-24T01:37:16.9759471Z Failed approach FAIL-DIRECT-CHARGE: Mutating charge rows directly
2026-09-24T01:37:16.9928419Z DiffWitness: No evidence command could be detected. Run `dw doctor`, pass --test, or create .diffwitness.toml.
2026-09-24T01:37:16.9943685Z ok
2026-09-24T01:37:17.0217913Z test_docs_only_prove_succeeds_without_test_command_and_writes_noop_certificate (test_entry.EntryTests.test_docs_only_prove_succeeds_without_test_command_and_writes_noop_certificate) ... ok
2026-09-24T01:37:17.0220636Z test_public_version_options_bypass_friendly_unknown_router (test_entry.EntryTests.test_public_version_options_bypass_friendly_unknown_router) ... ok
2026-09-24T01:37:17.0319655Z test_unknown_test_only_surface_without_evidence_never_becomes_noop_success (test_fail_closed.FailClosedTests.test_unknown_test_only_surface_without_evidence_never_becomes_noop_success) ... DiffWitness: proof not required (dw0_d34198f8b980f24a7ba6); no executable causal mutation detected.
2026-09-24T01:37:17.0486220Z DiffWitness: this change contains tests but DiffWitness cannot determine how to execute evidence. Failing closed: pass --test or configure [diffwitness].test.
2026-09-24T01:37:17.0501027Z ok
2026-09-24T01:37:17.4519731Z test_auto_routes_surplus_patch_to_adaptive_and_rejects_it (test_gate.GateTests.test_auto_routes_surplus_patch_to_adaptive_and_rejects_it) ... DiffWitness Gate rejected: Adaptive Core found 1 mutation(s) removable while preserving the selected stable evidence
2026-09-24T01:37:17.4536926Z ok
2026-09-24T01:37:17.4944745Z test_docs_only_gate_becomes_formal_proof_not_required (test_gate.GateTests.test_docs_only_gate_becomes_formal_proof_not_required) ... DiffWitness Gate: causal contrast proven; adaptive strategy for 2 production mutation(s) under balanced policy (899.9s proof budget remaining)
2026-09-24T01:37:17.4945888Z DiffWitness Adaptive Core
2026-09-24T01:37:17.4946187Z contrast:    PROVEN
2026-09-24T01:37:17.4946489Z mutations:   2 original
2026-09-24T01:37:17.4946774Z core:        1 retained
2026-09-24T01:37:17.4947028Z removable:   1 observed removable
2026-09-24T01:37:17.4947373Z experiments: 3/10
2026-09-24T01:37:17.4947633Z 1-minimal:   yes
2026-09-24T01:37:17.4947926Z certificate: dwac1_7ec54e76c1b628e1537d
2026-09-24T01:37:17.4948222Z 
2026-09-24T01:37:17.4948347Z Causal core:
2026-09-24T01:37:17.4948601Z   KEEP    calc.py hunk 1/2
2026-09-24T01:37:17.4948787Z 
2026-09-24T01:37:17.4948947Z Evidence-removable surface:
2026-09-24T01:37:17.4949588Z   REVIEW  calc.py hunk 2/2 — def add(a, b):
2026-09-24T01:37:17.6112827Z ok
2026-09-24T01:37:17.6211064Z test_explicit_nondefault_config_supplies_evidence_command (test_gate.GateTests.test_explicit_nondefault_config_supplies_evidence_command) ... DiffWitness: proof not required (dw0_c3c25f83d1f722433a29); no executable causal mutation detected.
2026-09-24T01:37:17.6212056Z Project continuity: 2 new change event(s) · dwchg_4f4476af9a1c33230d0e5e39
2026-09-24T01:37:17.7546229Z DiffWitness Gate: causal contrast proven; exhaustive strategy for 1 production mutation(s) under strict policy (899.9s proof budget remaining)
2026-09-24T01:37:17.9888540Z ok
2026-09-24T01:37:17.9983474Z test_small_proven_fix_uses_exhaustive_gate_and_writes_certificate (test_gate.GateTests.test_small_proven_fix_uses_exhaustive_gate_and_writes_certificate) ... DiffWitness 0.4.0a1 - counterfactual patch evidence
2026-09-24T01:37:17.9984346Z repo:      /tmp/tmp690kgi8c/repo
2026-09-24T01:37:17.9984634Z base:      df199833aa2a823b11fcefeed95503e2f292a0c9 (df199833aa2a)
2026-09-24T01:37:17.9985065Z candidate: c2e93eeef0faeed4dca9fd160b96a41ace3c77c3 (c2e93eeef0fa)
2026-09-24T01:37:17.9985554Z evidence:  "/opt/hostedtoolcache/Python/3.13.15/x64/bin/python" -m unittest discover -s tests -q
2026-09-24T01:37:17.9985912Z stability: 1 run(s) per variant
2026-09-24T01:37:17.9986153Z budget:    899.904s total; 300s per command
2026-09-24T01:37:17.9986432Z changes:   1 analyzed mutation(s); 1 changed test file(s)
2026-09-24T01:37:17.9986637Z 
2026-09-24T01:37:17.9986745Z contrast:  BASE STABLE-FAIL -> CANDIDATE STABLE-PASS
2026-09-24T01:37:17.9987087Z 
2026-09-24T01:37:17.9987205Z WITNESSED         +1/-1  calc.py hunk 1/1  [stable-fail]
2026-09-24T01:37:17.9987390Z 
2026-09-24T01:37:17.9987513Z summary: 1 witnessed, 0 unwitnessed, 0 inconclusive
2026-09-24T01:37:17.9987795Z core:    1 minimal sufficient set(s) of 1 hunk(s)
2026-09-24T01:37:17.9988065Z cert:    dw2_cf5a5e44ecb39d91f100
2026-09-24T01:37:17.9988314Z DiffWitness Gate accepted (dw2_cf5a5e44ecb39d91f100)
2026-09-24T01:37:17.9988873Z Project continuity: 2 new change event(s) · dwchg_51054c1b4bdf9c76f18f7500
2026-09-24T01:37:18.1221709Z DiffWitness Gate: causal contrast proven; exhaustive strategy for 1 production mutation(s) under strict policy (899.9s proof budget remaining)
2026-09-24T01:37:18.4021529Z ok
2026-09-24T01:37:18.4022235Z test_unwitnessed_hunk_becomes_file_warning (test_github_actions.GitHubActionTests.test_unwitnessed_hunk_becomes_file_warning) ... ok
2026-09-24T01:37:18.4148504Z test_clean_worktree_reuses_head_exactly (test_gitops_snapshot_fastpath.SnapshotFastPathTests.test_clean_worktree_reuses_head_exactly) ... ok
2026-09-24T01:37:18.4353553Z test_meaningful_untracked_file_forces_exact_snapshot (test_gitops_snapshot_fastpath.SnapshotFastPathTests.test_meaningful_untracked_file_forces_exact_snapshot) ... ok
2026-09-24T01:37:18.4481705Z test_only_known_untracked_runtime_artifacts_still_reuse_head (test_gitops_snapshot_fastpath.SnapshotFastPathTests.test_only_known_untracked_runtime_artifacts_still_reuse_head) ... ok
2026-09-24T01:37:18.5071493Z test_staged_change_is_not_mistaken_for_clean_state (test_gitops_snapshot_fastpath.SnapshotFastPathTests.test_staged_change_is_not_mistaken_for_clean_state) ... ok
2026-09-24T01:37:18.5792120Z test_tracked_cache_like_file_is_never_filtered (test_gitops_snapshot_fastpath.SnapshotFastPathTests.test_tracked_cache_like_file_is_never_filtered) ... ok
2026-09-24T01:37:18.5988021Z test_tracked_worktree_change_forces_exact_snapshot (test_gitops_snapshot_fastpath.SnapshotFastPathTests.test_tracked_worktree_change_forces_exact_snapshot) ... ok
2026-09-24T01:37:18.6070725Z test_public_guard_delegates_proven_agent_patch_to_gate (test_guard.PublicGuardTests.test_public_guard_delegates_proven_agent_patch_to_gate) ... DiffWitness 0.4.0a1 - counterfactual patch evidence
2026-09-24T01:37:18.6071514Z repo:      /tmp/tmpy4gnxwlc
2026-09-24T01:37:18.6071880Z base:      df199833aa2a823b11fcefeed95503e2f292a0c9 (df199833aa2a)
2026-09-24T01:37:18.6072248Z candidate: 944c7b41eea2beb75061e6fc4d36755291742e2d (944c7b41eea2)
2026-09-24T01:37:18.6072654Z evidence:  "/opt/hostedtoolcache/Python/3.13.15/x64/bin/python" -m unittest discover -s tests -q
2026-09-24T01:37:18.6073162Z stability: 1 run(s) per variant
2026-09-24T01:37:18.6073426Z budget:    899.902s total; 300s per command
2026-09-24T01:37:18.6073705Z changes:   1 analyzed mutation(s); 1 changed test file(s)
2026-09-24T01:37:18.6073895Z 
2026-09-24T01:37:18.6074016Z contrast:  BASE STABLE-FAIL -> CANDIDATE STABLE-PASS
2026-09-24T01:37:18.6074359Z 
2026-09-24T01:37:18.6074498Z WITNESSED         +1/-1  calc.py hunk 1/1  [stable-fail]
2026-09-24T01:37:18.6074672Z 
2026-09-24T01:37:18.6074805Z summary: 1 witnessed, 0 unwitnessed, 0 inconclusive
2026-09-24T01:37:18.6075099Z core:    1 minimal sufficient set(s) of 1 hunk(s)
2026-09-24T01:37:18.6075350Z cert:    dw2_6c12625939a2f7157f69
2026-09-24T01:37:18.6075607Z DiffWitness Gate accepted (dw2_6c12625939a2f7157f69)
2026-09-24T01:37:18.6076155Z Project continuity: 2 new change event(s) · dwchg_51054c1b4bdf9c76f18f7500
2026-09-24T01:37:18.7476769Z DiffWitness Guard armed at 5e972fea6f08
2026-09-24T01:37:18.7478093Z Agent:    /opt/hostedtoolcache/Python/3.13.15/x64/bin/python -c from pathlib import Path; Path('calc.py').write_text('def add(a, b):\n    return a + b\n', encoding='utf-8'); Path('tests').mkdir(exist_ok=True); Path('tests/test_calc.py').write_text("import unittest\nfrom calc import add\n\nclass T(unittest.TestCase):\n    def test_add(self):\n        self.assertEqual(add(2, 3), 5)\n", encoding='utf-8')
2026-09-24T01:37:18.7479384Z Policy:   strict
2026-09-24T01:37:18.7479823Z Strategy: auto
2026-09-24T01:37:18.7480151Z Proof budget: 900s after agent exit
2026-09-24T01:37:18.7480425Z 
2026-09-24T01:37:18.7480889Z DiffWitness Gate: causal contrast proven; exhaustive strategy for 1 production mutation(s) under strict policy (899.9s proof budget remaining)
2026-09-24T01:37:19.0798380Z ok
2026-09-24T01:37:19.0882612Z test_public_guard_preserves_agent_failure_code_without_claiming_proof (test_guard.PublicGuardTests.test_public_guard_preserves_agent_failure_code_without_claiming_proof) ... DiffWitness 0.4.0a1 - counterfactual patch evidence
2026-09-24T01:37:19.0883430Z repo:      /tmp/tmpb1bkzy5m
2026-09-24T01:37:19.0883718Z base:      5e972fea6f080ae8745c74ba5ddce2ded8c267e3 (5e972fea6f08)
2026-09-24T01:37:19.0884238Z candidate: 90526be69fec27473c81e6c51b9e2fe546ad5a7f (90526be69fec)
2026-09-24T01:37:19.0884999Z evidence:  "/opt/hostedtoolcache/Python/3.13.15/x64/bin/python" -m unittest discover -s tests -q
2026-09-24T01:37:19.0885359Z stability: 1 run(s) per variant
2026-09-24T01:37:19.0885607Z budget:    899.903s total; 300s per command
2026-09-24T01:37:19.0885893Z changes:   1 analyzed mutation(s); 1 changed test file(s)
2026-09-24T01:37:19.0886107Z 
2026-09-24T01:37:19.0886229Z contrast:  BASE STABLE-FAIL -> CANDIDATE STABLE-PASS
2026-09-24T01:37:19.0886417Z 
2026-09-24T01:37:19.0886539Z WITNESSED         +1/-1  calc.py hunk 1/1  [stable-fail]
2026-09-24T01:37:19.0886722Z 
2026-09-24T01:37:19.0886831Z summary: 1 witnessed, 0 unwitnessed, 0 inconclusive
2026-09-24T01:37:19.0887134Z core:    1 minimal sufficient set(s) of 1 hunk(s)
2026-09-24T01:37:19.0887391Z cert:    dw2_69d8264522445d72c6f9
2026-09-24T01:37:19.0887660Z DiffWitness Gate accepted (dw2_69d8264522445d72c6f9)
2026-09-24T01:37:19.0887813Z 
2026-09-24T01:37:19.0887939Z DiffWitness Guard: PROOF ACCEPTED
2026-09-24T01:37:19.0888081Z 
2026-09-24T01:37:19.0888155Z CHANGE DEBT
2026-09-24T01:37:19.0888339Z +0 point(s) / 0 obligation(s)
2026-09-24T01:37:19.0888758Z Debt budget: PASS — projected total 0; new 0
2026-09-24T01:37:19.0889046Z Debt Ledger: +0 introduced, 0 reopened, 0 refreshed
2026-09-24T01:37:19.0889427Z IdleProof explanation: /tmp/tmpb1bkzy5m/.git/diffwitness/idleproof-explanation.json
2026-09-24T01:37:19.0889831Z Change envelope: /tmp/tmpb1bkzy5m/.git/diffwitness/change-envelope.json
2026-09-24T01:37:19.0890264Z Project continuity: 3 new change event(s) · dwchg_767abbbde7175fa929092e4c
2026-09-24T01:37:19.1046670Z DiffWitness Guard: agent exited with code 7; proof was not attempted.
2026-09-24T01:37:19.1090307Z ok
2026-09-24T01:37:19.1172774Z test_guard_records_agent_provenance_after_proof (test_guard_debt.GuardDebtTests.test_guard_records_agent_provenance_after_proof) ... DiffWitness Guard armed at 6742f884d5b8
2026-09-24T01:37:19.1173653Z Agent:    /opt/hostedtoolcache/Python/3.13.15/x64/bin/python -c raise SystemExit(7)
2026-09-24T01:37:19.1174196Z Policy:   config/default
2026-09-24T01:37:19.1174512Z Strategy: config/default
2026-09-24T01:37:19.1174774Z Proof budget: 900s after agent exit
2026-09-24T01:37:19.1174924Z 
2026-09-24T01:37:19.2571240Z DiffWitness Guard armed at 158356a16c4c
2026-09-24T01:37:19.2572329Z Agent:    /opt/hostedtoolcache/Python/3.13.15/x64/bin/python -c from pathlib import Path; p=Path('auth/session.py'); p.write_text('def add(a, b):\n    return a + b\n', encoding='utf-8'); t=Path('tests/test_session.py'); t.parent.mkdir(exist_ok=True); t.write_text("import unittest\nfrom auth.session import add\n\nclass T(unittest.TestCase):\n    def test_add(self):\n        self.assertEqual(add(2, 3), 5)\n", encoding='utf-8')
2026-09-24T01:37:19.2573407Z Policy:   strict
2026-09-24T01:37:19.2573625Z Strategy: config/default
2026-09-24T01:37:19.2573857Z Proof budget: 900s after agent exit
2026-09-24T01:37:19.2574159Z 
2026-09-24T01:37:19.2574486Z DiffWitness Gate: causal contrast proven; exhaustive strategy for 1 production mutation(s) under strict policy (899.9s proof budget remaining)
2026-09-24T01:37:19.5376664Z ok
2026-09-24T01:37:19.5583767Z test_guard_rejects_over_budget_patch_without_admitting_rejected_debt (test_guard_debt.GuardDebtTests.test_guard_rejects_over_budget_patch_without_admitting_rejected_debt) ... DiffWitness 0.4.0a1 - counterfactual patch evidence
2026-09-24T01:37:19.5585094Z repo:      /tmp/tmpx1pjcoqx
2026-09-24T01:37:19.5585428Z base:      158356a16c4c0fda3908c5de88227e250d97daa7 (158356a16c4c)
2026-09-24T01:37:19.5585810Z candidate: 3947dd151c7038b22adab055c779f7dd0bdfde32 (3947dd151c70)
2026-09-24T01:37:19.5586236Z evidence:  "/opt/hostedtoolcache/Python/3.13.15/x64/bin/python" -m unittest discover -s tests -q
2026-09-24T01:37:19.5586620Z stability: 1 run(s) per variant
2026-09-24T01:37:19.5586881Z budget:    899.903s total; 300s per command
2026-09-24T01:37:19.5587238Z changes:   1 analyzed mutation(s); 1 changed test file(s)
2026-09-24T01:37:19.5587578Z 
2026-09-24T01:37:19.5588001Z contrast:  BASE STABLE-FAIL -> CANDIDATE STABLE-PASS
2026-09-24T01:37:19.5588224Z 
2026-09-24T01:37:19.5588360Z WITNESSED         +1/-1  auth/session.py hunk 1/1  [stable-fail]
2026-09-24T01:37:19.5588594Z 
2026-09-24T01:37:19.5588807Z summary: 1 witnessed, 0 unwitnessed, 0 inconclusive
2026-09-24T01:37:19.5589295Z core:    1 minimal sufficient set(s) of 1 hunk(s)
2026-09-24T01:37:19.5589723Z cert:    dw2_cf46d812475802e572a5
2026-09-24T01:37:19.5590178Z DiffWitness Gate accepted (dw2_cf46d812475802e572a5)
2026-09-24T01:37:19.5590489Z 
2026-09-24T01:37:19.5590770Z DiffWitness Guard: PROOF ACCEPTED
2026-09-24T01:37:19.5591021Z 
2026-09-24T01:37:19.5591191Z CHANGE DEBT
2026-09-24T01:37:19.5591600Z +1 point(s) / 1 obligation(s)
2026-09-24T01:37:19.5592017Z   security           +1
2026-09-24T01:37:19.5592773Z   DW-F90AD233C569 +1 security/heuristic — Security-sensitive surface changed
2026-09-24T01:37:19.5593467Z Debt budget: PASS — projected total 1; new 1
2026-09-24T01:37:19.5593934Z Debt Ledger: +1 introduced, 0 reopened, 0 refreshed
2026-09-24T01:37:19.5594747Z IdleProof explanation: /tmp/tmpx1pjcoqx/.git/diffwitness/idleproof-explanation.json
2026-09-24T01:37:19.5595387Z Change envelope: /tmp/tmpx1pjcoqx/.git/diffwitness/change-envelope.json
2026-09-24T01:37:19.5596125Z Project continuity: 4 new change event(s) · dwchg_5c9a66f359d2f5144ab3f72a
2026-09-24T01:37:19.5596645Z Project continuity: 1 Debt Ledger lifecycle event(s) projected
2026-09-24T01:37:19.7005499Z DiffWitness Guard armed at cd40b3ac7200
2026-09-24T01:37:19.7006967Z Agent:    /opt/hostedtoolcache/Python/3.13.15/x64/bin/python -c from pathlib import Path; p=Path('auth/session.py'); p.write_text('def add(a, b):\n    return a + b\n', encoding='utf-8'); t=Path('tests/test_session.py'); t.parent.mkdir(exist_ok=True); t.write_text("import unittest\nfrom auth.session import add\n\nclass T(unittest.TestCase):\n    def test_add(self):\n        self.assertEqual(add(2, 3), 5)\n", encoding='utf-8')
2026-09-24T01:37:19.7008251Z Policy:   strict
2026-09-24T01:37:19.7008563Z Strategy: config/default
2026-09-24T01:37:19.7008825Z Proof budget: 900s after agent exit
2026-09-24T01:37:19.7009002Z 
2026-09-24T01:37:19.7009408Z DiffWitness Gate: causal contrast proven; exhaustive strategy for 1 production mutation(s) under strict policy (899.9s proof budget remaining)
2026-09-24T01:37:19.9258323Z DiffWitness Guard: DEBT BUDGET REJECTED
2026-09-24T01:37:19.9658339Z ok
2026-09-24T01:37:19.9815724Z test_default_guided_root_help_is_a_bounded_onboarding_surface (test_ht001_guided_first_run.GuidedFirstRunDensityTests.test_default_guided_root_help_is_a_bounded_onboarding_surface) ... ok
2026-09-24T01:37:19.9921224Z test_french_guided_root_help_has_the_same_bounded_information_shape (test_ht001_guided_first_run.GuidedFirstRunDensityTests.test_french_guided_root_help_has_the_same_bounded_information_shape) ... ok
2026-09-24T01:37:20.0055362Z test_technical_help_keeps_the_complete_engineering_surface (test_ht001_guided_first_run.GuidedFirstRunDensityTests.test_technical_help_keeps_the_complete_engineering_surface) ... ok
2026-09-24T01:37:20.0068433Z test_default_guided_english_explains_how_to_reach_a_valid_doctor_context (test_ht002_doctor_outside_git.DoctorOutsideGitActionabilityTests.test_default_guided_english_explains_how_to_reach_a_valid_doctor_context) ... ok
2026-09-24T01:37:20.0080327Z test_guided_french_has_the_same_actionable_failure_shape (test_ht002_doctor_outside_git.DoctorOutsideGitActionabilityTests.test_guided_french_has_the_same_actionable_failure_shape) ... ok
2026-09-24T01:37:20.0092181Z test_json_outside_git_preserves_raw_failure_contract (test_ht002_doctor_outside_git.DoctorOutsideGitActionabilityTests.test_json_outside_git_preserves_raw_failure_contract) ... ok
2026-09-24T01:37:20.0099200Z test_other_git_failures_do_not_get_outside_repository_advice (test_ht002_doctor_outside_git.DoctorOutsideGitActionabilityTests.test_other_git_failures_do_not_get_outside_repository_advice) ... ok
2026-09-24T01:37:20.0111426Z test_technical_outside_git_still_fails_without_inventing_readiness (test_ht002_doctor_outside_git.DoctorOutsideGitActionabilityTests.test_technical_outside_git_still_fails_without_inventing_readiness) ... ok
2026-09-24T01:37:20.0113003Z test_every_diffwitness_owned_sidecar_diagnostic_has_a_guided_rendering (test_ht004_guided_vocabulary.HT004GuidedVocabularyTests.test_every_diffwitness_owned_sidecar_diagnostic_has_a_guided_rendering) ... ok
2026-09-24T01:37:20.3696110Z test_guided_setup_hides_internal_sidecar_term_without_changing_machine_or_technical_detail (test_ht004_guided_vocabulary.HT004GuidedVocabularyTests.test_guided_setup_hides_internal_sidecar_term_without_changing_machine_or_technical_detail) ... ok
2026-09-24T01:37:20.4315824Z test_idleproof_help_does_not_expose_internal_sidecar_architecture (test_ht004_guided_vocabulary.HT004GuidedVocabularyTests.test_idleproof_help_does_not_expose_internal_sidecar_architecture) ... ok
2026-09-24T01:37:20.4828558Z test_frontend_error_public_export_remains_available_on_demand (test_ht006_cli_startup.HT006CliStartupTests.test_frontend_error_public_export_remains_available_on_demand) ... ok
2026-09-24T01:37:20.5015826Z test_importing_public_entry_does_not_eagerly_load_full_frontend (test_ht006_cli_startup.HT006CliStartupTests.test_importing_public_entry_does_not_eagerly_load_full_frontend) ... ok
2026-09-24T01:37:20.5019549Z test_version_fast_path_does_not_run_git (test_ht006_cli_startup.HT006CliStartupTests.test_version_fast_path_does_not_run_git) ... ok
2026-09-24T01:37:20.5020544Z test_version_output_contract_remains_exact (test_ht006_cli_startup.HT006CliStartupTests.test_version_output_contract_remains_exact) ... ok
2026-09-24T01:37:20.5025223Z test_explicit_codex_setup_bounds_protect_scope_when_claude_is_detectable (test_ht007_provider_scope.HT007ProviderScopeQualificationTests.test_explicit_codex_setup_bounds_protect_scope_when_claude_is_detectable)
2026-09-24T01:37:21.0340363Z Public setup scope must win over broader provider auto-detection in Protect. ... ok
2026-09-24T01:37:21.9150326Z test_claude_hooks_use_exec_form_and_complete_native_change (test_human_blocker_regressions.HumanBlockerRegressionTests.test_claude_hooks_use_exec_form_and_complete_native_change) ... ok
2026-09-24T01:37:22.6385027Z test_manual_gate_persists_current_worktree_verification (test_human_blocker_regressions.HumanBlockerRegressionTests.test_manual_gate_persists_current_worktree_verification) ... ok
2026-09-24T01:37:22.6899100Z test_continuity_projection_failure_is_durable_degradation_and_recovery_clears_it (test_ide_handoff_fail_closed.IdeHandoffFailClosedTests.test_continuity_projection_failure_is_durable_degradation_and_recovery_clears_it) ... ok
2026-09-24T01:37:22.7776310Z test_exhausted_continuation_budget_never_becomes_approval (test_ide_handoff_fail_closed.IdeHandoffFailClosedTests.test_exhausted_continuation_budget_never_becomes_approval) ... ok
2026-09-24T01:37:22.7899918Z test_missing_or_invalid_native_start_capture_terminates_unverified_without_a_loop (test_ide_handoff_fail_closed.IdeHandoffFailClosedTests.test_missing_or_invalid_native_start_capture_terminates_unverified_without_a_loop) ... ok
2026-09-24T01:37:22.7902730Z test_session_model_receives_evidence_first_policy_and_optional_soul (test_idleproof_agent_session.IdleProofAgentSessionTests.test_session_model_receives_evidence_first_policy_and_optional_soul) ... ok
2026-09-24T01:37:22.7904350Z test_session_policy_does_not_require_soul_or_any_provider (test_idleproof_agent_session.IdleProofAgentSessionTests.test_session_policy_does_not_require_soul_or_any_provider) ... ok
2026-09-24T01:37:22.8154613Z test_authoritative_proof_path_has_no_model_or_http_client_dependency (test_idleproof_architecture_invariants.IdleProofArchitectureInvariantTests.test_authoritative_proof_path_has_no_model_or_http_client_dependency) ... ok
2026-09-24T01:37:22.8156060Z test_guard_may_emit_deterministic_idleproof_but_not_call_optional_inference (test_idleproof_architecture_invariants.IdleProofArchitectureInvariantTests.test_guard_may_emit_deterministic_idleproof_but_not_call_optional_inference) ... ok
2026-09-24T01:37:23.0741033Z test_optional_user_inference_never_flows_back_into_proof_debt_or_continuity_modules (test_idleproof_architecture_invariants.IdleProofArchitectureInvariantTests.test_optional_user_inference_never_flows_back_into_proof_debt_or_continuity_modules) ... ok
2026-09-24T01:37:23.0743371Z test_user_owned_cache_stays_in_git_metadata_not_project_source (test_idleproof_architecture_invariants.IdleProofArchitectureInvariantTests.test_user_owned_cache_stays_in_git_metadata_not_project_source) ... ok
2026-09-24T01:37:23.0745181Z test_binary_change_is_explained_conservatively (test_idleproof_explanation.DeterministicExplanationTests.test_binary_change_is_explained_conservatively) ... ok
2026-09-24T01:37:23.0746656Z test_empty_change_still_has_an_explicit_result (test_idleproof_explanation.DeterministicExplanationTests.test_empty_change_still_has_an_explicit_result) ... ok
2026-09-24T01:37:23.0748164Z test_heuristic_sensor_never_becomes_a_verified_fact (test_idleproof_explanation.DeterministicExplanationTests.test_heuristic_sensor_never_becomes_a_verified_fact) ... ok
2026-09-24T01:37:23.0749520Z test_renderer_is_useful_without_network_or_llm (test_idleproof_explanation.DeterministicExplanationTests.test_renderer_is_useful_without_network_or_llm) ... ok
2026-09-24T01:37:23.0750941Z test_unaccepted_proof_is_never_described_as_proven (test_idleproof_explanation.DeterministicExplanationTests.test_unaccepted_proof_is_never_described_as_proven) ... ok
2026-09-24T01:37:23.0752232Z test_builder_quota_is_exactly_500 (test_idleproof_explanation.ManagedInferencePolicyTests.test_builder_quota_is_exactly_500) ... ok
2026-09-24T01:37:23.0753949Z test_free_alpha_and_unknown_plans_can_never_use_diffwitness_managed_inference (test_idleproof_explanation.ManagedInferencePolicyTests.test_free_alpha_and_unknown_plans_can_never_use_diffwitness_managed_inference) ... ok
2026-09-24T01:37:23.0755910Z test_managed_quota_exhaustion_falls_back_to_deterministic_not_another_paid_route (test_idleproof_explanation.ManagedInferencePolicyTests.test_managed_quota_exhaustion_falls_back_to_deterministic_not_another_paid_route) ... ok
2026-09-24T01:37:23.0756936Z test_pro_quota_is_exactly_1200 (test_idleproof_explanation.ManagedInferencePolicyTests.test_pro_quota_is_exactly_1200) ... ok
2026-09-24T01:37:23.0758034Z test_team_and_enterprise_are_finite_in_shared_policy (test_idleproof_explanation.ManagedInferencePolicyTests.test_team_and_enterprise_are_finite_in_shared_policy) ... ok
2026-09-24T01:37:23.0758984Z test_user_owned_compute_remains_available_on_free (test_idleproof_explanation.ManagedInferencePolicyTests.test_user_owned_compute_remains_available_on_free) ... ok
2026-09-24T01:37:23.0760055Z test_llm_context_contains_only_bounded_facts_and_style (test_idleproof_explanation.SoulAndLlmContextTests.test_llm_context_contains_only_bounded_facts_and_style) ... ok
2026-09-24T01:37:23.0760939Z test_local_soul_is_style_only_and_bounded (test_idleproof_explanation.SoulAndLlmContextTests.test_local_soul_is_style_only_and_bounded) ... ok
2026-09-24T01:37:23.1332845Z test_historical_accepted_proof_cannot_claim_drifted_worktree_is_verified (test_idleproof_freshness.IdleProofFreshnessTests.test_historical_accepted_proof_cannot_claim_drifted_worktree_is_verified) ... ok
2026-09-24T01:37:23.1483852Z test_snapshot_omits_invalid_local_protection_projection (test_idleproof_protect_projection.IdleProofProtectProjectionTests.test_snapshot_omits_invalid_local_protection_projection) ... ok
2026-09-24T01:37:23.1680288Z test_snapshot_projects_only_bounded_aggregate_protection (test_idleproof_protect_projection.IdleProofProtectProjectionTests.test_snapshot_projects_only_bounded_aggregate_protection) ... ok
2026-09-24T01:37:23.1843317Z test_auto_installs_only_detected_project_providers (test_idleproof_sidecar.IntegrationTests.test_auto_installs_only_detected_project_providers) ... ok
2026-09-24T01:37:23.1963880Z test_auto_without_a_detected_provider_is_actionable_and_non_mutating (test_idleproof_sidecar.IntegrationTests.test_auto_without_a_detected_provider_is_actionable_and_non_mutating) ... ok
2026-09-24T01:37:23.2151740Z test_install_migrates_provider_neutral_hooks_without_double_execution (test_idleproof_sidecar.IntegrationTests.test_install_migrates_provider_neutral_hooks_without_double_execution) ... ok
2026-09-24T01:37:23.2356807Z test_install_status_and_uninstall_are_non_destructive (test_idleproof_sidecar.IntegrationTests.test_install_status_and_uninstall_are_non_destructive) ... ok
2026-09-24T01:37:23.2498671Z test_local_project_identity_is_stable_and_repo_bound (test_idleproof_sidecar.IntegrationTests.test_local_project_identity_is_stable_and_repo_bound) ... ok
2026-09-24T01:37:23.2769274Z test_assurance_bridge_rejects_envelope_that_violates_privacy_boundary (test_idleproof_sidecar.PortalSidecarTests.test_assurance_bridge_rejects_envelope_that_violates_privacy_boundary) ... ok
2026-09-24T01:37:23.2944971Z test_dry_run_needs_no_token_and_exposes_bounded_snapshot (test_idleproof_sidecar.PortalSidecarTests.test_dry_run_needs_no_token_and_exposes_bounded_snapshot) ... ok
2026-09-24T01:37:23.3073019Z test_endpoint_policy_and_token_is_never_persisted (test_idleproof_sidecar.PortalSidecarTests.test_endpoint_policy_and_token_is_never_persisted) ... ok
2026-09-24T01:37:23.8793892Z test_real_local_http_sync_sends_only_bounded_snapshot_and_uses_env_token (test_idleproof_sidecar.PortalSidecarTests.test_real_local_http_sync_sends_only_bounded_snapshot_and_uses_env_token) ... ok
2026-09-24T01:37:23.8991210Z test_snapshot_is_bounded_deterministic_and_preserves_inconclusive_proof (test_idleproof_sidecar.PortalSidecarTests.test_snapshot_is_bounded_deterministic_and_preserves_inconclusive_proof) ... ok
2026-09-24T01:37:23.9210264Z test_tracked_soul_remains_part_of_the_software_tree (test_idleproof_soul_snapshot.IdleProofSoulSnapshotTests.test_tracked_soul_remains_part_of_the_software_tree) ... ok
2026-09-24T01:37:23.9350971Z test_untracked_soul_preferences_do_not_change_candidate_tree (test_idleproof_soul_snapshot.IdleProofSoulSnapshotTests.test_untracked_soul_preferences_do_not_change_candidate_tree) ... ok
2026-09-24T01:37:23.9352467Z test_api_key_cannot_be_sent_over_plain_http_except_loopback (test_idleproof_user_inference.IdleProofUserInferenceTests.test_api_key_cannot_be_sent_over_plain_http_except_loopback) ... ok
2026-09-24T01:37:23.9478160Z test_cache_is_content_addressed_by_context_endpoint_and_model (test_idleproof_user_inference.IdleProofUserInferenceTests.test_cache_is_content_addressed_by_context_endpoint_and_model) ... ok
2026-09-24T01:37:23.9665589Z test_default_dw_explain_never_builds_a_network_opener (test_idleproof_user_inference.IdleProofUserInferenceTests.test_default_dw_explain_never_builds_a_network_opener) ... ok
2026-09-24T01:37:23.9667604Z test_human_output_always_shows_deterministic_original_before_labelled_ai_wording (test_idleproof_user_inference.IdleProofUserInferenceTests.test_human_output_always_shows_deterministic_original_before_labelled_ai_wording) ... ok
2026-09-24T01:37:24.0677429Z test_managed_engine_is_impossible_from_oss_cli_and_falls_back (test_idleproof_user_inference.IdleProofUserInferenceTests.test_managed_engine_is_impossible_from_oss_cli_and_falls_back) ... ok
2026-09-24T01:37:24.1009281Z test_openrouter_uses_only_user_key_and_cache_prevents_second_provider_call (test_idleproof_user_inference.IdleProofUserInferenceTests.test_openrouter_uses_only_user_key_and_cache_prevents_second_provider_call) ... ok
2026-09-24T01:37:24.1012324Z test_provider_control_characters_are_neutralized_before_display_or_cache (test_idleproof_user_inference.IdleProofUserInferenceTests.test_provider_control_characters_are_neutralized_before_display_or_cache) ... ok
2026-09-24T01:37:24.1015689Z test_slots_presentation_units_serialize_and_provider_rewrites_only_existing_ids (test_idleproof_user_inference.IdleProofUserInferenceTests.test_slots_presentation_units_serialize_and_provider_rewrites_only_existing_ids) ... ok
2026-09-24T01:37:25.4886950Z test_minimal_sufficient_core_and_surplus_hunk (test_integration.IntegrationTests.test_minimal_sufficient_core_and_surplus_hunk) ... ok
2026-09-24T01:37:25.9878080Z test_mutual_backup_pair_is_detected (test_integration.IntegrationTests.test_mutual_backup_pair_is_detected) ... ok
2026-09-24T01:37:26.0098124Z test_snapshot_ignores_untracked_runtime_caches_but_keeps_untracked_source (test_integration.IntegrationTests.test_snapshot_ignores_untracked_runtime_caches_but_keeps_untracked_source) ... ok
2026-09-24T01:37:26.0283653Z test_tracked_cache_named_file_is_never_silently_hidden (test_integration.IntegrationTests.test_tracked_cache_named_file_is_never_silently_hidden) ... ok
2026-09-24T01:37:26.0600591Z test_worktree_snapshot_does_not_require_persistent_git_identity (test_integration.IntegrationTests.test_worktree_snapshot_does_not_require_persistent_git_identity) ... ok
2026-09-24T01:37:26.1495823Z test_explicit_french_and_precedence_preserve_view_and_never_leak (test_language.LanguageTests.test_explicit_french_and_precedence_preserve_view_and_never_leak) ... ok
2026-09-24T01:37:26.3158805Z test_french_environment_defaults_to_english_without_persisting_language (test_language.LanguageTests.test_french_environment_defaults_to_english_without_persisting_language) ... ok
2026-09-24T01:37:26.8005978Z test_french_human_surfaces_and_json_are_language_and_view_invariant (test_language.LanguageTests.test_french_human_surfaces_and_json_are_language_and_view_invariant) ... ok
2026-09-24T01:37:26.8059220Z test_invalid_choice_and_missing_repo_do_not_save_or_leak (test_language.LanguageTests.test_invalid_choice_and_missing_repo_do_not_save_or_leak) ... ok
2026-09-24T01:37:26.8301363Z test_native_protocol_and_agent_arguments_do_not_inherit_ui_language (test_language.LanguageTests.test_native_protocol_and_agent_arguments_do_not_inherit_ui_language) ... ok
2026-09-24T01:37:27.1116777Z test_same_executed_evidence_produces_identical_certificates_in_both_languages (test_language.LanguageTests.test_same_executed_evidence_produces_identical_certificates_in_both_languages) ... ok
2026-09-24T01:37:27.1191082Z test_event_sourced_lifecycle_and_reopen (test_ledger.LedgerTests.test_event_sourced_lifecycle_and_reopen) ... ok
2026-09-24T01:37:27.1216130Z test_hash_valid_but_invalid_transition_fails_closed (test_ledger.LedgerTests.test_hash_valid_but_invalid_transition_fails_closed) ... ok
2026-09-24T01:37:27.1269344Z test_project_reconciliation_only_closes_project_rules (test_ledger.LedgerTests.test_project_reconciliation_only_closes_project_rules) ... ok
2026-09-24T01:37:27.1270110Z test_semantic_identity_mismatch_fails_closed_on_load (test_ledger.LedgerTests.test_semantic_identity_mismatch_fails_closed_on_load)
2026-09-24T01:37:27.1294911Z A hash-valid imported event cannot relabel a signal under another DW id. ... ok
2026-09-24T01:37:27.1342829Z test_stale_accept_cannot_accept_debt_resolved_by_another_process (test_ledger.LedgerTests.test_stale_accept_cannot_accept_debt_resolved_by_another_process) ... ok
2026-09-24T01:37:27.1343614Z test_stale_instances_append_without_losing_events (test_ledger.LedgerTests.test_stale_instances_append_without_losing_events)
2026-09-24T01:37:27.1384905Z Two agents that loaded the same ledger must not overwrite each other. ... ok
2026-09-24T01:37:27.1385516Z test_stale_instances_do_not_double_introduce_same_debt (test_ledger.LedgerTests.test_stale_instances_do_not_double_introduce_same_debt)
2026-09-24T01:37:27.1815958Z The state decision and append must share the same lock, not only the disk write. ... ok
2026-09-24T01:37:27.1844916Z test_stale_persist_cannot_overwrite_newer_history (test_ledger.LedgerTests.test_stale_persist_cannot_overwrite_newer_history) ... ok
2026-09-24T01:37:27.1868710Z test_tampering_breaks_integrity (test_ledger.LedgerTests.test_tampering_breaks_integrity) ... ok
2026-09-24T01:37:27.1870780Z test_unknown_event_type_is_rejected (test_ledger.LedgerTests.test_unknown_event_type_is_rejected) ... ok
2026-09-24T01:37:27.2310181Z test_checkpoint_and_status_are_exposed_through_dw (test_ledger_cli.LedgerCliTests.test_checkpoint_and_status_are_exposed_through_dw) ... ok
2026-09-24T01:37:27.2943847Z test_missing_remote_is_reported_as_cli_error_not_traceback (test_ledger_cli.LedgerCliTests.test_missing_remote_is_reported_as_cli_error_not_traceback) ... DiffWitness 0.4.0a1 - counterfactual patch evidence
2026-09-24T01:37:27.2944665Z repo:      /tmp/tmpfwe6nbfa
2026-09-24T01:37:27.2945061Z base:      cd40b3ac72001be21c541aae9bc227cd992f5228 (cd40b3ac7200)
2026-09-24T01:37:27.2945545Z candidate: ee64172e969229a5b650cfceea60563d8c968a8c (ee64172e9692)
2026-09-24T01:37:27.2946059Z evidence:  "/opt/hostedtoolcache/Python/3.13.15/x64/bin/python" -m unittest discover -s tests -q
2026-09-24T01:37:27.2946431Z stability: 1 run(s) per variant
2026-09-24T01:37:27.2946664Z budget:    899.901s total; 300s per command
2026-09-24T01:37:27.2946961Z changes:   1 analyzed mutation(s); 1 changed test file(s)
2026-09-24T01:37:27.2947156Z 
2026-09-24T01:37:27.2947281Z contrast:  BASE STABLE-FAIL -> CANDIDATE STABLE-PASS
2026-09-24T01:37:27.2947454Z 
2026-09-24T01:37:27.2947589Z WITNESSED         +1/-1  auth/session.py hunk 1/1  [stable-fail]
2026-09-24T01:37:27.2947818Z 
2026-09-24T01:37:27.2947949Z summary: 1 witnessed, 0 unwitnessed, 0 inconclusive
2026-09-24T01:37:27.2948231Z core:    1 minimal sufficient set(s) of 1 hunk(s)
2026-09-24T01:37:27.2948527Z cert:    dw2_48883909257a6f329dec
2026-09-24T01:37:27.2948784Z DiffWitness Gate accepted (dw2_48883909257a6f329dec)
2026-09-24T01:37:27.2948957Z 
2026-09-24T01:37:27.2949058Z DiffWitness Guard: PROOF ACCEPTED
2026-09-24T01:37:27.2949233Z 
2026-09-24T01:37:27.2949309Z CHANGE DEBT
2026-09-24T01:37:27.2949512Z +1 point(s) / 1 obligation(s)
2026-09-24T01:37:27.2949745Z   security           +1
2026-09-24T01:37:27.2950395Z   DW-F90AD233C569 +1 security/heuristic — Security-sensitive surface changed
2026-09-24T01:37:27.2950826Z Debt budget: EXCEEDED — projected total 1; new 1
2026-09-24T01:37:27.2951420Z   ! new debt 1 exceeds per-change budget 0
2026-09-24T01:37:27.2951835Z Debt Ledger: rejected change was not admitted to the durable ledger.
2026-09-24T01:37:27.2952421Z IdleProof explanation: /tmp/tmpfwe6nbfa/.git/diffwitness/idleproof-explanation.json
2026-09-24T01:37:27.2953014Z Change envelope: /tmp/tmpfwe6nbfa/.git/diffwitness/change-envelope.json
2026-09-24T01:37:27.2953607Z Project continuity: 4 new change event(s) · dwchg_2f78ed7f690a9d4514bd234a
2026-09-24T01:37:27.3073771Z ok
2026-09-24T01:37:27.3076365Z test_non_object_jsonl_record_fails_closed (test_ledger_corruption.LedgerCorruptionTests.test_non_object_jsonl_record_fails_closed) ... ok
2026-09-24T01:37:27.3103393Z test_truncated_jsonl_tail_fails_closed_and_is_not_repaired_silently (test_ledger_corruption.LedgerCorruptionTests.test_truncated_jsonl_tail_fails_closed_and_is_not_repaired_silently) ... ok
2026-09-24T01:37:27.3901464Z test_checkpoint_history_is_fast_forward_only (test_ledger_transport.LedgerTransportTests.test_checkpoint_history_is_fast_forward_only) ... ok
2026-09-24T01:37:27.4112849Z test_checkpoint_is_idempotent_for_unchanged_ledger (test_ledger_transport.LedgerTransportTests.test_checkpoint_is_idempotent_for_unchanged_ledger) ... ok
2026-09-24T01:37:27.5146397Z test_checkpoint_restores_into_empty_clone_state_without_touching_head (test_ledger_transport.LedgerTransportTests.test_checkpoint_restores_into_empty_clone_state_without_touching_head) ... ok
2026-09-24T01:37:27.6058337Z test_checkpoint_tree_and_blob_are_platform_canonical (test_ledger_transport.LedgerTransportTests.test_checkpoint_tree_and_blob_are_platform_canonical) ... ok
2026-09-24T01:37:27.6706139Z test_missing_remote_ref_cannot_reuse_stale_tracking_ref (test_ledger_transport.LedgerTransportTests.test_missing_remote_ref_cannot_reuse_stale_tracking_ref) ... ok
2026-09-24T01:37:27.9115496Z test_remote_concurrent_update_never_force_overwrites (test_ledger_transport.LedgerTransportTests.test_remote_concurrent_update_never_force_overwrites) ... ok
2026-09-24T01:37:27.9792503Z test_remote_push_and_fresh_pull_round_trip (test_ledger_transport.LedgerTransportTests.test_remote_push_and_fresh_pull_round_trip) ... ok
2026-09-24T01:37:28.0023729Z test_exhausted_failed_proof_terminates_unverified (test_legacy_stop_contract.LegacyStopContractTests.test_exhausted_failed_proof_terminates_unverified) ... ok
2026-09-24T01:37:28.0656474Z test_missing_or_invalid_start_state_terminates_unverified_without_a_loop (test_legacy_stop_contract.LegacyStopContractTests.test_missing_or_invalid_start_state_terminates_unverified_without_a_loop) ... ok
2026-09-24T01:37:28.0826442Z test_no_change_success_omits_decision (test_legacy_stop_contract.LegacyStopContractTests.test_no_change_success_omits_decision) ... ok
2026-09-24T01:37:28.0827227Z test_payload_contract_reserves_decision_for_blocks (test_legacy_stop_contract.LegacyStopContractTests.test_payload_contract_reserves_decision_for_blocks) ... ok
2026-09-24T01:37:28.4037122Z test_native_proof_debt_understand_and_status_use_real_worktree_metadata (test_linked_worktree_product.LinkedWorktreeProductTests.test_native_proof_debt_understand_and_status_use_real_worktree_metadata) ... ok
2026-09-24T01:37:28.4176039Z test_damaged_or_duplicate_marker_blocks_fail_closed_without_rewriting_user_rules (test_local_git_state.LocalGitStateTests.test_damaged_or_duplicate_marker_blocks_fail_closed_without_rewriting_user_rules) ... ok
2026-09-24T01:37:28.4397369Z test_local_excludes_are_idempotent_preserve_user_rules_and_keep_tracked_files_visible (test_local_git_state.LocalGitStateTests.test_local_excludes_are_idempotent_preserve_user_rules_and_keep_tracked_files_visible) ... ok
2026-09-24T01:37:28.4517340Z test_setup_install_fails_before_sidecar_if_git_metadata_cannot_be_prepared (test_local_git_state.LocalGitStateTests.test_setup_install_fails_before_sidecar_if_git_metadata_cannot_be_prepared) ... ok
2026-09-24T01:37:28.4751349Z test_setup_install_prepares_local_excludes_before_sidecar_runs (test_local_git_state.LocalGitStateTests.test_setup_install_prepares_local_excludes_before_sidecar_runs) ... ok
2026-09-24T01:37:29.9176184Z test_all_kinds_nonascii_and_fr_en_keep_same_citations (test_memory_code.MemoryCodeTests.test_all_kinds_nonascii_and_fr_en_keep_same_citations) ... ok
2026-09-24T01:37:30.4722276Z test_code_drift_revalidation_keeps_authorities_and_index (test_memory_code.MemoryCodeTests.test_code_drift_revalidation_keeps_authorities_and_index) ... ok
2026-09-24T01:37:30.9187582Z test_deleted_and_explicitly_moved_reference (test_memory_code.MemoryCodeTests.test_deleted_and_explicitly_moved_reference) ... ok
2026-09-24T01:37:31.2869819Z test_deleted_role_can_be_explicitly_cleared_but_not_both_roles (test_memory_code.MemoryCodeTests.test_deleted_role_can_be_explicitly_cleared_but_not_both_roles) ... ok
2026-09-24T01:37:31.3463234Z test_forged_git_digest_cannot_be_reported_as_unchanged (test_memory_code.MemoryCodeTests.test_forged_git_digest_cannot_be_reported_as_unchanged) ... ok
2026-09-24T01:37:31.4847246Z test_forged_source_reference_rejected_on_all_readers (test_memory_code.MemoryCodeTests.test_forged_source_reference_rejected_on_all_readers) ... ok
2026-09-24T01:37:31.8087097Z test_invalid_selections_and_inactive_memory_do_not_append (test_memory_code.MemoryCodeTests.test_invalid_selections_and_inactive_memory_do_not_append) ... ok
2026-09-24T01:37:31.9255713Z test_missing_baseline_object_and_corrupt_bytes_fail_closed (test_memory_code.MemoryCodeTests.test_missing_baseline_object_and_corrupt_bytes_fail_closed) ... ok
2026-09-24T01:37:31.9878021Z test_schema_authority_and_subject_collision_rejected (test_memory_code.MemoryCodeTests.test_schema_authority_and_subject_collision_rejected) ... ok
2026-09-24T01:37:32.3118394Z test_stale_binding_and_memory_revision_fail_atomically (test_memory_code.MemoryCodeTests.test_stale_binding_and_memory_revision_fail_atomically) ... ok
2026-09-24T01:37:32.4664355Z test_types_and_budgets_fail_without_false_unchanged (test_memory_code.MemoryCodeTests.test_types_and_budgets_fail_without_false_unchanged) ... ok
2026-09-24T01:37:34.2065840Z test_all_four_kinds_confirm_retire_and_reconsider_preserve_assertion (test_memory_lifecycle.MemoryLifecycleTests.test_all_four_kinds_confirm_retire_and_reconsider_preserve_assertion) ... ok
2026-09-24T01:37:34.3044478Z test_confirmation_does_not_promote_or_replace_original_assertion_authority (test_memory_lifecycle.MemoryLifecycleTests.test_confirmation_does_not_promote_or_replace_original_assertion_authority) ... ok
2026-09-24T01:37:34.4458666Z test_hash_valid_invalid_revision_is_rejected_by_checkpoint_and_old_cache (test_memory_lifecycle.MemoryLifecycleTests.test_hash_valid_invalid_revision_is_rejected_by_checkpoint_and_old_cache) ... ok
2026-09-24T01:37:35.2414818Z test_installed_presentations_retain_failed_approaches_and_distinct_review_authority (test_memory_lifecycle.MemoryLifecycleTests.test_installed_presentations_retain_failed_approaches_and_distinct_review_authority) ... ok
2026-09-24T01:37:35.6090024Z test_invalid_replacements_and_unknown_kind_fail_without_partial_history (test_memory_lifecycle.MemoryLifecycleTests.test_invalid_replacements_and_unknown_kind_fail_without_partial_history) ... ok
2026-09-24T01:37:35.6983206Z test_profile_cannot_promote_judgment_or_smuggle_replacement_relations (test_memory_lifecycle.MemoryLifecycleTests.test_profile_cannot_promote_judgment_or_smuggle_replacement_relations) ... ok
2026-09-24T01:37:35.8947835Z test_public_redeclaration_of_managed_identity_is_a_controlled_rejection (test_memory_lifecycle.MemoryLifecycleTests.test_public_redeclaration_of_managed_identity_is_a_controlled_rejection) ... ok
2026-09-24T01:37:36.1265464Z test_rejected_memory_and_edges_do_not_seed_context_but_history_remains (test_memory_lifecycle.MemoryLifecycleTests.test_rejected_memory_and_edges_do_not_seed_context_but_history_remains) ... ok
2026-09-24T01:37:36.2840632Z test_stale_revision_is_rejected_atomically_and_source_cannot_be_overwritten (test_memory_lifecycle.MemoryLifecycleTests.test_stale_revision_is_rejected_atomically_and_source_cannot_be_overwritten) ... ok
2026-09-24T01:37:36.6415522Z test_supersession_is_immutable_and_bidirectional_with_exact_replacement_reference (test_memory_lifecycle.MemoryLifecycleTests.test_supersession_is_immutable_and_bidirectional_with_exact_replacement_reference) ... ok
2026-09-24T01:37:36.6617002Z test_codex_configuration_never_implies_provider_trust (test_native_activation.NativeActivationTests.test_codex_configuration_never_implies_provider_trust) ... ok
2026-09-24T01:37:37.0646848Z test_concurrent_provider_observations_do_not_lose_updates (test_native_activation.NativeActivationTests.test_concurrent_provider_observations_do_not_lose_updates) ... ok
2026-09-24T01:37:37.0966999Z test_linked_worktree_uses_real_git_metadata_and_keeps_activation_local (test_native_activation.NativeActivationTests.test_linked_worktree_uses_real_git_metadata_and_keeps_activation_local) ... ok
2026-09-24T01:37:37.1195701Z test_start_cause_cannot_be_mistaken_for_a_provider (test_native_activation.NativeActivationTests.test_start_cause_cannot_be_mistaken_for_a_provider) ... ok
2026-09-24T01:37:37.1375178Z test_successful_provider_session_start_records_real_observation (test_native_activation.NativeActivationTests.test_successful_provider_session_start_records_real_observation) ... ok
2026-09-24T01:37:37.1554259Z test_unknown_source_cannot_fabricate_native_provider_observation (test_native_activation.NativeActivationTests.test_unknown_source_cannot_fabricate_native_provider_observation) ... ok
2026-09-24T01:37:37.1924604Z test_native_prompt_context_never_tells_active_agent_to_launch_guard (test_native_hook_contracts.NativeHookContractTests.test_native_prompt_context_never_tells_active_agent_to_launch_guard) ... ok
2026-09-24T01:37:37.2211076Z test_native_prompt_without_session_start_does_not_spawn_fallback_agent (test_native_hook_contracts.NativeHookContractTests.test_native_prompt_without_session_start_does_not_spawn_fallback_agent) ... ok
2026-09-24T01:37:37.2212302Z test_stop_block_preserves_block_and_reason (test_native_hook_contracts.NativeHookContractTests.test_stop_block_preserves_block_and_reason) ... ok
2026-09-24T01:37:37.2213191Z test_stop_success_omits_unsupported_approve_decision (test_native_hook_contracts.NativeHookContractTests.test_stop_success_omits_unsupported_approve_decision) ... ok
2026-09-24T01:37:37.2214651Z test_terminal_stop_failure_never_requests_another_agent_turn (test_native_hook_contracts.NativeHookContractTests.test_terminal_stop_failure_never_requests_another_agent_turn) ... ok
2026-09-24T01:37:37.2678645Z test_committed_patch_round_trip_preserves_mixed_endings_and_utf8_context (test_native_patch_bytes.NativePatchBytesTests.test_committed_patch_round_trip_preserves_mixed_endings_and_utf8_context) ... ok
2026-09-24T01:37:38.5661406Z test_native_staged_unborn_counterfactual_uses_exact_lf_and_crlf_bytes (test_native_patch_bytes.NativePatchBytesTests.test_native_staged_unborn_counterfactual_uses_exact_lf_and_crlf_bytes) ... ok
2026-09-24T01:37:38.6147617Z test_a_new_scope_never_reuses_a_previous_git_resolution (test_native_prompt_resolution.NativeResolutionTests.test_a_new_scope_never_reuses_a_previous_git_resolution) ... ok
2026-09-24T01:37:38.6637729Z test_historical_corruption_between_prompts_cannot_reuse_advisory_memory (test_native_prompt_resolution.NativeResolutionTests.test_historical_corruption_between_prompts_cannot_reuse_advisory_memory) ... ok
2026-09-24T01:37:38.6774353Z test_linked_worktree_roots_are_distinct_but_journal_is_shared (test_native_prompt_resolution.NativeResolutionTests.test_linked_worktree_roots_are_distinct_but_journal_is_shared) ... Preparing worktree (detached HEAD f591b37)
2026-09-24T01:37:38.6849835Z ok
2026-09-24T01:37:38.7442724Z test_native_prompt_reuses_only_repository_paths_within_one_invocation (test_native_prompt_resolution.NativeResolutionTests.test_native_prompt_reuses_only_repository_paths_within_one_invocation) ... ok
2026-09-24T01:37:38.7913504Z test_scoped_paths_are_discarded_on_exit_and_exception (test_native_prompt_resolution.NativeResolutionTests.test_scoped_paths_are_discarded_on_exit_and_exception) ... ok
2026-09-24T01:37:43.6082180Z test_generated_hooks_complete_all_guided_and_technical_provider_journeys (test_native_setup_journeys.NativeSetupJourneyTests.test_generated_hooks_complete_all_guided_and_technical_provider_journeys) ... ok
2026-09-24T01:37:43.6430700Z test_invalid_bytes_are_not_reinterpreted_as_locale_text (test_native_utf8_protocol.NativeUtf8ProtocolTests.test_invalid_bytes_are_not_reinterpreted_as_locale_text) ... ok
2026-09-24T01:37:43.9516224Z test_real_adapters_ignore_locale_for_native_utf8_input_and_output (test_native_utf8_protocol.NativeUtf8ProtocolTests.test_real_adapters_ignore_locale_for_native_utf8_input_and_output) ... ok
2026-09-24T01:37:43.9517363Z test_text_streams_and_non_object_payloads_keep_existing_contract (test_native_utf8_protocol.NativeUtf8ProtocolTests.test_text_streams_and_non_object_payloads_keep_existing_contract) ... ok
2026-09-24T01:37:43.9703756Z test_nested_idleproof_and_agent_hook_state_are_not_software_changes (test_nested_idleproof_plumbing.NestedLocalToolArtifactsTests.test_nested_idleproof_and_agent_hook_state_are_not_software_changes) ... ok
2026-09-24T01:37:43.9705903Z test_distinct_invalid_bytes_are_rejected_before_identity (test_patch_encoding_boundary.PatchEncodingBoundaryTests.test_distinct_invalid_bytes_are_rejected_before_identity) ... ok
2026-09-24T01:37:44.0663295Z test_real_prove_rejects_non_utf8_before_analysis_or_outputs (test_patch_encoding_boundary.PatchEncodingBoundaryTests.test_real_prove_rejects_non_utf8_before_analysis_or_outputs) ... ok
2026-09-24T01:37:44.5879427Z test_utf8_prove_persists_certificate_and_exact_crlf_reduction (test_patch_encoding_boundary.PatchEncodingBoundaryTests.test_utf8_prove_persists_certificate_and_exact_crlf_reduction) ... ok
2026-09-24T01:37:44.6122242Z test_native_handoff_blocks_an_intact_but_canonically_unaccepted_proof_before_debt_or_continuity (test_plugin_context_hook.PluginContextHookTests.test_native_handoff_blocks_an_intact_but_canonically_unaccepted_proof_before_debt_or_continuity) ... ok
2026-09-24T01:37:45.3321516Z test_native_session_stop_converges_on_proof_debt_envelope_and_continuity_without_guard_wrapper (test_plugin_context_hook.PluginContextHookTests.test_native_session_stop_converges_on_proof_debt_envelope_and_continuity_without_guard_wrapper) ... ok
2026-09-24T01:37:45.3977146Z test_prompt_submit_fails_open_outside_git_repository (test_plugin_context_hook.PluginContextHookTests.test_prompt_submit_fails_open_outside_git_repository) ... ok
2026-09-24T01:37:45.7436142Z test_prompt_submit_injects_bounded_epistemic_context_without_persisting_prompt (test_plugin_context_hook.PluginContextHookTests.test_prompt_submit_injects_bounded_epistemic_context_without_persisting_prompt) ... ok
2026-09-24T01:37:45.8824954Z test_prompt_submit_without_text_is_noop (test_plugin_context_hook.PluginContextHookTests.test_prompt_submit_without_text_is_noop) ... ok
2026-09-24T01:37:45.8826214Z test_help_exposes_only_diffwitness_commands (test_portal_proxy.PortalProxyTests.test_help_exposes_only_diffwitness_commands) ... ok
2026-09-24T01:37:45.8831041Z test_local_git_exclude_failure_blocks_state_creating_commands (test_portal_proxy.PortalProxyTests.test_local_git_exclude_failure_blocks_state_creating_commands) ... ok
2026-09-24T01:37:45.8835944Z test_missing_sidecar_is_actionable (test_portal_proxy.PortalProxyTests.test_missing_sidecar_is_actionable) ... ok
2026-09-24T01:37:45.8841044Z test_proxy_forwards_argv_without_shell_or_token_rewriting (test_portal_proxy.PortalProxyTests.test_proxy_forwards_argv_without_shell_or_token_rewriting) ... ok
2026-09-24T01:37:45.8850176Z test_snapshot_is_local_and_does_not_require_sidecar_or_portal_config (test_portal_proxy.PortalProxyTests.test_snapshot_is_local_and_does_not_require_sidecar_or_portal_config) ... ok
2026-09-24T01:37:45.8854237Z test_snapshot_rejects_unknown_options_without_network_or_sidecar (test_portal_proxy.PortalProxyTests.test_snapshot_rejects_unknown_options_without_network_or_sidecar) ... ok
2026-09-24T01:37:45.8859147Z test_start_failure_does_not_expose_internal_sidecar_term (test_portal_proxy.PortalProxyTests.test_start_failure_does_not_expose_internal_sidecar_term) ... ok
2026-09-24T01:37:45.8860250Z test_unknown_sidecar_surface_is_rejected (test_portal_proxy.PortalProxyTests.test_unknown_sidecar_surface_is_rejected) ... ok
2026-09-24T01:37:45.8861535Z test_balanced_and_strict_policies_are_distinct (test_proof_cli.ProofCliTests.test_balanced_and_strict_policies_are_distinct) ... ok
2026-09-24T01:37:45.9289494Z test_doctor_explains_default_detection (test_proof_cli.ProofCliTests.test_doctor_explains_default_detection) ... ok
2026-09-24T01:37:46.1756963Z test_guard_adaptive_accepts_one_hunk_proven_fix (test_proof_cli.ProofCliTests.test_guard_adaptive_accepts_one_hunk_proven_fix) ... ok
2026-09-24T01:37:46.7467926Z test_guard_auto_routes_large_enough_patch_to_adaptive_and_rejects_surplus (test_proof_cli.ProofCliTests.test_guard_auto_routes_large_enough_patch_to_adaptive_and_rejects_surplus) ... 
2026-09-24T01:37:46.7468881Z DiffWitness Guard: PROOF REJECTED - Adaptive Core found 1 mutation(s) removable while preserving the selected stable evidence
2026-09-24T01:37:46.7578168Z ok
2026-09-24T01:37:46.8100444Z test_guard_captures_pre_agent_state_and_accepts_proven_fix (test_proof_cli.ProofCliTests.test_guard_captures_pre_agent_state_and_accepts_proven_fix) ... DiffWitness Guard armed at 125999de2ae1
2026-09-24T01:37:46.8101857Z Evidence: "/opt/hostedtoolcache/Python/3.13.15/x64/bin/python" -m unittest discover -s tests -q
2026-09-24T01:37:46.8102694Z Policy:   strict
2026-09-24T01:37:46.8103007Z Strategy: adaptive
2026-09-24T01:37:46.8103292Z Budget:   900s proof wall clock
2026-09-24T01:37:46.8103914Z 
2026-09-24T01:37:46.8104356Z DiffWitness Guard selected adaptive proof for 1 production mutation(s).
2026-09-24T01:37:46.8104829Z DiffWitness Adaptive Core
2026-09-24T01:37:46.8105128Z contrast:    PROVEN
2026-09-24T01:37:46.8105464Z mutations:   1 original
2026-09-24T01:37:46.8105797Z core:        1 retained
2026-09-24T01:37:46.8106103Z removable:   0 observed removable
2026-09-24T01:37:46.8106457Z experiments: 1/40
2026-09-24T01:37:46.8106734Z 1-minimal:   yes
2026-09-24T01:37:46.8107073Z certificate: dwac1_947e89c30cde2229dce2
2026-09-24T01:37:46.8107288Z 
2026-09-24T01:37:46.8107415Z Causal core:
2026-09-24T01:37:46.8107694Z   KEEP    calc.py hunk 1/1
2026-09-24T01:37:46.8107902Z 
2026-09-24T01:37:46.8108095Z DiffWitness Guard: PROOF ACCEPTED (dwac1_947e89c30cde2229dce2)
2026-09-24T01:37:46.8108535Z DiffWitness Guard armed at d0b4d88d2715
2026-09-24T01:37:46.8109105Z Evidence: "/opt/hostedtoolcache/Python/3.13.15/x64/bin/python" -m unittest discover -s tests -q
2026-09-24T01:37:46.8109637Z Policy:   balanced
2026-09-24T01:37:46.8109882Z Strategy: auto
2026-09-24T01:37:46.8110160Z Budget:   900s proof wall clock
2026-09-24T01:37:46.8110336Z 
2026-09-24T01:37:46.8110589Z DiffWitness Guard selected adaptive proof for 2 production mutation(s).
2026-09-24T01:37:46.8111046Z DiffWitness Adaptive Core
2026-09-24T01:37:46.8111327Z contrast:    PROVEN
2026-09-24T01:37:46.8111579Z mutations:   2 original
2026-09-24T01:37:46.8111894Z core:        1 retained
2026-09-24T01:37:46.8112147Z removable:   1 observed removable
2026-09-24T01:37:46.8112465Z experiments: 3/10
2026-09-24T01:37:46.8112656Z 1-minimal:   yes
2026-09-24T01:37:46.8112851Z certificate: dwac1_2b4cac9a0575ad725157
2026-09-24T01:37:46.8113003Z 
2026-09-24T01:37:46.8113103Z Causal core:
2026-09-24T01:37:46.8113376Z   KEEP    calc.py hunk 1/2
2026-09-24T01:37:46.8113566Z 
2026-09-24T01:37:46.8113718Z Evidence-removable surface:
2026-09-24T01:37:46.8114491Z   REVIEW  calc.py hunk 2/2 — def add(a, b):
2026-09-24T01:37:46.8114747Z DiffWitness Guard armed at d974457c1592
2026-09-24T01:37:46.8115132Z Evidence: "/opt/hostedtoolcache/Python/3.13.15/x64/bin/python" -m unittest discover -s tests -q
2026-09-24T01:37:46.8115474Z Policy:   strict
2026-09-24T01:37:46.8115691Z Strategy: auto
2026-09-24T01:37:46.8115890Z Budget:   900s proof wall clock
2026-09-24T01:37:46.8116010Z 
2026-09-24T01:37:46.8116183Z DiffWitness Guard selected exhaustive proof for 1 production mutation(s).
2026-09-24T01:37:47.0583997Z ok
2026-09-24T01:37:47.0965346Z test_guard_rejects_scope_creep_under_strict_policy (test_proof_cli.ProofCliTests.test_guard_rejects_scope_creep_under_strict_policy) ... DiffWitness 0.4.0a1 - counterfactual patch evidence
2026-09-24T01:37:47.0966409Z repo:      /tmp/tmp0i8rb3g3
2026-09-24T01:37:47.0966898Z base:      d974457c159241fde58964980e5bcfa9a93e8d06 (d974457c1592)
2026-09-24T01:37:47.0967455Z candidate: 2c2795492de287b5bd72d9e23e409b0949057482 (2c2795492de2)
2026-09-24T01:37:47.0968090Z evidence:  "/opt/hostedtoolcache/Python/3.13.15/x64/bin/python" -m unittest discover -s tests -q
2026-09-24T01:37:47.0968714Z stability: 1 run(s) per variant
2026-09-24T01:37:47.0969043Z budget:    900s total; 300s per command
2026-09-24T01:37:47.0969482Z changes:   1 analyzed mutation(s); 1 changed test file(s)
2026-09-24T01:37:47.0969758Z 
2026-09-24T01:37:47.0969956Z contrast:  BASE STABLE-FAIL -> CANDIDATE STABLE-PASS
2026-09-24T01:37:47.0970229Z 
2026-09-24T01:37:47.0970436Z WITNESSED         +1/-1  calc.py hunk 1/1  [stable-fail]
2026-09-24T01:37:47.0970722Z 
2026-09-24T01:37:47.0970883Z summary: 1 witnessed, 0 unwitnessed, 0 inconclusive
2026-09-24T01:37:47.0971285Z core:    1 minimal sufficient set(s) of 1 hunk(s)
2026-09-24T01:37:47.0971695Z cert:    dw2_f5d7f556f1e8ba16670f
2026-09-24T01:37:47.0971892Z 
2026-09-24T01:37:47.0972108Z DiffWitness Guard: PROOF ACCEPTED (dw2_f5d7f556f1e8ba16670f)
2026-09-24T01:37:47.0972757Z DiffWitness Guard armed at 6dcc4f53d2d8
2026-09-24T01:37:47.0973304Z Evidence: "/opt/hostedtoolcache/Python/3.13.15/x64/bin/python" -m unittest discover -s tests -q
2026-09-24T01:37:47.0973813Z Policy:   strict
2026-09-24T01:37:47.0974259Z Strategy: auto
2026-09-24T01:37:47.0974577Z Budget:   900s proof wall clock
2026-09-24T01:37:47.0974800Z 
2026-09-24T01:37:47.0975024Z DiffWitness Guard selected exhaustive proof for 2 production mutation(s).
2026-09-24T01:37:47.4730376Z 
2026-09-24T01:37:47.4731397Z DiffWitness Guard: PROOF REJECTED - 1 strong surplus candidate hunk(s) were found
2026-09-24T01:37:47.4751601Z ok
2026-09-24T01:37:49.3555616Z test_all_real_public_producers_verify_then_feed_debt_unchanged (test_proof_debt_families.ProofDebtFamilyTests.test_all_real_public_producers_verify_then_feed_debt_unchanged) ... ok
2026-09-24T01:37:50.7677349Z test_binding_conflicts_and_unknown_schemas_are_refused_by_both_readers (test_proof_debt_families.ProofDebtFamilyTests.test_binding_conflicts_and_unknown_schemas_are_refused_by_both_readers) ... ok
2026-09-24T01:37:52.8478373Z test_wrong_base_is_refused_before_measurement_for_every_real_family (test_proof_debt_families.ProofDebtFamilyTests.test_wrong_base_is_refused_before_measurement_for_every_real_family) ... ok
2026-09-24T01:37:53.9554643Z test_reference_semantics_all_hold (test_proofbench.ProofBenchTests.test_reference_semantics_all_hold) ... ok
2026-09-24T01:37:53.9759513Z test_codex_requires_live_activation_then_becomes_ready_after_observed_hook (test_protect.ProtectTests.test_codex_requires_live_activation_then_becomes_ready_after_observed_hook) ... ok
2026-09-24T01:37:53.9965228Z test_codex_safe_live_hook_promotes_readiness_without_a_risk_finding (test_protect.ProtectTests.test_codex_safe_live_hook_promotes_readiness_without_a_risk_finding) ... ok
2026-09-24T01:37:54.0335387Z test_default_is_off_and_never_gates (test_protect.ProtectTests.test_default_is_off_and_never_gates) ... ok
2026-09-24T01:37:54.0421519Z test_external_harness_marker_delegates_without_force (test_protect.ProtectTests.test_external_harness_marker_delegates_without_force) ... ok
2026-09-24T01:37:54.0585503Z test_force_builtin_merges_and_disable_preserves_foreign_hooks (test_protect.ProtectTests.test_force_builtin_merges_and_disable_preserves_foreign_hooks) ... ok
2026-09-24T01:37:54.0683465Z test_no_detected_adapter_does_not_create_provider_scaffolds (test_protect.ProtectTests.test_no_detected_adapter_does_not_create_provider_scaffolds) ... ok
2026-09-24T01:37:54.0817663Z test_observe_policy_records_but_does_not_block (test_protect.ProtectTests.test_observe_policy_records_but_does_not_block) ... ok
2026-09-24T01:37:54.2173792Z test_parallel_first_codex_hooks_record_one_durable_activation (test_protect.ProtectTests.test_parallel_first_codex_hooks_record_one_durable_activation) ... ok
2026-09-24T01:37:54.3319303Z test_parallel_receipt_appends_preserve_one_valid_chain (test_protect.ProtectTests.test_parallel_receipt_appends_preserve_one_valid_chain) ... ok
2026-09-24T01:37:54.3450108Z test_post_tool_reports_invalid_json_as_observed (test_protect.ProtectTests.test_post_tool_reports_invalid_json_as_observed) ... ok
2026-09-24T01:37:54.3595640Z test_receipt_integrity_detects_tampering (test_protect.ProtectTests.test_receipt_integrity_detects_tampering) ... ok
2026-09-24T01:37:54.3730727Z test_secret_is_blocked_but_secret_value_is_not_persisted (test_protect.ProtectTests.test_secret_is_blocked_but_secret_value_is_not_persisted) ... ok
2026-09-24T01:37:54.3857843Z test_standard_blocks_destructive_git_without_recording_raw_command (test_protect.ProtectTests.test_standard_blocks_destructive_git_without_recording_raw_command) ... ok
2026-09-24T01:37:54.4300014Z test_status_is_bounded_and_contains_no_raw_agent_data (test_protect.ProtectTests.test_status_is_bounded_and_contains_no_raw_agent_data) ... ok
2026-09-24T01:37:54.4467387Z test_strict_dependency_install_blocks_on_current_codex_adapter (test_protect.ProtectTests.test_strict_dependency_install_blocks_on_current_codex_adapter) ... ok
2026-09-24T01:37:54.4636234Z test_strict_dependency_install_requests_confirmation_for_claude (test_protect.ProtectTests.test_strict_dependency_install_requests_confirmation_for_claude) ... ok
2026-09-24T01:37:54.4724978Z test_tampered_tail_cannot_be_silently_extended (test_protect.ProtectTests.test_tampered_tail_cannot_be_silently_extended) ... ok
2026-09-24T01:37:54.4856722Z test_write_outside_repository_is_blocked (test_protect.ProtectTests.test_write_outside_repository_is_blocked) ... ok
2026-09-24T01:37:54.5092272Z test_claude_protect_uses_exec_form_and_preserves_native_hooks (test_protect_claude_exec_hooks.ProtectClaudeExecHookTests.test_claude_protect_uses_exec_form_and_preserves_native_hooks) ... ok
2026-09-24T01:37:54.5239261Z test_dry_run_clean_is_not_misclassified_as_forced (test_protect_command_normalization.ProtectCommandNormalizationTests.test_dry_run_clean_is_not_misclassified_as_forced) ... ok
2026-09-24T01:37:54.5585138Z test_git_global_options_cannot_bypass_forced_clean (test_protect_command_normalization.ProtectCommandNormalizationTests.test_git_global_options_cannot_bypass_forced_clean) ... ok
2026-09-24T01:37:54.5922439Z test_global_options_are_normalized_for_other_destructive_git_subcommands (test_protect_command_normalization.ProtectCommandNormalizationTests.test_global_options_are_normalized_for_other_destructive_git_subcommands) ... ok
2026-09-24T01:37:54.6026274Z test_protect_honors_explicit_setup_adapter_scope (test_protect_command_normalization.ProtectCommandNormalizationTests.test_protect_honors_explicit_setup_adapter_scope) ... ok
2026-09-24T01:37:54.6336336Z test_forced_git_clean_is_denied_before_execution_and_never_mints_proof (test_protect_destructive_end_to_end.ProtectDestructiveEndToEndTests.test_forced_git_clean_is_denied_before_execution_and_never_mints_proof) ... ok
2026-09-24T01:37:54.6339777Z test_block_maps_to_provider_deny_without_allow_override (test_protect_ide_bridge.ProtectIdeBridgeTests.test_block_maps_to_provider_deny_without_allow_override) ... ok
2026-09-24T01:37:54.6342748Z test_clean_action_emits_no_permission_decision (test_protect_ide_bridge.ProtectIdeBridgeTests.test_clean_action_emits_no_permission_decision) ... ok
2026-09-24T01:37:54.6346116Z test_post_tool_feedback_is_explicitly_observed (test_protect_ide_bridge.ProtectIdeBridgeTests.test_post_tool_feedback_is_explicitly_observed) ... ok
2026-09-24T01:37:54.6351664Z test_pre_tool_bridge_failure_fails_closed (test_protect_ide_bridge.ProtectIdeBridgeTests.test_pre_tool_bridge_failure_fails_closed) ... ok
2026-09-24T01:37:54.6355413Z test_strict_confirmation_maps_to_provider_ask (test_protect_ide_bridge.ProtectIdeBridgeTests.test_strict_confirmation_maps_to_provider_ask) ... ok
2026-09-24T01:37:54.7206708Z test_codex_reenable_waits_for_observation_without_inventing_trust_state (test_provider_trust_readiness.ProviderTrustReadinessTests.test_codex_reenable_waits_for_observation_without_inventing_trust_state) ... ok
2026-09-24T01:37:54.7259012Z test_missing_native_observation_does_not_prove_pending_approval (test_provider_trust_readiness.ProviderTrustReadinessTests.test_missing_native_observation_does_not_prove_pending_approval) ... ok
2026-09-24T01:37:54.7261462Z test_entry_resolves_to_v03_package_frontend (test_public_frontend.PublicFrontendTests.test_entry_resolves_to_v03_package_frontend) ... ok
2026-09-24T01:37:54.7367829Z test_preservation_certificate_is_integrity_and_tree_verifiable (test_public_frontend.PublicFrontendTests.test_preservation_certificate_is_integrity_and_tree_verifiable) ... DiffWitness 0.4.0a1 - counterfactual patch evidence
2026-09-24T01:37:54.7368881Z repo:      /tmp/tmpoexc5ne5
2026-09-24T01:37:54.7369347Z base:      6dcc4f53d2d8558c0d2aea12072e575f6b624e05 (6dcc4f53d2d8)
2026-09-24T01:37:54.7369853Z candidate: 575193d4bbcfb3c01c245bfd9cb14f51014a804b (575193d4bbcf)
2026-09-24T01:37:54.7370339Z evidence:  "/opt/hostedtoolcache/Python/3.13.15/x64/bin/python" -m unittest discover -s tests -q
2026-09-24T01:37:54.7370726Z stability: 1 run(s) per variant
2026-09-24T01:37:54.7371163Z budget:    900s total; 300s per command
2026-09-24T01:37:54.7371463Z changes:   2 analyzed mutation(s); 1 changed test file(s)
2026-09-24T01:37:54.7371669Z 
2026-09-24T01:37:54.7371807Z contrast:  BASE STABLE-FAIL -> CANDIDATE STABLE-PASS
2026-09-24T01:37:54.7372090Z 
2026-09-24T01:37:54.7372218Z WITNESSED         +1/-1  calc.py hunk 1/2  [stable-fail]
2026-09-24T01:37:54.7372876Z UNWITNESSED       +1/-1  calc.py hunk 2/2 — def add(a, b):  [stable-pass]
2026-09-24T01:37:54.7373110Z 
2026-09-24T01:37:54.7373256Z summary: 1 witnessed, 1 unwitnessed, 0 inconclusive
2026-09-24T01:37:54.7373570Z core:    1 minimal sufficient set(s) of 1 hunk(s)
2026-09-24T01:37:54.7373860Z surplus: 1 strong surplus candidate hunk(s)
2026-09-24T01:37:54.7374361Z cert:    dw2_e0d6934ad85342ecced2
2026-09-24T01:37:54.8969494Z DiffWitness Gate: preservation-evidence under balanced policy (dwa1_fbd470cde0d93e312147)
2026-09-24T01:37:54.8970202Z DiffWitness Gate accepted: balanced policy accepts stable preservation assurance
2026-09-24T01:37:54.8971089Z Project continuity: 2 new change event(s) · dwchg_4f3a78eea897bdea11424004
2026-09-24T01:37:54.9113790Z ok
2026-09-24T01:37:54.9940741Z test_current_proof_staleness_is_independent_of_native_readiness (test_readiness.ReadinessTests.test_current_proof_staleness_is_independent_of_native_readiness) ... ok
2026-09-24T01:37:55.0186954Z test_historical_observation_does_not_hide_missing_hook_or_executable (test_readiness.ReadinessTests.test_historical_observation_does_not_hide_missing_hook_or_executable) ... ok
2026-09-24T01:37:55.1329764Z test_ht005_missing_hooks_preserves_configured_but_repairs_in_every_view (test_readiness.ReadinessTests.test_ht005_missing_hooks_preserves_configured_but_repairs_in_every_view) ... ok
2026-09-24T01:37:55.3290091Z test_ht012_unobserved_then_observed_is_independent_of_provider_trust_and_proof (test_readiness.ReadinessTests.test_ht012_unobserved_then_observed_is_independent_of_provider_trust_and_proof) ... ok
2026-09-24T01:37:55.3624594Z test_mixed_adapters_do_not_hide_the_unobserved_one (test_readiness.ReadinessTests.test_mixed_adapters_do_not_hide_the_unobserved_one) ... ok
2026-09-24T01:37:55.4258131Z test_protect_optional_delegated_and_pending_are_separate_from_proof (test_readiness.ReadinessTests.test_protect_optional_delegated_and_pending_are_separate_from_proof) ... ok
2026-09-24T01:37:55.4484685Z test_verification_preflight_does_not_run_the_command (test_readiness.ReadinessTests.test_verification_preflight_does_not_run_the_command) ... ok
2026-09-24T01:37:55.4489477Z test_all_canonical_release_gates_requalify_main_merges (test_release_metadata.ReleaseMetadataTests.test_all_canonical_release_gates_requalify_main_merges) ... ok
2026-09-24T01:37:55.4492514Z test_distributed_hook_locations_match_local_desktop_and_cli_contracts (test_release_metadata.ReleaseMetadataTests.test_distributed_hook_locations_match_local_desktop_and_cli_contracts) ... ok
2026-09-24T01:37:55.4497431Z test_launch_docs_keep_native_agents_primary_and_guided_first (test_release_metadata.ReleaseMetadataTests.test_launch_docs_keep_native_agents_primary_and_guided_first) ... ok
2026-09-24T01:37:55.4503546Z test_python_and_plugin_versions_describe_the_same_release (test_release_metadata.ReleaseMetadataTests.test_python_and_plugin_versions_describe_the_same_release) ... ok
2026-09-24T01:37:55.4504897Z test_release_blocks_publication_until_exact_tag_consumer_passes (test_release_metadata.ReleaseMetadataTests.test_release_blocks_publication_until_exact_tag_consumer_passes) ... ok
2026-09-24T01:37:55.5409750Z test_repay_closes_historical_test_debt_only_after_discriminating_replay (test_repay_flow.RepayFlowTests.test_repay_closes_historical_test_debt_only_after_discriminating_replay) ... certificate: dwa1_fbd470cde0d93e312147
2026-09-24T01:37:55.5410669Z integrity:   valid
2026-09-24T01:37:55.5411080Z freshness:   fresh against WORKTREE
2026-09-24T01:37:55.5411399Z candidate:   embedded-tree
2026-09-24T01:37:55.5411691Z base:        embedded-tree
2026-09-24T01:37:55.5411993Z verdict:     VALID
2026-09-24T01:37:55.5412528Z Debt impact: +8 point(s) across 2 obligation(s)
2026-09-24T01:37:55.5412921Z   unverified_change  +5
2026-09-24T01:37:55.5413194Z   test               +3
2026-09-24T01:37:55.5413334Z 
2026-09-24T01:37:55.5414332Z DW-2CAD9233F30A  + 5  unverified_change/deterministic — Executable change lacks accepted DiffWitness behavioral evidence
2026-09-24T01:37:55.5415140Z DW-42C97EB3613C  + 3  test/deterministic — Production change has no changed test surface
2026-09-24T01:37:55.5415528Z 
2026-09-24T01:37:55.5415714Z Budget: PASS — projected total 8; new 8
2026-09-24T01:37:55.5416116Z Ledger: +2 introduced, 0 reopened, 0 refreshed
2026-09-24T01:37:55.5756326Z DiffWitness Repay: 1 obligation(s), 3 point(s)
2026-09-24T01:37:55.5757527Z Agent: /opt/hostedtoolcache/Python/3.13.15/x64/bin/python -c from pathlib import Path; t=Path('tests/test_app.py'); t.parent.mkdir(exist_ok=True); t.write_text("import unittest\nfrom app import add\n\nclass T(unittest.TestCase):\n    def test_add(self):\n        self.assertEqual(add(2, 3), 5)\n", encoding='utf-8')
2026-09-24T01:37:55.8079265Z ok
2026-09-24T01:37:55.8259044Z test_saved_guided_view_applies_to_doctor_explain_context_and_protect (test_rr007_guided_surface.GuidedSurfaceContractTests.test_saved_guided_view_applies_to_doctor_explain_context_and_protect) ... ok
2026-09-24T01:37:55.8263593Z test_classifies_stability (test_runner.RunnerTests.test_classifies_stability) ... ok
2026-09-24T01:37:55.8264480Z test_non_finite_command_and_proof_budgets_fail_closed (test_runner.RunnerTests.test_non_finite_command_and_proof_budgets_fail_closed) ... ok
2026-09-24T01:37:56.0169668Z test_prepare_is_recreated_before_every_repetition (test_runner.RunnerTests.test_prepare_is_recreated_before_every_repetition) ... ok
2026-09-24T01:37:56.0944430Z test_proof_repetitions_remove_ignored_state_between_runs (test_runner.RunnerTests.test_proof_repetitions_remove_ignored_state_between_runs) ... ok
2026-09-24T01:37:56.0945559Z test_timeout_terminates_descendant_processes (test_runner.RunnerTests.test_timeout_terminates_descendant_processes)
2026-09-24T01:37:57.5971609Z A timed-out evidence command must not leak workers into later proof variants. ... ok
2026-09-24T01:37:57.5972238Z test_wall_clock_budget_caps_nested_evidence_command (test_runner.RunnerTests.test_wall_clock_budget_caps_nested_evidence_command)
2026-09-24T01:37:57.7993417Z A proof-wide deadline must cap commands even when their local timeout is much larger. ... ok
2026-09-24T01:37:57.8001860Z test_explicit_launcher_wins_over_other_installation_on_path (test_runtime_executable.RuntimeExecutableTests.test_explicit_launcher_wins_over_other_installation_on_path) ... ok
2026-09-24T01:37:57.8012961Z test_explicit_override_is_resolved_once_and_not_treated_as_shell_text (test_runtime_executable.RuntimeExecutableTests.test_explicit_override_is_resolved_once_and_not_treated_as_shell_text) ... ok
2026-09-24T01:37:57.8019217Z test_frozen_binary_uses_bootloader_not_argv_or_extraction_dir (test_runtime_executable.RuntimeExecutableTests.test_frozen_binary_uses_bootloader_not_argv_or_extraction_dir) ... ok
2026-09-24T01:37:57.8026049Z test_frozen_setup_requires_explicit_sidecar_instead_of_path (test_runtime_executable.RuntimeExecutableTests.test_frozen_setup_requires_explicit_sidecar_instead_of_path) ... ok
2026-09-24T01:37:57.8038167Z test_metadata_for_another_loaded_distribution_is_rejected (test_runtime_executable.RuntimeExecutableTests.test_metadata_for_another_loaded_distribution_is_rejected) ... ok
2026-09-24T01:37:57.8215665Z test_missing_override_does_not_remove_existing_hooks (test_runtime_executable.RuntimeExecutableTests.test_missing_override_does_not_remove_existing_hooks) ... ok
2026-09-24T01:37:57.8221987Z test_symlink_freezes_the_actual_installation (test_runtime_executable.RuntimeExecutableTests.test_symlink_freezes_the_actual_installation) ... ok
2026-09-24T01:37:57.8230748Z test_unknown_programmatic_entry_cannot_fall_back_to_path (test_runtime_executable.RuntimeExecutableTests.test_unknown_programmatic_entry_cannot_fall_back_to_path) ... ok
2026-09-24T01:37:57.8237656Z test_windows_console_launcher_recovers_stripped_exe_suffix (test_runtime_executable.RuntimeExecutableTests.test_windows_console_launcher_recovers_stripped_exe_suffix) ... ok
2026-09-24T01:37:58.4502881Z test_changed_lines_and_detection_keep_native_paths (test_sensor_native_paths.SensorNativePathTests.test_changed_lines_and_detection_keep_native_paths) ... ok
2026-09-24T01:37:58.4669999Z test_enumeration_is_exact_independent_of_git_quote_configuration (test_sensor_native_paths.SensorNativePathTests.test_enumeration_is_exact_independent_of_git_quote_configuration) ... ok
2026-09-24T01:37:58.6636603Z test_exact_move_is_not_new_code_and_edited_move_keeps_native_destination (test_sensor_native_paths.SensorNativePathTests.test_exact_move_is_not_new_code_and_edited_move_keeps_native_destination) ... ok
2026-09-24T01:37:58.6873020Z test_limit_is_visible_in_actual_sensor_coverage (test_sensor_native_paths.SensorNativePathTests.test_limit_is_visible_in_actual_sensor_coverage) ... ok
2026-09-24T01:37:58.7045645Z test_non_utf8_git_identity_is_explicitly_unsupported_without_an_alias (test_sensor_native_paths.SensorNativePathTests.test_non_utf8_git_identity_is_explicitly_unsupported_without_an_alias) ... ok
2026-09-24T01:37:58.9151557Z test_real_sensor_preserves_unicode_identity_and_advisory_authority (test_sensor_native_paths.SensorNativePathTests.test_real_sensor_preserves_unicode_identity_and_advisory_authority) ... ok
2026-09-24T01:37:58.9252085Z test_exact_inventory_rejects_extras_omissions_and_byte_changes (test_source_distribution_smoke.SourceDistributionInventoryTests.test_exact_inventory_rejects_extras_omissions_and_byte_changes) ... ok
2026-09-24T01:37:59.5644509Z test_real_accepted_proof_becomes_historical_after_failing_worktree_drift (test_stale_proof_end_to_end.StaleProofEndToEndTests.test_real_accepted_proof_becomes_historical_after_failing_worktree_drift) ... DiffWitness Gate rejected: candidate is not stably green
2026-09-24T01:37:59.5781502Z ok
2026-09-24T01:37:59.5958835Z test_clean_repo_preserves_v1_navigation_contract (test_status_cli.ProjectStatusTests.test_clean_repo_preserves_v1_navigation_contract) ... ok
2026-09-24T01:37:59.6131095Z test_configured_evidence_with_missing_executable_is_not_ready (test_status_cli.ProjectStatusTests.test_configured_evidence_with_missing_executable_is_not_ready) ... ok
2026-09-24T01:37:59.6310130Z test_dirty_repo_points_to_executable_gate_with_explicit_base (test_status_cli.ProjectStatusTests.test_dirty_repo_points_to_executable_gate_with_explicit_base) ... ok
2026-09-24T01:37:59.6487900Z test_guided_and_technical_views_share_exact_same_status_model (test_status_cli.ProjectStatusTests.test_guided_and_technical_views_share_exact_same_status_model) ... ok
2026-09-24T01:37:59.6795305Z test_json_cli_is_machine_readable_non_mutating_and_view_invariant (test_status_cli.ProjectStatusTests.test_json_cli_is_machine_readable_non_mutating_and_view_invariant) ... ok
2026-09-24T01:37:59.6972715Z test_native_scope_alone_requires_repair_before_normal_agent_use (test_status_cli.ProjectStatusTests.test_native_scope_alone_requires_repair_before_normal_agent_use) ... ok
2026-09-24T01:37:59.7146867Z test_untracked_python_cache_is_navigation_noise_not_user_change (test_status_cli.ProjectStatusTests.test_untracked_python_cache_is_navigation_noise_not_user_change) ... ok
2026-09-24T01:37:59.7217189Z test_concurrent_documents_and_rejections_remain_independent (test_strict_json_decoder.StrictDecoderTests.test_concurrent_documents_and_rejections_remain_independent) ... ok
2026-09-24T01:37:59.7219124Z test_documents_and_failed_parses_do_not_share_mutable_state (test_strict_json_decoder.StrictDecoderTests.test_documents_and_failed_parses_do_not_share_mutable_state) ... ok
2026-09-24T01:37:59.7221095Z test_encoding_and_type_compatibility (test_strict_json_decoder.StrictDecoderTests.test_encoding_and_type_compatibility) ... ok
2026-09-24T01:37:59.7225382Z test_contract_rejects_path_digest_authority_and_invalid_positions (test_structure_contract.StructureContractTests.test_contract_rejects_path_digest_authority_and_invalid_positions) ... ok
2026-09-24T01:37:59.7521337Z test_invalid_provider_result_cannot_delete_previous_index (test_structure_contract.StructureContractTests.test_invalid_provider_result_cannot_delete_previous_index) ... ok
2026-09-24T01:37:59.7523486Z test_line_positions_accept_python_universal_newlines (test_structure_contract.StructureContractTests.test_line_positions_accept_python_universal_newlines) ... ok
2026-09-24T01:37:59.7790427Z test_missing_extraction_contract_stamp_forces_refresh_at_same_tree (test_structure_contract.StructureContractTests.test_missing_extraction_contract_stamp_forces_refresh_at_same_tree) ... ok
2026-09-24T01:37:59.7791501Z test_parse_failure_has_no_symbol_or_relation_claims (test_structure_contract.StructureContractTests.test_parse_failure_has_no_symbol_or_relation_claims) ... ok
2026-09-24T01:37:59.7793562Z test_python_provider_exposes_source_bound_typed_facts_and_existing_names (test_structure_contract.StructureContractTests.test_python_provider_exposes_source_bound_typed_facts_and_existing_names) ... ok
2026-09-24T01:37:59.7794923Z test_actual_transport_hash_authority_positions_and_no_values (test_structure_data.DataSyntaxTests.test_actual_transport_hash_authority_positions_and_no_values) ... skipped 'actual optional SQL/config grammars not installed'
2026-09-24T01:37:59.7796044Z test_decoded_keys_positions_and_invalid_surrogates (test_structure_data.DataSyntaxTests.test_decoded_keys_positions_and_invalid_surrogates) ... skipped 'actual optional SQL/config grammars not installed'
2026-09-24T01:37:59.7797175Z test_duplicates_invalid_encodings_and_unsupported_sql_form_fail_closed (test_structure_data.DataSyntaxTests.test_duplicates_invalid_encodings_and_unsupported_sql_form_fail_closed) ... skipped 'actual optional SQL/config grammars not installed'
2026-09-24T01:37:59.7798358Z test_immutable_tree_index_keeps_keys_and_ddl_without_dirty_values (test_structure_data.DataSyntaxTests.test_immutable_tree_index_keeps_keys_and_ddl_without_dirty_values) ... skipped 'actual optional SQL/config grammars not installed'
2026-09-24T01:37:59.7799569Z test_json_keys_are_unambiguous_and_array_items_distinct (test_structure_data.DataSyntaxTests.test_json_keys_are_unambiguous_and_array_items_distinct) ... skipped 'actual optional SQL/config grammars not installed'
2026-09-24T01:37:59.7800495Z test_missing_grammars_remain_recognized_empty (test_structure_data.DataSyntaxTests.test_missing_grammars_remain_recognized_empty) ... ok
2026-09-24T01:37:59.7801605Z test_overflowing_json_values_fail_closed_at_every_nesting_level (test_structure_data.DataSyntaxTests.test_overflowing_json_values_fail_closed_at_every_nesting_level) ... skipped 'actual optional SQL/config grammars not installed'
2026-09-24T01:37:59.7802744Z test_sql_only_top_level_ddl_names_not_query_or_literal_decoys (test_structure_data.DataSyntaxTests.test_sql_only_top_level_ddl_names_not_query_or_literal_decoys) ... skipped 'actual optional SQL/config grammars not installed'
2026-09-24T01:37:59.7803829Z test_toml_tables_and_nested_array_table_scopes (test_structure_data.DataSyntaxTests.test_toml_tables_and_nested_array_table_scopes) ... skipped 'actual optional SQL/config grammars not installed'
2026-09-24T01:37:59.7805016Z test_yaml_document_scopes_without_alias_or_tag_execution (test_structure_data.DataSyntaxTests.test_yaml_document_scopes_without_alias_or_tag_execution) ... skipped 'actual optional SQL/config grammars not installed'
2026-09-24T01:37:59.7806158Z test_absolute_and_sequential_namespaces_and_unresolved_receivers (test_structure_dynamic.DynamicSyntaxTests.test_absolute_and_sequential_namespaces_and_unresolved_receivers) ... skipped 'actual optional Ruby/PHP grammars not installed'
2026-09-24T01:37:59.7807285Z test_actual_transport_source_and_authority (test_structure_dynamic.DynamicSyntaxTests.test_actual_transport_source_and_authority) ... skipped 'actual optional Ruby/PHP grammars not installed'
2026-09-24T01:37:59.7808378Z test_heredoc_decoys_dynamic_paths_and_actual_interpolation_calls (test_structure_dynamic.DynamicSyntaxTests.test_heredoc_decoys_dynamic_paths_and_actual_interpolation_calls) ... skipped 'actual optional Ruby/PHP grammars not installed'
2026-09-24T01:37:59.7809605Z test_immutable_git_tree_index_ignores_dirty_sources (test_structure_dynamic.DynamicSyntaxTests.test_immutable_git_tree_index_ignores_dirty_sources) ... skipped 'actual optional Ruby/PHP grammars not installed'
2026-09-24T01:37:59.7810710Z test_invalid_utf8_syntax_and_reopened_identity_fail_closed (test_structure_dynamic.DynamicSyntaxTests.test_invalid_utf8_syntax_and_reopened_identity_fail_closed) ... skipped 'actual optional Ruby/PHP grammars not installed'
2026-09-24T01:37:59.7811676Z test_missing_grammars_are_recognized_empty (test_structure_dynamic.DynamicSyntaxTests.test_missing_grammars_are_recognized_empty) ... ok
2026-09-24T01:37:59.7812656Z test_php_namespace_calls_do_not_bind_to_an_arbitrary_same_name (test_structure_dynamic.DynamicSyntaxTests.test_php_namespace_calls_do_not_bind_to_an_arbitrary_same_name) ... skipped 'actual optional Ruby/PHP grammars not installed'
2026-09-24T01:37:59.7813763Z test_php_namespace_types_signatures_and_grouped_use (test_structure_dynamic.DynamicSyntaxTests.test_php_namespace_types_signatures_and_grouped_use) ... skipped 'actual optional Ruby/PHP grammars not installed'
2026-09-24T01:37:59.7815322Z test_php_parenthesized_static_include_paths_keep_edges_without_dynamic_guesses (test_structure_dynamic.DynamicSyntaxTests.test_php_parenthesized_static_include_paths_keep_edges_without_dynamic_guesses) ... skipped 'actual optional Ruby/PHP grammars not installed'
2026-09-24T01:37:59.7816389Z test_ruby_lexical_types_methods_and_literal_require (test_structure_dynamic.DynamicSyntaxTests.test_ruby_lexical_types_methods_and_literal_require) ... skipped 'actual optional Ruby/PHP grammars not installed'
2026-09-24T01:37:59.7817429Z test_comments_parentheses_templates_and_import_options_have_exact_spans (test_structure_import_calls.ImportCallTests.test_comments_parentheses_templates_and_import_options_have_exact_spans) ... skipped 'actual JS/TS optional grammars not installed'
2026-09-24T01:37:59.7818495Z test_decoys_dynamic_and_loader_members_do_not_become_targets (test_structure_import_calls.ImportCallTests.test_decoys_dynamic_and_loader_members_do_not_become_targets) ... skipped 'actual JS/TS optional grammars not installed'
2026-09-24T01:37:59.7819451Z test_escaped_direct_eval_is_an_ambiguity_barrier (test_structure_import_calls.ImportCallTests.test_escaped_direct_eval_is_an_ambiguity_barrier) ... skipped 'actual JS/TS optional grammars not installed'
2026-09-24T01:37:59.7820449Z test_invalid_source_stays_completely_unparsed (test_structure_import_calls.ImportCallTests.test_invalid_source_stays_completely_unparsed) ... skipped 'actual JS/TS optional grammars not installed'
2026-09-24T01:37:59.7821459Z test_nested_literal_keyword_reference_and_transport_authority_are_preserved (test_structure_import_calls.ImportCallTests.test_nested_literal_keyword_reference_and_transport_authority_are_preserved) ... skipped 'actual JS/TS optional grammars not installed'
2026-09-24T01:37:59.7822657Z test_shadowing_and_writes_suppress_commonjs_candidates_but_keep_keyword_import (test_structure_import_calls.ImportCallTests.test_shadowing_and_writes_suppress_commonjs_candidates_but_keep_keyword_import) ... skipped 'actual JS/TS optional grammars not installed'
2026-09-24T01:37:59.7823782Z test_static_commonjs_and_import_keyword_reuse_each_js_ts_grammar (test_structure_import_calls.ImportCallTests.test_static_commonjs_and_import_keyword_reuse_each_js_ts_grammar) ... skipped 'actual JS/TS optional grammars not installed'
2026-09-24T01:37:59.7825046Z test_typescript_function_signatures_are_require_binding_barriers (test_structure_import_calls.ImportCallTests.test_typescript_function_signatures_are_require_binding_barriers) ... skipped 'actual JS/TS optional grammars not installed'
2026-09-24T01:37:59.7826149Z test_actual_syntax_import_positions_reuse_every_adapter (test_structure_import_references.ImportReferenceTests.test_actual_syntax_import_positions_reuse_every_adapter) ... skipped 'optional actual syntax grammars not installed'
2026-09-24T01:37:59.8098206Z test_immutable_index_never_picks_ambiguous_or_outside_relative_modules (test_structure_import_references.ImportReferenceTests.test_immutable_index_never_picks_ambiguous_or_outside_relative_modules) ... ok
2026-09-24T01:37:59.8100408Z test_import_detail_admission_rejects_invalid_positions_and_members (test_structure_import_references.ImportReferenceTests.test_import_detail_admission_rejects_invalid_positions_and_members) ... ok
2026-09-24T01:37:59.8102609Z test_outside_package_relative_imports_never_become_absolute_names (test_structure_import_references.ImportReferenceTests.test_outside_package_relative_imports_never_become_absolute_names) ... ok
2026-09-24T01:37:59.8103651Z test_package_initializer_retains_base_members_and_source_positions (test_structure_import_references.ImportReferenceTests.test_package_initializer_retains_base_members_and_source_positions) ... ok
2026-09-24T01:37:59.8104857Z test_python_aliases_crlf_and_decoys_preserve_only_import_syntax (test_structure_import_references.ImportReferenceTests.test_python_aliases_crlf_and_decoys_preserve_only_import_syntax) ... ok
2026-09-24T01:37:59.8108260Z test_v1_field_shape_is_preserved_and_v2_is_explicit (test_structure_import_references.ImportReferenceTests.test_v1_field_shape_is_preserved_and_v2_is_explicit) ... ok
2026-09-24T01:37:59.8110126Z test_actual_transport_source_binding_and_authority (test_structure_managed.ManagedSyntaxTests.test_actual_transport_source_binding_and_authority) ... skipped 'actual optional Java/Kotlin/C# grammars not installed'
2026-09-24T01:37:59.8112008Z test_csharp_file_namespace_nested_members_and_aliases (test_structure_managed.ManagedSyntaxTests.test_csharp_file_namespace_nested_members_and_aliases) ... skipped 'actual optional Java/Kotlin/C# grammars not installed'
2026-09-24T01:37:59.8113695Z test_errors_and_ambiguous_overloads_do_not_supply_partial_facts (test_structure_managed.ManagedSyntaxTests.test_errors_and_ambiguous_overloads_do_not_supply_partial_facts) ... skipped 'actual optional Java/Kotlin/C# grammars not installed'
2026-09-24T01:37:59.8115733Z test_immutable_tree_index_uses_all_three_shared_providers (test_structure_managed.ManagedSyntaxTests.test_immutable_tree_index_uses_all_three_shared_providers) ... skipped 'actual optional Java/Kotlin/C# grammars not installed'
2026-09-24T01:37:59.8117562Z test_java_package_types_nested_members_and_static_imports (test_structure_managed.ManagedSyntaxTests.test_java_package_types_nested_members_and_static_imports) ... skipped 'actual optional Java/Kotlin/C# grammars not installed'
2026-09-24T01:37:59.8119269Z test_kotlin_package_named_objects_aliases_and_decoys (test_structure_managed.ManagedSyntaxTests.test_kotlin_package_named_objects_aliases_and_decoys) ... skipped 'actual optional Java/Kotlin/C# grammars not installed'
2026-09-24T01:37:59.8120736Z test_kotlin_type_kinds_signatures_and_comment_free_import_paths (test_structure_managed.ManagedSyntaxTests.test_kotlin_type_kinds_signatures_and_comment_free_import_paths) ... skipped 'actual optional Java/Kotlin/C# grammars not installed'
2026-09-24T01:37:59.8122036Z test_missing_grammar_remains_recognized_empty (test_structure_managed.ManagedSyntaxTests.test_missing_grammar_remains_recognized_empty) ... ok
2026-09-24T01:37:59.8123122Z test_raw_strings_do_not_create_declarations_but_interpolation_keeps_real_calls (test_structure_managed.ManagedSyntaxTests.test_raw_strings_do_not_create_declarations_but_interpolation_keeps_real_calls) ... skipped 'actual optional Java/Kotlin/C# grammars not installed'
2026-09-24T01:37:59.8124835Z test_comments_inside_rust_paths_do_not_become_names_or_dependencies (test_structure_native.NativeSyntaxTests.test_comments_inside_rust_paths_do_not_become_names_or_dependencies) ... skipped 'optional actual Go/Rust grammars not installed'
2026-09-24T01:37:59.8126168Z test_go_functions_receivers_types_and_grouped_imports (test_structure_native.NativeSyntaxTests.test_go_functions_receivers_types_and_grouped_imports) ... skipped 'optional actual Go/Rust grammars not installed'
2026-09-24T01:37:59.8127240Z test_index_binds_go_and_rust_facts_to_captured_tree (test_structure_native.NativeSyntaxTests.test_index_binds_go_and_rust_facts_to_captured_tree) ... skipped 'optional actual Go/Rust grammars not installed'
2026-09-24T01:37:59.8128304Z test_malformed_syntax_encoding_and_transport_source_binding (test_structure_native.NativeSyntaxTests.test_malformed_syntax_encoding_and_transport_source_binding) ... skipped 'optional actual Go/Rust grammars not installed'
2026-09-24T01:37:59.8129378Z test_missing_grammars_preserve_recognized_empty_unparsed_coverage (test_structure_native.NativeSyntaxTests.test_missing_grammars_preserve_recognized_empty_unparsed_coverage) ... ok
2026-09-24T01:37:59.8130240Z test_new_suffixes_cannot_forge_javascript_local_import_resolution (test_structure_native.NativeSyntaxTests.test_new_suffixes_cannot_forge_javascript_local_import_resolution) ... ok
2026-09-24T01:37:59.8131457Z test_parenthesized_named_receivers_preserve_methods_without_guessing_tuple_types (test_structure_native.NativeSyntaxTests.test_parenthesized_named_receivers_preserve_methods_without_guessing_tuple_types) ... skipped 'optional actual Go/Rust grammars not installed'
2026-09-24T01:37:59.8132589Z test_qualified_rust_impl_and_trait_names_preserve_owner_scope (test_structure_native.NativeSyntaxTests.test_qualified_rust_impl_and_trait_names_preserve_owner_scope) ... skipped 'optional actual Go/Rust grammars not installed'
2026-09-24T01:37:59.8133614Z test_rust_scopes_import_groups_and_macro_decoys (test_structure_native.NativeSyntaxTests.test_rust_scopes_import_groups_and_macro_decoys) ... skipped 'optional actual Go/Rust grammars not installed'
2026-09-24T01:37:59.8682718Z test_bounded_coverage_and_parse_failures_are_visible_in_context (test_structure_snapshot.StructureSnapshotTests.test_bounded_coverage_and_parse_failures_are_visible_in_context) ... ok
2026-09-24T01:37:59.9039852Z test_corrupt_blob_response_cannot_replace_existing_index (test_structure_snapshot.StructureSnapshotTests.test_corrupt_blob_response_cannot_replace_existing_index) ... ok
2026-09-24T01:37:59.9396401Z test_dirty_untracked_and_deleted_working_files_cannot_change_head_bound_facts (test_structure_snapshot.StructureSnapshotTests.test_dirty_untracked_and_deleted_working_files_cannot_change_head_bound_facts) ... ok
2026-09-24T01:37:59.9791081Z test_git_symlink_mode_is_excluded_even_if_worktree_is_a_regular_python_file (test_structure_snapshot.StructureSnapshotTests.test_git_symlink_mode_is_excluded_even_if_worktree_is_a_regular_python_file) ... ok
2026-09-24T01:38:00.0213150Z test_head_advance_during_refresh_keeps_one_tree_and_next_refresh_updates (test_structure_snapshot.StructureSnapshotTests.test_head_advance_during_refresh_keeps_one_tree_and_next_refresh_updates) ... ok
2026-09-24T01:38:00.0606389Z test_old_tree_stamp_cannot_preserve_mutable_file_projection (test_structure_snapshot.StructureSnapshotTests.test_old_tree_stamp_cannot_preserve_mutable_file_projection) ... ok
2026-09-24T01:38:00.0729778Z test_total_byte_budget_omits_whole_blobs_and_reports_partial_coverage (test_structure_snapshot.StructureSnapshotTests.test_total_byte_budget_omits_whole_blobs_and_reports_partial_coverage) ... ok
2026-09-24T01:38:00.0730775Z test_ambient_typescript_declarations_are_observed_syntax (test_structure_syntax.StructureSyntaxTests.test_ambient_typescript_declarations_are_observed_syntax) ... skipped 'optional actual JS/TS parsers not installed'
2026-09-24T01:38:00.0736249Z test_dotted_basename_import_resolves_only_one_supported_source (test_structure_syntax.StructureSyntaxTests.test_dotted_basename_import_resolves_only_one_supported_source) ... ok
2026-09-24T01:38:00.0737626Z test_index_uses_immutable_tree_and_refreshes_provider_profile (test_structure_syntax.StructureSyntaxTests.test_index_uses_immutable_tree_and_refreshes_provider_profile) ... skipped 'optional actual JS/TS parsers not installed'
2026-09-24T01:38:00.0739512Z test_javascript_uses_syntax_not_strings_comments_or_template_text (test_structure_syntax.StructureSyntaxTests.test_javascript_uses_syntax_not_strings_comments_or_template_text) ... skipped 'optional actual JS/TS parsers not installed'
2026-09-24T01:38:00.0741000Z test_malformed_encoding_syntax_and_bounds_fail_empty (test_structure_syntax.StructureSyntaxTests.test_malformed_encoding_syntax_and_bounds_fail_empty) ... skipped 'optional actual JS/TS parsers not installed'
2026-09-24T01:38:00.0742352Z test_missing_optional_package_is_unparsed_not_heuristic_facts (test_structure_syntax.StructureSyntaxTests.test_missing_optional_package_is_unparsed_not_heuristic_facts) ... ok
2026-09-24T01:38:00.0743408Z test_python_and_unknown_fallback_keep_existing_contract (test_structure_syntax.StructureSyntaxTests.test_python_and_unknown_fallback_keep_existing_contract) ... ok
2026-09-24T01:38:00.0744916Z test_syntax_authority_admission_and_ambiguous_import_resolution (test_structure_syntax.StructureSyntaxTests.test_syntax_authority_admission_and_ambiguous_import_resolution) ... skipped 'optional actual JS/TS parsers not installed'
2026-09-24T01:38:00.0746401Z test_typescript_declarations_and_jsx_tsx_have_real_syntax_coverage (test_structure_syntax.StructureSyntaxTests.test_typescript_declarations_and_jsx_tsx_have_real_syntax_coverage) ... skipped 'optional actual JS/TS parsers not installed'
2026-09-24T01:38:00.2624675Z test_extraction_stays_independent_of_journal_proof_and_debt_services (test_structure_transport.StructureTransportTests.test_extraction_stays_independent_of_journal_proof_and_debt_services) ... ok
2026-09-24T01:38:00.8701393Z test_malformed_json_path_base64_schema_and_duplicate_paths_fail_atomically (test_structure_transport.StructureTransportTests.test_malformed_json_path_base64_schema_and_duplicate_paths_fail_atomically) ... ok
2026-09-24T01:38:01.0396663Z test_nonpython_extraction_loads_only_selected_provider_implementation (test_structure_transport.StructureTransportTests.test_nonpython_extraction_loads_only_selected_provider_implementation) ... ok
2026-09-24T01:38:01.0413497Z test_public_entry_never_discovers_repository_or_reads_language_preferences (test_structure_transport.StructureTransportTests.test_public_entry_never_discovers_repository_or_reads_language_preferences) ... ok
2026-09-24T01:38:01.1173611Z test_python_only_extraction_does_not_initialize_optional_distribution_metadata (test_structure_transport.StructureTransportTests.test_python_only_extraction_does_not_initialize_optional_distribution_metadata) ... ok
2026-09-24T01:38:01.1934895Z test_real_cli_outside_git_preserves_python_provider_and_french_json (test_structure_transport.StructureTransportTests.test_real_cli_outside_git_preserves_python_provider_and_french_json) ... ok
2026-09-24T01:38:01.1938232Z test_results_are_detached_and_empty_batch_is_valid (test_structure_transport.StructureTransportTests.test_results_are_detached_and_empty_batch_is_valid) ... ok
2026-09-24T01:38:01.2988930Z test_selected_extraction_parser_preserves_argument_rejections_and_help (test_structure_transport.StructureTransportTests.test_selected_extraction_parser_preserves_argument_rejections_and_help) ... ok
2026-09-24T01:38:01.3295130Z test_transport_limits_and_binary_or_invalid_python_have_explicit_coverage (test_structure_transport.StructureTransportTests.test_transport_limits_and_binary_or_invalid_python_have_explicit_coverage) ... ok
2026-09-24T01:38:01.3296758Z test_wire_bounds_reject_before_emitting_any_partial_response (test_structure_transport.StructureTransportTests.test_wire_bounds_reject_before_emitting_any_partial_response) ... ok
2026-09-24T01:38:01.5057101Z test_concurrent_first_identity_callers_agree (test_unborn_repository.UnbornRepositoryTests.test_concurrent_first_identity_callers_agree) ... ok
2026-09-24T01:38:01.5129478Z test_corrupt_head_is_never_silently_replaced_by_empty_base (test_unborn_repository.UnbornRepositoryTests.test_corrupt_head_is_never_silently_replaced_by_empty_base) ... ok
2026-09-24T01:38:01.5266281Z test_corrupt_local_identity_is_preserved_and_rejected (test_unborn_repository.UnbornRepositoryTests.test_corrupt_local_identity_is_preserved_and_rejected) ... ok
2026-09-24T01:38:01.5500685Z test_empty_base_is_deterministic_unreachable_and_not_an_ordinary_ref (test_unborn_repository.UnbornRepositoryTests.test_empty_base_is_deterministic_unreachable_and_not_an_ordinary_ref) ... ok
2026-09-24T01:38:01.5846787Z test_empty_native_session_does_not_manufacture_proof (test_unborn_repository.UnbornRepositoryTests.test_empty_native_session_does_not_manufacture_proof) ... ok
2026-09-24T01:38:01.6799807Z test_initial_snapshot_preserves_staging_and_excludes_only_owned_transients (test_unborn_repository.UnbornRepositoryTests.test_initial_snapshot_preserves_staging_and_excludes_only_owned_transients) ... ok
2026-09-24T01:38:01.7047842Z test_old_provisional_envelope_cannot_be_reingested_as_new_lineage (test_unborn_repository.UnbornRepositoryTests.test_old_provisional_envelope_cannot_be_reingested_as_new_lineage) ... ok
2026-09-24T01:38:01.7248491Z test_portal_cannot_send_provisional_identity (test_unborn_repository.UnbornRepositoryTests.test_portal_cannot_send_provisional_identity) ... ok
2026-09-24T01:38:01.7558467Z test_provisional_identity_is_distinct_durable_and_becomes_normal_root_lineage (test_unborn_repository.UnbornRepositoryTests.test_provisional_identity_is_distinct_durable_and_becomes_normal_root_lineage) ... ok
2026-09-24T01:38:02.1221487Z test_setup_and_status_are_useful_without_commits_or_evidence (test_unborn_repository.UnbornRepositoryTests.test_setup_and_status_are_useful_without_commits_or_evidence) ... ok
2026-09-24T01:38:02.1323882Z test_failing_test_only_diff_is_rejected (test_validation.ValidationOnlyTests.test_failing_test_only_diff_is_rejected) ... DiffWitness: validation-only stable-pass (dwv1_c99be17c3fef812067f7)
2026-09-24T01:38:02.1325215Z Project continuity: 2 new change event(s) · dwchg_5837231770b5715abb629ee8
2026-09-24T01:38:02.1325450Z 
2026-09-24T01:38:02.1325570Z Repayment verification: 1/1 selected obligation(s) resolved
2026-09-24T01:38:02.1326135Z   DW-42C97EB3613C: resolved — current tests now discriminate the introducing candidate from its historical base
2026-09-24T01:38:02.1326547Z DiffWitness Repay: ACCEPTED
2026-09-24T01:38:02.1326831Z Project continuity: 3 Debt Ledger lifecycle event(s) projected
2026-09-24T01:38:02.1973289Z ok
2026-09-24T01:38:02.4098409Z test_test_only_diff_runs_evidence_and_is_attestable (test_validation.ValidationOnlyTests.test_test_only_diff_runs_evidence_and_is_attestable) ... DiffWitness: validation-only stable-fail (dwv1_61aeb6f68879b95e3c31)
2026-09-24T01:38:02.5671490Z DiffWitness: validation-only stable-pass (dwv1_244b47ef292c26a5d4fd)
2026-09-24T01:38:02.5672276Z Project continuity: 2 new change event(s) · dwchg_6241fd3c517034ded4006970
2026-09-24T01:38:02.5816504Z ok
2026-09-24T01:38:02.5947261Z test_cli_can_switch_both_directions_and_report_machine_state (test_view_mode.ViewModeTests.test_cli_can_switch_both_directions_and_report_machine_state) ... ok
2026-09-24T01:38:02.6046075Z test_defaults_to_guided_for_first_run (test_view_mode.ViewModeTests.test_defaults_to_guided_for_first_run) ... ok
2026-09-24T01:38:02.6145997Z test_invalid_stored_preference_fails_soft_to_guided (test_view_mode.ViewModeTests.test_invalid_stored_preference_fails_soft_to_guided) ... ok
2026-09-24T01:38:02.6449202Z test_root_help_is_guided_first_but_technical_is_one_command_away (test_view_mode.ViewModeTests.test_root_help_is_guided_first_but_technical_is_one_command_away) ... ok
2026-09-24T01:38:02.6516429Z test_switch_persists_inside_git_metadata_without_dirtying_repository (test_view_mode.ViewModeTests.test_switch_persists_inside_git_metadata_without_dirtying_repository) ... ok
2026-09-24T01:38:02.6517540Z test_health_semantic_sensor_reads_utf8_git_blob_without_degrading (test_windows_health_utf8_git_blob.WindowsUtf8SubprocessBoundaryTests.test_health_semantic_sensor_reads_utf8_git_blob_without_degrading) ... skipped 'Windows legacy-codepage regression'
2026-09-24T01:38:02.6518754Z test_proof_runner_keeps_non_utf8_diagnostics_json_safe (test_windows_health_utf8_git_blob.WindowsUtf8SubprocessBoundaryTests.test_proof_runner_keeps_non_utf8_diagnostics_json_safe) ... skipped 'Windows legacy-codepage regression'
2026-09-24T01:38:02.6520045Z test_proof_runner_preserves_utf8_stdout_and_stderr (test_windows_health_utf8_git_blob.WindowsUtf8SubprocessBoundaryTests.test_proof_runner_preserves_utf8_stdout_and_stderr) ... skipped 'Windows legacy-codepage regression'
2026-09-24T01:38:02.6521143Z test_acceptance_runner_decodes_utf8_child_output_without_locale_loss (test_windows_subprocess_utf8_reader.WindowsSubprocessUtf8ReaderRegressionTests.test_acceptance_runner_decodes_utf8_child_output_without_locale_loss)
2026-09-24T01:38:02.6522063Z A UTF-8 child must not be decoded through the host's legacy Windows code page. ... skipped 'Windows legacy-codepage reproduction'
2026-09-24T01:38:02.6522428Z 
2026-09-24T01:38:02.6522670Z ======================================================================
2026-09-24T01:38:02.6523447Z FAIL: test_relative_constraints_are_checked_for_every_question_kind (test_continuity_questions.MemoryQuestionTests.test_relative_constraints_are_checked_for_every_question_kind) (question='Why auth recently?')
2026-09-24T01:38:02.6524360Z ----------------------------------------------------------------------
2026-09-24T01:38:02.6524621Z Traceback (most recent call last):
2026-09-24T01:38:02.6529153Z   File "/home/runner/work/tooltest/tooltest/tests/test_continuity_questions.py", line 254, in test_relative_constraints_are_checked_for_every_question_kind
2026-09-24T01:38:02.6529667Z     self.assertEqual(result['status'],'abstained')
2026-09-24T01:38:02.6529920Z     ~~~~~~~~~~~~~~~~^^^^^^^^^^^^^^^^^^^^^^^^^^^^^^
2026-09-24T01:38:02.6530141Z AssertionError: 'cited-records' != 'abstained'
2026-09-24T01:38:02.6530350Z - cited-records
2026-09-24T01:38:02.6530500Z + abstained
2026-09-24T01:38:02.6530578Z 
2026-09-24T01:38:02.6530582Z 
2026-09-24T01:38:02.6530675Z ======================================================================
2026-09-24T01:38:02.6531505Z FAIL: test_relative_constraints_are_checked_for_every_question_kind (test_continuity_questions.MemoryQuestionTests.test_relative_constraints_are_checked_for_every_question_kind) (question='Pourquoi auth récemment ?')
2026-09-24T01:38:02.6532105Z ----------------------------------------------------------------------
2026-09-24T01:38:02.6532347Z Traceback (most recent call last):
2026-09-24T01:38:02.6532833Z   File "/home/runner/work/tooltest/tooltest/tests/test_continuity_questions.py", line 254, in test_relative_constraints_are_checked_for_every_question_kind
2026-09-24T01:38:02.6533429Z     self.assertEqual(result['status'],'abstained')
2026-09-24T01:38:02.6533655Z     ~~~~~~~~~~~~~~~~^^^^^^^^^^^^^^^^^^^^^^^^^^^^^^
2026-09-24T01:38:02.6533869Z AssertionError: 'cited-records' != 'abstained'
2026-09-24T01:38:02.6534482Z - cited-records
2026-09-24T01:38:02.6534676Z + abstained
2026-09-24T01:38:02.6534781Z 
2026-09-24T01:38:02.6534786Z 
2026-09-24T01:38:02.6534891Z ======================================================================
2026-09-24T01:38:02.6535512Z FAIL: test_relative_constraints_are_checked_for_every_question_kind (test_continuity_questions.MemoryQuestionTests.test_relative_constraints_are_checked_for_every_question_kind) (question='What depends on auth this week?')
2026-09-24T01:38:02.6536125Z ----------------------------------------------------------------------
2026-09-24T01:38:02.6536363Z Traceback (most recent call last):
2026-09-24T01:38:02.6536833Z   File "/home/runner/work/tooltest/tooltest/tests/test_continuity_questions.py", line 254, in test_relative_constraints_are_checked_for_every_question_kind
2026-09-24T01:38:02.6537287Z     self.assertEqual(result['status'],'abstained')
2026-09-24T01:38:02.6537505Z     ~~~~~~~~~~~~~~~~^^^^^^^^^^^^^^^^^^^^^^^^^^^^^^
2026-09-24T01:38:02.6537730Z AssertionError: 'cited-records' != 'abstained'
2026-09-24T01:38:02.6537928Z - cited-records
2026-09-24T01:38:02.6538074Z + abstained
2026-09-24T01:38:02.6538150Z 
2026-09-24T01:38:02.6538218Z 
2026-09-24T01:38:02.6538310Z ======================================================================
2026-09-24T01:38:02.6539110Z FAIL: test_relative_constraints_are_checked_for_every_question_kind (test_continuity_questions.MemoryQuestionTests.test_relative_constraints_are_checked_for_every_question_kind) (question='Qu’est-ce qui dépend de auth cette semaine ?')
2026-09-24T01:38:02.6539810Z ----------------------------------------------------------------------
2026-09-24T01:38:02.6540052Z Traceback (most recent call last):
2026-09-24T01:38:02.6540525Z   File "/home/runner/work/tooltest/tooltest/tests/test_continuity_questions.py", line 254, in test_relative_constraints_are_checked_for_every_question_kind
2026-09-24T01:38:02.6540983Z     self.assertEqual(result['status'],'abstained')
2026-09-24T01:38:02.6541245Z     ~~~~~~~~~~~~~~~~^^^^^^^^^^^^^^^^^^^^^^^^^^^^^^
2026-09-24T01:38:02.6541455Z AssertionError: 'cited-records' != 'abstained'
2026-09-24T01:38:02.6541649Z - cited-records
2026-09-24T01:38:02.6541801Z + abstained
2026-09-24T01:38:02.6541888Z 
2026-09-24T01:38:02.6541891Z 
2026-09-24T01:38:02.6541971Z ======================================================================
2026-09-24T01:38:02.6542563Z FAIL: test_relative_constraints_are_checked_for_every_question_kind (test_continuity_questions.MemoryQuestionTests.test_relative_constraints_are_checked_for_every_question_kind) (question='Remember auth as of Monday?')
2026-09-24T01:38:02.6543164Z ----------------------------------------------------------------------
2026-09-24T01:38:02.6543397Z Traceback (most recent call last):
2026-09-24T01:38:02.6543839Z   File "/home/runner/work/tooltest/tooltest/tests/test_continuity_questions.py", line 254, in test_relative_constraints_are_checked_for_every_question_kind
2026-09-24T01:38:02.6544543Z     self.assertEqual(result['status'],'abstained')
2026-09-24T01:38:02.6544760Z     ~~~~~~~~~~~~~~~~^^^^^^^^^^^^^^^^^^^^^^^^^^^^^^
2026-09-24T01:38:02.6544971Z AssertionError: 'cited-records' != 'abstained'
2026-09-24T01:38:02.6545188Z - cited-records
2026-09-24T01:38:02.6545330Z + abstained
2026-09-24T01:38:02.6545405Z 
2026-09-24T01:38:02.6545407Z 
2026-09-24T01:38:02.6545520Z ----------------------------------------------------------------------
2026-09-24T01:38:02.6545749Z Ran 761 tests in 89.567s
2026-09-24T01:38:02.6545854Z 
2026-09-24T01:38:02.6545926Z FAILED (failures=5, skipped=52)
2026-09-24T01:38:02.6546116Z certificate: dwv1_244b47ef292c26a5d4fd
2026-09-24T01:38:02.6546303Z integrity:   valid
2026-09-24T01:38:02.6546467Z freshness:   fresh against WORKTREE
2026-09-24T01:38:02.6546662Z candidate:   embedded-tree
2026-09-24T01:38:02.6546895Z base:        embedded-tree
2026-09-24T01:38:02.6547065Z verdict:     VALID
2026-09-24T01:38:02.6857078Z ##[error]Process completed with exit code 1.
2026-09-24T01:38:02.7380225Z ##[group]Run actions/upload-artifact@v6
2026-09-24T01:38:02.7380434Z with:
2026-09-24T01:38:02.7380592Z   name: unittest-Linux-py3.13
2026-09-24T01:38:02.7380773Z   path: unittest.log
2026-09-24T01:38:02.7380948Z   if-no-files-found: error
2026-09-24T01:38:02.7381119Z   retention-days: 7
2026-09-24T01:38:02.7381278Z   compression-level: 6
2026-09-24T01:38:02.7381435Z   overwrite: false
2026-09-24T01:38:02.7381592Z   include-hidden-files: false
2026-09-24T01:38:02.7381758Z env:
2026-09-24T01:38:02.7381958Z   pythonLocation: /opt/hostedtoolcache/Python/3.13.15/x64
2026-09-24T01:38:02.7382267Z   PKG_CONFIG_PATH: /opt/hostedtoolcache/Python/3.13.15/x64/lib/pkgconfig
2026-09-24T01:38:02.7382570Z   Python_ROOT_DIR: /opt/hostedtoolcache/Python/3.13.15/x64
2026-09-24T01:38:02.7382846Z   Python2_ROOT_DIR: /opt/hostedtoolcache/Python/3.13.15/x64
2026-09-24T01:38:02.7383119Z   Python3_ROOT_DIR: /opt/hostedtoolcache/Python/3.13.15/x64
2026-09-24T01:38:02.7383429Z   LD_LIBRARY_PATH: /opt/hostedtoolcache/Python/3.13.15/x64/lib
2026-09-24T01:38:02.7383662Z ##[endgroup]
2026-09-24T01:38:02.8490642Z With the provided path, there will be 1 file uploaded
2026-09-24T01:38:02.8493644Z Artifact name is valid!
2026-09-24T01:38:02.8495158Z Root directory input is valid!
2026-09-24T01:38:03.1486988Z Beginning upload of artifact content to blob storage
2026-09-24T01:38:03.3078136Z Uploaded bytes 29200
2026-09-24T01:38:03.3412678Z Finished uploading artifact content to blob storage!
2026-09-24T01:38:03.3413259Z SHA256 digest of uploaded artifact zip is 4d0152d0d370205ae66d36400213fa9d6be0bf1c681baf3203df94e3f333abd3
2026-09-24T01:38:03.3414466Z Finalizing artifact upload
2026-09-24T01:38:03.6291732Z Artifact unittest-Linux-py3.13.zip successfully finalized. Artifact ID 10785099283
2026-09-24T01:38:03.6292522Z Artifact unittest-Linux-py3.13 has been successfully uploaded! Final size is 29200 bytes. Artifact ID is 10785099283
2026-09-24T01:38:03.6297685Z Artifact download URL: https://github.com/TFourniax/tooltest/actions/runs/35943477282/artifacts/10785099283
2026-09-24T01:38:03.6473397Z Post job cleanup.
2026-09-24T01:38:03.7133392Z [command]/usr/bin/git version
2026-09-24T01:38:03.7162259Z git version 2.55.0
2026-09-24T01:38:03.7187515Z Temporarily overriding HOME='/home/runner/work/_temp/e59b1b02-206f-4479-a4e7-afcf61c2b797' before making global git config changes
2026-09-24T01:38:03.7188577Z Adding repository directory to the temporary git global config as a safe directory
2026-09-24T01:38:03.7192090Z [command]/usr/bin/git config --global --add safe.directory /home/runner/work/tooltest/tooltest
2026-09-24T01:38:03.7215561Z Removing SSH command configuration
2026-09-24T01:38:03.7220174Z [command]/usr/bin/git config --local --name-only --get-regexp core\.sshCommand
2026-09-24T01:38:03.7246003Z [command]/usr/bin/git submodule foreach --recursive sh -c "git config --local --name-only --get-regexp 'core\.sshCommand' && git config --local --unset-all 'core.sshCommand' || :"
2026-09-24T01:38:03.7404717Z Removing HTTP extra header
2026-09-24T01:38:03.7416696Z [command]/usr/bin/git config --local --name-only --get-regexp http\.https\:\/\/github\.com\/\.extraheader
2026-09-24T01:38:03.7443166Z [command]/usr/bin/git submodule foreach --recursive sh -c "git config --local --name-only --get-regexp 'http\.https\:\/\/github\.com\/\.extraheader' && git config --local --unset-all 'http.https://github.com/.extraheader' || :"
2026-09-24T01:38:03.7604912Z Removing includeIf entries pointing to credentials config files
2026-09-24T01:38:03.7609236Z [command]/usr/bin/git config --local --name-only --get-regexp ^includeIf\.gitdir:
2026-09-24T01:38:03.7625346Z includeif.gitdir:/home/runner/work/tooltest/tooltest/.git.path
2026-09-24T01:38:03.7625927Z includeif.gitdir:/home/runner/work/tooltest/tooltest/.git/worktrees/*.path
2026-09-24T01:38:03.7626474Z includeif.gitdir:/github/workspace/.git.path
2026-09-24T01:38:03.7626968Z includeif.gitdir:/github/workspace/.git/worktrees/*.path
2026-09-24T01:38:03.7630880Z [command]/usr/bin/git config --local --get-all includeif.gitdir:/home/runner/work/tooltest/tooltest/.git.path
2026-09-24T01:38:03.7654203Z /home/runner/work/_temp/git-credentials-1c13b5d0-369c-4584-8195-77e75b6823be.config
2026-09-24T01:38:03.7662643Z [command]/usr/bin/git config --local --unset includeif.gitdir:/home/runner/work/tooltest/tooltest/.git.path \/home\/runner\/work\/_temp\/git\-credentials\-1c13b5d0\-369c\-4584\-8195\-77e75b6823be\.config
2026-09-24T01:38:03.7691656Z [command]/usr/bin/git config --local --get-all includeif.gitdir:/home/runner/work/tooltest/tooltest/.git/worktrees/*.path
2026-09-24T01:38:03.7714834Z /home/runner/work/_temp/git-credentials-1c13b5d0-369c-4584-8195-77e75b6823be.config
2026-09-24T01:38:03.7720580Z [command]/usr/bin/git config --local --unset includeif.gitdir:/home/runner/work/tooltest/tooltest/.git/worktrees/*.path \/home\/runner\/work\/_temp\/git\-credentials\-1c13b5d0\-369c\-4584\-8195\-77e75b6823be\.config
2026-09-24T01:38:03.7750094Z [command]/usr/bin/git config --local --get-all includeif.gitdir:/github/workspace/.git.path
2026-09-24T01:38:03.7765957Z /github/runner_temp/git-credentials-1c13b5d0-369c-4584-8195-77e75b6823be.config
2026-09-24T01:38:03.7770710Z [command]/usr/bin/git config --local --unset includeif.gitdir:/github/workspace/.git.path \/github\/runner_temp\/git\-credentials\-1c13b5d0\-369c\-4584\-8195\-77e75b6823be\.config
2026-09-24T01:38:03.7798785Z [command]/usr/bin/git config --local --get-all includeif.gitdir:/github/workspace/.git/worktrees/*.path
2026-09-24T01:38:03.7813691Z /github/runner_temp/git-credentials-1c13b5d0-369c-4584-8195-77e75b6823be.config
2026-09-24T01:38:03.7820089Z [command]/usr/bin/git config --local --unset includeif.gitdir:/github/workspace/.git/worktrees/*.path \/github\/runner_temp\/git\-credentials\-1c13b5d0\-369c\-4584\-8195\-77e75b6823be\.config
2026-09-24T01:38:03.7846559Z [command]/usr/bin/git submodule foreach --recursive git config --local --show-origin --name-only --get-regexp remote.origin.url
2026-09-24T01:38:03.7979765Z Removing credentials config '/home/runner/work/_temp/git-credentials-1c13b5d0-369c-4584-8195-77e75b6823be.config'
2026-09-24T01:38:03.8086033Z Cleaning up orphan processes
