2026-09-24T04:44:10.0576850Z Current runner version: '2.337.0'
2026-09-24T04:44:10.0602966Z ##[group]Runner Image Provisioner
2026-09-24T04:44:10.0603988Z Hosted Compute Agent
2026-09-24T04:44:10.0604622Z Version: 20260828.587
2026-09-24T04:44:10.0605318Z Commit: abac92662cab4cc7352de4f9f9d2e2419aad9c29
2026-09-24T04:44:10.0606084Z Build Date: 2026-08-28T16:44:25Z
2026-09-24T04:44:10.0606758Z Worker ID: {cb357e31-63eb-42ed-bc98-cdb5fce82498}
2026-09-24T04:44:10.0607541Z Azure Region: westus3
2026-09-24T04:44:10.0608114Z ##[endgroup]
2026-09-24T04:44:10.0609861Z ##[group]Operating System
2026-09-24T04:44:10.0610578Z Ubuntu
2026-09-24T04:44:10.0611093Z 24.04.5
2026-09-24T04:44:10.0611795Z LTS
2026-09-24T04:44:10.0612342Z ##[endgroup]
2026-09-24T04:44:10.0612932Z ##[group]Runner Image
2026-09-24T04:44:10.0613575Z Image: ubuntu-24.04
2026-09-24T04:44:10.0614142Z Version: 20260907.300.1
2026-09-24T04:44:10.0615502Z Included Software: https://github.com/actions/runner-images/blob/ubuntu24/20260907.300/images/ubuntu/Ubuntu2404-Readme.md
2026-09-24T04:44:10.0617212Z Image Release: https://github.com/actions/runner-images/releases/tag/ubuntu24%2F20260907.300
2026-09-24T04:44:10.0618240Z ##[endgroup]
2026-09-24T04:44:10.0619390Z ##[group]GITHUB_TOKEN Permissions
2026-09-24T04:44:10.0621583Z Contents: read
2026-09-24T04:44:10.0622183Z Metadata: read
2026-09-24T04:44:10.0622877Z ##[endgroup]
2026-09-24T04:44:10.0624975Z Secret source: Actions
2026-09-24T04:44:10.0626013Z Cache mode: write
2026-09-24T04:44:10.0626725Z Prepare workflow directory
2026-09-24T04:44:10.0974042Z Prepare all required actions
2026-09-24T04:44:10.1022397Z Getting action download info
2026-09-24T04:44:10.4368777Z Download action repository 'actions/checkout@v7' (SHA:3d3c42e5aac5ba805825da76410c181273ba90b1)
2026-09-24T04:44:10.5898041Z Download action repository 'actions/setup-python@v7' (SHA:5fda3b95a4ea91299a34e894583c3862153e4b97)
2026-09-24T04:44:10.6778838Z Download action repository 'actions/upload-artifact@v6' (SHA:b7c566a772e6b6bfb58ed0dc250532a479d7789f)
2026-09-24T04:44:10.9132818Z Complete job name: test (ubuntu-latest, 3.11)
2026-09-24T04:44:11.0022156Z ##[group]Run actions/checkout@v7
2026-09-24T04:44:11.0023028Z with:
2026-09-24T04:44:11.0023474Z   repository: TFourniax/tooltest
2026-09-24T04:44:11.0028407Z   token: ***
2026-09-24T04:44:11.0029182Z   ssh-strict: true
2026-09-24T04:44:11.0030208Z   ssh-user: git
2026-09-24T04:44:11.0030964Z   persist-credentials: true
2026-09-24T04:44:11.0031665Z   clean: true
2026-09-24T04:44:11.0032114Z   sparse-checkout-cone-mode: true
2026-09-24T04:44:11.0032629Z   fetch-depth: 1
2026-09-24T04:44:11.0033054Z   fetch-tags: false
2026-09-24T04:44:11.0033487Z   show-progress: true
2026-09-24T04:44:11.0033933Z   lfs: false
2026-09-24T04:44:11.0034358Z   submodules: false
2026-09-24T04:44:11.0034803Z   set-safe-directory: true
2026-09-24T04:44:11.0035305Z   allow-unsafe-pr-checkout: false
2026-09-24T04:44:11.0036294Z ##[endgroup]
2026-09-24T04:44:11.1170965Z Syncing repository: TFourniax/tooltest
2026-09-24T04:44:11.1174191Z ##[group]Getting Git version info
2026-09-24T04:44:11.1175475Z Working directory is '/home/runner/work/tooltest/tooltest'
2026-09-24T04:44:11.1177188Z [command]/usr/bin/git version
2026-09-24T04:44:11.1335196Z git version 2.55.0
2026-09-24T04:44:11.1369109Z ##[endgroup]
2026-09-24T04:44:11.1384503Z Temporarily overriding HOME='/home/runner/work/_temp/45d9ebfd-2982-464a-b6bc-7b8bfb2abe98' before making global git config changes
2026-09-24T04:44:11.1387053Z Adding repository directory to the temporary git global config as a safe directory
2026-09-24T04:44:11.1394002Z [command]/usr/bin/git config --global --add safe.directory /home/runner/work/tooltest/tooltest
2026-09-24T04:44:11.1476128Z Deleting the contents of '/home/runner/work/tooltest/tooltest'
2026-09-24T04:44:11.1501997Z ##[group]Determining repository object format
2026-09-24T04:44:11.1511276Z ##[endgroup]
2026-09-24T04:44:11.1512854Z ##[group]Initializing the repository
2026-09-24T04:44:11.1514189Z [command]/usr/bin/git init /home/runner/work/tooltest/tooltest
2026-09-24T04:44:11.1634408Z hint: Using 'master' as the name for the initial branch. This default branch name
2026-09-24T04:44:11.1636580Z hint: will change to "main" in Git 3.0. To configure the initial branch name
2026-09-24T04:44:11.1642316Z hint: to use in all of your new repositories, which will suppress this warning,
2026-09-24T04:44:11.1644075Z hint: call:
2026-09-24T04:44:11.1645176Z hint:
2026-09-24T04:44:11.1646496Z hint: 	git config --global init.defaultBranch <name>
2026-09-24T04:44:11.1647903Z hint:
2026-09-24T04:44:11.1649138Z hint: Names commonly chosen instead of 'master' are 'main', 'trunk' and
2026-09-24T04:44:11.1651550Z hint: 'development'. The just-created branch can be renamed via this command:
2026-09-24T04:44:11.1745414Z hint:
2026-09-24T04:44:11.1746696Z hint: 	git branch -m <name>
2026-09-24T04:44:11.1748015Z hint:
2026-09-24T04:44:11.1749257Z hint: Disable this message with "git config set advice.defaultBranchName false"
2026-09-24T04:44:11.1751658Z Initialized empty Git repository in /home/runner/work/tooltest/tooltest/.git/
2026-09-24T04:44:11.1755305Z [command]/usr/bin/git remote add origin https://github.com/TFourniax/tooltest
2026-09-24T04:44:11.1759431Z ##[endgroup]
2026-09-24T04:44:11.1760902Z ##[group]Disabling automatic garbage collection
2026-09-24T04:44:11.1761973Z [command]/usr/bin/git config --local gc.auto 0
2026-09-24T04:44:11.1782873Z ##[endgroup]
2026-09-24T04:44:11.1784768Z ##[group]Setting up auth
2026-09-24T04:44:11.1786132Z Removing SSH command configuration
2026-09-24T04:44:11.1791454Z [command]/usr/bin/git config --local --name-only --get-regexp core\.sshCommand
2026-09-24T04:44:11.1839964Z [command]/usr/bin/git submodule foreach --recursive sh -c "git config --local --name-only --get-regexp 'core\.sshCommand' && git config --local --unset-all 'core.sshCommand' || :"
2026-09-24T04:44:11.2254669Z Removing HTTP extra header
2026-09-24T04:44:11.2260335Z [command]/usr/bin/git config --local --name-only --get-regexp http\.https\:\/\/github\.com\/\.extraheader
2026-09-24T04:44:11.2297350Z [command]/usr/bin/git submodule foreach --recursive sh -c "git config --local --name-only --get-regexp 'http\.https\:\/\/github\.com\/\.extraheader' && git config --local --unset-all 'http.https://github.com/.extraheader' || :"
2026-09-24T04:44:11.2526009Z Removing includeIf entries pointing to credentials config files
2026-09-24T04:44:11.2532262Z [command]/usr/bin/git config --local --name-only --get-regexp ^includeIf\.gitdir:
2026-09-24T04:44:11.2571548Z [command]/usr/bin/git submodule foreach --recursive git config --local --show-origin --name-only --get-regexp remote.origin.url
2026-09-24T04:44:11.2808675Z [command]/usr/bin/git config --file /home/runner/work/_temp/git-credentials-ac38cdd9-5600-4779-a84a-3b10da274d15.config http.https://github.com/.extraheader AUTHORIZATION: basic ***
2026-09-24T04:44:11.2856676Z [command]/usr/bin/git config --local includeIf.gitdir:/home/runner/work/tooltest/tooltest/.git.path /home/runner/work/_temp/git-credentials-ac38cdd9-5600-4779-a84a-3b10da274d15.config
2026-09-24T04:44:11.2893754Z [command]/usr/bin/git config --local includeIf.gitdir:/home/runner/work/tooltest/tooltest/.git/worktrees/*.path /home/runner/work/_temp/git-credentials-ac38cdd9-5600-4779-a84a-3b10da274d15.config
2026-09-24T04:44:11.2934280Z [command]/usr/bin/git config --local includeIf.gitdir:/github/workspace/.git.path /github/runner_temp/git-credentials-ac38cdd9-5600-4779-a84a-3b10da274d15.config
2026-09-24T04:44:11.2970957Z [command]/usr/bin/git config --local includeIf.gitdir:/github/workspace/.git/worktrees/*.path /github/runner_temp/git-credentials-ac38cdd9-5600-4779-a84a-3b10da274d15.config
2026-09-24T04:44:11.3003067Z ##[endgroup]
2026-09-24T04:44:11.3003996Z ##[group]Fetching the repository
2026-09-24T04:44:11.3010036Z [command]/usr/bin/git -c protocol.version=2 fetch --no-tags --prune --no-recurse-submodules --depth=1 origin +6ce6d521ff0213d608e86c965ea7ac87f41cb80e:refs/remotes/pull/128/merge
2026-09-24T04:44:12.9264022Z From https://github.com/TFourniax/tooltest
2026-09-24T04:44:12.9265626Z  * [new ref]         6ce6d521ff0213d608e86c965ea7ac87f41cb80e -> pull/128/merge
2026-09-24T04:44:12.9268357Z ##[endgroup]
2026-09-24T04:44:12.9269296Z ##[group]Determining the checkout info
2026-09-24T04:44:12.9272191Z ##[endgroup]
2026-09-24T04:44:12.9275515Z [command]/usr/bin/git sparse-checkout disable
2026-09-24T04:44:12.9332585Z [command]/usr/bin/git config --local --unset-all extensions.worktreeConfig
2026-09-24T04:44:12.9369023Z ##[group]Checking out the ref
2026-09-24T04:44:12.9373305Z [command]/usr/bin/git checkout --progress --force refs/remotes/pull/128/merge
2026-09-24T04:44:13.0108960Z Note: switching to 'refs/remotes/pull/128/merge'.
2026-09-24T04:44:13.0110609Z 
2026-09-24T04:44:13.0111554Z You are in 'detached HEAD' state. You can look around, make experimental
2026-09-24T04:44:13.0113684Z changes and commit them, and you can discard any commits you make in this
2026-09-24T04:44:13.0115778Z state without impacting any branches by switching back to a branch.
2026-09-24T04:44:13.0117076Z 
2026-09-24T04:44:13.0120683Z If you want to create a new branch to retain commits you create, you may
2026-09-24T04:44:13.0122902Z do so (now or later) by using -c with the switch command. Example:
2026-09-24T04:44:13.0124126Z 
2026-09-24T04:44:13.0124795Z   git switch -c <new-branch-name>
2026-09-24T04:44:13.0125779Z 
2026-09-24T04:44:13.0126397Z Or undo this operation with:
2026-09-24T04:44:13.0127325Z 
2026-09-24T04:44:13.0127850Z   git switch -
2026-09-24T04:44:13.0128576Z 
2026-09-24T04:44:13.0129944Z Turn off this advice by setting config variable advice.detachedHead to false
2026-09-24T04:44:13.0131660Z 
2026-09-24T04:44:13.0133828Z HEAD is now at 6ce6d52 Merge d114cd5ad129dc0eb32bea59ff3d0ac7bc43bd84 into c03164e75e805ff1df976e55cdf6d86073e89b04
2026-09-24T04:44:13.0139149Z ##[endgroup]
2026-09-24T04:44:13.0181770Z [command]/usr/bin/git log -1 --format=%H
2026-09-24T04:44:13.0212314Z 6ce6d521ff0213d608e86c965ea7ac87f41cb80e
2026-09-24T04:44:13.0595507Z ##[group]Run actions/setup-python@v7
2026-09-24T04:44:13.0596773Z with:
2026-09-24T04:44:13.0597690Z   python-version: 3.11
2026-09-24T04:44:13.0598692Z   check-latest: false
2026-09-24T04:44:13.0608750Z   token: ***
2026-09-24T04:44:13.0609991Z   update-environment: true
2026-09-24T04:44:13.0611099Z   allow-prereleases: false
2026-09-24T04:44:13.0612174Z   freethreaded: false
2026-09-24T04:44:13.0613130Z ##[endgroup]
2026-09-24T04:44:13.1793400Z ##[group]Installed versions
2026-09-24T04:44:13.1910911Z Successfully set up CPython (3.11.16)
2026-09-24T04:44:13.1913563Z ##[endgroup]
2026-09-24T04:44:13.2149282Z ##[group]Run python -m pip install -e .
2026-09-24T04:44:13.2151702Z [36;1mpython -m pip install -e .[0m
2026-09-24T04:44:13.2223627Z shell: /usr/bin/bash -e {0}
2026-09-24T04:44:13.2225435Z env:
2026-09-24T04:44:13.2227697Z   pythonLocation: /opt/hostedtoolcache/Python/3.11.16/x64
2026-09-24T04:44:13.2230413Z   PKG_CONFIG_PATH: /opt/hostedtoolcache/Python/3.11.16/x64/lib/pkgconfig
2026-09-24T04:44:13.2232192Z   Python_ROOT_DIR: /opt/hostedtoolcache/Python/3.11.16/x64
2026-09-24T04:44:13.2233793Z   Python2_ROOT_DIR: /opt/hostedtoolcache/Python/3.11.16/x64
2026-09-24T04:44:13.2235383Z   Python3_ROOT_DIR: /opt/hostedtoolcache/Python/3.11.16/x64
2026-09-24T04:44:13.2237104Z   LD_LIBRARY_PATH: /opt/hostedtoolcache/Python/3.11.16/x64/lib
2026-09-24T04:44:13.2240938Z ##[endgroup]
2026-09-24T04:44:14.1711500Z Obtaining file:///home/runner/work/tooltest/tooltest
2026-09-24T04:44:14.1727786Z   Installing build dependencies: started
2026-09-24T04:44:14.9711881Z   Installing build dependencies: finished with status 'done'
2026-09-24T04:44:14.9717529Z   Checking if build backend supports build_editable: started
2026-09-24T04:44:15.2815722Z   Checking if build backend supports build_editable: finished with status 'done'
2026-09-24T04:44:15.2823253Z   Getting requirements to build editable: started
2026-09-24T04:44:15.5973208Z   Getting requirements to build editable: finished with status 'done'
2026-09-24T04:44:15.5982092Z   Preparing editable metadata (pyproject.toml): started
2026-09-24T04:44:15.7830333Z   Preparing editable metadata (pyproject.toml): finished with status 'done'
2026-09-24T04:44:15.7879107Z Building wheels for collected packages: diffwitness
2026-09-24T04:44:15.7886869Z   Building editable for diffwitness (pyproject.toml): started
2026-09-24T04:44:16.0051921Z   Building editable for diffwitness (pyproject.toml): finished with status 'done'
2026-09-24T04:44:16.0062012Z   Created wheel for diffwitness: filename=diffwitness-0.4.0a1-0.editable-py3-none-any.whl size=13223 sha256=f0d72b206799e4c115499a358fb0e1250b93205ea43aa4314f7b1c49aeb29a6c
2026-09-24T04:44:16.0064586Z   Stored in directory: /tmp/pip-ephem-wheel-cache-o7iqi0fr/wheels/1d/e2/0c/8df4c5f7ed0b68981a66a62e05333067f34d74dcef53b2c7d9
2026-09-24T04:44:16.0094507Z Successfully built diffwitness
2026-09-24T04:44:16.0246177Z Installing collected packages: diffwitness
2026-09-24T04:44:16.0322843Z Successfully installed diffwitness-0.4.0a1
2026-09-24T04:44:16.0938336Z ##[group]Run python -m pip check
2026-09-24T04:44:16.0938744Z [36;1mpython -m pip check[0m
2026-09-24T04:44:16.0978181Z shell: /usr/bin/bash -e {0}
2026-09-24T04:44:16.0978452Z env:
2026-09-24T04:44:16.0978734Z   pythonLocation: /opt/hostedtoolcache/Python/3.11.16/x64
2026-09-24T04:44:16.0979192Z   PKG_CONFIG_PATH: /opt/hostedtoolcache/Python/3.11.16/x64/lib/pkgconfig
2026-09-24T04:44:16.0979914Z   Python_ROOT_DIR: /opt/hostedtoolcache/Python/3.11.16/x64
2026-09-24T04:44:16.0980337Z   Python2_ROOT_DIR: /opt/hostedtoolcache/Python/3.11.16/x64
2026-09-24T04:44:16.0980752Z   Python3_ROOT_DIR: /opt/hostedtoolcache/Python/3.11.16/x64
2026-09-24T04:44:16.0981160Z   LD_LIBRARY_PATH: /opt/hostedtoolcache/Python/3.11.16/x64/lib
2026-09-24T04:44:16.0981511Z ##[endgroup]
2026-09-24T04:44:16.2867934Z No broken requirements found.
2026-09-24T04:44:16.3202600Z ##[group]Run python -m compileall -q src integrations scripts
2026-09-24T04:44:16.3203489Z [36;1mpython -m compileall -q src integrations scripts[0m
2026-09-24T04:44:16.3263397Z shell: /usr/bin/bash -e {0}
2026-09-24T04:44:16.3263902Z env:
2026-09-24T04:44:16.3264399Z   pythonLocation: /opt/hostedtoolcache/Python/3.11.16/x64
2026-09-24T04:44:16.3265227Z   PKG_CONFIG_PATH: /opt/hostedtoolcache/Python/3.11.16/x64/lib/pkgconfig
2026-09-24T04:44:16.3266012Z   Python_ROOT_DIR: /opt/hostedtoolcache/Python/3.11.16/x64
2026-09-24T04:44:16.3266726Z   Python2_ROOT_DIR: /opt/hostedtoolcache/Python/3.11.16/x64
2026-09-24T04:44:16.3267462Z   Python3_ROOT_DIR: /opt/hostedtoolcache/Python/3.11.16/x64
2026-09-24T04:44:16.3268184Z   LD_LIBRARY_PATH: /opt/hostedtoolcache/Python/3.11.16/x64/lib
2026-09-24T04:44:16.3268785Z ##[endgroup]
2026-09-24T04:44:16.6607554Z ##[group]Run set +e
2026-09-24T04:44:16.6607842Z [36;1mset +e[0m
2026-09-24T04:44:16.6608168Z [36;1mpython -m unittest discover -s tests -v 2>&1 | tee unittest.log[0m
2026-09-24T04:44:16.6608569Z [36;1mrc=${PIPESTATUS[0]}[0m
2026-09-24T04:44:16.6608859Z [36;1mecho "return_code=$rc" >> "$GITHUB_OUTPUT"[0m
2026-09-24T04:44:16.6609158Z [36;1mexit "$rc"[0m
2026-09-24T04:44:16.6647988Z shell: /usr/bin/bash --noprofile --norc -e -o pipefail {0}
2026-09-24T04:44:16.6648351Z env:
2026-09-24T04:44:16.6648633Z   pythonLocation: /opt/hostedtoolcache/Python/3.11.16/x64
2026-09-24T04:44:16.6649091Z   PKG_CONFIG_PATH: /opt/hostedtoolcache/Python/3.11.16/x64/lib/pkgconfig
2026-09-24T04:44:16.6649535Z   Python_ROOT_DIR: /opt/hostedtoolcache/Python/3.11.16/x64
2026-09-24T04:44:16.6650167Z   Python2_ROOT_DIR: /opt/hostedtoolcache/Python/3.11.16/x64
2026-09-24T04:44:16.6650577Z   Python3_ROOT_DIR: /opt/hostedtoolcache/Python/3.11.16/x64
2026-09-24T04:44:16.6651016Z   LD_LIBRARY_PATH: /opt/hostedtoolcache/Python/3.11.16/x64/lib
2026-09-24T04:44:16.6651350Z ##[endgroup]
2026-09-24T04:44:17.3077708Z test_acceptance_harnesses_preserve_utf8_subprocess_output (test_acceptance_utf8.AcceptanceEncodingTests.test_acceptance_harnesses_preserve_utf8_subprocess_output) ... ok
2026-09-24T04:44:17.6510920Z test_advisory_partition_can_spend_tiny_budget_but_public_runner_still_proves_removal (test_adaptive.AdaptiveCoreTests.test_advisory_partition_can_spend_tiny_budget_but_public_runner_still_proves_removal) ... ok
2026-09-24T04:44:18.3491180Z test_finds_one_hunk_core_without_testing_every_surplus_hunk (test_adaptive.AdaptiveCoreTests.test_finds_one_hunk_core_without_testing_every_surplus_hunk) ... ok
2026-09-24T04:44:18.3817488Z test_invalid_advisory_plan_fails_before_any_search (test_adaptive.AdaptiveCoreTests.test_invalid_advisory_plan_fails_before_any_search) ... ok
2026-09-24T04:44:18.5366184Z test_behavior_preserving_refactor_gets_preservation_evidence (test_assurance.AssuranceTests.test_behavior_preserving_refactor_gets_preservation_evidence) ... ok
2026-09-24T04:44:18.7307790Z test_changed_tests_that_already_pass_on_base_are_non_discriminating (test_assurance.AssuranceTests.test_changed_tests_that_already_pass_on_base_are_non_discriminating) ... DiffWitness Gate rejected: changed tests do not discriminate the production change from base
2026-09-24T04:44:18.7326262Z ok
2026-09-24T04:44:18.7476493Z test_gate_balanced_accepts_and_public_verify_understands_assurance (test_assurance.AssuranceTests.test_gate_balanced_accepts_and_public_verify_understands_assurance) ... DiffWitness Gate: non-discriminating-change under balanced policy (dwa1_30850c6df80413204b02)
2026-09-24T04:44:18.9633267Z DiffWitness Gate: preservation-evidence under balanced policy (dwa1_7eac1c5a7d2810eb3faf)
2026-09-24T04:44:18.9634039Z DiffWitness Gate accepted: balanced policy accepts stable preservation assurance
2026-09-24T04:44:18.9634942Z Project continuity: 2 new change event(s) · dwchg_6a6404c827fae4e5d2d3cc41
2026-09-24T04:44:18.9833979Z certificate: dwa1_7eac1c5a7d2810eb3faf
2026-09-24T04:44:18.9834966Z integrity:   valid
2026-09-24T04:44:18.9835680Z freshness:   fresh against WORKTREE
2026-09-24T04:44:18.9836254Z candidate:   embedded-tree
2026-09-24T04:44:18.9836748Z base:        embedded-tree
2026-09-24T04:44:18.9837216Z verdict:     VALID
2026-09-24T04:44:19.0031219Z certificate: dwa1_7eac1c5a7d2810eb3faf
2026-09-24T04:44:19.0031841Z integrity:   valid
2026-09-24T04:44:19.0032250Z freshness:   stale against WORKTREE
2026-09-24T04:44:19.0032736Z candidate:   embedded-tree
2026-09-24T04:44:19.0033153Z base:        embedded-tree
2026-09-24T04:44:19.0033489Z verdict:     INVALID
2026-09-24T04:44:19.1714698Z DiffWitness Gate rejected: candidate is not stably green
2026-09-24T04:44:19.1736863Z ok
2026-09-24T04:44:19.1881946Z test_noop_certificate_is_fresh_then_stale_after_content_changes (test_attest.AttestationTests.test_noop_certificate_is_fresh_then_stale_after_content_changes) ... DiffWitness Gate: candidate-not-stable-green under strict policy (dwa1_ca65428149a71a34da74)
2026-09-24T04:44:19.2287268Z DiffWitness: proof not required (dw0_01cca702eca12b0bfc48); no executable causal mutation detected.
2026-09-24T04:44:19.2632251Z certificate: dw0_01cca702eca12b0bfc48
2026-09-24T04:44:19.2633080Z integrity:   valid
2026-09-24T04:44:19.2633550Z freshness:   fresh against WORKTREE
2026-09-24T04:44:19.2634012Z candidate:   embedded-tree
2026-09-24T04:44:19.2634834Z base:        embedded-tree
2026-09-24T04:44:19.2635309Z artifacts:   ignored proof.json
2026-09-24T04:44:19.2635744Z verdict:     VALID
2026-09-24T04:44:19.2843270Z ok
2026-09-24T04:44:19.2986519Z test_tree_bound_validation_proof_verifies_in_fresh_clone_without_snapshot_commit (test_attest.AttestationTests.test_tree_bound_validation_proof_verifies_in_fresh_clone_without_snapshot_commit) ... certificate: dw0_01cca702eca12b0bfc48
2026-09-24T04:44:19.2987755Z integrity:   valid
2026-09-24T04:44:19.2988033Z freshness:   stale against WORKTREE
2026-09-24T04:44:19.2988389Z candidate:   embedded-tree
2026-09-24T04:44:19.2988688Z base:        embedded-tree
2026-09-24T04:44:19.2988975Z artifacts:   ignored proof.json
2026-09-24T04:44:19.2989263Z verdict:     INVALID
2026-09-24T04:44:19.4805246Z DiffWitness: validation-only stable-pass (dwv1_9a41ad1e4797baa62985)
2026-09-24T04:44:19.4806624Z Project continuity: 2 new change event(s) · dwchg_79d60c39276bf1ca73bfb618
2026-09-24T04:44:19.4950964Z ok
2026-09-24T04:44:19.5092424Z test_verified_worktree_proof_can_be_attached_after_identical_commit (test_attest.AttestationTests.test_verified_worktree_proof_can_be_attached_after_identical_commit) ... certificate: dwv1_9a41ad1e4797baa62985
2026-09-24T04:44:19.5093886Z integrity:   valid
2026-09-24T04:44:19.5094132Z freshness:   fresh against HEAD
2026-09-24T04:44:19.5094412Z candidate:   embedded-tree
2026-09-24T04:44:19.5094668Z base:        embedded-tree
2026-09-24T04:44:19.5094916Z verdict:     VALID
2026-09-24T04:44:19.5419102Z DiffWitness: proof not required (dw0_01cca702eca12b0bfc48); no executable causal mutation detected.
2026-09-24T04:44:19.5667091Z ok
2026-09-24T04:44:19.5674550Z test_detects_pytest_configuration (test_autodetect.AutoDetectTests.test_detects_pytest_configuration) ... ok
2026-09-24T04:44:19.5681159Z test_falls_back_to_unittest_for_plain_tests_directory (test_autodetect.AutoDetectTests.test_falls_back_to_unittest_for_plain_tests_directory) ... ok
2026-09-24T04:44:19.5690842Z test_prefers_declared_pnpm_test_script (test_autodetect.AutoDetectTests.test_prefers_declared_pnpm_test_script) ... ok
2026-09-24T04:44:19.5696390Z test_unified_schema_declares_every_public_certificate_family (test_certificate_schema.CertificateSchemaTests.test_unified_schema_declares_every_public_certificate_family) ... ok
2026-09-24T04:44:19.6358672Z test_binds_proof_debt_and_idleproof_to_one_exact_change (test_change_envelope.ChangeEnvelopeTests.test_binds_proof_debt_and_idleproof_to_one_exact_change) ... ok
2026-09-24T04:44:19.6624351Z test_corrupt_evidence_and_empty_envelope_fail_closed (test_change_envelope.ChangeEnvelopeTests.test_corrupt_evidence_and_empty_envelope_fail_closed) ... ok
2026-09-24T04:44:19.6832487Z test_idleproof_state_and_local_hook_files_do_not_change_diffwitness_worktree_identity (test_change_envelope.ChangeEnvelopeTests.test_idleproof_state_and_local_hook_files_do_not_change_diffwitness_worktree_identity) ... ok
2026-09-24T04:44:19.7494787Z test_mismatched_debt_candidate_tree_fails_closed (test_change_envelope.ChangeEnvelopeTests.test_mismatched_debt_candidate_tree_fails_closed) ... ok
2026-09-24T04:44:19.8134482Z test_mismatched_idleproof_change_fails_closed (test_change_envelope.ChangeEnvelopeTests.test_mismatched_idleproof_change_fails_closed) ... ok
2026-09-24T04:44:19.9755790Z test_init_creates_pinned_workflow_with_explicit_commands (test_cli.CliTests.test_init_creates_pinned_workflow_with_explicit_commands) ... ok
2026-09-24T04:44:20.3738919Z test_prove_writes_v2_certificate_and_markdown (test_cli.CliTests.test_prove_writes_v2_certificate_and_markdown) ... ok
2026-09-24T04:44:20.6618544Z test_direct_frontends_also_parse_before_preflight_or_discovery (test_cli_informational_safety.InformationalSafetyTests.test_direct_frontends_also_parse_before_preflight_or_discovery) ... ok
2026-09-24T04:44:21.0889915Z test_explicit_proof_still_executes_repository_tests (test_cli_informational_safety.InformationalSafetyTests.test_explicit_proof_still_executes_repository_tests) ... ok
2026-09-24T04:44:24.0324936Z test_help_and_version_preserve_repository_and_historical_evidence (test_cli_informational_safety.InformationalSafetyTests.test_help_and_version_preserve_repository_and_historical_evidence) ... ok
2026-09-24T04:44:24.4575247Z test_help_inside_explicit_test_command_still_executes (test_cli_informational_safety.InformationalSafetyTests.test_help_inside_explicit_test_command_still_executes) ... ok
2026-09-24T04:44:25.2376846Z test_invalid_options_fail_before_execution_or_certificate_deletion (test_cli_informational_safety.InformationalSafetyTests.test_invalid_options_fail_before_execution_or_certificate_deletion) ... ok
2026-09-24T04:44:25.2387694Z test_invalid_policy_and_budget_are_rejected (test_config.ConfigTests.test_invalid_policy_and_budget_are_rejected) ... ok
2026-09-24T04:44:25.2404612Z test_non_finite_timeouts_are_rejected_in_core_and_engine_config (test_config.ConfigTests.test_non_finite_timeouts_are_rejected_in_core_and_engine_config) ... ok
2026-09-24T04:44:25.2409249Z test_unknown_key_fails_closed (test_config.ConfigTests.test_unknown_key_fails_closed) ... ok
2026-09-24T04:44:25.2430498Z test_valid_gate_configuration_round_trips (test_config.ConfigTests.test_valid_gate_configuration_round_trips) ... ok
2026-09-24T04:44:25.2761014Z test_context_uses_project_test_configuration_without_private_engine_access (test_context_process_budget.ContextProcessBudgetTests.test_context_uses_project_test_configuration_without_private_engine_access) ... ok
2026-09-24T04:44:25.2923650Z test_failed_committed_history_walk_is_not_an_unborn_fingerprint (test_context_process_budget.ContextProcessBudgetTests.test_failed_committed_history_walk_is_not_an_unborn_fingerprint) ... ok
2026-09-24T04:44:25.3247146Z test_fingerprint_uses_reachable_roots_and_ignores_other_refs (test_context_process_budget.ContextProcessBudgetTests.test_fingerprint_uses_reachable_roots_and_ignores_other_refs) ... ok
2026-09-24T04:44:25.3528926Z test_malformed_project_configuration_still_fails (test_context_process_budget.ContextProcessBudgetTests.test_malformed_project_configuration_still_fails) ... ok
2026-09-24T04:44:25.4074745Z test_warm_context_uses_at_most_five_git_processes (test_context_process_budget.ContextProcessBudgetTests.test_warm_context_uses_at_most_five_git_processes) ... ok
2026-09-24T04:44:25.4823752Z test_bounds_and_repository_eviction_force_complete_validation (test_continuity_append_cache.AppendCacheTests.test_bounds_and_repository_eviction_force_complete_validation) ... ok
2026-09-24T04:44:25.5258831Z test_caller_inputs_and_results_cannot_mutate_cached_history (test_continuity_append_cache.AppendCacheTests.test_caller_inputs_and_results_cannot_mutate_cached_history) ... ok
2026-09-24T04:44:25.6625626Z test_concurrent_calls_have_one_chain_and_dedupe (test_continuity_append_cache.AppendCacheTests.test_concurrent_calls_have_one_chain_and_dedupe) ... ok
2026-09-24T04:44:25.6933203Z test_crt_text_translation_cannot_make_cached_bytes_differ_from_disk (test_continuity_append_cache.AppendCacheTests.test_crt_text_translation_cannot_make_cached_bytes_differ_from_disk) ... ok
2026-09-24T04:44:25.7290622Z test_external_suffix_is_validated_and_invalid_suffix_fails_closed (test_continuity_append_cache.AppendCacheTests.test_external_suffix_is_validated_and_invalid_suffix_fails_closed) ... ok
2026-09-24T04:44:25.7697721Z test_failed_batch_cannot_advance_cached_lifecycle_or_dedupe (test_continuity_append_cache.AppendCacheTests.test_failed_batch_cannot_advance_cached_lifecycle_or_dedupe) ... ok
2026-09-24T04:44:25.8046301Z test_failed_task_reference_cannot_replace_cached_task_identity (test_continuity_append_cache.AppendCacheTests.test_failed_task_reference_cannot_replace_cached_task_identity) ... ok
2026-09-24T04:44:25.8480834Z test_hash_valid_invalid_profile_and_duplicate_json_external_suffix_fail_closed (test_continuity_append_cache.AppendCacheTests.test_hash_valid_invalid_profile_and_duplicate_json_external_suffix_fail_closed) ... ok
2026-09-24T04:44:25.8870898Z test_partial_write_never_publishes_checkpoint (test_continuity_append_cache.AppendCacheTests.test_partial_write_never_publishes_checkpoint) ... ok
2026-09-24T04:44:25.9160705Z test_repeated_append_validates_only_new_suffix_but_public_read_remains_complete (test_continuity_append_cache.AppendCacheTests.test_repeated_append_validates_only_new_suffix_but_public_read_remains_complete) ... ok
2026-09-24T04:44:25.9445869Z test_same_size_timestamp_corruption_is_rejected_before_append (test_continuity_append_cache.AppendCacheTests.test_same_size_timestamp_corruption_is_rejected_before_append) ... ok
2026-09-24T04:44:25.9757547Z test_unterminated_valid_record_gets_separator_without_changing_old_bytes (test_continuity_append_cache.AppendCacheTests.test_unterminated_valid_record_gets_separator_without_changing_old_bytes) ... ok
2026-09-24T04:44:26.0239147Z test_valid_rewrite_truncation_and_crlf_unicode_keep_chain_truth (test_continuity_append_cache.AppendCacheTests.test_valid_rewrite_truncation_and_crlf_unicode_keep_chain_truth) ... ok
2026-09-24T04:44:26.1141271Z test_authoritative_flag_consistency_preserves_existing_runner_boundary (test_continuity_artifact_profile.ArtifactProfileTests.test_authoritative_flag_consistency_preserves_existing_runner_boundary) ... ok
2026-09-24T04:44:26.1802697Z test_compatible_legacy_reimport_preserves_original_events_and_bytes (test_continuity_artifact_profile.ArtifactProfileTests.test_compatible_legacy_reimport_preserves_original_events_and_bytes) ... ok
2026-09-24T04:44:26.2673735Z test_consumed_input_types_are_checked_before_projection (test_continuity_artifact_profile.ArtifactProfileTests.test_consumed_input_types_are_checked_before_projection) ... ok
2026-09-24T04:44:26.3268576Z test_declaration_and_relation_json_conflicts_fail_atomically (test_continuity_artifact_profile.ArtifactProfileTests.test_declaration_and_relation_json_conflicts_fail_atomically) ... ok
2026-09-24T04:44:26.3676218Z test_descriptor_advertises_profile_without_new_proof_authority (test_continuity_artifact_profile.ArtifactProfileTests.test_descriptor_advertises_profile_without_new_proof_authority) ... ok
2026-09-24T04:44:26.4317498Z test_invalid_legacy_cannot_gain_profile_compatibility_via_ignored_fields (test_continuity_artifact_profile.ArtifactProfileTests.test_invalid_legacy_cannot_gain_profile_compatibility_via_ignored_fields) ... ok
2026-09-24T04:44:26.6454337Z test_json_type_conflicts_are_not_silently_deduped (test_continuity_artifact_profile.ArtifactProfileTests.test_json_type_conflicts_are_not_silently_deduped) ... ok
2026-09-24T04:44:26.6993629Z test_legacy_digest_and_ephemeral_sha_exceptions_survive_profile_adoption (test_continuity_artifact_profile.ArtifactProfileTests.test_legacy_digest_and_ephemeral_sha_exceptions_survive_profile_adoption) ... ok
2026-09-24T04:44:26.8605250Z test_malformed_profile_batches_are_atomic (test_continuity_artifact_profile.ArtifactProfileTests.test_malformed_profile_batches_are_atomic) ... ok
2026-09-24T04:44:26.9201553Z test_mixed_history_replay_and_checkpoint_preserve_legacy_extensions (test_continuity_artifact_profile.ArtifactProfileTests.test_mixed_history_replay_and_checkpoint_preserve_legacy_extensions) ... ok
2026-09-24T04:44:26.9867828Z test_native_producer_profiles_all_five_types_without_promoting_imports (test_continuity_artifact_profile.ArtifactProfileTests.test_native_producer_profiles_all_five_types_without_promoting_imports) ... ok
2026-09-24T04:44:27.0481063Z test_native_reimport_adopts_legacy_without_rewriting_it (test_continuity_artifact_profile.ArtifactProfileTests.test_native_reimport_adopts_legacy_without_rewriting_it) ... ok
2026-09-24T04:44:27.1177669Z test_profile_does_not_hide_real_conflicts_or_other_profiles (test_continuity_artifact_profile.ArtifactProfileTests.test_profile_does_not_hide_real_conflicts_or_other_profiles) ... ok
2026-09-24T04:44:27.1833758Z test_readers_and_old_cache_cannot_bypass_typed_validation (test_continuity_artifact_profile.ArtifactProfileTests.test_readers_and_old_cache_cannot_bypass_typed_validation) ... ok
2026-09-24T04:44:27.2326213Z test_canonical_bytes_match_independent_reference_for_extensions_and_unicode (test_continuity_canonical_integrity.CanonicalIntegrityTests.test_canonical_bytes_match_independent_reference_for_extensions_and_unicode) ... ok
2026-09-24T04:44:27.2332425Z test_corruption_of_any_integrity_input_remains_visible (test_continuity_canonical_integrity.CanonicalIntegrityTests.test_corruption_of_any_integrity_input_remains_visible) ... ok
2026-09-24T04:44:27.2336886Z test_finite_json_and_circular_reference_checks_remain_active (test_continuity_canonical_integrity.CanonicalIntegrityTests.test_finite_json_and_circular_reference_checks_remain_active) ... ok
2026-09-24T04:44:27.2342649Z test_full_validator_encodes_nested_payload_only_once (test_continuity_canonical_integrity.CanonicalIntegrityTests.test_full_validator_encodes_nested_payload_only_once) ... ok
2026-09-24T04:44:27.2363489Z test_missing_or_malformed_identity_still_rejects_and_matches_reference (test_continuity_canonical_integrity.CanonicalIntegrityTests.test_missing_or_malformed_identity_still_rejects_and_matches_reference) ... ok
2026-09-24T04:44:27.2380652Z test_nested_identity_lookalikes_and_missing_actor_match_reference (test_continuity_canonical_integrity.CanonicalIntegrityTests.test_nested_identity_lookalikes_and_missing_actor_match_reference) ... ok
2026-09-24T04:44:27.2384255Z test_nonstandard_python_mapping_keeps_reference_encoding (test_continuity_canonical_integrity.CanonicalIntegrityTests.test_nonstandard_python_mapping_keeps_reference_encoding) ... ok
2026-09-24T04:44:27.2389804Z test_ordinary_validation_needs_one_complete_canonical_encoding (test_continuity_canonical_integrity.CanonicalIntegrityTests.test_ordinary_validation_needs_one_complete_canonical_encoding) ... ok
2026-09-24T04:44:27.2392831Z test_size_limit_counts_utf8_and_hash_member_exactly (test_continuity_canonical_integrity.CanonicalIntegrityTests.test_size_limit_counts_utf8_and_hash_member_exactly) ... ok
2026-09-24T04:44:27.2409741Z test_stream_rejection_closes_file_after_earlier_valid_events (test_continuity_canonical_integrity.CanonicalIntegrityTests.test_stream_rejection_closes_file_after_earlier_valid_events) ... ok
2026-09-24T04:44:27.2941698Z test_byte_budget_counts_utf8_bytes_instead_of_characters (test_continuity_change_paths.ChangePathAdmissionTests.test_byte_budget_counts_utf8_bytes_instead_of_characters) ... ok
2026-09-24T04:44:27.3306971Z test_exact_unicode_whitespace_control_and_backslash_paths (test_continuity_change_paths.ChangePathAdmissionTests.test_exact_unicode_whitespace_control_and_backslash_paths) ... ok
2026-09-24T04:44:27.3849859Z test_file_facts_use_change_identity_trees_not_unrelated_or_missing_commit_hints (test_continuity_change_paths.ChangePathAdmissionTests.test_file_facts_use_change_identity_trees_not_unrelated_or_missing_commit_hints) ... ok
2026-09-24T04:44:27.4714856Z test_forged_coverage_is_rejected_atomically (test_continuity_change_paths.ChangePathAdmissionTests.test_forged_coverage_is_rejected_atomically) ... ok
2026-09-24T04:44:27.5315011Z test_human_context_quotes_paths_without_terminal_control_execution (test_continuity_change_paths.ChangePathAdmissionTests.test_human_context_quotes_paths_without_terminal_control_execution) ... ok
2026-09-24T04:44:27.6883229Z test_installed_cli_reports_safe_exact_and_partial_admission (test_continuity_change_paths.ChangePathAdmissionTests.test_installed_cli_reports_safe_exact_and_partial_admission) ... ok
2026-09-24T04:44:27.7711540Z test_large_changes_keep_bounded_whole_paths_and_explicit_coverage (test_continuity_change_paths.ChangePathAdmissionTests.test_large_changes_keep_bounded_whole_paths_and_explicit_coverage) ... ok
2026-09-24T04:44:27.8053582Z test_unavailable_tree_is_not_presented_as_observed_empty_change (test_continuity_change_paths.ChangePathAdmissionTests.test_unavailable_tree_is_not_presented_as_observed_empty_change) ... ok
2026-09-24T04:44:27.9770697Z test_unknown_legacy_coverage_extension_cannot_crash_context (test_continuity_change_paths.ChangePathAdmissionTests.test_unknown_legacy_coverage_extension_cannot_crash_context) ... ok
2026-09-24T04:44:28.0128464Z test_unrepresentable_names_are_omitted_whole_without_relabeling (test_continuity_change_paths.ChangePathAdmissionTests.test_unrepresentable_names_are_omitted_whole_without_relabeling) ... ok
2026-09-24T04:44:28.0486817Z test_untrusted_commit_hint_cannot_be_a_git_option (test_continuity_change_paths.ChangePathAdmissionTests.test_untrusted_commit_hint_cannot_be_a_git_option) ... ok
2026-09-24T04:44:28.1012497Z test_whole_path_byte_budget_keeps_the_original_event_limit (test_continuity_change_paths.ChangePathAdmissionTests.test_whole_path_byte_budget_keeps_the_original_event_limit) ... ok
2026-09-24T04:44:28.2357309Z test_append_after_validation_is_visible_on_next_context (test_continuity_context_cache.ContinuityContextCacheTests.test_append_after_validation_is_visible_on_next_context) ... ok
2026-09-24T04:44:28.3373158Z test_concurrent_rebuild_cannot_inherit_another_snapshot_digest (test_continuity_context_cache.ContinuityContextCacheTests.test_concurrent_rebuild_cannot_inherit_another_snapshot_digest) ... ok
2026-09-24T04:44:29.4382656Z test_corruption_after_validation_never_becomes_a_trusted_cache_anchor (test_continuity_context_cache.ContinuityContextCacheTests.test_corruption_after_validation_never_becomes_a_trusted_cache_anchor) ... ok
2026-09-24T04:44:29.4996939Z test_hot_cache_detects_historical_tampering_before_serving_context (test_continuity_context_cache.ContinuityContextCacheTests.test_hot_cache_detects_historical_tampering_before_serving_context) ... ok
2026-09-24T04:44:29.5404633Z test_legacy_unvalidated_digest_is_not_trusted_after_upgrade (test_continuity_context_cache.ContinuityContextCacheTests.test_legacy_unvalidated_digest_is_not_trusted_after_upgrade) ... ok
2026-09-24T04:44:29.6114732Z test_legitimate_append_invalidates_cache_and_rebuilds_strictly (test_continuity_context_cache.ContinuityContextCacheTests.test_legitimate_append_invalidates_cache_and_rebuilds_strictly) ... ok
2026-09-24T04:44:29.6509518Z test_rebuilt_state_digest_belongs_to_the_bytes_that_were_validated (test_continuity_context_cache.ContinuityContextCacheTests.test_rebuilt_state_digest_belongs_to_the_bytes_that_were_validated) ... ok
2026-09-24T04:44:29.6950846Z test_unchanged_cache_does_not_reparse_the_journal (test_continuity_context_cache.ContinuityContextCacheTests.test_unchanged_cache_does_not_reparse_the_journal) ... ok
2026-09-24T04:44:29.7909830Z test_citation_tracks_the_exact_assertion_not_the_latest_journal_head (test_continuity_context_sources.ContextSourceTests.test_citation_tracks_the_exact_assertion_not_the_latest_journal_head) ... ok
2026-09-24T04:44:29.8544050Z test_confirmation_cites_its_review_separately_from_the_assertion (test_continuity_context_sources.ContextSourceTests.test_confirmation_cites_its_review_separately_from_the_assertion) ... ok
2026-09-24T04:44:29.9242854Z test_inconsistent_assertion_status_or_details_cannot_be_cited (test_continuity_context_sources.ContextSourceTests.test_inconsistent_assertion_status_or_details_cannot_be_cited) ... ok
2026-09-24T04:44:29.9691554Z test_missing_assertion_row_cannot_produce_a_fabricated_citation (test_continuity_context_sources.ContextSourceTests.test_missing_assertion_row_cannot_produce_a_fabricated_citation) ... ok
2026-09-24T04:44:30.0246714Z test_packet_anchor_and_citations_share_a_read_snapshot (test_continuity_context_sources.ContextSourceTests.test_packet_anchor_and_citations_share_a_read_snapshot) ... ok
2026-09-24T04:44:30.1476648Z test_stale_source_pointer_with_identical_assertions_is_rejected (test_continuity_context_sources.ContextSourceTests.test_stale_source_pointer_with_identical_assertions_is_rejected) ... ok
2026-09-24T04:44:30.1479444Z test_contract_covers_concepts_without_renaming_historical_wire_kinds (test_continuity_contract.ContinuityContractTests.test_contract_covers_concepts_without_renaming_historical_wire_kinds) ... ok
2026-09-24T04:44:30.1497910Z test_discovery_preserves_the_existing_human_relation_boundary (test_continuity_contract.ContinuityContractTests.test_discovery_preserves_the_existing_human_relation_boundary) ... ok
2026-09-24T04:44:30.1502858Z test_exported_metadata_cannot_mutate_live_contract_rules (test_continuity_contract.ContinuityContractTests.test_exported_metadata_cannot_mutate_live_contract_rules) ... ok
2026-09-24T04:44:30.1847571Z test_legacy_extensions_and_projection_lifecycle_survive_reconstruction (test_continuity_contract.ContinuityContractTests.test_legacy_extensions_and_projection_lifecycle_survive_reconstruction) ... ok
2026-09-24T04:44:30.3087034Z test_public_json_discovery_is_repository_independent_read_only_and_language_stable (test_continuity_contract.ContinuityContractTests.test_public_json_discovery_is_repository_independent_read_only_and_language_stable) ... ok
2026-09-24T04:44:30.3442869Z test_corrupt_debt_ledger_never_becomes_project_history (test_continuity_debt_bridge.ContinuityDebtBridgeTests.test_corrupt_debt_ledger_never_becomes_project_history) ... ok
2026-09-24T04:44:30.4332659Z test_full_ledger_lifecycle_projects_idempotently (test_continuity_debt_bridge.ContinuityDebtBridgeTests.test_full_ledger_lifecycle_projects_idempotently) ... ok
2026-09-24T04:44:30.4660997Z test_only_exact_available_base_and_well_formed_tree_can_identify_a_change (test_continuity_debt_bridge.ContinuityDebtBridgeTests.test_only_exact_available_base_and_well_formed_tree_can_identify_a_change) ... ok
2026-09-24T04:44:30.5247638Z test_option_like_historical_report_retains_debt_without_invented_change_link (test_continuity_debt_bridge.ContinuityDebtBridgeTests.test_option_like_historical_report_retains_debt_without_invented_change_link) ... ok
2026-09-24T04:44:30.5437735Z test_both_readers_reject_profile_mismatch_even_with_valid_hashes (test_continuity_declaration_profile.DeclarationProfileTests.test_both_readers_reject_profile_mismatch_even_with_valid_hashes) ... ok
2026-09-24T04:44:30.5747933Z test_cache_from_json_only_validation_cannot_skip_profile_admission (test_continuity_declaration_profile.DeclarationProfileTests.test_cache_from_json_only_validation_cannot_skip_profile_admission) ... ok
2026-09-24T04:44:30.5875673Z test_descriptor_exposes_opt_in_profile_without_claiming_proof_authority (test_continuity_declaration_profile.DeclarationProfileTests.test_descriptor_exposes_opt_in_profile_without_claiming_proof_authority) ... ok
2026-09-24T04:44:30.6749232Z test_invalid_profile_batch_fails_before_any_append (test_continuity_declaration_profile.DeclarationProfileTests.test_invalid_profile_batch_fails_before_any_append) ... ok
2026-09-24T04:44:30.7022882Z test_legacy_extensions_and_typed_events_share_history_without_rewriting (test_continuity_declaration_profile.DeclarationProfileTests.test_legacy_extensions_and_typed_events_share_history_without_rewriting) ... ok
2026-09-24T04:44:30.7860456Z test_native_commands_adopt_profile_and_keep_declared_authority (test_continuity_declaration_profile.DeclarationProfileTests.test_native_commands_adopt_profile_and_keep_declared_authority) ... ok
2026-09-24T04:44:30.8397881Z test_ambiguous_and_nonfinite_source_json_fails_before_append (test_continuity_envelope_admission.EnvelopeAdmissionTests.test_ambiguous_and_nonfinite_source_json_fails_before_append) ... ok
2026-09-24T04:44:30.9203864Z test_legacy_absence_and_idempotency_remain_compatible (test_continuity_envelope_admission.EnvelopeAdmissionTests.test_legacy_absence_and_idempotency_remain_compatible) ... ok
2026-09-24T04:44:31.0199471Z test_malformed_containers_fail_with_controlled_errors (test_continuity_envelope_admission.EnvelopeAdmissionTests.test_malformed_containers_fail_with_controlled_errors) ... ok
2026-09-24T04:44:31.1416763Z test_native_builder_output_remains_importable_and_observed (test_continuity_envelope_admission.EnvelopeAdmissionTests.test_native_builder_output_remains_importable_and_observed) ... ok
2026-09-24T04:44:31.2755174Z test_public_cli_rejects_string_false_without_writing_history (test_continuity_envelope_admission.EnvelopeAdmissionTests.test_public_cli_rejects_string_false_without_writing_history) ... ok
2026-09-24T04:44:31.3373746Z test_valid_false_zero_and_nullable_budget_keep_exact_meaning (test_continuity_envelope_admission.EnvelopeAdmissionTests.test_valid_false_zero_and_nullable_budget_keep_exact_meaning) ... ok
2026-09-24T04:44:31.4411655Z test_wrong_summary_scalars_fail_atomically (test_continuity_envelope_admission.EnvelopeAdmissionTests.test_wrong_summary_scalars_fail_atomically) ... ok
2026-09-24T04:44:31.4819031Z test_conflicting_object_and_path_are_rejected_without_append (test_continuity_envelope_snapshot.EnvelopeSnapshotTests.test_conflicting_object_and_path_are_rejected_without_append) ... ok
2026-09-24T04:44:31.5349522Z test_direct_object_has_no_invented_file_digest (test_continuity_envelope_snapshot.EnvelopeSnapshotTests.test_direct_object_has_no_invented_file_digest) ... ok
2026-09-24T04:44:31.6616804Z test_matching_dual_input_preserves_raw_unicode_and_line_endings (test_continuity_envelope_snapshot.EnvelopeSnapshotTests.test_matching_dual_input_preserves_raw_unicode_and_line_endings) ... ok
2026-09-24T04:44:31.7310757Z test_replacement_or_deletion_after_parse_keeps_parsed_snapshot_digest (test_continuity_envelope_snapshot.EnvelopeSnapshotTests.test_replacement_or_deletion_after_parse_keeps_parsed_snapshot_digest) ... ok
2026-09-24T04:44:31.7755588Z test_supplied_object_cannot_bypass_invalid_or_missing_source (test_continuity_envelope_snapshot.EnvelopeSnapshotTests.test_supplied_object_cannot_bypass_invalid_or_missing_source) ... ok
2026-09-24T04:44:31.8421097Z test_all_branches_include_merge_parents_and_disconnected_roots_without_proof (test_continuity_git_branches.GitBranchHistoryTests.test_all_branches_include_merge_parents_and_disconnected_roots_without_proof) ... Switched to a new branch 'unrelated'
2026-09-24T04:44:31.9414929Z ok
2026-09-24T04:44:32.0057307Z test_cli_resumption_hint_keeps_explicit_message_policy (test_continuity_git_branches.GitBranchHistoryTests.test_cli_resumption_hint_keeps_explicit_message_policy) ... Switched to a new branch 'unrelated'
2026-09-24T04:44:32.1244575Z ok
2026-09-24T04:44:32.1892002Z test_consistent_cursor_cannot_claim_unimported_messages (test_continuity_git_branches.GitBranchHistoryTests.test_consistent_cursor_cannot_claim_unimported_messages) ... Switched to a new branch 'unrelated'
2026-09-24T04:44:32.2375679Z ok
2026-09-24T04:44:32.3015366Z test_consistent_cursor_cannot_skip_unimported_commits (test_continuity_git_branches.GitBranchHistoryTests.test_consistent_cursor_cannot_skip_unimported_commits) ... Switched to a new branch 'unrelated'
2026-09-24T04:44:32.3490169Z ok
2026-09-24T04:44:32.4133319Z test_cursor_prefix_rechecks_corrupt_journal_bytes_with_preserved_size_and_time (test_continuity_git_branches.GitBranchHistoryTests.test_cursor_prefix_rechecks_corrupt_journal_bytes_with_preserved_size_and_time) ... Switched to a new branch 'unrelated'
2026-09-24T04:44:32.4577979Z ok
2026-09-24T04:44:32.5208051Z test_cursor_rejects_invalid_typed_fields_even_with_recomputed_checksum (test_continuity_git_branches.GitBranchHistoryTests.test_cursor_rejects_invalid_typed_fields_even_with_recomputed_checksum) ... Switched to a new branch 'unrelated'
2026-09-24T04:44:32.5702834Z ok
2026-09-24T04:44:32.6337373Z test_declared_messages_remain_opt_in_and_cannot_change_cursor_policy (test_continuity_git_branches.GitBranchHistoryTests.test_declared_messages_remain_opt_in_and_cannot_change_cursor_policy) ... Switched to a new branch 'unrelated'
2026-09-24T04:44:32.6817247Z ok
2026-09-24T04:44:32.7453384Z test_empty_sha256_and_localized_cli_preserve_compatible_modes (test_continuity_git_branches.GitBranchHistoryTests.test_empty_sha256_and_localized_cli_preserve_compatible_modes) ... Switched to a new branch 'unrelated'
2026-09-24T04:44:32.9779386Z ok
2026-09-24T04:44:33.0421607Z test_interruption_and_concurrent_page_imports_retain_journal_integrity (test_continuity_git_branches.GitBranchHistoryTests.test_interruption_and_concurrent_page_imports_retain_journal_integrity) ... Switched to a new branch 'unrelated'
2026-09-24T04:44:33.1637833Z ok
2026-09-24T04:44:33.2280901Z test_invalid_options_and_corrupted_cursor_fail_without_appending (test_continuity_git_branches.GitBranchHistoryTests.test_invalid_options_and_corrupted_cursor_fail_without_appending) ... Switched to a new branch 'unrelated'
2026-09-24T04:44:33.2766575Z ok
2026-09-24T04:44:33.3412579Z test_missing_non_first_parent_and_excessive_branch_capture_fail_before_append (test_continuity_git_branches.GitBranchHistoryTests.test_missing_non_first_parent_and_excessive_branch_capture_fail_before_append) ... Switched to a new branch 'unrelated'
2026-09-24T04:44:33.4114879Z ok
2026-09-24T04:44:33.4762098Z test_remote_tracking_tips_are_included_but_tag_only_history_is_explicitly_outside_scope (test_continuity_git_branches.GitBranchHistoryTests.test_remote_tracking_tips_are_included_but_tag_only_history_is_explicitly_outside_scope) ... Switched to a new branch 'unrelated'
2026-09-24T04:44:33.5907478Z ok
2026-09-24T04:44:33.6552925Z test_shallow_and_grafted_parent_lists_never_claim_complete_history (test_continuity_git_branches.GitBranchHistoryTests.test_shallow_and_grafted_parent_lists_never_claim_complete_history) ... Switched to a new branch 'unrelated'
2026-09-24T04:44:33.8254493Z ok
2026-09-24T04:44:33.8909340Z test_small_pages_retry_idempotently_and_keep_the_captured_tips_after_ref_movement (test_continuity_git_branches.GitBranchHistoryTests.test_small_pages_retry_idempotently_and_keep_the_captured_tips_after_ref_movement) ... Switched to a new branch 'unrelated'
2026-09-24T04:44:34.1132744Z ok
2026-09-24T04:44:34.3495841Z test_blocking_child_is_terminated_at_the_command_deadline (test_continuity_git_history.GitHistoryTests.test_blocking_child_is_terminated_at_the_command_deadline) ... ok
2026-09-24T04:44:34.4928889Z test_cli_rejects_bad_limit_and_imports_unicode_paths (test_continuity_git_history.GitHistoryTests.test_cli_rejects_bad_limit_and_imports_unicode_paths) ... ok
2026-09-24T04:44:34.5364301Z test_corrupt_commit_and_bounded_git_output_fail_before_append (test_continuity_git_history.GitHistoryTests.test_corrupt_commit_and_bounded_git_output_fail_before_append) ... ok
2026-09-24T04:44:34.6123976Z test_empty_and_sha256_repositories_are_supported (test_continuity_git_history.GitHistoryTests.test_empty_and_sha256_repositories_are_supported) ... ok
2026-09-24T04:44:34.6900559Z test_head_advance_and_replacement_objects_cannot_relabel_captured_commit (test_continuity_git_history.GitHistoryTests.test_head_advance_and_replacement_objects_cannot_relabel_captured_commit) ... ok
2026-09-24T04:44:34.7786819Z test_message_truncation_and_path_omission_are_explicit (test_continuity_git_history.GitHistoryTests.test_message_truncation_and_path_omission_are_explicit) ... ok
2026-09-24T04:44:34.9044433Z test_messages_are_separate_declared_opt_in_and_do_not_replace_commit_authority (test_continuity_git_history.GitHistoryTests.test_messages_are_separate_declared_opt_in_and_do_not_replace_commit_authority) ... ok
2026-09-24T04:44:34.9582158Z test_non_utf8_message_retains_only_digest_and_explicit_coverage (test_continuity_git_history.GitHistoryTests.test_non_utf8_message_retains_only_digest_and_explicit_coverage) ... ok
2026-09-24T04:44:35.0072254Z test_oversized_object_and_invalid_ref_cannot_partially_import_a_page (test_continuity_git_history.GitHistoryTests.test_oversized_object_and_invalid_ref_cannot_partially_import_a_page) ... ok
2026-09-24T04:44:35.1190291Z test_page_resumption_is_idempotent_and_excludes_dirty_bytes_and_private_headers (test_continuity_git_history.GitHistoryTests.test_page_resumption_is_idempotent_and_excludes_dirty_bytes_and_private_headers) ... ok
2026-09-24T04:44:35.2052350Z test_preappend_interruption_leaves_page_retryable (test_continuity_git_history.GitHistoryTests.test_preappend_interruption_leaves_page_retryable) ... ok
2026-09-24T04:44:35.2912666Z test_profile_cannot_promote_messages_or_invent_unbound_paths (test_continuity_git_history.GitHistoryTests.test_profile_cannot_promote_messages_or_invent_unbound_paths) ... ok
2026-09-24T04:44:35.4008776Z test_root_and_merge_observe_first_parent_diff_without_importing_side_branch (test_continuity_git_history.GitHistoryTests.test_root_and_merge_observe_first_parent_diff_without_importing_side_branch) ... ok
2026-09-24T04:44:35.5413587Z test_shallow_boundary_is_explicit_and_resumes_after_deepening (test_continuity_git_history.GitHistoryTests.test_shallow_boundary_is_explicit_and_resumes_after_deepening) ... ok
2026-09-24T04:44:35.6487294Z test_corrupt_tree_and_blob_bytes_are_rechecked_after_successful_import (test_continuity_git_lineage.GitLineageTests.test_corrupt_tree_and_blob_bytes_are_rechecked_after_successful_import) ... ok
2026-09-24T04:44:35.7622803Z test_cursor_policy_is_compatible_and_forged_opt_in_cannot_skip_assessments (test_continuity_git_lineage.GitLineageTests.test_cursor_policy_is_compatible_and_forged_opt_in_cannot_skip_assessments) ... ok
2026-09-24T04:44:35.9334866Z test_duplicate_content_copy_edit_and_mode_changes_are_not_silent_identity_merges (test_continuity_git_lineage.GitLineageTests.test_duplicate_content_copy_edit_and_mode_changes_are_not_silent_identity_merges) ... ok
2026-09-24T04:44:35.9888063Z test_excluded_regular_names_still_prevent_false_unique_matches (test_continuity_git_lineage.GitLineageTests.test_excluded_regular_names_still_prevent_false_unique_matches) ... ok
2026-09-24T04:44:36.0675130Z test_existing_assertion_authority_stays_bound_to_its_original_entity (test_continuity_git_lineage.GitLineageTests.test_existing_assertion_authority_stays_bound_to_its_original_entity) ... ok
2026-09-24T04:44:36.3327902Z test_limits_and_preappend_interruption_preserve_atomic_retry (test_continuity_git_lineage.GitLineageTests.test_limits_and_preappend_interruption_preserve_atomic_retry) ... ok
2026-09-24T04:44:36.3872214Z test_nonregular_replacement_is_not_a_removed_path (test_continuity_git_lineage.GitLineageTests.test_nonregular_replacement_is_not_a_removed_path) ... ok
2026-09-24T04:44:36.5275613Z test_opt_in_persists_inferred_relocation_with_exact_binding_and_no_proof_transfer (test_continuity_git_lineage.GitLineageTests.test_opt_in_persists_inferred_relocation_with_exact_binding_and_no_proof_transfer) ... ok
2026-09-24T04:44:36.6076729Z test_profile_rejects_promoted_authority_unbound_paths_and_altered_relations (test_continuity_git_lineage.GitLineageTests.test_profile_rejects_promoted_authority_unbound_paths_and_altered_relations) ... ok
2026-09-24T04:44:36.6672997Z test_profile_validation_has_specific_causes_independent_of_dedupe (test_continuity_git_lineage.GitLineageTests.test_profile_validation_has_specific_causes_independent_of_dedupe) ... ok
2026-09-24T04:44:36.7611966Z test_query_limits_exact_citations_and_journal_corruption (test_continuity_git_lineage.GitLineageTests.test_query_limits_exact_citations_and_journal_corruption) ... ok
2026-09-24T04:44:37.0005049Z test_real_pair_budget_rejects_whole_page_and_deadline_rejects_without_append (test_continuity_git_lineage.GitLineageTests.test_real_pair_budget_rejects_whole_page_and_deadline_rejects_without_append) ... ok
2026-09-24T04:44:37.2708807Z test_rename_back_and_branch_divergence_retain_distinct_cited_observations (test_continuity_git_lineage.GitLineageTests.test_rename_back_and_branch_divergence_retain_distinct_cited_observations) ... ok
2026-09-24T04:44:37.4855287Z test_sha256_root_merge_and_shallow_boundary_preserve_original_meaning (test_continuity_git_lineage.GitLineageTests.test_sha256_root_merge_and_shallow_boundary_preserve_original_meaning) ... ok
2026-09-24T04:44:37.5348344Z test_valid_hash_does_not_admit_malformed_or_unsafe_tree_structure (test_continuity_git_lineage.GitLineageTests.test_valid_hash_does_not_admit_malformed_or_unsafe_tree_structure) ... ok
2026-09-24T04:44:39.2118842Z test_guard_then_codex_stop_same_tree_keeps_current_proof_coherent (test_continuity_guard_native_reverification.GuardNativeReverificationTests.test_guard_then_codex_stop_same_tree_keeps_current_proof_coherent) ... ok
2026-09-24T04:44:39.2710169Z test_bounds_cycles_unknown_nodes_and_repeated_calls_are_deterministic (test_continuity_history.MemoryNavigationTests.test_bounds_cycles_unknown_nodes_and_repeated_calls_are_deterministic) ... ok
2026-09-24T04:44:39.3034742Z test_corrupt_journal_cannot_supply_history_or_reasons (test_continuity_history.MemoryNavigationTests.test_corrupt_journal_cannot_supply_history_or_reasons) ... ok
2026-09-24T04:44:39.3676964Z test_cursor_rejects_wrong_identity_truncation_and_valid_divergent_prefix (test_continuity_history.MemoryNavigationTests.test_cursor_rejects_wrong_identity_truncation_and_valid_divergent_prefix) ... ok
2026-09-24T04:44:39.4122585Z test_depth_and_reason_truncation_are_explicit (test_continuity_history.MemoryNavigationTests.test_depth_and_reason_truncation_are_explicit) ... ok
2026-09-24T04:44:39.4378253Z test_empty_history_and_unknown_identity_are_explicit_without_persistence (test_continuity_history.MemoryNavigationTests.test_empty_history_and_unknown_identity_are_explicit_without_persistence) ... ok
2026-09-24T04:44:39.4814024Z test_exact_citation_opens_original_event_and_rejects_wrong_hash_or_missing_id (test_continuity_history.MemoryNavigationTests.test_exact_citation_opens_original_event_and_rejects_wrong_hash_or_missing_id) ... ok
2026-09-24T04:44:39.6139996Z test_history_byte_bound_preserves_whole_events_and_all_pages (test_continuity_history.MemoryNavigationTests.test_history_byte_bound_preserves_whole_events_and_all_pages) ... ok
2026-09-24T04:44:39.6728216Z test_history_retains_exact_events_and_pages_a_stable_prefix_across_appends (test_continuity_history.MemoryNavigationTests.test_history_retains_exact_events_and_pages_a_stable_prefix_across_appends) ... ok
2026-09-24T04:44:39.7217158Z test_latest_edge_is_selected_with_its_own_source_and_old_event_remains_in_history (test_continuity_history.MemoryNavigationTests.test_latest_edge_is_selected_with_its_own_source_and_old_event_remains_in_history) ... ok
2026-09-24T04:44:39.7851508Z test_public_cli_json_and_french_text_are_read_only_and_escape_recorded_controls (test_continuity_history.MemoryNavigationTests.test_public_cli_json_and_french_text_are_read_only_and_escape_recorded_controls) ... ok
2026-09-24T04:44:39.8118327Z test_public_cli_rejects_non_repository_without_traceback_or_files (test_continuity_history.MemoryNavigationTests.test_public_cli_rejects_non_repository_without_traceback_or_files) ... ok
2026-09-24T04:44:39.8651371Z test_review_does_not_replace_assertion_and_inactive_memory_stays_explicit (test_continuity_history.MemoryNavigationTests.test_review_does_not_replace_assertion_and_inactive_memory_stays_explicit) ... ok
2026-09-24T04:44:39.9203651Z test_why_traverses_both_directions_and_preserves_separate_authorities_and_reasons (test_continuity_history.MemoryNavigationTests.test_why_traverses_both_directions_and_preserves_separate_authorities_and_reasons) ... ok
2026-09-24T04:44:40.0535382Z test_actual_git_delta_is_durable_cited_bidirectional_and_not_proof (test_continuity_impact.ImpactTests.test_actual_git_delta_is_durable_cited_bidirectional_and_not_proof) ... ok
2026-09-24T04:44:40.1864934Z test_actual_partial_path_coverage_keeps_unobserved_expectations_unknown (test_continuity_impact.ImpactTests.test_actual_partial_path_coverage_keeps_unobserved_expectations_unknown) ... ok
2026-09-24T04:44:40.2734347Z test_actual_unavailable_git_tree_and_exact_cited_memory (test_continuity_impact.ImpactTests.test_actual_unavailable_git_tree_and_exact_cited_memory) ... ok
2026-09-24T04:44:40.3860272Z test_dirty_plan_uses_exact_worktree_without_mutating_user_index (test_continuity_impact.ImpactTests.test_dirty_plan_uses_exact_worktree_without_mutating_user_index) ... ok
2026-09-24T04:44:40.4823605Z test_import_rejects_forged_delta_reference_hash_and_authority (test_continuity_impact.ImpactTests.test_import_rejects_forged_delta_reference_hash_and_authority) ... ok
2026-09-24T04:44:40.5481561Z test_invalid_inputs_fail_before_journal_write_and_no_path_aliases (test_continuity_impact.ImpactTests.test_invalid_inputs_fail_before_journal_write_and_no_path_aliases) ... ok
2026-09-24T04:44:40.6287771Z test_missing_git_objects_produce_unknown_not_false_absence (test_continuity_impact.ImpactTests.test_missing_git_objects_produce_unknown_not_false_absence) ... ok
2026-09-24T04:44:41.1171543Z test_real_cli_french_english_show_is_read_only_and_help_has_no_effects (test_continuity_impact.ImpactTests.test_real_cli_french_english_show_is_read_only_and_help_has_no_effects) ... ok
2026-09-24T04:44:41.2051363Z test_recording_plan_after_observed_change_is_not_anticipation (test_continuity_impact.ImpactTests.test_recording_plan_after_observed_change_is_not_anticipation) ... ok
2026-09-24T04:44:41.2920521Z test_unanticipated_path_and_partial_scope_are_explicit (test_continuity_impact.ImpactTests.test_unanticipated_path_and_partial_scope_are_explicit) ... ok
2026-09-24T04:44:41.3970935Z test_append_and_corruption_after_snapshot_never_stamp_unvalidated_bytes (test_continuity_incremental.IncrementalStateTests.test_append_and_corruption_after_snapshot_never_stamp_unvalidated_bytes) ... ok
2026-09-24T04:44:41.4447657Z test_append_checks_old_event_shape_once_and_batch_references_still_reject_atomically (test_continuity_incremental.IncrementalStateTests.test_append_checks_old_event_shape_once_and_batch_references_still_reject_atomically) ... ok
2026-09-24T04:44:41.5045214Z test_append_projects_only_suffix_with_one_validated_snapshot (test_continuity_incremental.IncrementalStateTests.test_append_projects_only_suffix_with_one_validated_snapshot) ... ok
2026-09-24T04:44:41.5674818Z test_busy_sqlite_writer_is_not_replaced_or_silently_rebuilt (test_continuity_incremental.IncrementalStateTests.test_busy_sqlite_writer_is_not_replaced_or_silently_rebuilt) ... ok
2026-09-24T04:44:41.6158385Z test_existing_reader_snapshot_remains_coherent_across_suffix_commit (test_continuity_incremental.IncrementalStateTests.test_existing_reader_snapshot_remains_coherent_across_suffix_commit) ... ok
2026-09-24T04:44:41.6666311Z test_hash_valid_invalid_prefix_reference_rejects_update_and_append (test_continuity_incremental.IncrementalStateTests.test_hash_valid_invalid_prefix_reference_rejects_update_and_append) ... ok
2026-09-24T04:44:41.8348640Z test_legacy_framing_and_duplicate_conflicts_preserve_exact_bytes (test_continuity_incremental.IncrementalStateTests.test_legacy_framing_and_duplicate_conflicts_preserve_exact_bytes) ... ok
2026-09-24T04:44:42.0453651Z test_materializers_and_explicit_rebuild_serialize_before_reading_journal (test_continuity_incremental.IncrementalStateTests.test_materializers_and_explicit_rebuild_serialize_before_reading_journal) ... ok
2026-09-24T04:44:42.2210816Z test_mixed_history_and_citations_match_rebuild_without_reprojecting_prefix (test_continuity_incremental.IncrementalStateTests.test_mixed_history_and_citations_match_rebuild_without_reprojecting_prefix) ... ok
2026-09-24T04:44:42.2701803Z test_same_size_same_mtime_prefix_corruption_is_rejected_and_preserves_state (test_continuity_incremental.IncrementalStateTests.test_same_size_same_mtime_prefix_corruption_is_rejected_and_preserves_state) ... ok
2026-09-24T04:44:42.3325417Z test_suffix_failure_rolls_back_rows_head_digest_and_retry_converges (test_continuity_incremental.IncrementalStateTests.test_suffix_failure_rolls_back_rows_head_digest_and_retry_converges) ... ok
2026-09-24T04:44:42.6475474Z test_truncation_divergence_missing_anchor_and_event_row_damage_reconstruct (test_continuity_incremental.IncrementalStateTests.test_truncation_divergence_missing_anchor_and_event_row_damage_reconstruct) ... ok
2026-09-24T04:44:42.7167066Z test_changed_payload_removes_stale_terms_but_inherited_label_remains_searchable (test_continuity_indexed_context.IndexedContextTests.test_changed_payload_removes_stale_terms_but_inherited_label_remains_searchable) ... ok
2026-09-24T04:44:42.7662481Z test_complete_two_hop_graph_critical_and_component_seeds_survive_selection (test_continuity_indexed_context.IndexedContextTests.test_complete_two_hop_graph_critical_and_component_seeds_survive_selection) ... ok
2026-09-24T04:44:42.8047291Z test_exact_short_id_and_short_component_seed_do_not_depend_on_lexical_tokens (test_continuity_indexed_context.IndexedContextTests.test_exact_short_id_and_short_component_seed_do_not_depend_on_lexical_tokens) ... ok
2026-09-24T04:44:42.9135505Z test_indexed_retrieval_matches_full_scan_on_mixed_graph (test_continuity_indexed_context.IndexedContextTests.test_indexed_retrieval_matches_full_scan_on_mixed_graph) ... ok
2026-09-24T04:44:43.1981640Z test_selective_query_does_not_decode_thousands_of_unrelated_entities (test_continuity_indexed_context.IndexedContextTests.test_selective_query_does_not_decode_thousands_of_unrelated_entities) ... ok
2026-09-24T04:44:43.2344868Z test_cache_from_permissive_parser_cannot_bypass_strict_validation (test_continuity_json_contract.ContinuityJSONContractTests.test_cache_from_permissive_parser_cannot_bypass_strict_validation) ... ok
2026-09-24T04:44:43.2515756Z test_duplicate_members_are_rejected_at_every_nesting_level (test_continuity_json_contract.ContinuityJSONContractTests.test_duplicate_members_are_rejected_at_every_nesting_level) ... ok
2026-09-24T04:44:43.2887925Z test_invalid_checkpoint_does_not_rewrite_local_journal (test_continuity_json_contract.ContinuityJSONContractTests.test_invalid_checkpoint_does_not_rewrite_local_journal) ... ok
2026-09-24T04:44:43.3058755Z test_legacy_non_finite_history_is_rejected_even_with_valid_old_hashes (test_continuity_json_contract.ContinuityJSONContractTests.test_legacy_non_finite_history_is_rejected_even_with_valid_old_hashes) ... ok
2026-09-24T04:44:43.3344268Z test_non_finite_writer_rejects_entire_batch_before_append (test_continuity_json_contract.ContinuityJSONContractTests.test_non_finite_writer_rejects_entire_batch_before_append) ... ok
2026-09-24T04:44:43.3554113Z test_unicode_line_separators_inside_strings_do_not_split_events (test_continuity_json_contract.ContinuityJSONContractTests.test_unicode_line_separators_inside_strings_do_not_split_events) ... ok
2026-09-24T04:44:43.4407987Z test_valid_history_keeps_exact_bytes_identifiers_and_reconstruction (test_continuity_json_contract.ContinuityJSONContractTests.test_valid_history_keeps_exact_bytes_identifiers_and_reconstruction) ... ok
2026-09-24T04:44:43.4410475Z test_component_identity_is_provider_neutral_and_path_safe (test_continuity_kernel.ContinuityKernelTests.test_component_identity_is_provider_neutral_and_path_safe) ... ok
2026-09-24T04:44:43.5946848Z test_context_compiler_joins_human_memory_structure_and_change_evidence (test_continuity_kernel.ContinuityKernelTests.test_context_compiler_joins_human_memory_structure_and_change_evidence) ... ok
2026-09-24T04:44:43.6536289Z test_event_and_state_do_not_store_raw_diff_or_prompt_fields (test_continuity_kernel.ContinuityKernelTests.test_event_and_state_do_not_store_raw_diff_or_prompt_fields) ... ok
2026-09-24T04:44:43.7406229Z test_manual_envelope_cannot_self_promote_proof_to_verified (test_continuity_kernel.ContinuityKernelTests.test_manual_envelope_cannot_self_promote_proof_to_verified) ... ok
2026-09-24T04:44:43.7696907Z test_project_event_log_is_hash_chained_and_tamper_evident (test_continuity_kernel.ContinuityKernelTests.test_project_event_log_is_hash_chained_and_tamper_evident) ... ok
2026-09-24T04:44:43.8021478Z test_python_structure_separates_observed_from_inferred (test_continuity_kernel.ContinuityKernelTests.test_python_structure_separates_observed_from_inferred) ... ok
2026-09-24T04:44:43.8593240Z test_state_db_is_disposable_and_rebuilt_from_events (test_continuity_kernel.ContinuityKernelTests.test_state_db_is_disposable_and_rebuilt_from_events) ... ok
2026-09-24T04:44:43.9137960Z test_accented_query_matches_plain_label_and_french_ligatures (test_continuity_language_retrieval.LanguageRetrievalTests.test_accented_query_matches_plain_label_and_french_ligatures) ... ok
2026-09-24T04:44:43.9281500Z test_ascii_token_behavior_is_preserved (test_continuity_language_retrieval.LanguageRetrievalTests.test_ascii_token_behavior_is_preserved) ... ok
2026-09-24T04:44:44.0270200Z test_compatibility_forms_match_memory_in_both_directions (test_continuity_language_retrieval.LanguageRetrievalTests.test_compatibility_forms_match_memory_in_both_directions) ... ok
2026-09-24T04:44:44.1340511Z test_french_accents_and_canonical_unicode_forms_recall_exact_assertion (test_continuity_language_retrieval.LanguageRetrievalTests.test_french_accents_and_canonical_unicode_forms_recall_exact_assertion) ... ok
2026-09-24T04:44:44.1848023Z test_legacy_index_rebuilds_without_changing_the_journal (test_continuity_language_retrieval.LanguageRetrievalTests.test_legacy_index_rebuilds_without_changing_the_journal) ... ok
2026-09-24T04:44:44.2276179Z test_normalized_terms_do_not_merge_distinct_identities_or_authorities (test_continuity_language_retrieval.LanguageRetrievalTests.test_normalized_terms_do_not_merge_distinct_identities_or_authorities) ... ok
2026-09-24T04:44:44.2684291Z test_query_is_not_persisted_and_unrelated_query_has_no_match (test_continuity_language_retrieval.LanguageRetrievalTests.test_query_is_not_persisted_and_unrelated_query_has_no_match) ... ok
2026-09-24T04:44:44.3349350Z test_replacement_removes_old_normalized_payload_terms (test_continuity_language_retrieval.LanguageRetrievalTests.test_replacement_removes_old_normalized_payload_terms) ... ok
2026-09-24T04:44:44.3979001Z test_retired_memory_is_not_revived_by_normalization (test_continuity_language_retrieval.LanguageRetrievalTests.test_retired_memory_is_not_revived_by_normalization) ... ok
2026-09-24T04:44:44.4436550Z test_short_exact_id_keeps_literal_matching (test_continuity_language_retrieval.LanguageRetrievalTests.test_short_exact_id_keeps_literal_matching) ... ok
2026-09-24T04:44:44.4742038Z test_contract_exposes_both_profiles_without_proof_authority (test_continuity_lifecycle_profiles.LifecycleProfileTests.test_contract_exposes_both_profiles_without_proof_authority) ... ok
2026-09-24T04:44:44.5855435Z test_invalid_profiled_ledger_batch_cannot_append_or_promote_authority (test_continuity_lifecycle_profiles.LifecycleProfileTests.test_invalid_profiled_ledger_batch_cannot_append_or_promote_authority) ... ok
2026-09-24T04:44:44.6672651Z test_malformed_consumed_ledger_values_are_rejected_before_projection (test_continuity_lifecycle_profiles.LifecycleProfileTests.test_malformed_consumed_ledger_values_are_rejected_before_projection) ... ok
2026-09-24T04:44:44.7051155Z test_missing_historical_git_object_and_zero_points_preserve_absence (test_continuity_lifecycle_profiles.LifecycleProfileTests.test_missing_historical_git_object_and_zero_points_preserve_absence) ... ok
2026-09-24T04:44:44.8054428Z test_native_legacy_ledger_reimport_preserves_every_original_byte (test_continuity_lifecycle_profiles.LifecycleProfileTests.test_native_legacy_ledger_reimport_preserves_every_original_byte) ... ok
2026-09-24T04:44:44.8766960Z test_native_legacy_relation_reimport_is_immutable (test_continuity_lifecycle_profiles.LifecycleProfileTests.test_native_legacy_relation_reimport_is_immutable) ... ok
2026-09-24T04:44:44.9413074Z test_profile_adoption_does_not_mask_real_ledger_or_relation_conflicts (test_continuity_lifecycle_profiles.LifecycleProfileTests.test_profile_adoption_does_not_mask_real_ledger_or_relation_conflicts) ... ok
2026-09-24T04:44:45.0387964Z test_public_relation_preserves_source_authority_and_payload (test_continuity_lifecycle_profiles.LifecycleProfileTests.test_public_relation_preserves_source_authority_and_payload) ... ok
2026-09-24T04:44:45.0953990Z test_readers_checkpoints_and_old_cache_reject_hash_valid_invalid_profile (test_continuity_lifecycle_profiles.LifecycleProfileTests.test_readers_checkpoints_and_old_cache_reject_hash_valid_invalid_profile) ... ok
2026-09-24T04:44:45.1905120Z test_real_six_state_lifecycle_is_profiled_idempotent_and_replayable (test_continuity_lifecycle_profiles.LifecycleProfileTests.test_real_six_state_lifecycle_is_profiled_idempotent_and_replayable) ... ok
2026-09-24T04:44:45.2608776Z test_relation_profile_rejects_promotion_missing_provenance_and_invalid_edges (test_continuity_lifecycle_profiles.LifecycleProfileTests.test_relation_profile_rejects_promotion_missing_provenance_and_invalid_edges) ... ok
2026-09-24T04:44:45.2792969Z test_denial_followed_by_live_owner_does_not_authorize_entry (test_continuity_lock.EventLockTests.test_denial_followed_by_live_owner_does_not_authorize_entry) ... ok
2026-09-24T04:44:45.2970601Z test_non_windows_permission_denial_is_not_retried (test_continuity_lock.EventLockTests.test_non_windows_permission_denial_is_not_retried) ... ok
2026-09-24T04:44:45.3158074Z test_persistent_denial_cannot_enter_mutate_or_remove_foreign_lock (test_continuity_lock.EventLockTests.test_persistent_denial_cannot_enter_mutate_or_remove_foreign_lock) ... ok
2026-09-24T04:44:45.3903042Z test_transient_windows_create_denial_retries_exclusively_before_append (test_continuity_lock.EventLockTests.test_transient_windows_create_denial_retries_exclusively_before_append) ... ok
2026-09-24T04:44:45.4259518Z test_debt_refresh_never_promotes_replacement_measurement (test_continuity_memory_authority.MemoryAuthorityTests.test_debt_refresh_never_promotes_replacement_measurement) ... ok
2026-09-24T04:44:45.5129964Z test_legacy_materialization_is_rebuilt_without_journal_mutation (test_continuity_memory_authority.MemoryAuthorityTests.test_legacy_materialization_is_rebuilt_without_journal_mutation) ... ok
2026-09-24T04:44:46.4034278Z test_real_proof_cannot_certify_a_later_public_cli_declaration (test_continuity_memory_authority.MemoryAuthorityTests.test_real_proof_cannot_certify_a_later_public_cli_declaration) ... ok
2026-09-24T04:44:46.4457703Z test_relation_only_event_does_not_replace_source_entity (test_continuity_memory_authority.MemoryAuthorityTests.test_relation_only_event_does_not_replace_source_entity) ... ok
2026-09-24T04:44:46.4826081Z test_relation_update_never_inherits_authority_for_new_metadata (test_continuity_memory_authority.MemoryAuthorityTests.test_relation_update_never_inherits_authority_for_new_metadata) ... ok
2026-09-24T04:44:46.5886056Z test_replacement_facts_carry_their_own_authority_and_provenance (test_continuity_memory_authority.MemoryAuthorityTests.test_replacement_facts_carry_their_own_authority_and_provenance) ... ok
2026-09-24T04:44:46.6338498Z test_batch_write_failure_preserves_existing_database_and_all_journal_bytes (test_continuity_projection_batches.ProjectionBatchTests.test_batch_write_failure_preserves_existing_database_and_all_journal_bytes) ... ok
2026-09-24T04:44:47.4382611Z test_bounded_batches_equal_sequential_projection_across_updates_and_lifecycle (test_continuity_projection_batches.ProjectionBatchTests.test_bounded_batches_equal_sequential_projection_across_updates_and_lifecycle) ... ok
2026-09-24T04:44:47.8542947Z test_actual_cli_bilingual_json_is_identical_and_help_has_no_writes (test_continuity_questions.MemoryQuestionTests.test_actual_cli_bilingual_json_is_identical_and_help_has_no_writes) ... ok
2026-09-24T04:44:47.9247648Z test_ambiguous_dependency_targets_abstain_unless_literal_identity_is_given (test_continuity_questions.MemoryQuestionTests.test_ambiguous_dependency_targets_abstain_unless_literal_identity_is_given) ... ok
2026-09-24T04:44:48.0089804Z test_bare_iso_bound_retains_terminal_sentence_punctuation (test_continuity_questions.MemoryQuestionTests.test_bare_iso_bound_retains_terminal_sentence_punctuation) ... ok
2026-09-24T04:44:48.0678316Z test_bounds_determinism_literal_entity_and_corrupt_journal_fail_closed (test_continuity_questions.MemoryQuestionTests.test_bounds_determinism_literal_entity_and_corrupt_journal_fail_closed) ... ok
2026-09-24T04:44:48.1006083Z test_car_is_allowed_in_incoming_target_names (test_continuity_questions.MemoryQuestionTests.test_car_is_allowed_in_incoming_target_names) ... 
2026-09-24T04:44:48.1007447Z   test_car_is_allowed_in_incoming_target_names (test_continuity_questions.MemoryQuestionTests.test_car_is_allowed_in_incoming_target_names) (question='What depends on car service?', options={}) ... FAIL
2026-09-24T04:44:48.1060516Z   test_car_is_allowed_in_incoming_target_names (test_continuity_questions.MemoryQuestionTests.test_car_is_allowed_in_incoming_target_names) (question='What depends on car service?', options={'entity': 'CAR'}) ... FAIL
2026-09-24T04:44:48.1112583Z   test_car_is_allowed_in_incoming_target_names (test_continuity_questions.MemoryQuestionTests.test_car_is_allowed_in_incoming_target_names) (question='Qu’est-ce qui dépend de car service ?', options={}) ... FAIL
2026-09-24T04:44:48.1162686Z   test_car_is_allowed_in_incoming_target_names (test_continuity_questions.MemoryQuestionTests.test_car_is_allowed_in_incoming_target_names) (question='Qu’est-ce qui dépend de car service ?', options={'entity': 'CAR'}) ... FAIL
2026-09-24T04:44:48.1652068Z test_changes_require_all_search_terms_not_a_shared_generic_word (test_continuity_questions.MemoryQuestionTests.test_changes_require_all_search_terms_not_a_shared_generic_word) ... ok
2026-09-24T04:44:48.2430307Z test_clock_qualifiers_do_not_become_matching_path_components (test_continuity_questions.MemoryQuestionTests.test_clock_qualifiers_do_not_become_matching_path_components) ... ok
2026-09-24T04:44:48.2948835Z test_colon_separated_question_forms_abstain_with_literal_entity (test_continuity_questions.MemoryQuestionTests.test_colon_separated_question_forms_abstain_with_literal_entity) ... ok
2026-09-24T04:44:48.4951787Z test_compact_fiscal_and_quarter_periods_never_become_path_terms (test_continuity_questions.MemoryQuestionTests.test_compact_fiscal_and_quarter_periods_never_become_path_terms) ... ok
2026-09-24T04:44:48.5429161Z test_compound_dependency_questions_do_not_ignore_outgoing_clause (test_continuity_questions.MemoryQuestionTests.test_compound_dependency_questions_do_not_ignore_outgoing_clause) ... ok
2026-09-24T04:44:48.5716257Z test_conjoined_remember_is_a_command_not_a_noun_name_suffix (test_continuity_questions.MemoryQuestionTests.test_conjoined_remember_is_a_command_not_a_noun_name_suffix) ... 
2026-09-24T04:44:48.5717811Z   test_conjoined_remember_is_a_command_not_a_noun_name_suffix (test_continuity_questions.MemoryQuestionTests.test_conjoined_remember_is_a_command_not_a_noun_name_suffix) (question='Why auth and remember billing?') ... FAIL
2026-09-24T04:44:48.5766435Z   test_conjoined_remember_is_a_command_not_a_noun_name_suffix (test_continuity_questions.MemoryQuestionTests.test_conjoined_remember_is_a_command_not_a_noun_name_suffix) (question='Pourquoi auth et remember billing ?') ... FAIL
2026-09-24T04:44:48.5814563Z   test_conjoined_remember_is_a_command_not_a_noun_name_suffix (test_continuity_questions.MemoryQuestionTests.test_conjoined_remember_is_a_command_not_a_noun_name_suffix) (question='Remember auth and remember billing?') ... FAIL
2026-09-24T04:44:48.8668119Z test_conjunctive_names_preserve_intent_words_and_exact_sources (test_continuity_questions.MemoryQuestionTests.test_conjunctive_names_preserve_intent_words_and_exact_sources) ... ok
2026-09-24T04:44:49.0020465Z test_dependency_entity_names_do_not_become_other_intents (test_continuity_questions.MemoryQuestionTests.test_dependency_entity_names_do_not_become_other_intents) ... ok
2026-09-24T04:44:49.0600441Z test_dependency_target_uses_all_distinguishing_terms (test_continuity_questions.MemoryQuestionTests.test_dependency_target_uses_all_distinguishing_terms) ... ok
2026-09-24T04:44:49.2739175Z test_dependency_verb_words_in_names_are_not_embedded_clauses (test_continuity_questions.MemoryQuestionTests.test_dependency_verb_words_in_names_are_not_embedded_clauses) ... ok
2026-09-24T04:44:49.3847570Z test_dotted_software_versions_are_not_unintroduced_date_filters (test_continuity_questions.MemoryQuestionTests.test_dotted_software_versions_are_not_unintroduced_date_filters) ... ok
2026-09-24T04:44:49.5664395Z test_entity_intent_words_are_preserved_in_why_and_explicit_memory (test_continuity_questions.MemoryQuestionTests.test_entity_intent_words_are_preserved_in_why_and_explicit_memory) ... ok
2026-09-24T04:44:49.6155547Z test_explicit_bound_does_not_erase_question_side_time_constraints (test_continuity_questions.MemoryQuestionTests.test_explicit_bound_does_not_erase_question_side_time_constraints) ... ok
2026-09-24T04:44:49.6755179Z test_explicit_dotted_date_constraints_do_not_become_version_terms (test_continuity_questions.MemoryQuestionTests.test_explicit_dotted_date_constraints_do_not_become_version_terms) ... ok
2026-09-24T04:44:49.8319392Z test_explicit_empty_bounds_have_bounded_cli_rejection (test_continuity_questions.MemoryQuestionTests.test_explicit_empty_bounds_have_bounded_cli_rejection) ... ok
2026-09-24T04:44:49.8566850Z test_explicit_empty_bounds_raise_instead_of_becoming_unbounded (test_continuity_questions.MemoryQuestionTests.test_explicit_empty_bounds_raise_instead_of_becoming_unbounded) ... ok
2026-09-24T04:44:50.1463849Z test_extreme_timezone_bounds_have_bounded_cli_rejection (test_continuity_questions.MemoryQuestionTests.test_extreme_timezone_bounds_have_bounded_cli_rejection) ... ok
2026-09-24T04:44:50.1949882Z test_french_english_why_cite_exact_reason_without_promoting_it (test_continuity_questions.MemoryQuestionTests.test_french_english_why_cite_exact_reason_without_promoting_it) ... ok
2026-09-24T04:44:50.2457998Z test_import_and_call_questions_cannot_fall_back_to_memory (test_continuity_questions.MemoryQuestionTests.test_import_and_call_questions_cannot_fall_back_to_memory) ... ok
2026-09-24T04:44:50.2940871Z test_inactive_edge_cannot_make_an_active_unknown_target_ambiguous (test_continuity_questions.MemoryQuestionTests.test_inactive_edge_cannot_make_an_active_unknown_target_ambiguous) ... ok
2026-09-24T04:44:50.3421052Z test_inactive_source_cannot_name_an_unknown_target_for_an_active_edge (test_continuity_questions.MemoryQuestionTests.test_inactive_source_cannot_name_an_unknown_target_for_an_active_edge) ... ok
2026-09-24T04:44:50.4074593Z test_incoming_dependencies_have_exact_relation_source_and_direction (test_continuity_questions.MemoryQuestionTests.test_incoming_dependencies_have_exact_relation_source_and_direction) ... ok
2026-09-24T04:44:50.5204816Z test_iso_date_substrings_remain_literal_entity_identifiers (test_continuity_questions.MemoryQuestionTests.test_iso_date_substrings_remain_literal_entity_identifiers) ... ok
2026-09-24T04:44:50.5946035Z test_literal_entity_does_not_erase_unmatched_question_terms (test_continuity_questions.MemoryQuestionTests.test_literal_entity_does_not_erase_unmatched_question_terms) ... ok
2026-09-24T04:44:50.6490761Z test_missing_reason_unrelated_question_and_ambiguous_dates_abstain (test_continuity_questions.MemoryQuestionTests.test_missing_reason_unrelated_question_and_ambiguous_dates_abstain) ... ok
2026-09-24T04:44:50.7328825Z test_mixed_intents_never_choose_one_partial_answer (test_continuity_questions.MemoryQuestionTests.test_mixed_intents_never_choose_one_partial_answer) ... ok
2026-09-24T04:44:50.7797604Z test_natural_date_with_time_qualification_never_becomes_midnight (test_continuity_questions.MemoryQuestionTests.test_natural_date_with_time_qualification_never_becomes_midnight) ... ok
2026-09-24T04:44:50.9173215Z test_numeric_technology_and_compound_identifiers_are_not_year_filters (test_continuity_questions.MemoryQuestionTests.test_numeric_technology_and_compound_identifiers_are_not_year_filters) ... ok
2026-09-24T04:44:50.9656648Z test_outgoing_dependency_wording_abstains_in_both_languages (test_continuity_questions.MemoryQuestionTests.test_outgoing_dependency_wording_abstains_in_both_languages) ... ok
2026-09-24T04:44:51.1122647Z test_oversized_context_refuses_instead_of_cutting_reason_or_citation (test_continuity_questions.MemoryQuestionTests.test_oversized_context_refuses_instead_of_cutting_reason_or_citation) ... ok
2026-09-24T04:44:51.2271380Z test_partial_iso_and_day_constraints_never_become_unbounded_paths (test_continuity_questions.MemoryQuestionTests.test_partial_iso_and_day_constraints_never_become_unbounded_paths) ... ok
2026-09-24T04:44:51.3058304Z test_punctuation_bearing_technology_names_remain_distinct (test_continuity_questions.MemoryQuestionTests.test_punctuation_bearing_technology_names_remain_distinct) ... ok
2026-09-24T04:44:51.3686125Z test_quarters_and_unqualified_years_never_match_path_years_as_time (test_continuity_questions.MemoryQuestionTests.test_quarters_and_unqualified_years_never_match_path_years_as_time) ... ok
2026-09-24T04:44:51.4079508Z test_query_and_recorded_instructions_remain_data_without_side_effects (test_continuity_questions.MemoryQuestionTests.test_query_and_recorded_instructions_remain_data_without_side_effects) ... ok
2026-09-24T04:44:51.4599902Z test_relative_constraints_are_checked_for_every_question_kind (test_continuity_questions.MemoryQuestionTests.test_relative_constraints_are_checked_for_every_question_kind) ... ok
2026-09-24T04:44:51.5360697Z test_relative_time_phrases_do_not_return_all_changes (test_continuity_questions.MemoryQuestionTests.test_relative_time_phrases_do_not_return_all_changes) ... ok
2026-09-24T04:44:51.7335949Z test_remaining_relative_phrases_abstain_with_or_without_entity (test_continuity_questions.MemoryQuestionTests.test_remaining_relative_phrases_abstain_with_or_without_entity) ... ok
2026-09-24T04:44:51.8084910Z test_repeated_same_intent_clauses_abstain_even_with_literal_entity (test_continuity_questions.MemoryQuestionTests.test_repeated_same_intent_clauses_abstain_even_with_literal_entity) ... ok
2026-09-24T04:44:51.8757781Z test_resolved_unknown_target_keeps_every_active_incoming_edge (test_continuity_questions.MemoryQuestionTests.test_resolved_unknown_target_keeps_every_active_incoming_edge) ... ok
2026-09-24T04:44:51.9253580Z test_retired_assertion_is_not_current_answer_and_confirmed_source_is_cited (test_continuity_questions.MemoryQuestionTests.test_retired_assertion_is_not_current_answer_and_confirmed_source_is_cited) ... ok
2026-09-24T04:44:51.9721212Z test_season_named_technology_without_period_qualifier_is_queryable (test_continuity_questions.MemoryQuestionTests.test_season_named_technology_without_period_qualifier_is_queryable) ... ok
2026-09-24T04:44:52.0478039Z test_short_query_terms_distinguish_versions_and_single_letter_names (test_continuity_questions.MemoryQuestionTests.test_short_query_terms_distinguish_versions_and_single_letter_names) ... ok
2026-09-24T04:44:52.1027241Z test_spaced_standard_identifiers_are_not_standalone_years (test_continuity_questions.MemoryQuestionTests.test_spaced_standard_identifiers_are_not_standalone_years) ... 
2026-09-24T04:44:52.1030584Z   test_spaced_standard_identifiers_are_not_standalone_years (test_continuity_questions.MemoryQuestionTests.test_spaced_standard_identifiers_are_not_standalone_years) (question='Why RFC 9110?') ... FAIL
2026-09-24T04:44:52.1077106Z   test_spaced_standard_identifiers_are_not_standalone_years (test_continuity_questions.MemoryQuestionTests.test_spaced_standard_identifiers_are_not_standalone_years) (question='Pourquoi RFC 9110 ?') ... FAIL
2026-09-24T04:44:52.1127550Z   test_spaced_standard_identifiers_are_not_standalone_years (test_continuity_questions.MemoryQuestionTests.test_spaced_standard_identifiers_are_not_standalone_years) (question='Why RFC 9111?') ... FAIL
2026-09-24T04:44:52.1177628Z   test_spaced_standard_identifiers_are_not_standalone_years (test_continuity_questions.MemoryQuestionTests.test_spaced_standard_identifiers_are_not_standalone_years) (question='Pourquoi RFC 9111 ?') ... FAIL
2026-09-24T04:44:52.1226747Z   test_spaced_standard_identifiers_are_not_standalone_years (test_continuity_questions.MemoryQuestionTests.test_spaced_standard_identifiers_are_not_standalone_years) (question='Why RFC 2026?') ... FAIL
2026-09-24T04:44:52.1276030Z   test_spaced_standard_identifiers_are_not_standalone_years (test_continuity_questions.MemoryQuestionTests.test_spaced_standard_identifiers_are_not_standalone_years) (question='Pourquoi RFC 2026 ?') ... FAIL
2026-09-24T04:44:52.1325095Z   test_spaced_standard_identifiers_are_not_standalone_years (test_continuity_questions.MemoryQuestionTests.test_spaced_standard_identifiers_are_not_standalone_years) (question='Why ISO 9001?') ... FAIL
2026-09-24T04:44:52.1374324Z   test_spaced_standard_identifiers_are_not_standalone_years (test_continuity_questions.MemoryQuestionTests.test_spaced_standard_identifiers_are_not_standalone_years) (question='Pourquoi ISO 9001 ?') ... FAIL
2026-09-24T04:44:52.1422823Z   test_spaced_standard_identifiers_are_not_standalone_years (test_continuity_questions.MemoryQuestionTests.test_spaced_standard_identifiers_are_not_standalone_years) (question='Why IEEE 8023?') ... FAIL
2026-09-24T04:44:52.1470455Z   test_spaced_standard_identifiers_are_not_standalone_years (test_continuity_questions.MemoryQuestionTests.test_spaced_standard_identifiers_are_not_standalone_years) (question='Pourquoi IEEE 8023 ?') ... FAIL
2026-09-24T04:44:52.2192874Z test_temporal_changes_use_recorded_instants_and_preserve_unknown_coverage (test_continuity_questions.MemoryQuestionTests.test_temporal_changes_use_recorded_instants_and_preserve_unknown_coverage) ... ok
2026-09-24T04:44:52.2671859Z test_unicode_query_terms_are_not_silently_discarded (test_continuity_questions.MemoryQuestionTests.test_unicode_query_terms_are_not_silently_discarded) ... ok
2026-09-24T04:44:52.3374381Z test_unknown_auto_intent_abstains_but_explicit_memory_lookup_remains (test_continuity_questions.MemoryQuestionTests.test_unknown_auto_intent_abstains_but_explicit_memory_lookup_remains) ... ok
2026-09-24T04:44:52.3961684Z test_unsupported_named_period_bounds_abstain (test_continuity_questions.MemoryQuestionTests.test_unsupported_named_period_bounds_abstain) ... ok
2026-09-24T04:44:52.6072548Z test_weekends_seasons_and_long_relative_periods_abstain (test_continuity_questions.MemoryQuestionTests.test_weekends_seasons_and_long_relative_periods_abstain) ... ok
2026-09-24T04:44:52.6550640Z test_why_requires_all_search_terms_not_a_shared_generic_word (test_continuity_questions.MemoryQuestionTests.test_why_requires_all_search_terms_not_a_shared_generic_word) ... ok
2026-09-24T04:44:52.7591049Z test_word_clock_and_unsupported_at_constraints_abstain (test_continuity_questions.MemoryQuestionTests.test_word_clock_and_unsupported_at_constraints_abstain) ... ok
2026-09-24T04:44:52.8022119Z test_year_only_from_bound_cannot_match_a_year_in_recorded_paths (test_continuity_questions.MemoryQuestionTests.test_year_only_from_bound_cannot_match_a_year_in_recorded_paths) ... ok
2026-09-24T04:44:52.8441840Z test_fallback_keeps_its_minimum_term_length (test_continuity_related_changes.ContinuityRelatedChangeTests.test_fallback_keeps_its_minimum_term_length) ... ok
2026-09-24T04:44:53.1668884Z test_french_ligatures_match_recorded_file_names_in_both_directions (test_continuity_related_changes.ContinuityRelatedChangeTests.test_french_ligatures_match_recorded_file_names_in_both_directions) ... ok
2026-09-24T04:44:53.2131510Z test_human_calcul_query_recovers_verified_calculator_change (test_continuity_related_changes.ContinuityRelatedChangeTests.test_human_calcul_query_recovers_verified_calculator_change) ... ok
2026-09-24T04:44:53.2571582Z test_unrelated_query_does_not_return_recent_change_just_because_it_is_recent (test_continuity_related_changes.ContinuityRelatedChangeTests.test_unrelated_query_does_not_return_recent_change_just_because_it_is_recent) ... ok
2026-09-24T04:44:53.3043944Z test_bridge_reverification_keeps_one_change_and_advances_current_proof (test_continuity_reverification.ContinuityReverificationTests.test_bridge_reverification_keeps_one_change_and_advances_current_proof) ... ok
2026-09-24T04:44:53.3432322Z test_same_tree_change_accepts_new_certificate_despite_new_snapshot_shas (test_continuity_reverification.ContinuityReverificationTests.test_same_tree_change_accepts_new_certificate_despite_new_snapshot_shas) ... ok
2026-09-24T04:44:53.3468138Z test_deferred_indexes_keep_constraints_and_exact_final_schema (test_continuity_schema_transaction.SchemaTransactionTests.test_deferred_indexes_keep_constraints_and_exact_final_schema) ... ok
2026-09-24T04:44:53.4045239Z test_failed_rebuild_preserves_old_state_and_cleans_temporary_database (test_continuity_schema_transaction.SchemaTransactionTests.test_failed_rebuild_preserves_old_state_and_cleans_temporary_database) ... ok
2026-09-24T04:44:53.4624777Z test_late_index_failure_keeps_previous_projection_and_journal (test_continuity_schema_transaction.SchemaTransactionTests.test_late_index_failure_keeps_previous_projection_and_journal) ... ok
2026-09-24T04:44:53.4642370Z test_schema_and_rows_can_be_rolled_back_together (test_continuity_schema_transaction.SchemaTransactionTests.test_schema_and_rows_can_be_rolled_back_together) ... ok
2026-09-24T04:44:53.5105427Z test_v8_lexical_table_rebuild_preserves_terms_and_journal (test_continuity_schema_transaction.SchemaTransactionTests.test_v8_lexical_table_rebuild_preserves_terms_and_journal) ... ok
2026-09-24T04:44:53.5138226Z test_classification_is_conservative_and_state_is_outside_project (test_continuity_task_session.ContinuityTaskSessionTests.test_classification_is_conservative_and_state_is_outside_project) ... ok
2026-09-24T04:44:53.5156812Z test_short_followup_keeps_anchor_and_task_identity (test_continuity_task_session.ContinuityTaskSessionTests.test_short_followup_keeps_anchor_and_task_identity) ... ok
2026-09-24T04:44:53.5184855Z test_substantive_focus_stays_inside_task_until_explicit_pivot (test_continuity_task_session.ContinuityTaskSessionTests.test_substantive_focus_stays_inside_task_until_explicit_pivot) ... ok
2026-09-24T04:44:53.5189029Z test_task_id_has_frozen_cross_runtime_vector (test_continuity_task_session.ContinuityTaskSessionTests.test_task_id_has_frozen_cross_runtime_vector) ... ok
2026-09-24T04:44:53.6515194Z test_boundary_participation_keeps_pivots_and_excludes_other_sessions_and_boundaries (test_continuity_tasks.DurableTaskTests.test_boundary_participation_keeps_pivots_and_excludes_other_sessions_and_boundaries) ... ok
2026-09-24T04:44:54.0923556Z test_explicit_task_cli_description_link_and_history_retrieval (test_continuity_tasks.DurableTaskTests.test_explicit_task_cli_description_link_and_history_retrieval) ... ok
2026-09-24T04:44:54.1656309Z test_hash_valid_broken_references_are_rejected_by_readers_checkpoints_and_old_cache (test_continuity_tasks.DurableTaskTests.test_hash_valid_broken_references_are_rejected_by_readers_checkpoints_and_old_cache) ... ok
2026-09-24T04:44:55.0882690Z test_installed_guided_technical_french_and_english_context_show_declared_task (test_continuity_tasks.DurableTaskTests.test_installed_guided_technical_french_and_english_context_show_declared_task) ... ok
2026-09-24T04:44:55.2001348Z test_invalid_or_cross_task_reference_aborts_whole_envelope_batch (test_continuity_tasks.DurableTaskTests.test_invalid_or_cross_task_reference_aborts_whole_envelope_batch) ... ok
2026-09-24T04:44:55.2917076Z test_lost_native_participant_stays_degraded_after_a_later_successful_prompt (test_continuity_tasks.DurableTaskTests.test_lost_native_participant_stays_degraded_after_a_later_successful_prompt) ... ok
2026-09-24T04:44:55.4161048Z test_native_link_is_atomic_idempotent_observed_and_survives_session_cleanup (test_continuity_tasks.DurableTaskTests.test_native_link_is_atomic_idempotent_observed_and_survives_session_cleanup) ... ok
2026-09-24T04:44:55.7135054Z test_native_link_rejects_extra_text_and_preserves_description (test_continuity_tasks.DurableTaskTests.test_native_link_rejects_extra_text_and_preserves_description) ... ok
2026-09-24T04:44:55.7852113Z test_native_prompt_persists_stable_identity_without_raw_prompt_or_session (test_continuity_tasks.DurableTaskTests.test_native_prompt_persists_stable_identity_without_raw_prompt_or_session) ... ok
2026-09-24T04:44:56.0380950Z test_native_task_can_be_explicitly_described_without_reimport_conflict (test_continuity_tasks.DurableTaskTests.test_native_task_can_be_explicitly_described_without_reimport_conflict) ... ok
2026-09-24T04:44:56.1042313Z test_profile_rejects_raw_prompt_extensions_and_authority_promotion (test_continuity_tasks.DurableTaskTests.test_profile_rejects_raw_prompt_extensions_and_authority_promotion) ... ok
2026-09-24T04:44:56.3781740Z test_task_cli_unknown_links_fail_without_changing_history (test_continuity_tasks.DurableTaskTests.test_task_cli_unknown_links_fail_without_changing_history) ... ok
2026-09-24T04:44:56.4911774Z test_task_identity_cannot_replace_existing_entity_and_unprofiled_extensions_keep_projection (test_continuity_tasks.DurableTaskTests.test_task_identity_cannot_replace_existing_entity_and_unprofiled_extensions_keep_projection) ... ok
2026-09-24T04:44:56.5537702Z test_checkpoint_is_idempotent_and_never_moves_head (test_continuity_transport.ContinuityTransportTests.test_checkpoint_is_idempotent_and_never_moves_head) ... ok
2026-09-24T04:44:56.8008683Z test_concurrent_remote_update_is_never_force_overwritten (test_continuity_transport.ContinuityTransportTests.test_concurrent_remote_update_is_never_force_overwritten) ... ok
2026-09-24T04:44:57.0537817Z test_divergent_project_histories_fail_closed (test_continuity_transport.ContinuityTransportTests.test_divergent_project_histories_fail_closed) ... ok
2026-09-24T04:44:57.1915139Z test_push_then_fresh_clone_pull_restores_exact_history_without_touching_code_head (test_continuity_transport.ContinuityTransportTests.test_push_then_fresh_clone_pull_restores_exact_history_without_touching_code_head) ... ok
2026-09-24T04:44:57.1918017Z test_action_binds_policy_to_base_revision_not_candidate_config (test_debt_action.DebtActionContractTests.test_action_binds_policy_to_base_revision_not_candidate_config) ... ok
2026-09-24T04:44:57.1920488Z test_action_exposes_proof_and_debt_outputs (test_debt_action.DebtActionContractTests.test_action_exposes_proof_and_debt_outputs) ... ok
2026-09-24T04:44:57.1922499Z test_action_restores_but_never_pushes_cumulative_ledger (test_debt_action.DebtActionContractTests.test_action_restores_but_never_pushes_cumulative_ledger) ... ok
2026-09-24T04:44:57.1948373Z test_existing_lineage_is_not_double_counted (test_debt_budget.DebtBudgetTests.test_existing_lineage_is_not_double_counted) ... ok
2026-09-24T04:44:57.1968307Z test_total_change_and_category_limits (test_debt_budget.DebtBudgetTests.test_total_change_and_category_limits) ... ok
2026-09-24T04:44:57.1987855Z test_explicit_accounting_can_record_a_real_over_budget_change (test_debt_budget_transaction.DebtBudgetTransactionTests.test_explicit_accounting_can_record_a_real_over_budget_change) ... ok
2026-09-24T04:44:57.1996804Z test_read_only_atomic_budget_check_does_not_mutate (test_debt_budget_transaction.DebtBudgetTransactionTests.test_read_only_atomic_budget_check_does_not_mutate) ... ok
2026-09-24T04:44:57.2024109Z test_two_stale_agents_cannot_both_consume_the_same_remaining_budget (test_debt_budget_transaction.DebtBudgetTransactionTests.test_two_stale_agents_cannot_both_consume_the_same_remaining_budget) ... ok
2026-09-24T04:44:57.2331910Z test_assurance_certificate_must_be_content_addressed_and_tree_bound (test_debt_certificate.DebtCertificateTests.test_assurance_certificate_must_be_content_addressed_and_tree_bound) ... ok
2026-09-24T04:44:57.2546887Z test_noop_certificate_is_rehashed_and_requires_candidate_binding (test_debt_certificate.DebtCertificateTests.test_noop_certificate_is_rehashed_and_requires_candidate_binding) ... ok
2026-09-24T04:44:57.3317423Z test_acceptance_requires_reason_and_remains_visible (test_debt_cli.DebtCliTests.test_acceptance_requires_reason_and_remains_visible) ... ok
2026-09-24T04:44:57.3855136Z test_debt_records_local_git_ledger_and_plan_surfaces_it (test_debt_cli.DebtCliTests.test_debt_records_local_git_ledger_and_plan_surfaces_it) ... ok
2026-09-24T04:44:57.4213818Z test_forged_certificate_cannot_waive_change_debt (test_debt_cli.DebtCliTests.test_forged_certificate_cannot_waive_change_debt) ... ok
2026-09-24T04:44:57.4901866Z test_health_trend_and_ledger_show_are_human_readable (test_debt_cli.DebtCliTests.test_health_trend_and_ledger_show_are_human_readable) ... ok
2026-09-24T04:44:57.4920479Z test_nested_diffwitness_debt_supported (test_debt_config.DebtConfigTests.test_nested_diffwitness_debt_supported) ... ok
2026-09-24T04:44:57.4938460Z test_top_level_debt_and_category_tables_normalize (test_debt_config.DebtConfigTests.test_top_level_debt_and_category_tables_normalize) ... ok
2026-09-24T04:44:57.4943679Z test_unknown_debt_key_fails_closed (test_debt_config.DebtConfigTests.test_unknown_debt_key_fails_closed) ... ok
2026-09-24T04:44:57.5289583Z test_tampered_certificate_fails_before_accounting (test_debt_entry.DebtEntryTests.test_tampered_certificate_fails_before_accounting) ... ok
2026-09-24T04:44:57.5329232Z test_trend_reconstructs_prior_balance_from_events (test_debt_history.DebtHistoryTests.test_trend_reconstructs_prior_balance_from_events) ... ok
2026-09-24T04:44:57.5692042Z test_health_does_not_count_duplicate_blocks_only_in_test_fixtures (test_debt_integrity.DebtIntegrityTests.test_health_does_not_count_duplicate_blocks_only_in_test_fixtures) ... ok
2026-09-24T04:44:57.6127291Z test_health_filters_function_local_python_cycle_but_keeps_real_import_cycle (test_debt_integrity.DebtIntegrityTests.test_health_filters_function_local_python_cycle_but_keeps_real_import_cycle) ... ok
2026-09-24T04:44:57.6610409Z test_health_scan_is_bound_to_the_dirty_worktree_it_actually_reads (test_debt_integrity.DebtIntegrityTests.test_health_scan_is_bound_to_the_dirty_worktree_it_actually_reads) ... ok
2026-09-24T04:44:57.7774994Z test_mutation_recheck_cleans_control_run_side_effects_before_counterfactual (test_debt_integrity.DebtIntegrityTests.test_mutation_recheck_cleans_control_run_side_effects_before_counterfactual) ... ok
2026-09-24T04:44:57.7777416Z test_dedupe_keeps_strongest_same_lineage (test_debt_models.DebtModelTests.test_dedupe_keeps_strongest_same_lineage) ... ok
2026-09-24T04:44:57.7778994Z test_report_is_additive_and_explicit (test_debt_models.DebtModelTests.test_report_is_additive_and_explicit) ... ok
2026-09-24T04:44:57.7780951Z test_stable_identity_ignores_explanation_and_points (test_debt_models.DebtModelTests.test_stable_identity_ignores_explanation_and_points) ... ok
2026-09-24T04:44:57.8014847Z test_plan_separates_automatic_repayment_from_manual_review (test_debt_planning.DebtPlanningTests.test_plan_separates_automatic_repayment_from_manual_review) ... ok
2026-09-24T04:44:57.8253936Z test_repay_all_ignores_manual_backlog_instead_of_promising_closure (test_debt_planning.DebtPlanningTests.test_repay_all_ignores_manual_backlog_instead_of_promising_closure) ... ok
2026-09-24T04:44:57.8471136Z test_repay_refuses_lineage_without_automatic_closure_adapter (test_debt_planning.DebtPlanningTests.test_repay_refuses_lineage_without_automatic_closure_adapter) ... ok
2026-09-24T04:44:57.8765302Z test_change_only_rules_are_not_mislabeled_as_project_replay (test_debt_scan.DebtScanTests.test_change_only_rules_are_not_mislabeled_as_project_replay) ... ok
2026-09-24T04:44:57.9056572Z test_change_security_scan_ignores_added_python_string_literal (test_debt_scan.DebtScanTests.test_change_security_scan_ignores_added_python_string_literal) ... ok
2026-09-24T04:44:57.9394548Z test_non_probative_certificate_cannot_hide_unverified_change (test_debt_scan.DebtScanTests.test_non_probative_certificate_cannot_hide_unverified_change) ... ok
2026-09-24T04:44:57.9731811Z test_preservation_certificate_prevents_fake_test_debt_but_not_security_review (test_debt_scan.DebtScanTests.test_preservation_certificate_prevents_fake_test_debt_but_not_security_review) ... ok
2026-09-24T04:44:57.9966160Z test_project_scan_finds_one_duplicate_region_and_local_cycle (test_debt_scan.DebtScanTests.test_project_scan_finds_one_duplicate_region_and_local_cycle) ... ok
2026-09-24T04:44:58.0174025Z test_python_security_scan_detects_structural_call_keywords (test_debt_scan.DebtScanTests.test_python_security_scan_detects_structural_call_keywords) ... ok
2026-09-24T04:44:58.0434958Z test_python_security_scan_ignores_signature_strings_and_comments (test_debt_scan.DebtScanTests.test_python_security_scan_ignores_signature_strings_and_comments) ... ok
2026-09-24T04:44:58.0773910Z test_security_rule_has_same_identity_in_change_and_project_scan (test_debt_scan.DebtScanTests.test_security_rule_has_same_identity_in_change_and_project_scan) ... ok
2026-09-24T04:44:58.1078316Z test_unverified_change_and_no_changed_test_surface_are_explicit (test_debt_scan.DebtScanTests.test_unverified_change_and_no_changed_test_surface_are_explicit) ... ok
2026-09-24T04:44:58.1423221Z test_structurally_unrelated_function_is_not_flagged (test_debt_sensor_precision.SemanticRedundancyPrecisionTests.test_structurally_unrelated_function_is_not_flagged) ... ok
2026-09-24T04:44:58.1842208Z test_accounting_boundary_enriches_report_but_zero_point_sensor_cannot_break_budget (test_debt_sensors.SemanticRedundancySensorTests.test_accounting_boundary_enriches_report_but_zero_point_sensor_cannot_break_budget) ... ok
2026-09-24T04:44:58.2260724Z test_change_and_project_modes_keep_same_debt_identity (test_debt_sensors.SemanticRedundancySensorTests.test_change_and_project_modes_keep_same_debt_identity) ... ok
2026-09-24T04:44:58.2601577Z test_change_sensor_finds_renamed_reimplementation_without_exporting_source (test_debt_sensors.SemanticRedundancySensorTests.test_change_sensor_finds_renamed_reimplementation_without_exporting_source) ... ok
2026-09-24T04:44:58.2932708Z test_exact_source_copy_is_left_to_existing_deterministic_duplicate_rule (test_debt_sensors.SemanticRedundancySensorTests.test_exact_source_copy_is_left_to_existing_deterministic_duplicate_rule) ... ok
2026-09-24T04:44:58.3238446Z test_sensor_can_be_disabled_at_accounting_boundary (test_debt_sensors.SemanticRedundancySensorTests.test_sensor_can_be_disabled_at_accounting_boundary) ... ok
2026-09-24T04:44:58.5124913Z test_historical_test_debt_resolves_when_current_tests_discriminate_origin (test_debt_verify.DebtVerifyTests.test_historical_test_debt_resolves_when_current_tests_discriminate_origin) ... ok
2026-09-24T04:44:58.8148589Z test_mutation_debt_resolves_when_current_tests_make_it_necessary (test_debt_verify.DebtVerifyTests.test_mutation_debt_resolves_when_current_tests_make_it_necessary) ... ok
2026-09-24T04:44:58.8151214Z test_binary_change_is_never_misrepresented_as_line_hunk (test_diff_edgecases.DiffEdgeCaseTests.test_binary_change_is_never_misrepresented_as_line_hunk) ... ok
2026-09-24T04:44:58.8153423Z test_documentation_new_file_does_not_enter_executable_causal_surface (test_diff_edgecases.DiffEdgeCaseTests.test_documentation_new_file_does_not_enter_executable_causal_surface) ... ok
2026-09-24T04:44:58.8155460Z test_new_production_file_is_conservative_structural_mutation (test_diff_edgecases.DiffEdgeCaseTests.test_new_production_file_is_conservative_structural_mutation) ... ok
2026-09-24T04:44:58.8157604Z test_path_with_spaces_remains_one_hunk_mutation (test_diff_edgecases.DiffEdgeCaseTests.test_path_with_spaces_remains_one_hunk_mutation) ... ok
2026-09-24T04:44:58.8159544Z test_rename_is_file_level_even_with_text_hunk (test_diff_edgecases.DiffEdgeCaseTests.test_rename_is_file_level_even_with_text_hunk) ... ok
2026-09-24T04:44:58.8161518Z test_documentation_classifier_is_narrow (test_diffing.DiffingTests.test_documentation_classifier_is_narrow) ... ok
2026-09-24T04:44:58.8167850Z test_documentation_hunks_are_excluded_by_default_but_can_be_included (test_diffing.DiffingTests.test_documentation_hunks_are_excluded_by_default_but_can_be_included) ... ok
2026-09-24T04:44:58.8169234Z test_hunk_ranges_become_annotation_lines (test_diffing.DiffingTests.test_hunk_ranges_become_annotation_lines) ... ok
2026-09-24T04:44:58.8170447Z test_test_path_detection (test_diffing.DiffingTests.test_test_path_detection) ... ok
2026-09-24T04:45:01.5316178Z test_real_no_proof_fresh_drift_clean_stale_and_failed_attempt (test_doctor_proof_truthfulness.DoctorProofTruthfulnessTests.test_real_no_proof_fresh_drift_clean_stale_and_failed_attempt) ... DiffWitness Gate rejected: candidate is not stably green
2026-09-24T04:45:01.5318243Z 
2026-09-24T04:45:01.5318426Z DiffWitness Guard: PROOF REJECTED
2026-09-24T04:45:02.1421095Z ok
2026-09-24T04:45:02.1431610Z test_engine_command_is_argv_not_shell_text (test_engine_config.EngineConfigTests.test_engine_command_is_argv_not_shell_text) ... ok
2026-09-24T04:45:02.1433341Z test_required_engine_needs_command (test_engine_config.EngineConfigTests.test_required_engine_needs_command) ... ok
2026-09-24T04:45:02.1434421Z test_top_level_engine_table_loads_without_relaxing_unknown_keys (test_engine_config.EngineConfigTests.test_top_level_engine_table_loads_without_relaxing_unknown_keys) ... ok
2026-09-24T04:45:02.1912311Z test_capability_preflight_accepts_compatible_bounded_engine (test_engine_doctor.EngineDoctorTests.test_capability_preflight_accepts_compatible_bounded_engine) ... ok
2026-09-24T04:45:02.2231423Z test_capability_preflight_rejects_ambiguous_json (test_engine_doctor.EngineDoctorTests.test_capability_preflight_rejects_ambiguous_json) ... ok
2026-09-24T04:45:02.3052611Z test_capability_preflight_rejects_protocol_or_authority_drift (test_engine_doctor.EngineDoctorTests.test_capability_preflight_rejects_protocol_or_authority_drift) ... ok
2026-09-24T04:45:02.3752952Z test_dw_doctor_fails_preflight_for_incompatible_required_engine (test_engine_doctor.EngineDoctorTests.test_dw_doctor_fails_preflight_for_incompatible_required_engine) ... ok
2026-09-24T04:45:02.4123581Z test_dw_doctor_keeps_community_only_onboarding_clean (test_engine_doctor.EngineDoctorTests.test_dw_doctor_keeps_community_only_onboarding_clean) ... ok
2026-09-24T04:45:02.4807042Z test_dw_doctor_reports_compatible_required_private_engine (test_engine_doctor.EngineDoctorTests.test_dw_doctor_reports_compatible_required_private_engine) ... ok
2026-09-24T04:45:02.4985851Z test_committed_project_engine_wins_over_machine_local_profile (test_engine_local.LocalEngineTests.test_committed_project_engine_wins_over_machine_local_profile) ... ok
2026-09-24T04:45:02.5279779Z test_corrupt_machine_local_profile_fails_closed (test_engine_local.LocalEngineTests.test_corrupt_machine_local_profile_fails_closed) ... ok
2026-09-24T04:45:02.6949408Z test_dw_engine_enable_status_doctor_disable_is_git_local (test_engine_local.LocalEngineTests.test_dw_engine_enable_status_doctor_disable_is_git_local) ... ok
2026-09-24T04:45:03.1760447Z test_real_gate_consumes_git_local_private_plan_but_public_runner_owns_verdict (test_engine_local_gate.LocalEngineGateTests.test_real_gate_consumes_git_local_private_plan_but_public_runner_owns_verdict) ... ok
2026-09-24T04:45:03.2380136Z test_ambiguous_engine_json_is_rejected_before_plan_validation (test_engine_protocol.EngineProtocolTests.test_ambiguous_engine_json_is_rejected_before_plan_validation) ... ok
2026-09-24T04:45:03.2382683Z test_canonical_compat_vector_has_frozen_request_id_and_digest (test_engine_protocol.EngineProtocolTests.test_canonical_compat_vector_has_frozen_request_id_and_digest) ... ok
2026-09-24T04:45:03.2384543Z test_change_identity_depends_on_repository_and_git_trees (test_engine_protocol.EngineProtocolTests.test_change_identity_depends_on_repository_and_git_trees) ... ok
2026-09-24T04:45:03.2657737Z test_non_finite_planning_budget_is_rejected_before_request_hashing (test_engine_protocol.EngineProtocolTests.test_non_finite_planning_budget_is_rejected_before_request_hashing) ... ok
2026-09-24T04:45:03.3265164Z test_optional_engine_failure_degrades_but_required_engine_fails_closed (test_engine_protocol.EngineProtocolTests.test_optional_engine_failure_degrades_but_required_engine_fails_closed) ... ok
2026-09-24T04:45:03.3552821Z test_plan_must_be_exactly_bound_and_cover_every_mutation_once (test_engine_protocol.EngineProtocolTests.test_plan_must_be_exactly_bound_and_cover_every_mutation_once) ... ok
2026-09-24T04:45:03.4163025Z test_real_subprocess_plan_is_validated_before_use (test_engine_protocol.EngineProtocolTests.test_real_subprocess_plan_is_validated_before_use) ... ok
2026-09-24T04:45:03.4470388Z test_request_is_content_bound_without_embedding_test_command_or_patch (test_engine_protocol.EngineProtocolTests.test_request_is_content_bound_without_embedding_test_command_or_patch) ... ok
2026-09-24T04:45:03.4611418Z test_code_change_does_not_get_noop_preflight (test_entry.EntryTests.test_code_change_does_not_get_noop_preflight) ... DiffWitness proof dw0_01cca702eca12b0bfc48 attached to afb8b83032ad via refs/notes/diffwitness.
2026-09-24T04:45:03.4613325Z Publish it with: git push origin refs/notes/diffwitness
2026-09-24T04:45:03.4614254Z Invariant INV-IMPACT: Keep identity
2026-09-24T04:45:03.4614977Z Objective OBJ-REFUNDS: Support partial refunds safely
2026-09-24T04:45:03.4615797Z Decision DEC-IDEMPOTENCY: Keep refund operations idempotent
2026-09-24T04:45:03.4616651Z Invariant INV-CAPTURE-LIMIT: Refund total must never exceed captured payment
2026-09-24T04:45:03.4617604Z Failed approach FAIL-DIRECT-CHARGE: Mutating charge rows directly
2026-09-24T04:45:03.4895975Z DiffWitness: No evidence command could be detected. Run `dw doctor`, pass --test, or create .diffwitness.toml.
2026-09-24T04:45:03.4909609Z ok
2026-09-24T04:45:03.5338428Z test_docs_only_prove_succeeds_without_test_command_and_writes_noop_certificate (test_entry.EntryTests.test_docs_only_prove_succeeds_without_test_command_and_writes_noop_certificate) ... ok
2026-09-24T04:45:03.5350254Z test_public_version_options_bypass_friendly_unknown_router (test_entry.EntryTests.test_public_version_options_bypass_friendly_unknown_router) ... ok
2026-09-24T04:45:03.5482465Z test_unknown_test_only_surface_without_evidence_never_becomes_noop_success (test_fail_closed.FailClosedTests.test_unknown_test_only_surface_without_evidence_never_becomes_noop_success) ... DiffWitness: proof not required (dw0_893d09dd2e6ff0171d0b); no executable causal mutation detected.
2026-09-24T04:45:03.5760548Z DiffWitness: this change contains tests but DiffWitness cannot determine how to execute evidence. Failing closed: pass --test or configure [diffwitness].test.
2026-09-24T04:45:03.5776063Z ok
2026-09-24T04:45:04.1249522Z test_auto_routes_surplus_patch_to_adaptive_and_rejects_it (test_gate.GateTests.test_auto_routes_surplus_patch_to_adaptive_and_rejects_it) ... DiffWitness Gate rejected: Adaptive Core found 1 mutation(s) removable while preserving the selected stable evidence
2026-09-24T04:45:04.1270383Z ok
2026-09-24T04:45:04.1415278Z test_docs_only_gate_becomes_formal_proof_not_required (test_gate.GateTests.test_docs_only_gate_becomes_formal_proof_not_required) ... DiffWitness Gate: causal contrast proven; adaptive strategy for 2 production mutation(s) under balanced policy (899.9s proof budget remaining)
2026-09-24T04:45:04.1416608Z DiffWitness Adaptive Core
2026-09-24T04:45:04.1417070Z contrast:    PROVEN
2026-09-24T04:45:04.1417370Z mutations:   2 original
2026-09-24T04:45:04.1417601Z core:        1 retained
2026-09-24T04:45:04.1417868Z removable:   1 observed removable
2026-09-24T04:45:04.1418132Z experiments: 3/10
2026-09-24T04:45:04.1418344Z 1-minimal:   yes
2026-09-24T04:45:04.1418572Z certificate: dwac1_e901b19de9d4f398a9b9
2026-09-24T04:45:04.1418767Z 
2026-09-24T04:45:04.1418852Z Causal core:
2026-09-24T04:45:04.1419061Z   KEEP    calc.py hunk 1/2
2026-09-24T04:45:04.1419217Z 
2026-09-24T04:45:04.1419314Z Evidence-removable surface:
2026-09-24T04:45:04.1420950Z   REVIEW  calc.py hunk 2/2 — def add(a, b):
2026-09-24T04:45:04.2182437Z ok
2026-09-24T04:45:04.2324728Z test_explicit_nondefault_config_supplies_evidence_command (test_gate.GateTests.test_explicit_nondefault_config_supplies_evidence_command) ... DiffWitness: proof not required (dw0_028d88ae65942ffe2409); no executable causal mutation detected.
2026-09-24T04:45:04.2326574Z Project continuity: 2 new change event(s) · dwchg_7d20ecd79b8d62728a255649
2026-09-24T04:45:04.4238785Z DiffWitness Gate: causal contrast proven; exhaustive strategy for 1 production mutation(s) under strict policy (899.9s proof budget remaining)
2026-09-24T04:45:04.7693306Z ok
2026-09-24T04:45:04.7842269Z test_small_proven_fix_uses_exhaustive_gate_and_writes_certificate (test_gate.GateTests.test_small_proven_fix_uses_exhaustive_gate_and_writes_certificate) ... DiffWitness 0.4.0a1 - counterfactual patch evidence
2026-09-24T04:45:04.7843387Z repo:      /tmp/tmponpuxjfj/repo
2026-09-24T04:45:04.7843814Z base:      4b788e4a5cd48f25cf770761b8c49bbb408a3a85 (4b788e4a5cd4)
2026-09-24T04:45:04.7844308Z candidate: 6515d9fb8c041551efa80b626fd9a79914313398 (6515d9fb8c04)
2026-09-24T04:45:04.7844989Z evidence:  "/opt/hostedtoolcache/Python/3.11.16/x64/bin/python" -m unittest discover -s tests -q
2026-09-24T04:45:04.7845548Z stability: 1 run(s) per variant
2026-09-24T04:45:04.7845863Z budget:    899.857s total; 300s per command
2026-09-24T04:45:04.7846269Z changes:   1 analyzed mutation(s); 1 changed test file(s)
2026-09-24T04:45:04.7846568Z 
2026-09-24T04:45:04.7846740Z contrast:  BASE STABLE-FAIL -> CANDIDATE STABLE-PASS
2026-09-24T04:45:04.7847270Z 
2026-09-24T04:45:04.7847467Z WITNESSED         +1/-1  calc.py hunk 1/1  [stable-fail]
2026-09-24T04:45:04.7847750Z 
2026-09-24T04:45:04.7847910Z summary: 1 witnessed, 0 unwitnessed, 0 inconclusive
2026-09-24T04:45:04.7848322Z core:    1 minimal sufficient set(s) of 1 hunk(s)
2026-09-24T04:45:04.7848695Z cert:    dw2_10d6ff269ced33db2576
2026-09-24T04:45:04.7849075Z DiffWitness Gate accepted (dw2_10d6ff269ced33db2576)
2026-09-24T04:45:04.7850270Z Project continuity: 2 new change event(s) · dwchg_5a5f5c5252a47a5ec21029c4
2026-09-24T04:45:04.9675803Z DiffWitness Gate: causal contrast proven; exhaustive strategy for 1 production mutation(s) under strict policy (899.9s proof budget remaining)
2026-09-24T04:45:05.3182496Z ok
2026-09-24T04:45:05.3187709Z test_unwitnessed_hunk_becomes_file_warning (test_github_actions.GitHubActionTests.test_unwitnessed_hunk_becomes_file_warning) ... ok
2026-09-24T04:45:05.3378893Z test_clean_worktree_reuses_head_exactly (test_gitops_snapshot_fastpath.SnapshotFastPathTests.test_clean_worktree_reuses_head_exactly) ... ok
2026-09-24T04:45:05.3682983Z test_meaningful_untracked_file_forces_exact_snapshot (test_gitops_snapshot_fastpath.SnapshotFastPathTests.test_meaningful_untracked_file_forces_exact_snapshot) ... ok
2026-09-24T04:45:05.3876902Z test_only_known_untracked_runtime_artifacts_still_reuse_head (test_gitops_snapshot_fastpath.SnapshotFastPathTests.test_only_known_untracked_runtime_artifacts_still_reuse_head) ... ok
2026-09-24T04:45:05.4192883Z test_staged_change_is_not_mistaken_for_clean_state (test_gitops_snapshot_fastpath.SnapshotFastPathTests.test_staged_change_is_not_mistaken_for_clean_state) ... ok
2026-09-24T04:45:05.4560466Z test_tracked_cache_like_file_is_never_filtered (test_gitops_snapshot_fastpath.SnapshotFastPathTests.test_tracked_cache_like_file_is_never_filtered) ... ok
2026-09-24T04:45:05.4855681Z test_tracked_worktree_change_forces_exact_snapshot (test_gitops_snapshot_fastpath.SnapshotFastPathTests.test_tracked_worktree_change_forces_exact_snapshot) ... ok
2026-09-24T04:45:05.4987007Z test_public_guard_delegates_proven_agent_patch_to_gate (test_guard.PublicGuardTests.test_public_guard_delegates_proven_agent_patch_to_gate) ... DiffWitness 0.4.0a1 - counterfactual patch evidence
2026-09-24T04:45:05.4988078Z repo:      /tmp/tmpuvipxq_u
2026-09-24T04:45:05.4988455Z base:      4b788e4a5cd48f25cf770761b8c49bbb408a3a85 (4b788e4a5cd4)
2026-09-24T04:45:05.4989320Z candidate: 6515d9fb8c041551efa80b626fd9a79914313398 (6515d9fb8c04)
2026-09-24T04:45:05.4990308Z evidence:  "/opt/hostedtoolcache/Python/3.11.16/x64/bin/python" -m unittest discover -s tests -q
2026-09-24T04:45:05.4990823Z stability: 1 run(s) per variant
2026-09-24T04:45:05.4991122Z budget:    899.862s total; 300s per command
2026-09-24T04:45:05.4991495Z changes:   1 analyzed mutation(s); 1 changed test file(s)
2026-09-24T04:45:05.4991742Z 
2026-09-24T04:45:05.4991902Z contrast:  BASE STABLE-FAIL -> CANDIDATE STABLE-PASS
2026-09-24T04:45:05.4992137Z 
2026-09-24T04:45:05.4992311Z WITNESSED         +1/-1  calc.py hunk 1/1  [stable-fail]
2026-09-24T04:45:05.4992558Z 
2026-09-24T04:45:05.4992692Z summary: 1 witnessed, 0 unwitnessed, 0 inconclusive
2026-09-24T04:45:05.4993041Z core:    1 minimal sufficient set(s) of 1 hunk(s)
2026-09-24T04:45:05.4993359Z cert:    dw2_d6bcef88ea0f1aa49671
2026-09-24T04:45:05.4993672Z DiffWitness Gate accepted (dw2_d6bcef88ea0f1aa49671)
2026-09-24T04:45:05.4994430Z Project continuity: 2 new change event(s) · dwchg_5a5f5c5252a47a5ec21029c4
2026-09-24T04:45:05.7157709Z DiffWitness Guard armed at 5ee9e32967f0
2026-09-24T04:45:05.7160847Z Agent:    /opt/hostedtoolcache/Python/3.11.16/x64/bin/python -c from pathlib import Path; Path('calc.py').write_text('def add(a, b):\n    return a + b\n', encoding='utf-8'); Path('tests').mkdir(exist_ok=True); Path('tests/test_calc.py').write_text("import unittest\nfrom calc import add\n\nclass T(unittest.TestCase):\n    def test_add(self):\n        self.assertEqual(add(2, 3), 5)\n", encoding='utf-8')
2026-09-24T04:45:05.7163702Z Policy:   strict
2026-09-24T04:45:05.7164453Z Strategy: auto
2026-09-24T04:45:05.7164899Z Proof budget: 900s after agent exit
2026-09-24T04:45:05.7165245Z 
2026-09-24T04:45:05.7166100Z DiffWitness Gate: causal contrast proven; exhaustive strategy for 1 production mutation(s) under strict policy (899.9s proof budget remaining)
2026-09-24T04:45:06.0765099Z ok
2026-09-24T04:45:06.0898801Z test_public_guard_preserves_agent_failure_code_without_claiming_proof (test_guard.PublicGuardTests.test_public_guard_preserves_agent_failure_code_without_claiming_proof) ... DiffWitness 0.4.0a1 - counterfactual patch evidence
2026-09-24T04:45:06.0901104Z repo:      /tmp/tmpw42qqplm
2026-09-24T04:45:06.0901514Z base:      5ee9e32967f085b01bd6e693af2e3581bd24a4b1 (5ee9e32967f0)
2026-09-24T04:45:06.0902030Z candidate: 9b8242ffab21c395cca00b8f5201292b999c1961 (9b8242ffab21)
2026-09-24T04:45:06.0903064Z evidence:  "/opt/hostedtoolcache/Python/3.11.16/x64/bin/python" -m unittest discover -s tests -q
2026-09-24T04:45:06.0903681Z stability: 1 run(s) per variant
2026-09-24T04:45:06.0903994Z budget:    899.863s total; 300s per command
2026-09-24T04:45:06.0904386Z changes:   1 analyzed mutation(s); 1 changed test file(s)
2026-09-24T04:45:06.0904660Z 
2026-09-24T04:45:06.0904827Z contrast:  BASE STABLE-FAIL -> CANDIDATE STABLE-PASS
2026-09-24T04:45:06.0905098Z 
2026-09-24T04:45:06.0905255Z WITNESSED         +1/-1  calc.py hunk 1/1  [stable-fail]
2026-09-24T04:45:06.0905788Z 
2026-09-24T04:45:06.0905938Z summary: 1 witnessed, 0 unwitnessed, 0 inconclusive
2026-09-24T04:45:06.0906353Z core:    1 minimal sufficient set(s) of 1 hunk(s)
2026-09-24T04:45:06.0906712Z cert:    dw2_abf5ed3f327f74eced6c
2026-09-24T04:45:06.0907054Z DiffWitness Gate accepted (dw2_abf5ed3f327f74eced6c)
2026-09-24T04:45:06.0907311Z 
2026-09-24T04:45:06.0907429Z DiffWitness Guard: PROOF ACCEPTED
2026-09-24T04:45:06.0907625Z 
2026-09-24T04:45:06.0907719Z CHANGE DEBT
2026-09-24T04:45:06.0908210Z +0 point(s) / 0 obligation(s)
2026-09-24T04:45:06.0908971Z Debt budget: PASS — projected total 0; new 0
2026-09-24T04:45:06.0909530Z Debt Ledger: +0 introduced, 0 reopened, 0 refreshed
2026-09-24T04:45:06.0910742Z IdleProof explanation: /tmp/tmpw42qqplm/.git/diffwitness/idleproof-explanation.json
2026-09-24T04:45:06.0911743Z Change envelope: /tmp/tmpw42qqplm/.git/diffwitness/change-envelope.json
2026-09-24T04:45:06.0912818Z Project continuity: 3 new change event(s) · dwchg_6bea1b321f08bf90f42b0b04
2026-09-24T04:45:06.1158447Z DiffWitness Guard: agent exited with code 7; proof was not attempted.
2026-09-24T04:45:06.1230088Z ok
2026-09-24T04:45:06.1366773Z test_guard_records_agent_provenance_after_proof (test_guard_debt.GuardDebtTests.test_guard_records_agent_provenance_after_proof) ... DiffWitness Guard armed at 39a5442ea3f8
2026-09-24T04:45:06.1367845Z Agent:    /opt/hostedtoolcache/Python/3.11.16/x64/bin/python -c raise SystemExit(7)
2026-09-24T04:45:06.1368340Z Policy:   config/default
2026-09-24T04:45:06.1368612Z Strategy: config/default
2026-09-24T04:45:06.1368885Z Proof budget: 900s after agent exit
2026-09-24T04:45:06.1369110Z 
2026-09-24T04:45:06.3512299Z DiffWitness Guard armed at 89a11662789c
2026-09-24T04:45:06.3514300Z Agent:    /opt/hostedtoolcache/Python/3.11.16/x64/bin/python -c from pathlib import Path; p=Path('auth/session.py'); p.write_text('def add(a, b):\n    return a + b\n', encoding='utf-8'); t=Path('tests/test_session.py'); t.parent.mkdir(exist_ok=True); t.write_text("import unittest\nfrom auth.session import add\n\nclass T(unittest.TestCase):\n    def test_add(self):\n        self.assertEqual(add(2, 3), 5)\n", encoding='utf-8')
2026-09-24T04:45:06.3516052Z Policy:   strict
2026-09-24T04:45:06.3516288Z Strategy: config/default
2026-09-24T04:45:06.3516554Z Proof budget: 900s after agent exit
2026-09-24T04:45:06.3516752Z 
2026-09-24T04:45:06.3517245Z DiffWitness Gate: causal contrast proven; exhaustive strategy for 1 production mutation(s) under strict policy (899.9s proof budget remaining)
2026-09-24T04:45:06.7274779Z ok
2026-09-24T04:45:06.7410205Z test_guard_rejects_over_budget_patch_without_admitting_rejected_debt (test_guard_debt.GuardDebtTests.test_guard_rejects_over_budget_patch_without_admitting_rejected_debt) ... DiffWitness 0.4.0a1 - counterfactual patch evidence
2026-09-24T04:45:06.7412129Z repo:      /tmp/tmpc8rjnr7g
2026-09-24T04:45:06.7412503Z base:      89a11662789cd854b412de7e199130730d93eee6 (89a11662789c)
2026-09-24T04:45:06.7413006Z candidate: ab98d6fb75824257ea1ecfda6a824b3d548eee30 (ab98d6fb7582)
2026-09-24T04:45:06.7413654Z evidence:  "/opt/hostedtoolcache/Python/3.11.16/x64/bin/python" -m unittest discover -s tests -q
2026-09-24T04:45:06.7414179Z stability: 1 run(s) per variant
2026-09-24T04:45:06.7414464Z budget:    899.857s total; 300s per command
2026-09-24T04:45:06.7414823Z changes:   1 analyzed mutation(s); 1 changed test file(s)
2026-09-24T04:45:06.7415066Z 
2026-09-24T04:45:06.7415216Z contrast:  BASE STABLE-FAIL -> CANDIDATE STABLE-PASS
2026-09-24T04:45:06.7415456Z 
2026-09-24T04:45:06.7415622Z WITNESSED         +1/-1  auth/session.py hunk 1/1  [stable-fail]
2026-09-24T04:45:06.7415893Z 
2026-09-24T04:45:06.7416024Z summary: 1 witnessed, 0 unwitnessed, 0 inconclusive
2026-09-24T04:45:06.7416362Z core:    1 minimal sufficient set(s) of 1 hunk(s)
2026-09-24T04:45:06.7416674Z cert:    dw2_89bfc93181d754b30879
2026-09-24T04:45:06.7416984Z DiffWitness Gate accepted (dw2_89bfc93181d754b30879)
2026-09-24T04:45:06.7417212Z 
2026-09-24T04:45:06.7417514Z DiffWitness Guard: PROOF ACCEPTED
2026-09-24T04:45:06.7417692Z 
2026-09-24T04:45:06.7417777Z CHANGE DEBT
2026-09-24T04:45:06.7417986Z +1 point(s) / 1 obligation(s)
2026-09-24T04:45:06.7418230Z   security           +1
2026-09-24T04:45:06.7418857Z   DW-F90AD233C569 +1 security/heuristic — Security-sensitive surface changed
2026-09-24T04:45:06.7419345Z Debt budget: PASS — projected total 1; new 1
2026-09-24T04:45:06.7420041Z Debt Ledger: +1 introduced, 0 reopened, 0 refreshed
2026-09-24T04:45:06.7420557Z IdleProof explanation: /tmp/tmpc8rjnr7g/.git/diffwitness/idleproof-explanation.json
2026-09-24T04:45:06.7421129Z Change envelope: /tmp/tmpc8rjnr7g/.git/diffwitness/change-envelope.json
2026-09-24T04:45:06.7421734Z Project continuity: 4 new change event(s) · dwchg_46f6b0cd91b1c39ca928a63b
2026-09-24T04:45:06.7422237Z Project continuity: 1 Debt Ledger lifecycle event(s) projected
2026-09-24T04:45:06.9513699Z DiffWitness Guard armed at 1db9d719ec98
2026-09-24T04:45:06.9516782Z Agent:    /opt/hostedtoolcache/Python/3.11.16/x64/bin/python -c from pathlib import Path; p=Path('auth/session.py'); p.write_text('def add(a, b):\n    return a + b\n', encoding='utf-8'); t=Path('tests/test_session.py'); t.parent.mkdir(exist_ok=True); t.write_text("import unittest\nfrom auth.session import add\n\nclass T(unittest.TestCase):\n    def test_add(self):\n        self.assertEqual(add(2, 3), 5)\n", encoding='utf-8')
2026-09-24T04:45:06.9518930Z Policy:   strict
2026-09-24T04:45:06.9519196Z Strategy: config/default
2026-09-24T04:45:06.9519501Z Proof budget: 900s after agent exit
2026-09-24T04:45:06.9520120Z 
2026-09-24T04:45:06.9520720Z DiffWitness Gate: causal contrast proven; exhaustive strategy for 1 production mutation(s) under strict policy (899.9s proof budget remaining)
2026-09-24T04:45:07.2834660Z DiffWitness Guard: DEBT BUDGET REJECTED
2026-09-24T04:45:07.3189867Z ok
2026-09-24T04:45:07.3435118Z test_default_guided_root_help_is_a_bounded_onboarding_surface (test_ht001_guided_first_run.GuidedFirstRunDensityTests.test_default_guided_root_help_is_a_bounded_onboarding_surface) ... ok
2026-09-24T04:45:07.3593924Z test_french_guided_root_help_has_the_same_bounded_information_shape (test_ht001_guided_first_run.GuidedFirstRunDensityTests.test_french_guided_root_help_has_the_same_bounded_information_shape) ... ok
2026-09-24T04:45:07.3797817Z test_technical_help_keeps_the_complete_engineering_surface (test_ht001_guided_first_run.GuidedFirstRunDensityTests.test_technical_help_keeps_the_complete_engineering_surface) ... ok
2026-09-24T04:45:07.3820224Z test_default_guided_english_explains_how_to_reach_a_valid_doctor_context (test_ht002_doctor_outside_git.DoctorOutsideGitActionabilityTests.test_default_guided_english_explains_how_to_reach_a_valid_doctor_context) ... ok
2026-09-24T04:45:07.3838604Z test_guided_french_has_the_same_actionable_failure_shape (test_ht002_doctor_outside_git.DoctorOutsideGitActionabilityTests.test_guided_french_has_the_same_actionable_failure_shape) ... ok
2026-09-24T04:45:07.3857830Z test_json_outside_git_preserves_raw_failure_contract (test_ht002_doctor_outside_git.DoctorOutsideGitActionabilityTests.test_json_outside_git_preserves_raw_failure_contract) ... ok
2026-09-24T04:45:07.3869006Z test_other_git_failures_do_not_get_outside_repository_advice (test_ht002_doctor_outside_git.DoctorOutsideGitActionabilityTests.test_other_git_failures_do_not_get_outside_repository_advice) ... ok
2026-09-24T04:45:07.3888593Z test_technical_outside_git_still_fails_without_inventing_readiness (test_ht002_doctor_outside_git.DoctorOutsideGitActionabilityTests.test_technical_outside_git_still_fails_without_inventing_readiness) ... ok
2026-09-24T04:45:07.3893086Z test_every_diffwitness_owned_sidecar_diagnostic_has_a_guided_rendering (test_ht004_guided_vocabulary.HT004GuidedVocabularyTests.test_every_diffwitness_owned_sidecar_diagnostic_has_a_guided_rendering) ... ok
2026-09-24T04:45:07.9094427Z test_guided_setup_hides_internal_sidecar_term_without_changing_machine_or_technical_detail (test_ht004_guided_vocabulary.HT004GuidedVocabularyTests.test_guided_setup_hides_internal_sidecar_term_without_changing_machine_or_technical_detail) ... ok
2026-09-24T04:45:07.9957174Z test_idleproof_help_does_not_expose_internal_sidecar_architecture (test_ht004_guided_vocabulary.HT004GuidedVocabularyTests.test_idleproof_help_does_not_expose_internal_sidecar_architecture) ... ok
2026-09-24T04:45:08.0701602Z test_frontend_error_public_export_remains_available_on_demand (test_ht006_cli_startup.HT006CliStartupTests.test_frontend_error_public_export_remains_available_on_demand) ... ok
2026-09-24T04:45:08.0974112Z test_importing_public_entry_does_not_eagerly_load_full_frontend (test_ht006_cli_startup.HT006CliStartupTests.test_importing_public_entry_does_not_eagerly_load_full_frontend) ... ok
2026-09-24T04:45:08.0982208Z test_version_fast_path_does_not_run_git (test_ht006_cli_startup.HT006CliStartupTests.test_version_fast_path_does_not_run_git) ... ok
2026-09-24T04:45:08.0984313Z test_version_output_contract_remains_exact (test_ht006_cli_startup.HT006CliStartupTests.test_version_output_contract_remains_exact) ... ok
2026-09-24T04:45:08.0991685Z test_explicit_codex_setup_bounds_protect_scope_when_claude_is_detectable (test_ht007_provider_scope.HT007ProviderScopeQualificationTests.test_explicit_codex_setup_bounds_protect_scope_when_claude_is_detectable)
2026-09-24T04:45:08.8853959Z Public setup scope must win over broader provider auto-detection in Protect. ... ok
2026-09-24T04:45:10.1663982Z test_claude_hooks_use_exec_form_and_complete_native_change (test_human_blocker_regressions.HumanBlockerRegressionTests.test_claude_hooks_use_exec_form_and_complete_native_change) ... ok
2026-09-24T04:45:11.2113533Z test_manual_gate_persists_current_worktree_verification (test_human_blocker_regressions.HumanBlockerRegressionTests.test_manual_gate_persists_current_worktree_verification) ... ok
2026-09-24T04:45:11.2503731Z test_continuity_projection_failure_is_durable_degradation_and_recovery_clears_it (test_ide_handoff_fail_closed.IdeHandoffFailClosedTests.test_continuity_projection_failure_is_durable_degradation_and_recovery_clears_it) ... ok
2026-09-24T04:45:11.2515573Z test_exhausted_continuation_budget_never_becomes_approval (test_ide_handoff_fail_closed.IdeHandoffFailClosedTests.test_exhausted_continuation_budget_never_becomes_approval) ... ok
2026-09-24T04:45:11.2684148Z test_missing_or_invalid_native_start_capture_terminates_unverified_without_a_loop (test_ide_handoff_fail_closed.IdeHandoffFailClosedTests.test_missing_or_invalid_native_start_capture_terminates_unverified_without_a_loop) ... ok
2026-09-24T04:45:11.2688903Z test_session_model_receives_evidence_first_policy_and_optional_soul (test_idleproof_agent_session.IdleProofAgentSessionTests.test_session_model_receives_evidence_first_policy_and_optional_soul) ... ok
2026-09-24T04:45:11.2691425Z test_session_policy_does_not_require_soul_or_any_provider (test_idleproof_agent_session.IdleProofAgentSessionTests.test_session_policy_does_not_require_soul_or_any_provider) ... ok
2026-09-24T04:45:11.3039077Z test_authoritative_proof_path_has_no_model_or_http_client_dependency (test_idleproof_architecture_invariants.IdleProofArchitectureInvariantTests.test_authoritative_proof_path_has_no_model_or_http_client_dependency) ... ok
2026-09-24T04:45:11.3042195Z test_guard_may_emit_deterministic_idleproof_but_not_call_optional_inference (test_idleproof_architecture_invariants.IdleProofArchitectureInvariantTests.test_guard_may_emit_deterministic_idleproof_but_not_call_optional_inference) ... ok
2026-09-24T04:45:11.6761272Z test_optional_user_inference_never_flows_back_into_proof_debt_or_continuity_modules (test_idleproof_architecture_invariants.IdleProofArchitectureInvariantTests.test_optional_user_inference_never_flows_back_into_proof_debt_or_continuity_modules) ... ok
2026-09-24T04:45:11.6766163Z test_user_owned_cache_stays_in_git_metadata_not_project_source (test_idleproof_architecture_invariants.IdleProofArchitectureInvariantTests.test_user_owned_cache_stays_in_git_metadata_not_project_source) ... ok
2026-09-24T04:45:11.6768953Z test_binary_change_is_explained_conservatively (test_idleproof_explanation.DeterministicExplanationTests.test_binary_change_is_explained_conservatively) ... ok
2026-09-24T04:45:11.6771869Z test_empty_change_still_has_an_explicit_result (test_idleproof_explanation.DeterministicExplanationTests.test_empty_change_still_has_an_explicit_result) ... ok
2026-09-24T04:45:11.6774244Z test_heuristic_sensor_never_becomes_a_verified_fact (test_idleproof_explanation.DeterministicExplanationTests.test_heuristic_sensor_never_becomes_a_verified_fact) ... ok
2026-09-24T04:45:11.6776468Z test_renderer_is_useful_without_network_or_llm (test_idleproof_explanation.DeterministicExplanationTests.test_renderer_is_useful_without_network_or_llm) ... ok
2026-09-24T04:45:11.6777808Z test_unaccepted_proof_is_never_described_as_proven (test_idleproof_explanation.DeterministicExplanationTests.test_unaccepted_proof_is_never_described_as_proven) ... ok
2026-09-24T04:45:11.6779901Z test_builder_quota_is_exactly_500 (test_idleproof_explanation.ManagedInferencePolicyTests.test_builder_quota_is_exactly_500) ... ok
2026-09-24T04:45:11.6781405Z test_free_alpha_and_unknown_plans_can_never_use_diffwitness_managed_inference (test_idleproof_explanation.ManagedInferencePolicyTests.test_free_alpha_and_unknown_plans_can_never_use_diffwitness_managed_inference) ... ok
2026-09-24T04:45:11.6783018Z test_managed_quota_exhaustion_falls_back_to_deterministic_not_another_paid_route (test_idleproof_explanation.ManagedInferencePolicyTests.test_managed_quota_exhaustion_falls_back_to_deterministic_not_another_paid_route) ... ok
2026-09-24T04:45:11.6784308Z test_pro_quota_is_exactly_1200 (test_idleproof_explanation.ManagedInferencePolicyTests.test_pro_quota_is_exactly_1200) ... ok
2026-09-24T04:45:11.6785381Z test_team_and_enterprise_are_finite_in_shared_policy (test_idleproof_explanation.ManagedInferencePolicyTests.test_team_and_enterprise_are_finite_in_shared_policy) ... ok
2026-09-24T04:45:11.6786576Z test_user_owned_compute_remains_available_on_free (test_idleproof_explanation.ManagedInferencePolicyTests.test_user_owned_compute_remains_available_on_free) ... ok
2026-09-24T04:45:11.6787767Z test_llm_context_contains_only_bounded_facts_and_style (test_idleproof_explanation.SoulAndLlmContextTests.test_llm_context_contains_only_bounded_facts_and_style) ... ok
2026-09-24T04:45:11.6788868Z test_local_soul_is_style_only_and_bounded (test_idleproof_explanation.SoulAndLlmContextTests.test_local_soul_is_style_only_and_bounded) ... ok
2026-09-24T04:45:11.7492168Z test_historical_accepted_proof_cannot_claim_drifted_worktree_is_verified (test_idleproof_freshness.IdleProofFreshnessTests.test_historical_accepted_proof_cannot_claim_drifted_worktree_is_verified) ... ok
2026-09-24T04:45:11.7680549Z test_snapshot_omits_invalid_local_protection_projection (test_idleproof_protect_projection.IdleProofProtectProjectionTests.test_snapshot_omits_invalid_local_protection_projection) ... ok
2026-09-24T04:45:11.7870926Z test_snapshot_projects_only_bounded_aggregate_protection (test_idleproof_protect_projection.IdleProofProtectProjectionTests.test_snapshot_projects_only_bounded_aggregate_protection) ... ok
2026-09-24T04:45:11.8073029Z test_auto_installs_only_detected_project_providers (test_idleproof_sidecar.IntegrationTests.test_auto_installs_only_detected_project_providers) ... ok
2026-09-24T04:45:11.8217668Z test_auto_without_a_detected_provider_is_actionable_and_non_mutating (test_idleproof_sidecar.IntegrationTests.test_auto_without_a_detected_provider_is_actionable_and_non_mutating) ... ok
2026-09-24T04:45:11.8417870Z test_install_migrates_provider_neutral_hooks_without_double_execution (test_idleproof_sidecar.IntegrationTests.test_install_migrates_provider_neutral_hooks_without_double_execution) ... ok
2026-09-24T04:45:11.8680874Z test_install_status_and_uninstall_are_non_destructive (test_idleproof_sidecar.IntegrationTests.test_install_status_and_uninstall_are_non_destructive) ... ok
2026-09-24T04:45:11.8867900Z test_local_project_identity_is_stable_and_repo_bound (test_idleproof_sidecar.IntegrationTests.test_local_project_identity_is_stable_and_repo_bound) ... ok
2026-09-24T04:45:11.9005198Z test_assurance_bridge_rejects_envelope_that_violates_privacy_boundary (test_idleproof_sidecar.PortalSidecarTests.test_assurance_bridge_rejects_envelope_that_violates_privacy_boundary) ... ok
2026-09-24T04:45:11.9257014Z test_dry_run_needs_no_token_and_exposes_bounded_snapshot (test_idleproof_sidecar.PortalSidecarTests.test_dry_run_needs_no_token_and_exposes_bounded_snapshot) ... ok
2026-09-24T04:45:11.9435440Z test_endpoint_policy_and_token_is_never_persisted (test_idleproof_sidecar.PortalSidecarTests.test_endpoint_policy_and_token_is_never_persisted) ... ok
2026-09-24T04:45:12.4856448Z test_real_local_http_sync_sends_only_bounded_snapshot_and_uses_env_token (test_idleproof_sidecar.PortalSidecarTests.test_real_local_http_sync_sends_only_bounded_snapshot_and_uses_env_token) ... ok
2026-09-24T04:45:12.5121139Z test_snapshot_is_bounded_deterministic_and_preserves_inconclusive_proof (test_idleproof_sidecar.PortalSidecarTests.test_snapshot_is_bounded_deterministic_and_preserves_inconclusive_proof) ... ok
2026-09-24T04:45:12.5424858Z test_tracked_soul_remains_part_of_the_software_tree (test_idleproof_soul_snapshot.IdleProofSoulSnapshotTests.test_tracked_soul_remains_part_of_the_software_tree) ... ok
2026-09-24T04:45:12.5633292Z test_untracked_soul_preferences_do_not_change_candidate_tree (test_idleproof_soul_snapshot.IdleProofSoulSnapshotTests.test_untracked_soul_preferences_do_not_change_candidate_tree) ... ok
2026-09-24T04:45:12.5636186Z test_api_key_cannot_be_sent_over_plain_http_except_loopback (test_idleproof_user_inference.IdleProofUserInferenceTests.test_api_key_cannot_be_sent_over_plain_http_except_loopback) ... ok
2026-09-24T04:45:12.5807887Z test_cache_is_content_addressed_by_context_endpoint_and_model (test_idleproof_user_inference.IdleProofUserInferenceTests.test_cache_is_content_addressed_by_context_endpoint_and_model) ... ok
2026-09-24T04:45:12.6091002Z test_default_dw_explain_never_builds_a_network_opener (test_idleproof_user_inference.IdleProofUserInferenceTests.test_default_dw_explain_never_builds_a_network_opener) ... ok
2026-09-24T04:45:12.6093649Z test_human_output_always_shows_deterministic_original_before_labelled_ai_wording (test_idleproof_user_inference.IdleProofUserInferenceTests.test_human_output_always_shows_deterministic_original_before_labelled_ai_wording) ... ok
2026-09-24T04:45:12.6475101Z test_managed_engine_is_impossible_from_oss_cli_and_falls_back (test_idleproof_user_inference.IdleProofUserInferenceTests.test_managed_engine_is_impossible_from_oss_cli_and_falls_back) ... ok
2026-09-24T04:45:12.6978331Z test_openrouter_uses_only_user_key_and_cache_prevents_second_provider_call (test_idleproof_user_inference.IdleProofUserInferenceTests.test_openrouter_uses_only_user_key_and_cache_prevents_second_provider_call) ... ok
2026-09-24T04:45:12.6984713Z test_provider_control_characters_are_neutralized_before_display_or_cache (test_idleproof_user_inference.IdleProofUserInferenceTests.test_provider_control_characters_are_neutralized_before_display_or_cache) ... ok
2026-09-24T04:45:12.6991216Z test_slots_presentation_units_serialize_and_provider_rewrites_only_existing_ids (test_idleproof_user_inference.IdleProofUserInferenceTests.test_slots_presentation_units_serialize_and_provider_rewrites_only_existing_ids) ... ok
2026-09-24T04:45:14.4764378Z test_minimal_sufficient_core_and_surplus_hunk (test_integration.IntegrationTests.test_minimal_sufficient_core_and_surplus_hunk) ... ok
2026-09-24T04:45:15.0051725Z test_mutual_backup_pair_is_detected (test_integration.IntegrationTests.test_mutual_backup_pair_is_detected) ... ok
2026-09-24T04:45:15.0383130Z test_snapshot_ignores_untracked_runtime_caches_but_keeps_untracked_source (test_integration.IntegrationTests.test_snapshot_ignores_untracked_runtime_caches_but_keeps_untracked_source) ... ok
2026-09-24T04:45:15.0661195Z test_tracked_cache_named_file_is_never_silently_hidden (test_integration.IntegrationTests.test_tracked_cache_named_file_is_never_silently_hidden) ... ok
2026-09-24T04:45:15.0916806Z test_worktree_snapshot_does_not_require_persistent_git_identity (test_integration.IntegrationTests.test_worktree_snapshot_does_not_require_persistent_git_identity) ... ok
2026-09-24T04:45:15.2328175Z test_explicit_french_and_precedence_preserve_view_and_never_leak (test_language.LanguageTests.test_explicit_french_and_precedence_preserve_view_and_never_leak) ... ok
2026-09-24T04:45:15.4747561Z test_french_environment_defaults_to_english_without_persisting_language (test_language.LanguageTests.test_french_environment_defaults_to_english_without_persisting_language) ... ok
2026-09-24T04:45:16.2019264Z test_french_human_surfaces_and_json_are_language_and_view_invariant (test_language.LanguageTests.test_french_human_surfaces_and_json_are_language_and_view_invariant) ... ok
2026-09-24T04:45:16.2099002Z test_invalid_choice_and_missing_repo_do_not_save_or_leak (test_language.LanguageTests.test_invalid_choice_and_missing_repo_do_not_save_or_leak) ... ok
2026-09-24T04:45:16.2214999Z test_native_protocol_and_agent_arguments_do_not_inherit_ui_language (test_language.LanguageTests.test_native_protocol_and_agent_arguments_do_not_inherit_ui_language) ... ok
2026-09-24T04:45:16.5702238Z test_same_executed_evidence_produces_identical_certificates_in_both_languages (test_language.LanguageTests.test_same_executed_evidence_produces_identical_certificates_in_both_languages) ... ok
2026-09-24T04:45:16.5764308Z test_event_sourced_lifecycle_and_reopen (test_ledger.LedgerTests.test_event_sourced_lifecycle_and_reopen) ... ok
2026-09-24T04:45:16.5786365Z test_hash_valid_but_invalid_transition_fails_closed (test_ledger.LedgerTests.test_hash_valid_but_invalid_transition_fails_closed) ... ok
2026-09-24T04:45:16.5833907Z test_project_reconciliation_only_closes_project_rules (test_ledger.LedgerTests.test_project_reconciliation_only_closes_project_rules) ... ok
2026-09-24T04:45:16.5837606Z test_semantic_identity_mismatch_fails_closed_on_load (test_ledger.LedgerTests.test_semantic_identity_mismatch_fails_closed_on_load)
2026-09-24T04:45:16.5856010Z A hash-valid imported event cannot relabel a signal under another DW id. ... ok
2026-09-24T04:45:16.5901892Z test_stale_accept_cannot_accept_debt_resolved_by_another_process (test_ledger.LedgerTests.test_stale_accept_cannot_accept_debt_resolved_by_another_process) ... ok
2026-09-24T04:45:16.5904146Z test_stale_instances_append_without_losing_events (test_ledger.LedgerTests.test_stale_instances_append_without_losing_events)
2026-09-24T04:45:16.5941679Z Two agents that loaded the same ledger must not overwrite each other. ... ok
2026-09-24T04:45:16.5943563Z test_stale_instances_do_not_double_introduce_same_debt (test_ledger.LedgerTests.test_stale_instances_do_not_double_introduce_same_debt)
2026-09-24T04:45:16.5970485Z The state decision and append must share the same lock, not only the disk write. ... ok
2026-09-24T04:45:16.6003728Z test_stale_persist_cannot_overwrite_newer_history (test_ledger.LedgerTests.test_stale_persist_cannot_overwrite_newer_history) ... ok
2026-09-24T04:45:16.6024722Z test_tampering_breaks_integrity (test_ledger.LedgerTests.test_tampering_breaks_integrity) ... ok
2026-09-24T04:45:16.6027924Z test_unknown_event_type_is_rejected (test_ledger.LedgerTests.test_unknown_event_type_is_rejected) ... ok
2026-09-24T04:45:16.6736184Z test_checkpoint_and_status_are_exposed_through_dw (test_ledger_cli.LedgerCliTests.test_checkpoint_and_status_are_exposed_through_dw) ... ok
2026-09-24T04:45:16.6873597Z test_missing_remote_is_reported_as_cli_error_not_traceback (test_ledger_cli.LedgerCliTests.test_missing_remote_is_reported_as_cli_error_not_traceback) ... DiffWitness 0.4.0a1 - counterfactual patch evidence
2026-09-24T04:45:16.6874677Z repo:      /tmp/tmpzf_7xyyr
2026-09-24T04:45:16.6875032Z base:      1db9d719ec989938373c62637cb68b661562061e (1db9d719ec98)
2026-09-24T04:45:16.6875508Z candidate: 4a6e1252f4e41d198770f9e0fb7d0e333620fe45 (4a6e1252f4e4)
2026-09-24T04:45:16.6876292Z evidence:  "/opt/hostedtoolcache/Python/3.11.16/x64/bin/python" -m unittest discover -s tests -q
2026-09-24T04:45:16.6877209Z stability: 1 run(s) per variant
2026-09-24T04:45:16.6877516Z budget:    899.861s total; 300s per command
2026-09-24T04:45:16.6877889Z changes:   1 analyzed mutation(s); 1 changed test file(s)
2026-09-24T04:45:16.6878208Z 
2026-09-24T04:45:16.6878750Z contrast:  BASE STABLE-FAIL -> CANDIDATE STABLE-PASS
2026-09-24T04:45:16.6879166Z 
2026-09-24T04:45:16.6879440Z WITNESSED         +1/-1  auth/session.py hunk 1/1  [stable-fail]
2026-09-24T04:45:16.6880087Z 
2026-09-24T04:45:16.6880238Z summary: 1 witnessed, 0 unwitnessed, 0 inconclusive
2026-09-24T04:45:16.6880596Z core:    1 minimal sufficient set(s) of 1 hunk(s)
2026-09-24T04:45:16.6880919Z cert:    dw2_a557cd65d805a5167dfc
2026-09-24T04:45:16.6881224Z DiffWitness Gate accepted (dw2_a557cd65d805a5167dfc)
2026-09-24T04:45:16.6881455Z 
2026-09-24T04:45:16.6881557Z DiffWitness Guard: PROOF ACCEPTED
2026-09-24T04:45:16.6881738Z 
2026-09-24T04:45:16.6881816Z CHANGE DEBT
2026-09-24T04:45:16.6882026Z +1 point(s) / 1 obligation(s)
2026-09-24T04:45:16.6882279Z   security           +1
2026-09-24T04:45:16.6882897Z   DW-F90AD233C569 +1 security/heuristic — Security-sensitive surface changed
2026-09-24T04:45:16.6883394Z Debt budget: EXCEEDED — projected total 1; new 1
2026-09-24T04:45:16.6883724Z   ! new debt 1 exceeds per-change budget 0
2026-09-24T04:45:16.6884112Z Debt Ledger: rejected change was not admitted to the durable ledger.
2026-09-24T04:45:16.6884644Z IdleProof explanation: /tmp/tmpzf_7xyyr/.git/diffwitness/idleproof-explanation.json
2026-09-24T04:45:16.6885207Z Change envelope: /tmp/tmpzf_7xyyr/.git/diffwitness/change-envelope.json
2026-09-24T04:45:16.6885790Z Project continuity: 4 new change event(s) · dwchg_70d08d32fdcdde6629137e2f
2026-09-24T04:45:16.7095326Z ok
2026-09-24T04:45:16.7100934Z test_non_object_jsonl_record_fails_closed (test_ledger_corruption.LedgerCorruptionTests.test_non_object_jsonl_record_fails_closed) ... ok
2026-09-24T04:45:16.7129144Z test_truncated_jsonl_tail_fails_closed_and_is_not_repaired_silently (test_ledger_corruption.LedgerCorruptionTests.test_truncated_jsonl_tail_fails_closed_and_is_not_repaired_silently) ... ok
2026-09-24T04:45:16.7631993Z test_checkpoint_history_is_fast_forward_only (test_ledger_transport.LedgerTransportTests.test_checkpoint_history_is_fast_forward_only) ... ok
2026-09-24T04:45:16.7962033Z test_checkpoint_is_idempotent_for_unchanged_ledger (test_ledger_transport.LedgerTransportTests.test_checkpoint_is_idempotent_for_unchanged_ledger) ... ok
2026-09-24T04:45:16.8319132Z test_checkpoint_restores_into_empty_clone_state_without_touching_head (test_ledger_transport.LedgerTransportTests.test_checkpoint_restores_into_empty_clone_state_without_touching_head) ... ok
2026-09-24T04:45:16.8597570Z test_checkpoint_tree_and_blob_are_platform_canonical (test_ledger_transport.LedgerTransportTests.test_checkpoint_tree_and_blob_are_platform_canonical) ... ok
2026-09-24T04:45:16.9567481Z test_missing_remote_ref_cannot_reuse_stale_tracking_ref (test_ledger_transport.LedgerTransportTests.test_missing_remote_ref_cannot_reuse_stale_tracking_ref) ... ok
2026-09-24T04:45:17.1160088Z test_remote_concurrent_update_never_force_overwrites (test_ledger_transport.LedgerTransportTests.test_remote_concurrent_update_never_force_overwrites) ... ok
2026-09-24T04:45:17.2087685Z test_remote_push_and_fresh_pull_round_trip (test_ledger_transport.LedgerTransportTests.test_remote_push_and_fresh_pull_round_trip) ... ok
2026-09-24T04:45:17.2454617Z test_exhausted_failed_proof_terminates_unverified (test_legacy_stop_contract.LegacyStopContractTests.test_exhausted_failed_proof_terminates_unverified) ... ok
2026-09-24T04:45:17.2673879Z test_missing_or_invalid_start_state_terminates_unverified_without_a_loop (test_legacy_stop_contract.LegacyStopContractTests.test_missing_or_invalid_start_state_terminates_unverified_without_a_loop) ... ok
2026-09-24T04:45:17.2956344Z test_no_change_success_omits_decision (test_legacy_stop_contract.LegacyStopContractTests.test_no_change_success_omits_decision) ... ok
2026-09-24T04:45:17.2960828Z test_payload_contract_reserves_decision_for_blocks (test_legacy_stop_contract.LegacyStopContractTests.test_payload_contract_reserves_decision_for_blocks) ... ok
2026-09-24T04:45:17.7734290Z test_native_proof_debt_understand_and_status_use_real_worktree_metadata (test_linked_worktree_product.LinkedWorktreeProductTests.test_native_proof_debt_understand_and_status_use_real_worktree_metadata) ... ok
2026-09-24T04:45:17.7924280Z test_damaged_or_duplicate_marker_blocks_fail_closed_without_rewriting_user_rules (test_local_git_state.LocalGitStateTests.test_damaged_or_duplicate_marker_blocks_fail_closed_without_rewriting_user_rules) ... ok
2026-09-24T04:45:17.8224260Z test_local_excludes_are_idempotent_preserve_user_rules_and_keep_tracked_files_visible (test_local_git_state.LocalGitStateTests.test_local_excludes_are_idempotent_preserve_user_rules_and_keep_tracked_files_visible) ... ok
2026-09-24T04:45:17.8390204Z test_setup_install_fails_before_sidecar_if_git_metadata_cannot_be_prepared (test_local_git_state.LocalGitStateTests.test_setup_install_fails_before_sidecar_if_git_metadata_cannot_be_prepared) ... ok
2026-09-24T04:45:17.8741308Z test_setup_install_prepares_local_excludes_before_sidecar_runs (test_local_git_state.LocalGitStateTests.test_setup_install_prepares_local_excludes_before_sidecar_runs) ... ok
2026-09-24T04:45:20.0175434Z test_all_kinds_nonascii_and_fr_en_keep_same_citations (test_memory_code.MemoryCodeTests.test_all_kinds_nonascii_and_fr_en_keep_same_citations) ... ok
2026-09-24T04:45:20.7489938Z test_code_drift_revalidation_keeps_authorities_and_index (test_memory_code.MemoryCodeTests.test_code_drift_revalidation_keeps_authorities_and_index) ... ok
2026-09-24T04:45:21.3093999Z test_deleted_and_explicitly_moved_reference (test_memory_code.MemoryCodeTests.test_deleted_and_explicitly_moved_reference) ... ok
2026-09-24T04:45:21.8824997Z test_deleted_role_can_be_explicitly_cleared_but_not_both_roles (test_memory_code.MemoryCodeTests.test_deleted_role_can_be_explicitly_cleared_but_not_both_roles) ... ok
2026-09-24T04:45:21.9646702Z test_forged_git_digest_cannot_be_reported_as_unchanged (test_memory_code.MemoryCodeTests.test_forged_git_digest_cannot_be_reported_as_unchanged) ... ok
2026-09-24T04:45:22.0977330Z test_forged_source_reference_rejected_on_all_readers (test_memory_code.MemoryCodeTests.test_forged_source_reference_rejected_on_all_readers) ... ok
2026-09-24T04:45:22.6021304Z test_invalid_selections_and_inactive_memory_do_not_append (test_memory_code.MemoryCodeTests.test_invalid_selections_and_inactive_memory_do_not_append) ... ok
2026-09-24T04:45:22.7876711Z test_missing_baseline_object_and_corrupt_bytes_fail_closed (test_memory_code.MemoryCodeTests.test_missing_baseline_object_and_corrupt_bytes_fail_closed) ... ok
2026-09-24T04:45:22.8711478Z test_schema_authority_and_subject_collision_rejected (test_memory_code.MemoryCodeTests.test_schema_authority_and_subject_collision_rejected) ... ok
2026-09-24T04:45:23.3580409Z test_stale_binding_and_memory_revision_fail_atomically (test_memory_code.MemoryCodeTests.test_stale_binding_and_memory_revision_fail_atomically) ... ok
2026-09-24T04:45:23.5667603Z test_types_and_budgets_fail_without_false_unchanged (test_memory_code.MemoryCodeTests.test_types_and_budgets_fail_without_false_unchanged) ... ok
2026-09-24T04:45:25.6073747Z test_all_four_kinds_confirm_retire_and_reconsider_preserve_assertion (test_memory_lifecycle.MemoryLifecycleTests.test_all_four_kinds_confirm_retire_and_reconsider_preserve_assertion) ... ok
2026-09-24T04:45:25.7529358Z test_confirmation_does_not_promote_or_replace_original_assertion_authority (test_memory_lifecycle.MemoryLifecycleTests.test_confirmation_does_not_promote_or_replace_original_assertion_authority) ... ok
2026-09-24T04:45:25.8947568Z test_hash_valid_invalid_revision_is_rejected_by_checkpoint_and_old_cache (test_memory_lifecycle.MemoryLifecycleTests.test_hash_valid_invalid_revision_is_rejected_by_checkpoint_and_old_cache) ... ok
2026-09-24T04:45:26.8956338Z test_installed_presentations_retain_failed_approaches_and_distinct_review_authority (test_memory_lifecycle.MemoryLifecycleTests.test_installed_presentations_retain_failed_approaches_and_distinct_review_authority) ... ok
2026-09-24T04:45:27.4164421Z test_invalid_replacements_and_unknown_kind_fail_without_partial_history (test_memory_lifecycle.MemoryLifecycleTests.test_invalid_replacements_and_unknown_kind_fail_without_partial_history) ... ok
2026-09-24T04:45:27.4600527Z test_profile_cannot_promote_judgment_or_smuggle_replacement_relations (test_memory_lifecycle.MemoryLifecycleTests.test_profile_cannot_promote_judgment_or_smuggle_replacement_relations) ... ok
2026-09-24T04:45:27.6551261Z test_public_redeclaration_of_managed_identity_is_a_controlled_rejection (test_memory_lifecycle.MemoryLifecycleTests.test_public_redeclaration_of_managed_identity_is_a_controlled_rejection) ... ok
2026-09-24T04:45:27.9759403Z test_rejected_memory_and_edges_do_not_seed_context_but_history_remains (test_memory_lifecycle.MemoryLifecycleTests.test_rejected_memory_and_edges_do_not_seed_context_but_history_remains) ... ok
2026-09-24T04:45:28.1089789Z test_stale_revision_is_rejected_atomically_and_source_cannot_be_overwritten (test_memory_lifecycle.MemoryLifecycleTests.test_stale_revision_is_rejected_atomically_and_source_cannot_be_overwritten) ... ok
2026-09-24T04:45:28.5367650Z test_supersession_is_immutable_and_bidirectional_with_exact_replacement_reference (test_memory_lifecycle.MemoryLifecycleTests.test_supersession_is_immutable_and_bidirectional_with_exact_replacement_reference) ... ok
2026-09-24T04:45:28.5640849Z test_codex_configuration_never_implies_provider_trust (test_native_activation.NativeActivationTests.test_codex_configuration_never_implies_provider_trust) ... ok
2026-09-24T04:45:28.8461898Z test_concurrent_provider_observations_do_not_lose_updates (test_native_activation.NativeActivationTests.test_concurrent_provider_observations_do_not_lose_updates) ... ok
2026-09-24T04:45:28.8788161Z test_linked_worktree_uses_real_git_metadata_and_keeps_activation_local (test_native_activation.NativeActivationTests.test_linked_worktree_uses_real_git_metadata_and_keeps_activation_local) ... ok
2026-09-24T04:45:28.8994134Z test_start_cause_cannot_be_mistaken_for_a_provider (test_native_activation.NativeActivationTests.test_start_cause_cannot_be_mistaken_for_a_provider) ... ok
2026-09-24T04:45:28.9259020Z test_successful_provider_session_start_records_real_observation (test_native_activation.NativeActivationTests.test_successful_provider_session_start_records_real_observation) ... ok
2026-09-24T04:45:28.9411051Z test_unknown_source_cannot_fabricate_native_provider_observation (test_native_activation.NativeActivationTests.test_unknown_source_cannot_fabricate_native_provider_observation) ... ok
2026-09-24T04:45:28.9872564Z test_native_prompt_context_never_tells_active_agent_to_launch_guard (test_native_hook_contracts.NativeHookContractTests.test_native_prompt_context_never_tells_active_agent_to_launch_guard) ... ok
2026-09-24T04:45:29.0272057Z test_native_prompt_without_session_start_does_not_spawn_fallback_agent (test_native_hook_contracts.NativeHookContractTests.test_native_prompt_without_session_start_does_not_spawn_fallback_agent) ... ok
2026-09-24T04:45:29.0274836Z test_stop_block_preserves_block_and_reason (test_native_hook_contracts.NativeHookContractTests.test_stop_block_preserves_block_and_reason) ... ok
2026-09-24T04:45:29.0276904Z test_stop_success_omits_unsupported_approve_decision (test_native_hook_contracts.NativeHookContractTests.test_stop_success_omits_unsupported_approve_decision) ... ok
2026-09-24T04:45:29.0278695Z test_terminal_stop_failure_never_requests_another_agent_turn (test_native_hook_contracts.NativeHookContractTests.test_terminal_stop_failure_never_requests_another_agent_turn) ... ok
2026-09-24T04:45:29.0813739Z test_committed_patch_round_trip_preserves_mixed_endings_and_utf8_context (test_native_patch_bytes.NativePatchBytesTests.test_committed_patch_round_trip_preserves_mixed_endings_and_utf8_context) ... ok
2026-09-24T04:45:30.5837262Z test_native_staged_unborn_counterfactual_uses_exact_lf_and_crlf_bytes (test_native_patch_bytes.NativePatchBytesTests.test_native_staged_unborn_counterfactual_uses_exact_lf_and_crlf_bytes) ... ok
2026-09-24T04:45:30.6068086Z test_a_new_scope_never_reuses_a_previous_git_resolution (test_native_prompt_resolution.NativeResolutionTests.test_a_new_scope_never_reuses_a_previous_git_resolution) ... ok
2026-09-24T04:45:30.6654906Z test_historical_corruption_between_prompts_cannot_reuse_advisory_memory (test_native_prompt_resolution.NativeResolutionTests.test_historical_corruption_between_prompts_cannot_reuse_advisory_memory) ... ok
2026-09-24T04:45:30.6884126Z test_linked_worktree_roots_are_distinct_but_journal_is_shared (test_native_prompt_resolution.NativeResolutionTests.test_linked_worktree_roots_are_distinct_but_journal_is_shared) ... Preparing worktree (detached HEAD d771716)
2026-09-24T04:45:30.7000284Z ok
2026-09-24T04:45:30.7778411Z test_native_prompt_reuses_only_repository_paths_within_one_invocation (test_native_prompt_resolution.NativeResolutionTests.test_native_prompt_reuses_only_repository_paths_within_one_invocation) ... ok
2026-09-24T04:45:30.8091627Z test_scoped_paths_are_discarded_on_exit_and_exception (test_native_prompt_resolution.NativeResolutionTests.test_scoped_paths_are_discarded_on_exit_and_exception) ... ok
2026-09-24T04:45:36.9478639Z test_generated_hooks_complete_all_guided_and_technical_provider_journeys (test_native_setup_journeys.NativeSetupJourneyTests.test_generated_hooks_complete_all_guided_and_technical_provider_journeys) ... ok
2026-09-24T04:45:36.9602934Z test_invalid_bytes_are_not_reinterpreted_as_locale_text (test_native_utf8_protocol.NativeUtf8ProtocolTests.test_invalid_bytes_are_not_reinterpreted_as_locale_text) ... ok
2026-09-24T04:45:37.3129890Z test_real_adapters_ignore_locale_for_native_utf8_input_and_output (test_native_utf8_protocol.NativeUtf8ProtocolTests.test_real_adapters_ignore_locale_for_native_utf8_input_and_output) ... ok
2026-09-24T04:45:37.3132428Z test_text_streams_and_non_object_payloads_keep_existing_contract (test_native_utf8_protocol.NativeUtf8ProtocolTests.test_text_streams_and_non_object_payloads_keep_existing_contract) ... ok
2026-09-24T04:45:37.3353607Z test_nested_idleproof_and_agent_hook_state_are_not_software_changes (test_nested_idleproof_plumbing.NestedLocalToolArtifactsTests.test_nested_idleproof_and_agent_hook_state_are_not_software_changes) ... ok
2026-09-24T04:45:37.3356312Z test_distinct_invalid_bytes_are_rejected_before_identity (test_patch_encoding_boundary.PatchEncodingBoundaryTests.test_distinct_invalid_bytes_are_rejected_before_identity) ... ok
2026-09-24T04:45:37.4156791Z test_real_prove_rejects_non_utf8_before_analysis_or_outputs (test_patch_encoding_boundary.PatchEncodingBoundaryTests.test_real_prove_rejects_non_utf8_before_analysis_or_outputs) ... ok
2026-09-24T04:45:38.0041109Z test_utf8_prove_persists_certificate_and_exact_crlf_reduction (test_patch_encoding_boundary.PatchEncodingBoundaryTests.test_utf8_prove_persists_certificate_and_exact_crlf_reduction) ... ok
2026-09-24T04:45:38.0434270Z test_native_handoff_blocks_an_intact_but_canonically_unaccepted_proof_before_debt_or_continuity (test_plugin_context_hook.PluginContextHookTests.test_native_handoff_blocks_an_intact_but_canonically_unaccepted_proof_before_debt_or_continuity) ... ok
2026-09-24T04:45:38.9527141Z test_native_session_stop_converges_on_proof_debt_envelope_and_continuity_without_guard_wrapper (test_plugin_context_hook.PluginContextHookTests.test_native_session_stop_converges_on_proof_debt_envelope_and_continuity_without_guard_wrapper) ... ok
2026-09-24T04:45:39.0501200Z test_prompt_submit_fails_open_outside_git_repository (test_plugin_context_hook.PluginContextHookTests.test_prompt_submit_fails_open_outside_git_repository) ... ok
2026-09-24T04:45:39.2436697Z test_prompt_submit_injects_bounded_epistemic_context_without_persisting_prompt (test_plugin_context_hook.PluginContextHookTests.test_prompt_submit_injects_bounded_epistemic_context_without_persisting_prompt) ... ok
2026-09-24T04:45:39.3574348Z test_prompt_submit_without_text_is_noop (test_plugin_context_hook.PluginContextHookTests.test_prompt_submit_without_text_is_noop) ... ok
2026-09-24T04:45:39.3576788Z test_help_exposes_only_diffwitness_commands (test_portal_proxy.PortalProxyTests.test_help_exposes_only_diffwitness_commands) ... ok
2026-09-24T04:45:39.3584709Z test_local_git_exclude_failure_blocks_state_creating_commands (test_portal_proxy.PortalProxyTests.test_local_git_exclude_failure_blocks_state_creating_commands) ... ok
2026-09-24T04:45:39.3592846Z test_missing_sidecar_is_actionable (test_portal_proxy.PortalProxyTests.test_missing_sidecar_is_actionable) ... ok
2026-09-24T04:45:39.3604436Z test_proxy_forwards_argv_without_shell_or_token_rewriting (test_portal_proxy.PortalProxyTests.test_proxy_forwards_argv_without_shell_or_token_rewriting) ... ok
2026-09-24T04:45:39.3621579Z test_snapshot_is_local_and_does_not_require_sidecar_or_portal_config (test_portal_proxy.PortalProxyTests.test_snapshot_is_local_and_does_not_require_sidecar_or_portal_config) ... ok
2026-09-24T04:45:39.3628831Z test_snapshot_rejects_unknown_options_without_network_or_sidecar (test_portal_proxy.PortalProxyTests.test_snapshot_rejects_unknown_options_without_network_or_sidecar) ... ok
2026-09-24T04:45:39.3640241Z test_start_failure_does_not_expose_internal_sidecar_term (test_portal_proxy.PortalProxyTests.test_start_failure_does_not_expose_internal_sidecar_term) ... ok
2026-09-24T04:45:39.3642450Z test_unknown_sidecar_surface_is_rejected (test_portal_proxy.PortalProxyTests.test_unknown_sidecar_surface_is_rejected) ... ok
2026-09-24T04:45:39.3644446Z test_balanced_and_strict_policies_are_distinct (test_proof_cli.ProofCliTests.test_balanced_and_strict_policies_are_distinct) ... ok
2026-09-24T04:45:39.3725331Z test_doctor_explains_default_detection (test_proof_cli.ProofCliTests.test_doctor_explains_default_detection) ... ok
2026-09-24T04:45:39.6395326Z test_guard_adaptive_accepts_one_hunk_proven_fix (test_proof_cli.ProofCliTests.test_guard_adaptive_accepts_one_hunk_proven_fix) ... ok
2026-09-24T04:45:40.0499409Z test_guard_auto_routes_large_enough_patch_to_adaptive_and_rejects_surplus (test_proof_cli.ProofCliTests.test_guard_auto_routes_large_enough_patch_to_adaptive_and_rejects_surplus) ... 
2026-09-24T04:45:40.0501227Z DiffWitness Guard: PROOF REJECTED - Adaptive Core found 1 mutation(s) removable while preserving the selected stable evidence
2026-09-24T04:45:40.0521148Z ok
2026-09-24T04:45:40.1105950Z test_guard_captures_pre_agent_state_and_accepts_proven_fix (test_proof_cli.ProofCliTests.test_guard_captures_pre_agent_state_and_accepts_proven_fix) ... DiffWitness Guard armed at 94562c190c72
2026-09-24T04:45:40.1108980Z Evidence: "/opt/hostedtoolcache/Python/3.11.16/x64/bin/python" -m unittest discover -s tests -q
2026-09-24T04:45:40.1110355Z Policy:   strict
2026-09-24T04:45:40.1110789Z Strategy: adaptive
2026-09-24T04:45:40.1111259Z Budget:   900s proof wall clock
2026-09-24T04:45:40.1111620Z 
2026-09-24T04:45:40.1112063Z DiffWitness Guard selected adaptive proof for 1 production mutation(s).
2026-09-24T04:45:40.1112924Z DiffWitness Adaptive Core
2026-09-24T04:45:40.1113398Z contrast:    PROVEN
2026-09-24T04:45:40.1113725Z mutations:   1 original
2026-09-24T04:45:40.1114066Z core:        1 retained
2026-09-24T04:45:40.1114418Z removable:   0 observed removable
2026-09-24T04:45:40.1114845Z experiments: 1/40
2026-09-24T04:45:40.1115227Z 1-minimal:   yes
2026-09-24T04:45:40.1115638Z certificate: dwac1_2879f278953479deee6d
2026-09-24T04:45:40.1116023Z 
2026-09-24T04:45:40.1116187Z Causal core:
2026-09-24T04:45:40.1116584Z   KEEP    calc.py hunk 1/1
2026-09-24T04:45:40.1116897Z 
2026-09-24T04:45:40.1117250Z DiffWitness Guard: PROOF ACCEPTED (dwac1_2879f278953479deee6d)
2026-09-24T04:45:40.1118043Z DiffWitness Guard armed at 40f503c631e5
2026-09-24T04:45:40.1119045Z Evidence: "/opt/hostedtoolcache/Python/3.11.16/x64/bin/python" -m unittest discover -s tests -q
2026-09-24T04:45:40.1120263Z Policy:   balanced
2026-09-24T04:45:40.1120644Z Strategy: auto
2026-09-24T04:45:40.1121031Z Budget:   900s proof wall clock
2026-09-24T04:45:40.1121341Z 
2026-09-24T04:45:40.1121723Z DiffWitness Guard selected adaptive proof for 2 production mutation(s).
2026-09-24T04:45:40.1122756Z DiffWitness Adaptive Core
2026-09-24T04:45:40.1123194Z contrast:    PROVEN
2026-09-24T04:45:40.1123603Z mutations:   2 original
2026-09-24T04:45:40.1124010Z core:        1 retained
2026-09-24T04:45:40.1124502Z removable:   1 observed removable
2026-09-24T04:45:40.1124968Z experiments: 3/10
2026-09-24T04:45:40.1125344Z 1-minimal:   yes
2026-09-24T04:45:40.1125759Z certificate: dwac1_c40ee862db25c505ac60
2026-09-24T04:45:40.1126122Z 
2026-09-24T04:45:40.1126266Z Causal core:
2026-09-24T04:45:40.1126653Z   KEEP    calc.py hunk 1/2
2026-09-24T04:45:40.1126956Z 
2026-09-24T04:45:40.1127135Z Evidence-removable surface:
2026-09-24T04:45:40.1127937Z   REVIEW  calc.py hunk 2/2 — def add(a, b):
2026-09-24T04:45:40.1128517Z DiffWitness Guard armed at b2ecf396fb5a
2026-09-24T04:45:40.1129399Z Evidence: "/opt/hostedtoolcache/Python/3.11.16/x64/bin/python" -m unittest discover -s tests -q
2026-09-24T04:45:40.1130526Z Policy:   strict
2026-09-24T04:45:40.1130880Z Strategy: auto
2026-09-24T04:45:40.1131253Z Budget:   900s proof wall clock
2026-09-24T04:45:40.1131562Z 
2026-09-24T04:45:40.1131954Z DiffWitness Guard selected exhaustive proof for 1 production mutation(s).
2026-09-24T04:45:40.4033525Z ok
2026-09-24T04:45:40.4627688Z test_guard_rejects_scope_creep_under_strict_policy (test_proof_cli.ProofCliTests.test_guard_rejects_scope_creep_under_strict_policy) ... DiffWitness 0.4.0a1 - counterfactual patch evidence
2026-09-24T04:45:40.4628616Z repo:      /tmp/tmp7vz8zr14
2026-09-24T04:45:40.4628990Z base:      b2ecf396fb5aad44fbde138352ac82ae577ff0f3 (b2ecf396fb5a)
2026-09-24T04:45:40.4629457Z candidate: 87dbdb089a3c23ee8e7025d3b7931df9e752dc36 (87dbdb089a3c)
2026-09-24T04:45:40.4630205Z evidence:  "/opt/hostedtoolcache/Python/3.11.16/x64/bin/python" -m unittest discover -s tests -q
2026-09-24T04:45:40.4630708Z stability: 1 run(s) per variant
2026-09-24T04:45:40.4630973Z budget:    900s total; 300s per command
2026-09-24T04:45:40.4631325Z changes:   1 analyzed mutation(s); 1 changed test file(s)
2026-09-24T04:45:40.4631573Z 
2026-09-24T04:45:40.4631727Z contrast:  BASE STABLE-FAIL -> CANDIDATE STABLE-PASS
2026-09-24T04:45:40.4631968Z 
2026-09-24T04:45:40.4632120Z WITNESSED         +1/-1  calc.py hunk 1/1  [stable-fail]
2026-09-24T04:45:40.4632357Z 
2026-09-24T04:45:40.4632488Z summary: 1 witnessed, 0 unwitnessed, 0 inconclusive
2026-09-24T04:45:40.4632833Z core:    1 minimal sufficient set(s) of 1 hunk(s)
2026-09-24T04:45:40.4633146Z cert:    dw2_c4b9e424755ebc586a9e
2026-09-24T04:45:40.4633324Z 
2026-09-24T04:45:40.4633694Z DiffWitness Guard: PROOF ACCEPTED (dw2_c4b9e424755ebc586a9e)
2026-09-24T04:45:40.4634074Z DiffWitness Guard armed at 81c5e5d679e8
2026-09-24T04:45:40.4634561Z Evidence: "/opt/hostedtoolcache/Python/3.11.16/x64/bin/python" -m unittest discover -s tests -q
2026-09-24T04:45:40.4635033Z Policy:   strict
2026-09-24T04:45:40.4635238Z Strategy: auto
2026-09-24T04:45:40.4635451Z Budget:   900s proof wall clock
2026-09-24T04:45:40.4635629Z 
2026-09-24T04:45:40.4635842Z DiffWitness Guard selected exhaustive proof for 2 production mutation(s).
2026-09-24T04:45:40.8906869Z 
2026-09-24T04:45:40.8907674Z DiffWitness Guard: PROOF REJECTED - 1 strong surplus candidate hunk(s) were found
2026-09-24T04:45:40.8930538Z ok
2026-09-24T04:45:43.4419201Z test_all_real_public_producers_verify_then_feed_debt_unchanged (test_proof_debt_families.ProofDebtFamilyTests.test_all_real_public_producers_verify_then_feed_debt_unchanged) ... ok
2026-09-24T04:45:44.9471391Z test_binding_conflicts_and_unknown_schemas_are_refused_by_both_readers (test_proof_debt_families.ProofDebtFamilyTests.test_binding_conflicts_and_unknown_schemas_are_refused_by_both_readers) ... ok
2026-09-24T04:45:47.0246471Z test_wrong_base_is_refused_before_measurement_for_every_real_family (test_proof_debt_families.ProofDebtFamilyTests.test_wrong_base_is_refused_before_measurement_for_every_real_family) ... ok
2026-09-24T04:45:48.4742204Z test_reference_semantics_all_hold (test_proofbench.ProofBenchTests.test_reference_semantics_all_hold) ... ok
2026-09-24T04:45:48.5068890Z test_codex_requires_live_activation_then_becomes_ready_after_observed_hook (test_protect.ProtectTests.test_codex_requires_live_activation_then_becomes_ready_after_observed_hook) ... ok
2026-09-24T04:45:48.5416546Z test_codex_safe_live_hook_promotes_readiness_without_a_risk_finding (test_protect.ProtectTests.test_codex_safe_live_hook_promotes_readiness_without_a_risk_finding) ... ok
2026-09-24T04:45:48.5503517Z test_default_is_off_and_never_gates (test_protect.ProtectTests.test_default_is_off_and_never_gates) ... ok
2026-09-24T04:45:48.5625869Z test_external_harness_marker_delegates_without_force (test_protect.ProtectTests.test_external_harness_marker_delegates_without_force) ... ok
2026-09-24T04:45:48.5858022Z test_force_builtin_merges_and_disable_preserves_foreign_hooks (test_protect.ProtectTests.test_force_builtin_merges_and_disable_preserves_foreign_hooks) ... ok
2026-09-24T04:45:48.5997270Z test_no_detected_adapter_does_not_create_provider_scaffolds (test_protect.ProtectTests.test_no_detected_adapter_does_not_create_provider_scaffolds) ... ok
2026-09-24T04:45:48.6205695Z test_observe_policy_records_but_does_not_block (test_protect.ProtectTests.test_observe_policy_records_but_does_not_block) ... ok
2026-09-24T04:45:48.8454221Z test_parallel_first_codex_hooks_record_one_durable_activation (test_protect.ProtectTests.test_parallel_first_codex_hooks_record_one_durable_activation) ... ok
2026-09-24T04:45:49.0662136Z test_parallel_receipt_appends_preserve_one_valid_chain (test_protect.ProtectTests.test_parallel_receipt_appends_preserve_one_valid_chain) ... ok
2026-09-24T04:45:49.0858013Z test_post_tool_reports_invalid_json_as_observed (test_protect.ProtectTests.test_post_tool_reports_invalid_json_as_observed) ... ok
2026-09-24T04:45:49.1066415Z test_receipt_integrity_detects_tampering (test_protect.ProtectTests.test_receipt_integrity_detects_tampering) ... ok
2026-09-24T04:45:49.1258083Z test_secret_is_blocked_but_secret_value_is_not_persisted (test_protect.ProtectTests.test_secret_is_blocked_but_secret_value_is_not_persisted) ... ok
2026-09-24T04:45:49.1450376Z test_standard_blocks_destructive_git_without_recording_raw_command (test_protect.ProtectTests.test_standard_blocks_destructive_git_without_recording_raw_command) ... ok
2026-09-24T04:45:49.1519482Z test_status_is_bounded_and_contains_no_raw_agent_data (test_protect.ProtectTests.test_status_is_bounded_and_contains_no_raw_agent_data) ... ok
2026-09-24T04:45:49.1773188Z test_strict_dependency_install_blocks_on_current_codex_adapter (test_protect.ProtectTests.test_strict_dependency_install_blocks_on_current_codex_adapter) ... ok
2026-09-24T04:45:49.2019976Z test_strict_dependency_install_requests_confirmation_for_claude (test_protect.ProtectTests.test_strict_dependency_install_requests_confirmation_for_claude) ... ok
2026-09-24T04:45:49.2133512Z test_tampered_tail_cannot_be_silently_extended (test_protect.ProtectTests.test_tampered_tail_cannot_be_silently_extended) ... ok
2026-09-24T04:45:49.2319391Z test_write_outside_repository_is_blocked (test_protect.ProtectTests.test_write_outside_repository_is_blocked) ... ok
2026-09-24T04:45:49.2647634Z test_claude_protect_uses_exec_form_and_preserves_native_hooks (test_protect_claude_exec_hooks.ProtectClaudeExecHookTests.test_claude_protect_uses_exec_form_and_preserves_native_hooks) ... ok
2026-09-24T04:45:49.2868190Z test_dry_run_clean_is_not_misclassified_as_forced (test_protect_command_normalization.ProtectCommandNormalizationTests.test_dry_run_clean_is_not_misclassified_as_forced) ... ok
2026-09-24T04:45:49.3413860Z test_git_global_options_cannot_bypass_forced_clean (test_protect_command_normalization.ProtectCommandNormalizationTests.test_git_global_options_cannot_bypass_forced_clean) ... ok
2026-09-24T04:45:49.3892349Z test_global_options_are_normalized_for_other_destructive_git_subcommands (test_protect_command_normalization.ProtectCommandNormalizationTests.test_global_options_are_normalized_for_other_destructive_git_subcommands) ... ok
2026-09-24T04:45:49.4039589Z test_protect_honors_explicit_setup_adapter_scope (test_protect_command_normalization.ProtectCommandNormalizationTests.test_protect_honors_explicit_setup_adapter_scope) ... ok
2026-09-24T04:45:49.4508019Z test_forced_git_clean_is_denied_before_execution_and_never_mints_proof (test_protect_destructive_end_to_end.ProtectDestructiveEndToEndTests.test_forced_git_clean_is_denied_before_execution_and_never_mints_proof) ... ok
2026-09-24T04:45:49.4522780Z test_block_maps_to_provider_deny_without_allow_override (test_protect_ide_bridge.ProtectIdeBridgeTests.test_block_maps_to_provider_deny_without_allow_override) ... ok
2026-09-24T04:45:49.4528719Z test_clean_action_emits_no_permission_decision (test_protect_ide_bridge.ProtectIdeBridgeTests.test_clean_action_emits_no_permission_decision) ... ok
2026-09-24T04:45:49.4535383Z test_post_tool_feedback_is_explicitly_observed (test_protect_ide_bridge.ProtectIdeBridgeTests.test_post_tool_feedback_is_explicitly_observed) ... ok
2026-09-24T04:45:49.4541458Z test_pre_tool_bridge_failure_fails_closed (test_protect_ide_bridge.ProtectIdeBridgeTests.test_pre_tool_bridge_failure_fails_closed) ... ok
2026-09-24T04:45:49.4548197Z test_strict_confirmation_maps_to_provider_ask (test_protect_ide_bridge.ProtectIdeBridgeTests.test_strict_confirmation_maps_to_provider_ask) ... ok
2026-09-24T04:45:49.5809029Z test_codex_reenable_waits_for_observation_without_inventing_trust_state (test_provider_trust_readiness.ProviderTrustReadinessTests.test_codex_reenable_waits_for_observation_without_inventing_trust_state) ... ok
2026-09-24T04:45:49.5862053Z test_missing_native_observation_does_not_prove_pending_approval (test_provider_trust_readiness.ProviderTrustReadinessTests.test_missing_native_observation_does_not_prove_pending_approval) ... ok
2026-09-24T04:45:49.5865200Z test_entry_resolves_to_v03_package_frontend (test_public_frontend.PublicFrontendTests.test_entry_resolves_to_v03_package_frontend) ... ok
2026-09-24T04:45:49.6010103Z test_preservation_certificate_is_integrity_and_tree_verifiable (test_public_frontend.PublicFrontendTests.test_preservation_certificate_is_integrity_and_tree_verifiable) ... DiffWitness 0.4.0a1 - counterfactual patch evidence
2026-09-24T04:45:49.6011270Z repo:      /tmp/tmpsie9mfz3
2026-09-24T04:45:49.6011799Z base:      81c5e5d679e8f33da7f1714775baab0e421535e6 (81c5e5d679e8)
2026-09-24T04:45:49.6012500Z candidate: 93c2b3d153781e6adf73a9e71f5606c675467b20 (93c2b3d15378)
2026-09-24T04:45:49.6013094Z evidence:  "/opt/hostedtoolcache/Python/3.11.16/x64/bin/python" -m unittest discover -s tests -q
2026-09-24T04:45:49.6013593Z stability: 1 run(s) per variant
2026-09-24T04:45:49.6014101Z budget:    900s total; 300s per command
2026-09-24T04:45:49.6014475Z changes:   2 analyzed mutation(s); 1 changed test file(s)
2026-09-24T04:45:49.6014723Z 
2026-09-24T04:45:49.6014880Z contrast:  BASE STABLE-FAIL -> CANDIDATE STABLE-PASS
2026-09-24T04:45:49.6015118Z 
2026-09-24T04:45:49.6015272Z WITNESSED         +1/-1  calc.py hunk 1/2  [stable-fail]
2026-09-24T04:45:49.6015975Z UNWITNESSED       +1/-1  calc.py hunk 2/2 — def add(a, b):  [stable-pass]
2026-09-24T04:45:49.6016283Z 
2026-09-24T04:45:49.6016420Z summary: 1 witnessed, 1 unwitnessed, 0 inconclusive
2026-09-24T04:45:49.6016766Z core:    1 minimal sufficient set(s) of 1 hunk(s)
2026-09-24T04:45:49.6017092Z surplus: 1 strong surplus candidate hunk(s)
2026-09-24T04:45:49.6017406Z cert:    dw2_709adf8792668a888107
2026-09-24T04:45:49.8169974Z DiffWitness Gate: preservation-evidence under balanced policy (dwa1_d273e69c1b0695843c65)
2026-09-24T04:45:49.8170869Z DiffWitness Gate accepted: balanced policy accepts stable preservation assurance
2026-09-24T04:45:49.8171852Z Project continuity: 2 new change event(s) · dwchg_eaba45aff75497b729fcde94
2026-09-24T04:45:49.8374067Z ok
2026-09-24T04:45:49.9532689Z test_current_proof_staleness_is_independent_of_native_readiness (test_readiness.ReadinessTests.test_current_proof_staleness_is_independent_of_native_readiness) ... ok
2026-09-24T04:45:49.9877026Z test_historical_observation_does_not_hide_missing_hook_or_executable (test_readiness.ReadinessTests.test_historical_observation_does_not_hide_missing_hook_or_executable) ... ok
2026-09-24T04:45:50.1479574Z test_ht005_missing_hooks_preserves_configured_but_repairs_in_every_view (test_readiness.ReadinessTests.test_ht005_missing_hooks_preserves_configured_but_repairs_in_every_view) ... ok
2026-09-24T04:45:50.3296857Z test_ht012_unobserved_then_observed_is_independent_of_provider_trust_and_proof (test_readiness.ReadinessTests.test_ht012_unobserved_then_observed_is_independent_of_provider_trust_and_proof) ... ok
2026-09-24T04:45:50.3752254Z test_mixed_adapters_do_not_hide_the_unobserved_one (test_readiness.ReadinessTests.test_mixed_adapters_do_not_hide_the_unobserved_one) ... ok
2026-09-24T04:45:50.4734477Z test_protect_optional_delegated_and_pending_are_separate_from_proof (test_readiness.ReadinessTests.test_protect_optional_delegated_and_pending_are_separate_from_proof) ... ok
2026-09-24T04:45:50.5053300Z test_verification_preflight_does_not_run_the_command (test_readiness.ReadinessTests.test_verification_preflight_does_not_run_the_command) ... ok
2026-09-24T04:45:50.5060497Z test_all_canonical_release_gates_requalify_main_merges (test_release_metadata.ReleaseMetadataTests.test_all_canonical_release_gates_requalify_main_merges) ... ok
2026-09-24T04:45:50.5066054Z test_distributed_hook_locations_match_local_desktop_and_cli_contracts (test_release_metadata.ReleaseMetadataTests.test_distributed_hook_locations_match_local_desktop_and_cli_contracts) ... ok
2026-09-24T04:45:50.5074686Z test_launch_docs_keep_native_agents_primary_and_guided_first (test_release_metadata.ReleaseMetadataTests.test_launch_docs_keep_native_agents_primary_and_guided_first) ... ok
2026-09-24T04:45:50.5084921Z test_python_and_plugin_versions_describe_the_same_release (test_release_metadata.ReleaseMetadataTests.test_python_and_plugin_versions_describe_the_same_release) ... ok
2026-09-24T04:45:50.5087218Z test_release_blocks_publication_until_exact_tag_consumer_passes (test_release_metadata.ReleaseMetadataTests.test_release_blocks_publication_until_exact_tag_consumer_passes) ... ok
2026-09-24T04:45:50.5599547Z test_repay_closes_historical_test_debt_only_after_discriminating_replay (test_repay_flow.RepayFlowTests.test_repay_closes_historical_test_debt_only_after_discriminating_replay) ... certificate: dwa1_d273e69c1b0695843c65
2026-09-24T04:45:50.5601689Z integrity:   valid
2026-09-24T04:45:50.5602034Z freshness:   fresh against WORKTREE
2026-09-24T04:45:50.5602432Z candidate:   embedded-tree
2026-09-24T04:45:50.5602784Z base:        embedded-tree
2026-09-24T04:45:50.5603111Z verdict:     VALID
2026-09-24T04:45:50.5603698Z Debt impact: +8 point(s) across 2 obligation(s)
2026-09-24T04:45:50.5604161Z   unverified_change  +5
2026-09-24T04:45:50.5604589Z   test               +3
2026-09-24T04:45:50.5604899Z 
2026-09-24T04:45:50.5606043Z DW-430F132F29A9  + 5  unverified_change/deterministic — Executable change lacks accepted DiffWitness behavioral evidence
2026-09-24T04:45:50.5606985Z DW-404D1AE5E1E6  + 3  test/deterministic — Production change has no changed test surface
2026-09-24T04:45:50.5607351Z 
2026-09-24T04:45:50.5607508Z Budget: PASS — projected total 8; new 8
2026-09-24T04:45:50.5607823Z Ledger: +2 introduced, 0 reopened, 0 refreshed
2026-09-24T04:45:50.6085188Z DiffWitness Repay: 1 obligation(s), 3 point(s)
2026-09-24T04:45:50.6087343Z Agent: /opt/hostedtoolcache/Python/3.11.16/x64/bin/python -c from pathlib import Path; t=Path('tests/test_app.py'); t.parent.mkdir(exist_ok=True); t.write_text("import unittest\nfrom app import add\n\nclass T(unittest.TestCase):\n    def test_add(self):\n        self.assertEqual(add(2, 3), 5)\n", encoding='utf-8')
2026-09-24T04:45:50.9323948Z ok
2026-09-24T04:45:50.9598336Z test_saved_guided_view_applies_to_doctor_explain_context_and_protect (test_rr007_guided_surface.GuidedSurfaceContractTests.test_saved_guided_view_applies_to_doctor_explain_context_and_protect) ... ok
2026-09-24T04:45:50.9600127Z test_classifies_stability (test_runner.RunnerTests.test_classifies_stability) ... ok
2026-09-24T04:45:50.9602058Z test_non_finite_command_and_proof_budgets_fail_closed (test_runner.RunnerTests.test_non_finite_command_and_proof_budgets_fail_closed) ... ok
2026-09-24T04:45:51.0921375Z test_prepare_is_recreated_before_every_repetition (test_runner.RunnerTests.test_prepare_is_recreated_before_every_repetition) ... ok
2026-09-24T04:45:51.1753915Z test_proof_repetitions_remove_ignored_state_between_runs (test_runner.RunnerTests.test_proof_repetitions_remove_ignored_state_between_runs) ... ok
2026-09-24T04:45:51.1755784Z test_timeout_terminates_descendant_processes (test_runner.RunnerTests.test_timeout_terminates_descendant_processes)
2026-09-24T04:45:52.6786343Z A timed-out evidence command must not leak workers into later proof variants. ... ok
2026-09-24T04:45:52.6788387Z test_wall_clock_budget_caps_nested_evidence_command (test_runner.RunnerTests.test_wall_clock_budget_caps_nested_evidence_command)
2026-09-24T04:45:52.8816610Z A proof-wide deadline must cap commands even when their local timeout is much larger. ... ok
2026-09-24T04:45:52.8831748Z test_explicit_launcher_wins_over_other_installation_on_path (test_runtime_executable.RuntimeExecutableTests.test_explicit_launcher_wins_over_other_installation_on_path) ... ok
2026-09-24T04:45:52.8848706Z test_explicit_override_is_resolved_once_and_not_treated_as_shell_text (test_runtime_executable.RuntimeExecutableTests.test_explicit_override_is_resolved_once_and_not_treated_as_shell_text) ... ok
2026-09-24T04:45:52.8860199Z test_frozen_binary_uses_bootloader_not_argv_or_extraction_dir (test_runtime_executable.RuntimeExecutableTests.test_frozen_binary_uses_bootloader_not_argv_or_extraction_dir) ... ok
2026-09-24T04:45:52.8874095Z test_frozen_setup_requires_explicit_sidecar_instead_of_path (test_runtime_executable.RuntimeExecutableTests.test_frozen_setup_requires_explicit_sidecar_instead_of_path) ... ok
2026-09-24T04:45:52.8891350Z test_metadata_for_another_loaded_distribution_is_rejected (test_runtime_executable.RuntimeExecutableTests.test_metadata_for_another_loaded_distribution_is_rejected) ... ok
2026-09-24T04:45:52.9147019Z test_missing_override_does_not_remove_existing_hooks (test_runtime_executable.RuntimeExecutableTests.test_missing_override_does_not_remove_existing_hooks) ... ok
2026-09-24T04:45:52.9159472Z test_symlink_freezes_the_actual_installation (test_runtime_executable.RuntimeExecutableTests.test_symlink_freezes_the_actual_installation) ... ok
2026-09-24T04:45:52.9173255Z test_unknown_programmatic_entry_cannot_fall_back_to_path (test_runtime_executable.RuntimeExecutableTests.test_unknown_programmatic_entry_cannot_fall_back_to_path) ... ok
2026-09-24T04:45:52.9184720Z test_windows_console_launcher_recovers_stripped_exe_suffix (test_runtime_executable.RuntimeExecutableTests.test_windows_console_launcher_recovers_stripped_exe_suffix) ... ok
2026-09-24T04:45:53.4400612Z test_changed_lines_and_detection_keep_native_paths (test_sensor_native_paths.SensorNativePathTests.test_changed_lines_and_detection_keep_native_paths) ... ok
2026-09-24T04:45:53.4660624Z test_enumeration_is_exact_independent_of_git_quote_configuration (test_sensor_native_paths.SensorNativePathTests.test_enumeration_is_exact_independent_of_git_quote_configuration) ... ok
2026-09-24T04:45:53.5201887Z test_exact_move_is_not_new_code_and_edited_move_keeps_native_destination (test_sensor_native_paths.SensorNativePathTests.test_exact_move_is_not_new_code_and_edited_move_keeps_native_destination) ... ok
2026-09-24T04:45:53.5402592Z test_limit_is_visible_in_actual_sensor_coverage (test_sensor_native_paths.SensorNativePathTests.test_limit_is_visible_in_actual_sensor_coverage) ... ok
2026-09-24T04:45:53.5663428Z test_non_utf8_git_identity_is_explicitly_unsupported_without_an_alias (test_sensor_native_paths.SensorNativePathTests.test_non_utf8_git_identity_is_explicitly_unsupported_without_an_alias) ... ok
2026-09-24T04:45:53.6100483Z test_real_sensor_preserves_unicode_identity_and_advisory_authority (test_sensor_native_paths.SensorNativePathTests.test_real_sensor_preserves_unicode_identity_and_advisory_authority) ... ok
2026-09-24T04:45:53.6255209Z test_exact_inventory_rejects_extras_omissions_and_byte_changes (test_source_distribution_smoke.SourceDistributionInventoryTests.test_exact_inventory_rejects_extras_omissions_and_byte_changes) ... ok
2026-09-24T04:45:54.5312542Z test_real_accepted_proof_becomes_historical_after_failing_worktree_drift (test_stale_proof_end_to_end.StaleProofEndToEndTests.test_real_accepted_proof_becomes_historical_after_failing_worktree_drift) ... DiffWitness Gate rejected: candidate is not stably green
2026-09-24T04:45:54.5502553Z ok
2026-09-24T04:45:54.5789853Z test_clean_repo_preserves_v1_navigation_contract (test_status_cli.ProjectStatusTests.test_clean_repo_preserves_v1_navigation_contract) ... ok
2026-09-24T04:45:54.6074262Z test_configured_evidence_with_missing_executable_is_not_ready (test_status_cli.ProjectStatusTests.test_configured_evidence_with_missing_executable_is_not_ready) ... ok
2026-09-24T04:45:54.6361980Z test_dirty_repo_points_to_executable_gate_with_explicit_base (test_status_cli.ProjectStatusTests.test_dirty_repo_points_to_executable_gate_with_explicit_base) ... ok
2026-09-24T04:45:54.6667372Z test_guided_and_technical_views_share_exact_same_status_model (test_status_cli.ProjectStatusTests.test_guided_and_technical_views_share_exact_same_status_model) ... ok
2026-09-24T04:45:54.7176109Z test_json_cli_is_machine_readable_non_mutating_and_view_invariant (test_status_cli.ProjectStatusTests.test_json_cli_is_machine_readable_non_mutating_and_view_invariant) ... ok
2026-09-24T04:45:54.7461375Z test_native_scope_alone_requires_repair_before_normal_agent_use (test_status_cli.ProjectStatusTests.test_native_scope_alone_requires_repair_before_normal_agent_use) ... ok
2026-09-24T04:45:54.7760885Z test_untracked_python_cache_is_navigation_noise_not_user_change (test_status_cli.ProjectStatusTests.test_untracked_python_cache_is_navigation_noise_not_user_change) ... ok
2026-09-24T04:45:54.7850337Z test_concurrent_documents_and_rejections_remain_independent (test_strict_json_decoder.StrictDecoderTests.test_concurrent_documents_and_rejections_remain_independent) ... ok
2026-09-24T04:45:54.7853285Z test_documents_and_failed_parses_do_not_share_mutable_state (test_strict_json_decoder.StrictDecoderTests.test_documents_and_failed_parses_do_not_share_mutable_state) ... ok
2026-09-24T04:45:54.7941181Z test_encoding_and_type_compatibility (test_strict_json_decoder.StrictDecoderTests.test_encoding_and_type_compatibility) ... ok
2026-09-24T04:45:54.7947474Z test_contract_rejects_path_digest_authority_and_invalid_positions (test_structure_contract.StructureContractTests.test_contract_rejects_path_digest_authority_and_invalid_positions) ... ok
2026-09-24T04:45:54.8353753Z test_invalid_provider_result_cannot_delete_previous_index (test_structure_contract.StructureContractTests.test_invalid_provider_result_cannot_delete_previous_index) ... ok
2026-09-24T04:45:54.8356780Z test_line_positions_accept_python_universal_newlines (test_structure_contract.StructureContractTests.test_line_positions_accept_python_universal_newlines) ... ok
2026-09-24T04:45:54.8751311Z test_missing_extraction_contract_stamp_forces_refresh_at_same_tree (test_structure_contract.StructureContractTests.test_missing_extraction_contract_stamp_forces_refresh_at_same_tree) ... ok
2026-09-24T04:45:54.8753786Z test_parse_failure_has_no_symbol_or_relation_claims (test_structure_contract.StructureContractTests.test_parse_failure_has_no_symbol_or_relation_claims) ... ok
2026-09-24T04:45:54.8756296Z test_python_provider_exposes_source_bound_typed_facts_and_existing_names (test_structure_contract.StructureContractTests.test_python_provider_exposes_source_bound_typed_facts_and_existing_names) ... ok
2026-09-24T04:45:54.8759045Z test_actual_transport_hash_authority_positions_and_no_values (test_structure_data.DataSyntaxTests.test_actual_transport_hash_authority_positions_and_no_values) ... skipped 'actual optional SQL/config grammars not installed'
2026-09-24T04:45:54.8761965Z test_decoded_keys_positions_and_invalid_surrogates (test_structure_data.DataSyntaxTests.test_decoded_keys_positions_and_invalid_surrogates) ... skipped 'actual optional SQL/config grammars not installed'
2026-09-24T04:45:54.8765380Z test_duplicates_invalid_encodings_and_unsupported_sql_form_fail_closed (test_structure_data.DataSyntaxTests.test_duplicates_invalid_encodings_and_unsupported_sql_form_fail_closed) ... skipped 'actual optional SQL/config grammars not installed'
2026-09-24T04:45:54.8768662Z test_immutable_tree_index_keeps_keys_and_ddl_without_dirty_values (test_structure_data.DataSyntaxTests.test_immutable_tree_index_keeps_keys_and_ddl_without_dirty_values) ... skipped 'actual optional SQL/config grammars not installed'
2026-09-24T04:45:54.8771891Z test_json_keys_are_unambiguous_and_array_items_distinct (test_structure_data.DataSyntaxTests.test_json_keys_are_unambiguous_and_array_items_distinct) ... skipped 'actual optional SQL/config grammars not installed'
2026-09-24T04:45:54.8774297Z test_missing_grammars_remain_recognized_empty (test_structure_data.DataSyntaxTests.test_missing_grammars_remain_recognized_empty) ... ok
2026-09-24T04:45:54.8776812Z test_overflowing_json_values_fail_closed_at_every_nesting_level (test_structure_data.DataSyntaxTests.test_overflowing_json_values_fail_closed_at_every_nesting_level) ... skipped 'actual optional SQL/config grammars not installed'
2026-09-24T04:45:54.8780168Z test_sql_only_top_level_ddl_names_not_query_or_literal_decoys (test_structure_data.DataSyntaxTests.test_sql_only_top_level_ddl_names_not_query_or_literal_decoys) ... skipped 'actual optional SQL/config grammars not installed'
2026-09-24T04:45:54.8782918Z test_toml_tables_and_nested_array_table_scopes (test_structure_data.DataSyntaxTests.test_toml_tables_and_nested_array_table_scopes) ... skipped 'actual optional SQL/config grammars not installed'
2026-09-24T04:45:54.8785705Z test_yaml_document_scopes_without_alias_or_tag_execution (test_structure_data.DataSyntaxTests.test_yaml_document_scopes_without_alias_or_tag_execution) ... skipped 'actual optional SQL/config grammars not installed'
2026-09-24T04:45:54.8787588Z test_absolute_and_sequential_namespaces_and_unresolved_receivers (test_structure_dynamic.DynamicSyntaxTests.test_absolute_and_sequential_namespaces_and_unresolved_receivers) ... skipped 'actual optional Ruby/PHP grammars not installed'
2026-09-24T04:45:54.8789110Z test_actual_transport_source_and_authority (test_structure_dynamic.DynamicSyntaxTests.test_actual_transport_source_and_authority) ... skipped 'actual optional Ruby/PHP grammars not installed'
2026-09-24T04:45:54.8791126Z test_heredoc_decoys_dynamic_paths_and_actual_interpolation_calls (test_structure_dynamic.DynamicSyntaxTests.test_heredoc_decoys_dynamic_paths_and_actual_interpolation_calls) ... skipped 'actual optional Ruby/PHP grammars not installed'
2026-09-24T04:45:54.8792730Z test_immutable_git_tree_index_ignores_dirty_sources (test_structure_dynamic.DynamicSyntaxTests.test_immutable_git_tree_index_ignores_dirty_sources) ... skipped 'actual optional Ruby/PHP grammars not installed'
2026-09-24T04:45:54.8794252Z test_invalid_utf8_syntax_and_reopened_identity_fail_closed (test_structure_dynamic.DynamicSyntaxTests.test_invalid_utf8_syntax_and_reopened_identity_fail_closed) ... skipped 'actual optional Ruby/PHP grammars not installed'
2026-09-24T04:45:54.8795515Z test_missing_grammars_are_recognized_empty (test_structure_dynamic.DynamicSyntaxTests.test_missing_grammars_are_recognized_empty) ... ok
2026-09-24T04:45:54.8796802Z test_php_namespace_calls_do_not_bind_to_an_arbitrary_same_name (test_structure_dynamic.DynamicSyntaxTests.test_php_namespace_calls_do_not_bind_to_an_arbitrary_same_name) ... skipped 'actual optional Ruby/PHP grammars not installed'
2026-09-24T04:45:54.8798324Z test_php_namespace_types_signatures_and_grouped_use (test_structure_dynamic.DynamicSyntaxTests.test_php_namespace_types_signatures_and_grouped_use) ... skipped 'actual optional Ruby/PHP grammars not installed'
2026-09-24T04:45:54.8800249Z test_php_parenthesized_static_include_paths_keep_edges_without_dynamic_guesses (test_structure_dynamic.DynamicSyntaxTests.test_php_parenthesized_static_include_paths_keep_edges_without_dynamic_guesses) ... skipped 'actual optional Ruby/PHP grammars not installed'
2026-09-24T04:45:54.8802142Z test_ruby_lexical_types_methods_and_literal_require (test_structure_dynamic.DynamicSyntaxTests.test_ruby_lexical_types_methods_and_literal_require) ... skipped 'actual optional Ruby/PHP grammars not installed'
2026-09-24T04:45:54.8803746Z test_comments_parentheses_templates_and_import_options_have_exact_spans (test_structure_import_calls.ImportCallTests.test_comments_parentheses_templates_and_import_options_have_exact_spans) ... skipped 'actual JS/TS optional grammars not installed'
2026-09-24T04:45:54.8805384Z test_decoys_dynamic_and_loader_members_do_not_become_targets (test_structure_import_calls.ImportCallTests.test_decoys_dynamic_and_loader_members_do_not_become_targets) ... skipped 'actual JS/TS optional grammars not installed'
2026-09-24T04:45:54.8806846Z test_escaped_direct_eval_is_an_ambiguity_barrier (test_structure_import_calls.ImportCallTests.test_escaped_direct_eval_is_an_ambiguity_barrier) ... skipped 'actual JS/TS optional grammars not installed'
2026-09-24T04:45:54.8808225Z test_invalid_source_stays_completely_unparsed (test_structure_import_calls.ImportCallTests.test_invalid_source_stays_completely_unparsed) ... skipped 'actual JS/TS optional grammars not installed'
2026-09-24T04:45:54.8810163Z test_nested_literal_keyword_reference_and_transport_authority_are_preserved (test_structure_import_calls.ImportCallTests.test_nested_literal_keyword_reference_and_transport_authority_are_preserved) ... skipped 'actual JS/TS optional grammars not installed'
2026-09-24T04:45:54.8812100Z test_shadowing_and_writes_suppress_commonjs_candidates_but_keep_keyword_import (test_structure_import_calls.ImportCallTests.test_shadowing_and_writes_suppress_commonjs_candidates_but_keep_keyword_import) ... skipped 'actual JS/TS optional grammars not installed'
2026-09-24T04:45:54.8813821Z test_static_commonjs_and_import_keyword_reuse_each_js_ts_grammar (test_structure_import_calls.ImportCallTests.test_static_commonjs_and_import_keyword_reuse_each_js_ts_grammar) ... skipped 'actual JS/TS optional grammars not installed'
2026-09-24T04:45:54.8815451Z test_typescript_function_signatures_are_require_binding_barriers (test_structure_import_calls.ImportCallTests.test_typescript_function_signatures_are_require_binding_barriers) ... skipped 'actual JS/TS optional grammars not installed'
2026-09-24T04:45:54.8817218Z test_actual_syntax_import_positions_reuse_every_adapter (test_structure_import_references.ImportReferenceTests.test_actual_syntax_import_positions_reuse_every_adapter) ... skipped 'optional actual syntax grammars not installed'
2026-09-24T04:45:54.9201332Z test_immutable_index_never_picks_ambiguous_or_outside_relative_modules (test_structure_import_references.ImportReferenceTests.test_immutable_index_never_picks_ambiguous_or_outside_relative_modules) ... ok
2026-09-24T04:45:54.9213599Z test_import_detail_admission_rejects_invalid_positions_and_members (test_structure_import_references.ImportReferenceTests.test_import_detail_admission_rejects_invalid_positions_and_members) ... ok
2026-09-24T04:45:54.9216006Z test_outside_package_relative_imports_never_become_absolute_names (test_structure_import_references.ImportReferenceTests.test_outside_package_relative_imports_never_become_absolute_names) ... ok
2026-09-24T04:45:54.9218503Z test_package_initializer_retains_base_members_and_source_positions (test_structure_import_references.ImportReferenceTests.test_package_initializer_retains_base_members_and_source_positions) ... ok
2026-09-24T04:45:54.9220221Z test_python_aliases_crlf_and_decoys_preserve_only_import_syntax (test_structure_import_references.ImportReferenceTests.test_python_aliases_crlf_and_decoys_preserve_only_import_syntax) ... ok
2026-09-24T04:45:54.9221541Z test_v1_field_shape_is_preserved_and_v2_is_explicit (test_structure_import_references.ImportReferenceTests.test_v1_field_shape_is_preserved_and_v2_is_explicit) ... ok
2026-09-24T04:45:54.9223179Z test_actual_transport_source_binding_and_authority (test_structure_managed.ManagedSyntaxTests.test_actual_transport_source_binding_and_authority) ... skipped 'actual optional Java/Kotlin/C# grammars not installed'
2026-09-24T04:45:54.9224784Z test_csharp_file_namespace_nested_members_and_aliases (test_structure_managed.ManagedSyntaxTests.test_csharp_file_namespace_nested_members_and_aliases) ... skipped 'actual optional Java/Kotlin/C# grammars not installed'
2026-09-24T04:45:54.9227256Z test_errors_and_ambiguous_overloads_do_not_supply_partial_facts (test_structure_managed.ManagedSyntaxTests.test_errors_and_ambiguous_overloads_do_not_supply_partial_facts) ... skipped 'actual optional Java/Kotlin/C# grammars not installed'
2026-09-24T04:45:54.9228909Z test_immutable_tree_index_uses_all_three_shared_providers (test_structure_managed.ManagedSyntaxTests.test_immutable_tree_index_uses_all_three_shared_providers) ... skipped 'actual optional Java/Kotlin/C# grammars not installed'
2026-09-24T04:45:54.9230860Z test_java_package_types_nested_members_and_static_imports (test_structure_managed.ManagedSyntaxTests.test_java_package_types_nested_members_and_static_imports) ... skipped 'actual optional Java/Kotlin/C# grammars not installed'
2026-09-24T04:45:54.9232433Z test_kotlin_package_named_objects_aliases_and_decoys (test_structure_managed.ManagedSyntaxTests.test_kotlin_package_named_objects_aliases_and_decoys) ... skipped 'actual optional Java/Kotlin/C# grammars not installed'
2026-09-24T04:45:54.9234055Z test_kotlin_type_kinds_signatures_and_comment_free_import_paths (test_structure_managed.ManagedSyntaxTests.test_kotlin_type_kinds_signatures_and_comment_free_import_paths) ... skipped 'actual optional Java/Kotlin/C# grammars not installed'
2026-09-24T04:45:54.9236057Z test_missing_grammar_remains_recognized_empty (test_structure_managed.ManagedSyntaxTests.test_missing_grammar_remains_recognized_empty) ... ok
2026-09-24T04:45:54.9237540Z test_raw_strings_do_not_create_declarations_but_interpolation_keeps_real_calls (test_structure_managed.ManagedSyntaxTests.test_raw_strings_do_not_create_declarations_but_interpolation_keeps_real_calls) ... skipped 'actual optional Java/Kotlin/C# grammars not installed'
2026-09-24T04:45:54.9239342Z test_comments_inside_rust_paths_do_not_become_names_or_dependencies (test_structure_native.NativeSyntaxTests.test_comments_inside_rust_paths_do_not_become_names_or_dependencies) ... skipped 'optional actual Go/Rust grammars not installed'
2026-09-24T04:45:54.9241760Z test_go_functions_receivers_types_and_grouped_imports (test_structure_native.NativeSyntaxTests.test_go_functions_receivers_types_and_grouped_imports) ... skipped 'optional actual Go/Rust grammars not installed'
2026-09-24T04:45:54.9243224Z test_index_binds_go_and_rust_facts_to_captured_tree (test_structure_native.NativeSyntaxTests.test_index_binds_go_and_rust_facts_to_captured_tree) ... skipped 'optional actual Go/Rust grammars not installed'
2026-09-24T04:45:54.9244716Z test_malformed_syntax_encoding_and_transport_source_binding (test_structure_native.NativeSyntaxTests.test_malformed_syntax_encoding_and_transport_source_binding) ... skipped 'optional actual Go/Rust grammars not installed'
2026-09-24T04:45:54.9246165Z test_missing_grammars_preserve_recognized_empty_unparsed_coverage (test_structure_native.NativeSyntaxTests.test_missing_grammars_preserve_recognized_empty_unparsed_coverage) ... ok
2026-09-24T04:45:54.9247471Z test_new_suffixes_cannot_forge_javascript_local_import_resolution (test_structure_native.NativeSyntaxTests.test_new_suffixes_cannot_forge_javascript_local_import_resolution) ... ok
2026-09-24T04:45:54.9249056Z test_parenthesized_named_receivers_preserve_methods_without_guessing_tuple_types (test_structure_native.NativeSyntaxTests.test_parenthesized_named_receivers_preserve_methods_without_guessing_tuple_types) ... skipped 'optional actual Go/Rust grammars not installed'
2026-09-24T04:45:54.9251034Z test_qualified_rust_impl_and_trait_names_preserve_owner_scope (test_structure_native.NativeSyntaxTests.test_qualified_rust_impl_and_trait_names_preserve_owner_scope) ... skipped 'optional actual Go/Rust grammars not installed'
2026-09-24T04:45:54.9252653Z test_rust_scopes_import_groups_and_macro_decoys (test_structure_native.NativeSyntaxTests.test_rust_scopes_import_groups_and_macro_decoys) ... skipped 'optional actual Go/Rust grammars not installed'
2026-09-24T04:45:55.0060155Z test_bounded_coverage_and_parse_failures_are_visible_in_context (test_structure_snapshot.StructureSnapshotTests.test_bounded_coverage_and_parse_failures_are_visible_in_context) ... ok
2026-09-24T04:45:55.0459132Z test_corrupt_blob_response_cannot_replace_existing_index (test_structure_snapshot.StructureSnapshotTests.test_corrupt_blob_response_cannot_replace_existing_index) ... ok
2026-09-24T04:45:55.0990894Z test_dirty_untracked_and_deleted_working_files_cannot_change_head_bound_facts (test_structure_snapshot.StructureSnapshotTests.test_dirty_untracked_and_deleted_working_files_cannot_change_head_bound_facts) ... ok
2026-09-24T04:45:55.1391097Z test_git_symlink_mode_is_excluded_even_if_worktree_is_a_regular_python_file (test_structure_snapshot.StructureSnapshotTests.test_git_symlink_mode_is_excluded_even_if_worktree_is_a_regular_python_file) ... ok
2026-09-24T04:45:55.2018858Z test_head_advance_during_refresh_keeps_one_tree_and_next_refresh_updates (test_structure_snapshot.StructureSnapshotTests.test_head_advance_during_refresh_keeps_one_tree_and_next_refresh_updates) ... ok
2026-09-24T04:45:55.2604080Z test_old_tree_stamp_cannot_preserve_mutable_file_projection (test_structure_snapshot.StructureSnapshotTests.test_old_tree_stamp_cannot_preserve_mutable_file_projection) ... ok
2026-09-24T04:45:55.2796862Z test_total_byte_budget_omits_whole_blobs_and_reports_partial_coverage (test_structure_snapshot.StructureSnapshotTests.test_total_byte_budget_omits_whole_blobs_and_reports_partial_coverage) ... ok
2026-09-24T04:45:55.2800125Z test_ambient_typescript_declarations_are_observed_syntax (test_structure_syntax.StructureSyntaxTests.test_ambient_typescript_declarations_are_observed_syntax) ... skipped 'optional actual JS/TS parsers not installed'
2026-09-24T04:45:55.2802960Z test_dotted_basename_import_resolves_only_one_supported_source (test_structure_syntax.StructureSyntaxTests.test_dotted_basename_import_resolves_only_one_supported_source) ... ok
2026-09-24T04:45:55.2805740Z test_index_uses_immutable_tree_and_refreshes_provider_profile (test_structure_syntax.StructureSyntaxTests.test_index_uses_immutable_tree_and_refreshes_provider_profile) ... skipped 'optional actual JS/TS parsers not installed'
2026-09-24T04:45:55.2810953Z test_javascript_uses_syntax_not_strings_comments_or_template_text (test_structure_syntax.StructureSyntaxTests.test_javascript_uses_syntax_not_strings_comments_or_template_text) ... skipped 'optional actual JS/TS parsers not installed'
2026-09-24T04:45:55.2812802Z test_malformed_encoding_syntax_and_bounds_fail_empty (test_structure_syntax.StructureSyntaxTests.test_malformed_encoding_syntax_and_bounds_fail_empty) ... skipped 'optional actual JS/TS parsers not installed'
2026-09-24T04:45:55.2814197Z test_missing_optional_package_is_unparsed_not_heuristic_facts (test_structure_syntax.StructureSyntaxTests.test_missing_optional_package_is_unparsed_not_heuristic_facts) ... ok
2026-09-24T04:45:55.2815439Z test_python_and_unknown_fallback_keep_existing_contract (test_structure_syntax.StructureSyntaxTests.test_python_and_unknown_fallback_keep_existing_contract) ... ok
2026-09-24T04:45:55.2816835Z test_syntax_authority_admission_and_ambiguous_import_resolution (test_structure_syntax.StructureSyntaxTests.test_syntax_authority_admission_and_ambiguous_import_resolution) ... skipped 'optional actual JS/TS parsers not installed'
2026-09-24T04:45:55.2818477Z test_typescript_declarations_and_jsx_tsx_have_real_syntax_coverage (test_structure_syntax.StructureSyntaxTests.test_typescript_declarations_and_jsx_tsx_have_real_syntax_coverage) ... skipped 'optional actual JS/TS parsers not installed'
2026-09-24T04:45:55.5864675Z test_extraction_stays_independent_of_journal_proof_and_debt_services (test_structure_transport.StructureTransportTests.test_extraction_stays_independent_of_journal_proof_and_debt_services) ... ok
2026-09-24T04:45:56.4888324Z test_malformed_json_path_base64_schema_and_duplicate_paths_fail_atomically (test_structure_transport.StructureTransportTests.test_malformed_json_path_base64_schema_and_duplicate_paths_fail_atomically) ... ok
2026-09-24T04:45:56.7486939Z test_nonpython_extraction_loads_only_selected_provider_implementation (test_structure_transport.StructureTransportTests.test_nonpython_extraction_loads_only_selected_provider_implementation) ... ok
2026-09-24T04:45:56.7520475Z test_public_entry_never_discovers_repository_or_reads_language_preferences (test_structure_transport.StructureTransportTests.test_public_entry_never_discovers_repository_or_reads_language_preferences) ... ok
2026-09-24T04:45:56.8646097Z test_python_only_extraction_does_not_initialize_optional_distribution_metadata (test_structure_transport.StructureTransportTests.test_python_only_extraction_does_not_initialize_optional_distribution_metadata) ... ok
2026-09-24T04:45:56.9777739Z test_real_cli_outside_git_preserves_python_provider_and_french_json (test_structure_transport.StructureTransportTests.test_real_cli_outside_git_preserves_python_provider_and_french_json) ... ok
2026-09-24T04:45:56.9781216Z test_results_are_detached_and_empty_batch_is_valid (test_structure_transport.StructureTransportTests.test_results_are_detached_and_empty_batch_is_valid) ... ok
2026-09-24T04:45:57.1421863Z test_selected_extraction_parser_preserves_argument_rejections_and_help (test_structure_transport.StructureTransportTests.test_selected_extraction_parser_preserves_argument_rejections_and_help) ... ok
2026-09-24T04:45:57.1857696Z test_transport_limits_and_binary_or_invalid_python_have_explicit_coverage (test_structure_transport.StructureTransportTests.test_transport_limits_and_binary_or_invalid_python_have_explicit_coverage) ... ok
2026-09-24T04:45:57.1861143Z test_wire_bounds_reject_before_emitting_any_partial_response (test_structure_transport.StructureTransportTests.test_wire_bounds_reject_before_emitting_any_partial_response) ... ok
2026-09-24T04:45:57.2985519Z test_concurrent_first_identity_callers_agree (test_unborn_repository.UnbornRepositoryTests.test_concurrent_first_identity_callers_agree) ... ok
2026-09-24T04:45:57.3086483Z test_corrupt_head_is_never_silently_replaced_by_empty_base (test_unborn_repository.UnbornRepositoryTests.test_corrupt_head_is_never_silently_replaced_by_empty_base) ... ok
2026-09-24T04:45:57.3277109Z test_corrupt_local_identity_is_preserved_and_rejected (test_unborn_repository.UnbornRepositoryTests.test_corrupt_local_identity_is_preserved_and_rejected) ... ok
2026-09-24T04:45:57.3670439Z test_empty_base_is_deterministic_unreachable_and_not_an_ordinary_ref (test_unborn_repository.UnbornRepositoryTests.test_empty_base_is_deterministic_unreachable_and_not_an_ordinary_ref) ... ok
2026-09-24T04:45:57.4231486Z test_empty_native_session_does_not_manufacture_proof (test_unborn_repository.UnbornRepositoryTests.test_empty_native_session_does_not_manufacture_proof) ... ok
2026-09-24T04:45:57.4787772Z test_initial_snapshot_preserves_staging_and_excludes_only_owned_transients (test_unborn_repository.UnbornRepositoryTests.test_initial_snapshot_preserves_staging_and_excludes_only_owned_transients) ... ok
2026-09-24T04:45:57.5148551Z test_old_provisional_envelope_cannot_be_reingested_as_new_lineage (test_unborn_repository.UnbornRepositoryTests.test_old_provisional_envelope_cannot_be_reingested_as_new_lineage) ... ok
2026-09-24T04:45:57.5232335Z test_portal_cannot_send_provisional_identity (test_unborn_repository.UnbornRepositoryTests.test_portal_cannot_send_provisional_identity) ... ok
2026-09-24T04:45:57.5652570Z test_provisional_identity_is_distinct_durable_and_becomes_normal_root_lineage (test_unborn_repository.UnbornRepositoryTests.test_provisional_identity_is_distinct_durable_and_becomes_normal_root_lineage) ... ok
2026-09-24T04:45:57.9348236Z test_setup_and_status_are_useful_without_commits_or_evidence (test_unborn_repository.UnbornRepositoryTests.test_setup_and_status_are_useful_without_commits_or_evidence) ... ok
2026-09-24T04:45:57.9488851Z test_failing_test_only_diff_is_rejected (test_validation.ValidationOnlyTests.test_failing_test_only_diff_is_rejected) ... DiffWitness: validation-only stable-pass (dwv1_3cc2d7aff3a258e3ab9f)
2026-09-24T04:45:57.9490648Z Project continuity: 2 new change event(s) · dwchg_354305548cac2780a3a001fb
2026-09-24T04:45:57.9491020Z 
2026-09-24T04:45:57.9491225Z Repayment verification: 1/1 selected obligation(s) resolved
2026-09-24T04:45:57.9492059Z   DW-404D1AE5E1E6: resolved — current tests now discriminate the introducing candidate from its historical base
2026-09-24T04:45:57.9492697Z DiffWitness Repay: ACCEPTED
2026-09-24T04:45:57.9493075Z Project continuity: 3 Debt Ledger lifecycle event(s) projected
2026-09-24T04:45:58.0406858Z ok
2026-09-24T04:45:58.0554697Z test_test_only_diff_runs_evidence_and_is_attestable (test_validation.ValidationOnlyTests.test_test_only_diff_runs_evidence_and_is_attestable) ... DiffWitness: validation-only stable-fail (dwv1_2a5aff0cec4984f454be)
2026-09-24T04:45:58.2432217Z DiffWitness: validation-only stable-pass (dwv1_bc5bb4317b25d5c5aaa2)
2026-09-24T04:45:58.2433410Z Project continuity: 2 new change event(s) · dwchg_c7082d2bbd15541d9fe45ad3
2026-09-24T04:45:58.2641261Z ok
2026-09-24T04:45:58.2848080Z test_cli_can_switch_both_directions_and_report_machine_state (test_view_mode.ViewModeTests.test_cli_can_switch_both_directions_and_report_machine_state) ... ok
2026-09-24T04:45:58.2998849Z test_defaults_to_guided_for_first_run (test_view_mode.ViewModeTests.test_defaults_to_guided_for_first_run) ... ok
2026-09-24T04:45:58.3145759Z test_invalid_stored_preference_fails_soft_to_guided (test_view_mode.ViewModeTests.test_invalid_stored_preference_fails_soft_to_guided) ... ok
2026-09-24T04:45:58.3406868Z test_root_help_is_guided_first_but_technical_is_one_command_away (test_view_mode.ViewModeTests.test_root_help_is_guided_first_but_technical_is_one_command_away) ... ok
2026-09-24T04:45:58.3671563Z test_switch_persists_inside_git_metadata_without_dirtying_repository (test_view_mode.ViewModeTests.test_switch_persists_inside_git_metadata_without_dirtying_repository) ... ok
2026-09-24T04:45:58.3674427Z test_health_semantic_sensor_reads_utf8_git_blob_without_degrading (test_windows_health_utf8_git_blob.WindowsUtf8SubprocessBoundaryTests.test_health_semantic_sensor_reads_utf8_git_blob_without_degrading) ... skipped 'Windows legacy-codepage regression'
2026-09-24T04:45:58.3676630Z test_proof_runner_keeps_non_utf8_diagnostics_json_safe (test_windows_health_utf8_git_blob.WindowsUtf8SubprocessBoundaryTests.test_proof_runner_keeps_non_utf8_diagnostics_json_safe) ... skipped 'Windows legacy-codepage regression'
2026-09-24T04:45:58.3678466Z test_proof_runner_preserves_utf8_stdout_and_stderr (test_windows_health_utf8_git_blob.WindowsUtf8SubprocessBoundaryTests.test_proof_runner_preserves_utf8_stdout_and_stderr) ... skipped 'Windows legacy-codepage regression'
2026-09-24T04:45:58.3680896Z test_acceptance_runner_decodes_utf8_child_output_without_locale_loss (test_windows_subprocess_utf8_reader.WindowsSubprocessUtf8ReaderRegressionTests.test_acceptance_runner_decodes_utf8_child_output_without_locale_loss)
2026-09-24T04:45:58.3682835Z A UTF-8 child must not be decoded through the host's legacy Windows code page. ... skipped 'Windows legacy-codepage reproduction'
2026-09-24T04:45:58.3683357Z 
2026-09-24T04:45:58.3683479Z ======================================================================
2026-09-24T04:45:58.3684423Z FAIL: test_car_is_allowed_in_incoming_target_names (test_continuity_questions.MemoryQuestionTests.test_car_is_allowed_in_incoming_target_names) (question='What depends on car service?', options={})
2026-09-24T04:45:58.3685330Z ----------------------------------------------------------------------
2026-09-24T04:45:58.3685691Z Traceback (most recent call last):
2026-09-24T04:45:58.3693193Z   File "/home/runner/work/tooltest/tooltest/tests/test_continuity_questions.py", line 785, in test_car_is_allowed_in_incoming_target_names
2026-09-24T04:45:58.3694320Z     self.assertEqual(result['status'],'cited-records')
2026-09-24T04:45:58.3694706Z AssertionError: 'abstained' != 'cited-records'
2026-09-24T04:45:58.3695015Z - abstained
2026-09-24T04:45:58.3695210Z + cited-records
2026-09-24T04:45:58.3695341Z 
2026-09-24T04:45:58.3695346Z 
2026-09-24T04:45:58.3695465Z ======================================================================
2026-09-24T04:45:58.3696418Z FAIL: test_car_is_allowed_in_incoming_target_names (test_continuity_questions.MemoryQuestionTests.test_car_is_allowed_in_incoming_target_names) (question='What depends on car service?', options={'entity': 'CAR'})
2026-09-24T04:45:58.3697364Z ----------------------------------------------------------------------
2026-09-24T04:45:58.3697720Z Traceback (most recent call last):
2026-09-24T04:45:58.3698409Z   File "/home/runner/work/tooltest/tooltest/tests/test_continuity_questions.py", line 785, in test_car_is_allowed_in_incoming_target_names
2026-09-24T04:45:58.3699106Z     self.assertEqual(result['status'],'cited-records')
2026-09-24T04:45:58.3699465Z AssertionError: 'abstained' != 'cited-records'
2026-09-24T04:45:58.3700248Z - abstained
2026-09-24T04:45:58.3700590Z + cited-records
2026-09-24T04:45:58.3700752Z 
2026-09-24T04:45:58.3700757Z 
2026-09-24T04:45:58.3700883Z ======================================================================
2026-09-24T04:45:58.3702161Z FAIL: test_car_is_allowed_in_incoming_target_names (test_continuity_questions.MemoryQuestionTests.test_car_is_allowed_in_incoming_target_names) (question='Qu’est-ce qui dépend de car service ?', options={})
2026-09-24T04:45:58.3703132Z ----------------------------------------------------------------------
2026-09-24T04:45:58.3703487Z Traceback (most recent call last):
2026-09-24T04:45:58.3704161Z   File "/home/runner/work/tooltest/tooltest/tests/test_continuity_questions.py", line 785, in test_car_is_allowed_in_incoming_target_names
2026-09-24T04:45:58.3704858Z     self.assertEqual(result['status'],'cited-records')
2026-09-24T04:45:58.3705218Z AssertionError: 'abstained' != 'cited-records'
2026-09-24T04:45:58.3705512Z - abstained
2026-09-24T04:45:58.3705724Z + cited-records
2026-09-24T04:45:58.3705840Z 
2026-09-24T04:45:58.3705845Z 
2026-09-24T04:45:58.3705965Z ======================================================================
2026-09-24T04:45:58.3707722Z FAIL: test_car_is_allowed_in_incoming_target_names (test_continuity_questions.MemoryQuestionTests.test_car_is_allowed_in_incoming_target_names) (question='Qu’est-ce qui dépend de car service ?', options={'entity': 'CAR'})
2026-09-24T04:45:58.3709199Z ----------------------------------------------------------------------
2026-09-24T04:45:58.3709567Z Traceback (most recent call last):
2026-09-24T04:45:58.3710592Z   File "/home/runner/work/tooltest/tooltest/tests/test_continuity_questions.py", line 785, in test_car_is_allowed_in_incoming_target_names
2026-09-24T04:45:58.3711280Z     self.assertEqual(result['status'],'cited-records')
2026-09-24T04:45:58.3711627Z AssertionError: 'abstained' != 'cited-records'
2026-09-24T04:45:58.3711913Z - abstained
2026-09-24T04:45:58.3712098Z + cited-records
2026-09-24T04:45:58.3712218Z 
2026-09-24T04:45:58.3712222Z 
2026-09-24T04:45:58.3712333Z ======================================================================
2026-09-24T04:45:58.3713262Z FAIL: test_conjoined_remember_is_a_command_not_a_noun_name_suffix (test_continuity_questions.MemoryQuestionTests.test_conjoined_remember_is_a_command_not_a_noun_name_suffix) (question='Why auth and remember billing?')
2026-09-24T04:45:58.3714220Z ----------------------------------------------------------------------
2026-09-24T04:45:58.3714562Z Traceback (most recent call last):
2026-09-24T04:45:58.3715267Z   File "/home/runner/work/tooltest/tooltest/tests/test_continuity_questions.py", line 773, in test_conjoined_remember_is_a_command_not_a_noun_name_suffix
2026-09-24T04:45:58.3716139Z     self.assertEqual(result['status'],'abstained')
2026-09-24T04:45:58.3716481Z AssertionError: 'cited-records' != 'abstained'
2026-09-24T04:45:58.3716771Z - cited-records
2026-09-24T04:45:58.3716964Z + abstained
2026-09-24T04:45:58.3717074Z 
2026-09-24T04:45:58.3717078Z 
2026-09-24T04:45:58.3717192Z ======================================================================
2026-09-24T04:45:58.3718137Z FAIL: test_conjoined_remember_is_a_command_not_a_noun_name_suffix (test_continuity_questions.MemoryQuestionTests.test_conjoined_remember_is_a_command_not_a_noun_name_suffix) (question='Pourquoi auth et remember billing ?')
2026-09-24T04:45:58.3719099Z ----------------------------------------------------------------------
2026-09-24T04:45:58.3719436Z Traceback (most recent call last):
2026-09-24T04:45:58.3720474Z   File "/home/runner/work/tooltest/tooltest/tests/test_continuity_questions.py", line 775, in test_conjoined_remember_is_a_command_not_a_noun_name_suffix
2026-09-24T04:45:58.3721208Z     self.assertEqual(result['context']['abstention'],reason)
2026-09-24T04:45:58.3721683Z AssertionError: 'insufficient-cited-records' != 'mixed-question-intents'
2026-09-24T04:45:58.3722094Z - insufficient-cited-records
2026-09-24T04:45:58.3722345Z + mixed-question-intents
2026-09-24T04:45:58.3722488Z 
2026-09-24T04:45:58.3722492Z 
2026-09-24T04:45:58.3722607Z ======================================================================
2026-09-24T04:45:58.3723560Z FAIL: test_conjoined_remember_is_a_command_not_a_noun_name_suffix (test_continuity_questions.MemoryQuestionTests.test_conjoined_remember_is_a_command_not_a_noun_name_suffix) (question='Remember auth and remember billing?')
2026-09-24T04:45:58.3724525Z ----------------------------------------------------------------------
2026-09-24T04:45:58.3724867Z Traceback (most recent call last):
2026-09-24T04:45:58.3725570Z   File "/home/runner/work/tooltest/tooltest/tests/test_continuity_questions.py", line 773, in test_conjoined_remember_is_a_command_not_a_noun_name_suffix
2026-09-24T04:45:58.3726282Z     self.assertEqual(result['status'],'abstained')
2026-09-24T04:45:58.3726619Z AssertionError: 'cited-records' != 'abstained'
2026-09-24T04:45:58.3726906Z - cited-records
2026-09-24T04:45:58.3727100Z + abstained
2026-09-24T04:45:58.3727207Z 
2026-09-24T04:45:58.3727211Z 
2026-09-24T04:45:58.3727319Z ======================================================================
2026-09-24T04:45:58.3728184Z FAIL: test_spaced_standard_identifiers_are_not_standalone_years (test_continuity_questions.MemoryQuestionTests.test_spaced_standard_identifiers_are_not_standalone_years) (question='Why RFC 9110?')
2026-09-24T04:45:58.3729218Z ----------------------------------------------------------------------
2026-09-24T04:45:58.3729570Z Traceback (most recent call last):
2026-09-24T04:45:58.3730595Z   File "/home/runner/work/tooltest/tooltest/tests/test_continuity_questions.py", line 797, in test_spaced_standard_identifiers_are_not_standalone_years
2026-09-24T04:45:58.3731304Z     self.assertEqual(result['status'],'cited-records')
2026-09-24T04:45:58.3731658Z AssertionError: 'abstained' != 'cited-records'
2026-09-24T04:45:58.3731944Z - abstained
2026-09-24T04:45:58.3732126Z + cited-records
2026-09-24T04:45:58.3732246Z 
2026-09-24T04:45:58.3732250Z 
2026-09-24T04:45:58.3732363Z ======================================================================
2026-09-24T04:45:58.3733248Z FAIL: test_spaced_standard_identifiers_are_not_standalone_years (test_continuity_questions.MemoryQuestionTests.test_spaced_standard_identifiers_are_not_standalone_years) (question='Pourquoi RFC 9110 ?')
2026-09-24T04:45:58.3734167Z ----------------------------------------------------------------------
2026-09-24T04:45:58.3734502Z Traceback (most recent call last):
2026-09-24T04:45:58.3735207Z   File "/home/runner/work/tooltest/tooltest/tests/test_continuity_questions.py", line 797, in test_spaced_standard_identifiers_are_not_standalone_years
2026-09-24T04:45:58.3735931Z     self.assertEqual(result['status'],'cited-records')
2026-09-24T04:45:58.3736437Z AssertionError: 'abstained' != 'cited-records'
2026-09-24T04:45:58.3736727Z - abstained
2026-09-24T04:45:58.3736917Z + cited-records
2026-09-24T04:45:58.3737036Z 
2026-09-24T04:45:58.3737040Z 
2026-09-24T04:45:58.3737153Z ======================================================================
2026-09-24T04:45:58.3738029Z FAIL: test_spaced_standard_identifiers_are_not_standalone_years (test_continuity_questions.MemoryQuestionTests.test_spaced_standard_identifiers_are_not_standalone_years) (question='Why RFC 9111?')
2026-09-24T04:45:58.3738921Z ----------------------------------------------------------------------
2026-09-24T04:45:58.3739264Z Traceback (most recent call last):
2026-09-24T04:45:58.3740313Z   File "/home/runner/work/tooltest/tooltest/tests/test_continuity_questions.py", line 797, in test_spaced_standard_identifiers_are_not_standalone_years
2026-09-24T04:45:58.3741025Z     self.assertEqual(result['status'],'cited-records')
2026-09-24T04:45:58.3741374Z AssertionError: 'abstained' != 'cited-records'
2026-09-24T04:45:58.3741661Z - abstained
2026-09-24T04:45:58.3741844Z + cited-records
2026-09-24T04:45:58.3741961Z 
2026-09-24T04:45:58.3741965Z 
2026-09-24T04:45:58.3742070Z ======================================================================
2026-09-24T04:45:58.3742963Z FAIL: test_spaced_standard_identifiers_are_not_standalone_years (test_continuity_questions.MemoryQuestionTests.test_spaced_standard_identifiers_are_not_standalone_years) (question='Pourquoi RFC 9111 ?')
2026-09-24T04:45:58.3743912Z ----------------------------------------------------------------------
2026-09-24T04:45:58.3744354Z Traceback (most recent call last):
2026-09-24T04:45:58.3745117Z   File "/home/runner/work/tooltest/tooltest/tests/test_continuity_questions.py", line 797, in test_spaced_standard_identifiers_are_not_standalone_years
2026-09-24T04:45:58.3745819Z     self.assertEqual(result['status'],'cited-records')
2026-09-24T04:45:58.3746165Z AssertionError: 'abstained' != 'cited-records'
2026-09-24T04:45:58.3746449Z - abstained
2026-09-24T04:45:58.3746644Z + cited-records
2026-09-24T04:45:58.3746763Z 
2026-09-24T04:45:58.3746767Z 
2026-09-24T04:45:58.3746879Z ======================================================================
2026-09-24T04:45:58.3747739Z FAIL: test_spaced_standard_identifiers_are_not_standalone_years (test_continuity_questions.MemoryQuestionTests.test_spaced_standard_identifiers_are_not_standalone_years) (question='Why RFC 2026?')
2026-09-24T04:45:58.3748628Z ----------------------------------------------------------------------
2026-09-24T04:45:58.3748963Z Traceback (most recent call last):
2026-09-24T04:45:58.3750013Z   File "/home/runner/work/tooltest/tooltest/tests/test_continuity_questions.py", line 797, in test_spaced_standard_identifiers_are_not_standalone_years
2026-09-24T04:45:58.3750774Z     self.assertEqual(result['status'],'cited-records')
2026-09-24T04:45:58.3751122Z AssertionError: 'abstained' != 'cited-records'
2026-09-24T04:45:58.3751405Z - abstained
2026-09-24T04:45:58.3751585Z + cited-records
2026-09-24T04:45:58.3751703Z 
2026-09-24T04:45:58.3751707Z 
2026-09-24T04:45:58.3751819Z ======================================================================
2026-09-24T04:45:58.3752706Z FAIL: test_spaced_standard_identifiers_are_not_standalone_years (test_continuity_questions.MemoryQuestionTests.test_spaced_standard_identifiers_are_not_standalone_years) (question='Pourquoi RFC 2026 ?')
2026-09-24T04:45:58.3753616Z ----------------------------------------------------------------------
2026-09-24T04:45:58.3753947Z Traceback (most recent call last):
2026-09-24T04:45:58.3754656Z   File "/home/runner/work/tooltest/tooltest/tests/test_continuity_questions.py", line 797, in test_spaced_standard_identifiers_are_not_standalone_years
2026-09-24T04:45:58.3755357Z     self.assertEqual(result['status'],'cited-records')
2026-09-24T04:45:58.3755698Z AssertionError: 'abstained' != 'cited-records'
2026-09-24T04:45:58.3755979Z - abstained
2026-09-24T04:45:58.3756193Z + cited-records
2026-09-24T04:45:58.3756314Z 
2026-09-24T04:45:58.3756453Z 
2026-09-24T04:45:58.3756569Z ======================================================================
2026-09-24T04:45:58.3757428Z FAIL: test_spaced_standard_identifiers_are_not_standalone_years (test_continuity_questions.MemoryQuestionTests.test_spaced_standard_identifiers_are_not_standalone_years) (question='Why ISO 9001?')
2026-09-24T04:45:58.3758311Z ----------------------------------------------------------------------
2026-09-24T04:45:58.3758642Z Traceback (most recent call last):
2026-09-24T04:45:58.3759352Z   File "/home/runner/work/tooltest/tooltest/tests/test_continuity_questions.py", line 797, in test_spaced_standard_identifiers_are_not_standalone_years
2026-09-24T04:45:58.3760328Z     self.assertEqual(result['status'],'cited-records')
2026-09-24T04:45:58.3760673Z AssertionError: 'abstained' != 'cited-records'
2026-09-24T04:45:58.3760952Z - abstained
2026-09-24T04:45:58.3761133Z + cited-records
2026-09-24T04:45:58.3761251Z 
2026-09-24T04:45:58.3761255Z 
2026-09-24T04:45:58.3761368Z ======================================================================
2026-09-24T04:45:58.3762261Z FAIL: test_spaced_standard_identifiers_are_not_standalone_years (test_continuity_questions.MemoryQuestionTests.test_spaced_standard_identifiers_are_not_standalone_years) (question='Pourquoi ISO 9001 ?')
2026-09-24T04:45:58.3763181Z ----------------------------------------------------------------------
2026-09-24T04:45:58.3763515Z Traceback (most recent call last):
2026-09-24T04:45:58.3764210Z   File "/home/runner/work/tooltest/tooltest/tests/test_continuity_questions.py", line 797, in test_spaced_standard_identifiers_are_not_standalone_years
2026-09-24T04:45:58.3764905Z     self.assertEqual(result['status'],'cited-records')
2026-09-24T04:45:58.3765246Z AssertionError: 'abstained' != 'cited-records'
2026-09-24T04:45:58.3765528Z - abstained
2026-09-24T04:45:58.3765709Z + cited-records
2026-09-24T04:45:58.3765827Z 
2026-09-24T04:45:58.3765831Z 
2026-09-24T04:45:58.3765942Z ======================================================================
2026-09-24T04:45:58.3766809Z FAIL: test_spaced_standard_identifiers_are_not_standalone_years (test_continuity_questions.MemoryQuestionTests.test_spaced_standard_identifiers_are_not_standalone_years) (question='Why IEEE 8023?')
2026-09-24T04:45:58.3767698Z ----------------------------------------------------------------------
2026-09-24T04:45:58.3768033Z Traceback (most recent call last):
2026-09-24T04:45:58.3768711Z   File "/home/runner/work/tooltest/tooltest/tests/test_continuity_questions.py", line 797, in test_spaced_standard_identifiers_are_not_standalone_years
2026-09-24T04:45:58.3769575Z     self.assertEqual(result['status'],'cited-records')
2026-09-24T04:45:58.3770185Z AssertionError: 'abstained' != 'cited-records'
2026-09-24T04:45:58.3770478Z - abstained
2026-09-24T04:45:58.3770662Z + cited-records
2026-09-24T04:45:58.3770776Z 
2026-09-24T04:45:58.3770780Z 
2026-09-24T04:45:58.3770894Z ======================================================================
2026-09-24T04:45:58.3771797Z FAIL: test_spaced_standard_identifiers_are_not_standalone_years (test_continuity_questions.MemoryQuestionTests.test_spaced_standard_identifiers_are_not_standalone_years) (question='Pourquoi IEEE 8023 ?')
2026-09-24T04:45:58.3772709Z ----------------------------------------------------------------------
2026-09-24T04:45:58.3773039Z Traceback (most recent call last):
2026-09-24T04:45:58.3773747Z   File "/home/runner/work/tooltest/tooltest/tests/test_continuity_questions.py", line 797, in test_spaced_standard_identifiers_are_not_standalone_years
2026-09-24T04:45:58.3774447Z     self.assertEqual(result['status'],'cited-records')
2026-09-24T04:45:58.3774788Z AssertionError: 'abstained' != 'cited-records'
2026-09-24T04:45:58.3775066Z - abstained
2026-09-24T04:45:58.3775247Z + cited-records
2026-09-24T04:45:58.3775363Z 
2026-09-24T04:45:58.3775367Z 
2026-09-24T04:45:58.3775503Z ----------------------------------------------------------------------
2026-09-24T04:45:58.3775828Z Ran 800 tests in 101.083s
2026-09-24T04:45:58.3776128Z 
2026-09-24T04:45:58.3776226Z FAILED (failures=17, skipped=52)
2026-09-24T04:45:58.3776502Z certificate: dwv1_bc5bb4317b25d5c5aaa2
2026-09-24T04:45:58.3776763Z integrity:   valid
2026-09-24T04:45:58.3776983Z freshness:   fresh against WORKTREE
2026-09-24T04:45:58.3777251Z candidate:   embedded-tree
2026-09-24T04:45:58.3777484Z base:        embedded-tree
2026-09-24T04:45:58.3777702Z verdict:     VALID
2026-09-24T04:45:58.4010956Z ##[error]Process completed with exit code 1.
2026-09-24T04:45:58.4748298Z ##[group]Run actions/upload-artifact@v6
2026-09-24T04:45:58.4748631Z with:
2026-09-24T04:45:58.4748855Z   name: unittest-Linux-py3.11
2026-09-24T04:45:58.4749131Z   path: unittest.log
2026-09-24T04:45:58.4749363Z   if-no-files-found: error
2026-09-24T04:45:58.4749596Z   retention-days: 7
2026-09-24T04:45:58.4750027Z   compression-level: 6
2026-09-24T04:45:58.4750245Z   overwrite: false
2026-09-24T04:45:58.4750463Z   include-hidden-files: false
2026-09-24T04:45:58.4750699Z env:
2026-09-24T04:45:58.4750983Z   pythonLocation: /opt/hostedtoolcache/Python/3.11.16/x64
2026-09-24T04:45:58.4751435Z   PKG_CONFIG_PATH: /opt/hostedtoolcache/Python/3.11.16/x64/lib/pkgconfig
2026-09-24T04:45:58.4751893Z   Python_ROOT_DIR: /opt/hostedtoolcache/Python/3.11.16/x64
2026-09-24T04:45:58.4752287Z   Python2_ROOT_DIR: /opt/hostedtoolcache/Python/3.11.16/x64
2026-09-24T04:45:58.4752684Z   Python3_ROOT_DIR: /opt/hostedtoolcache/Python/3.11.16/x64
2026-09-24T04:45:58.4753118Z   LD_LIBRARY_PATH: /opt/hostedtoolcache/Python/3.11.16/x64/lib
2026-09-24T04:45:58.4753459Z ##[endgroup]
2026-09-24T04:45:58.6430203Z With the provided path, there will be 1 file uploaded
2026-09-24T04:45:58.6437133Z Artifact name is valid!
2026-09-24T04:45:58.6453465Z Root directory input is valid!
2026-09-24T04:45:58.9742333Z Beginning upload of artifact content to blob storage
2026-09-24T04:45:59.2485871Z Uploaded bytes 30678
2026-09-24T04:45:59.3038108Z Finished uploading artifact content to blob storage!
2026-09-24T04:45:59.3040102Z SHA256 digest of uploaded artifact zip is b39daa51801f4764fe811dbce0a29b5cc475147773202fcdfe8b0b5cc75235c9
2026-09-24T04:45:59.3041751Z Finalizing artifact upload
2026-09-24T04:45:59.6710847Z Artifact unittest-Linux-py3.11.zip successfully finalized. Artifact ID 10791150920
2026-09-24T04:45:59.6723449Z Artifact unittest-Linux-py3.11 has been successfully uploaded! Final size is 30678 bytes. Artifact ID is 10791150920
2026-09-24T04:45:59.6725315Z Artifact download URL: https://github.com/TFourniax/tooltest/actions/runs/35956835863/artifacts/10791150920
2026-09-24T04:45:59.6972384Z Post job cleanup.
2026-09-24T04:45:59.7863571Z [command]/usr/bin/git version
2026-09-24T04:45:59.7910011Z git version 2.55.0
2026-09-24T04:45:59.7946132Z Temporarily overriding HOME='/home/runner/work/_temp/254b950c-2090-484d-a6d9-864765cecf21' before making global git config changes
2026-09-24T04:45:59.7947930Z Adding repository directory to the temporary git global config as a safe directory
2026-09-24T04:45:59.7952626Z [command]/usr/bin/git config --global --add safe.directory /home/runner/work/tooltest/tooltest
2026-09-24T04:45:59.7988286Z Removing SSH command configuration
2026-09-24T04:45:59.7995261Z [command]/usr/bin/git config --local --name-only --get-regexp core\.sshCommand
2026-09-24T04:45:59.8033631Z [command]/usr/bin/git submodule foreach --recursive sh -c "git config --local --name-only --get-regexp 'core\.sshCommand' && git config --local --unset-all 'core.sshCommand' || :"
2026-09-24T04:45:59.8296047Z Removing HTTP extra header
2026-09-24T04:45:59.8302995Z [command]/usr/bin/git config --local --name-only --get-regexp http\.https\:\/\/github\.com\/\.extraheader
2026-09-24T04:45:59.8344957Z [command]/usr/bin/git submodule foreach --recursive sh -c "git config --local --name-only --get-regexp 'http\.https\:\/\/github\.com\/\.extraheader' && git config --local --unset-all 'http.https://github.com/.extraheader' || :"
2026-09-24T04:45:59.8615686Z Removing includeIf entries pointing to credentials config files
2026-09-24T04:45:59.8622800Z [command]/usr/bin/git config --local --name-only --get-regexp ^includeIf\.gitdir:
2026-09-24T04:45:59.8656643Z includeif.gitdir:/home/runner/work/tooltest/tooltest/.git.path
2026-09-24T04:45:59.8657712Z includeif.gitdir:/home/runner/work/tooltest/tooltest/.git/worktrees/*.path
2026-09-24T04:45:59.8658839Z includeif.gitdir:/github/workspace/.git.path
2026-09-24T04:45:59.8660224Z includeif.gitdir:/github/workspace/.git/worktrees/*.path
2026-09-24T04:45:59.8667185Z [command]/usr/bin/git config --local --get-all includeif.gitdir:/home/runner/work/tooltest/tooltest/.git.path
2026-09-24T04:45:59.8699982Z /home/runner/work/_temp/git-credentials-ac38cdd9-5600-4779-a84a-3b10da274d15.config
2026-09-24T04:45:59.8711219Z [command]/usr/bin/git config --local --unset includeif.gitdir:/home/runner/work/tooltest/tooltest/.git.path \/home\/runner\/work\/_temp\/git\-credentials\-ac38cdd9\-5600\-4779\-a84a\-3b10da274d15\.config
2026-09-24T04:45:59.8761663Z [command]/usr/bin/git config --local --get-all includeif.gitdir:/home/runner/work/tooltest/tooltest/.git/worktrees/*.path
2026-09-24T04:45:59.8792645Z /home/runner/work/_temp/git-credentials-ac38cdd9-5600-4779-a84a-3b10da274d15.config
2026-09-24T04:45:59.8802940Z [command]/usr/bin/git config --local --unset includeif.gitdir:/home/runner/work/tooltest/tooltest/.git/worktrees/*.path \/home\/runner\/work\/_temp\/git\-credentials\-ac38cdd9\-5600\-4779\-a84a\-3b10da274d15\.config
2026-09-24T04:45:59.8841576Z [command]/usr/bin/git config --local --get-all includeif.gitdir:/github/workspace/.git.path
2026-09-24T04:45:59.8876851Z /github/runner_temp/git-credentials-ac38cdd9-5600-4779-a84a-3b10da274d15.config
2026-09-24T04:45:59.8893886Z [command]/usr/bin/git config --local --unset includeif.gitdir:/github/workspace/.git.path \/github\/runner_temp\/git\-credentials\-ac38cdd9\-5600\-4779\-a84a\-3b10da274d15\.config
2026-09-24T04:45:59.8945513Z [command]/usr/bin/git config --local --get-all includeif.gitdir:/github/workspace/.git/worktrees/*.path
2026-09-24T04:45:59.8981570Z /github/runner_temp/git-credentials-ac38cdd9-5600-4779-a84a-3b10da274d15.config
2026-09-24T04:45:59.8992171Z [command]/usr/bin/git config --local --unset includeif.gitdir:/github/workspace/.git/worktrees/*.path \/github\/runner_temp\/git\-credentials\-ac38cdd9\-5600\-4779\-a84a\-3b10da274d15\.config
2026-09-24T04:45:59.9037189Z [command]/usr/bin/git submodule foreach --recursive git config --local --show-origin --name-only --get-regexp remote.origin.url
2026-09-24T04:45:59.9290357Z Removing credentials config '/home/runner/work/_temp/git-credentials-ac38cdd9-5600-4779-a84a-3b10da274d15.config'
2026-09-24T04:45:59.9453678Z Cleaning up orphan processes
