2026-09-24T04:21:15.4359609Z Current runner version: '2.337.0'
2026-09-24T04:21:15.4395504Z ##[group]Runner Image Provisioner
2026-09-24T04:21:15.4396746Z Hosted Compute Agent
2026-09-24T04:21:15.4397840Z Version: 20260828.587
2026-09-24T04:21:15.4399202Z Commit: abac92662cab4cc7352de4f9f9d2e2419aad9c29
2026-09-24T04:21:15.4400402Z Build Date: 2026-08-28T16:44:25Z
2026-09-24T04:21:15.4401691Z Worker ID: {c248d8c1-94df-4d4c-b39d-e1a81f70e0e8}
2026-09-24T04:21:15.4402884Z Azure Region: eastus
2026-09-24T04:21:15.4403784Z ##[endgroup]
2026-09-24T04:21:15.4406319Z ##[group]Operating System
2026-09-24T04:21:15.4407285Z Ubuntu
2026-09-24T04:21:15.4408268Z 24.04.5
2026-09-24T04:21:15.4409407Z LTS
2026-09-24T04:21:15.4410334Z ##[endgroup]
2026-09-24T04:21:15.4411308Z ##[group]Runner Image
2026-09-24T04:21:15.4412313Z Image: ubuntu-24.04
2026-09-24T04:21:15.4413367Z Version: 20260907.300.1
2026-09-24T04:21:15.4415380Z Included Software: https://github.com/actions/runner-images/blob/ubuntu24/20260907.300/images/ubuntu/Ubuntu2404-Readme.md
2026-09-24T04:21:15.4418233Z Image Release: https://github.com/actions/runner-images/releases/tag/ubuntu24%2F20260907.300
2026-09-24T04:21:15.4420165Z ##[endgroup]
2026-09-24T04:21:15.4422053Z ##[group]GITHUB_TOKEN Permissions
2026-09-24T04:21:15.4424790Z Contents: read
2026-09-24T04:21:15.4425833Z Metadata: read
2026-09-24T04:21:15.4426801Z ##[endgroup]
2026-09-24T04:21:15.4430275Z Secret source: Actions
2026-09-24T04:21:15.4431699Z Cache mode: write
2026-09-24T04:21:15.4432901Z Prepare workflow directory
2026-09-24T04:21:15.4923145Z Prepare all required actions
2026-09-24T04:21:15.4995765Z Getting action download info
2026-09-24T04:21:15.7124530Z Download action repository 'actions/checkout@v7' (SHA:3d3c42e5aac5ba805825da76410c181273ba90b1)
2026-09-24T04:21:15.8346074Z Download action repository 'actions/setup-python@v7' (SHA:5fda3b95a4ea91299a34e894583c3862153e4b97)
2026-09-24T04:21:15.9111448Z Download action repository 'actions/upload-artifact@v6' (SHA:b7c566a772e6b6bfb58ed0dc250532a479d7789f)
2026-09-24T04:21:16.1699057Z Complete job name: test (ubuntu-latest, 3.11)
2026-09-24T04:21:16.2513837Z ##[group]Run actions/checkout@v7
2026-09-24T04:21:16.2514725Z with:
2026-09-24T04:21:16.2515172Z   repository: TFourniax/tooltest
2026-09-24T04:21:16.2519116Z   token: ***
2026-09-24T04:21:16.2519569Z   ssh-strict: true
2026-09-24T04:21:16.2520007Z   ssh-user: git
2026-09-24T04:21:16.2520462Z   persist-credentials: true
2026-09-24T04:21:16.2520949Z   clean: true
2026-09-24T04:21:16.2521399Z   sparse-checkout-cone-mode: true
2026-09-24T04:21:16.2521917Z   fetch-depth: 1
2026-09-24T04:21:16.2522351Z   fetch-tags: false
2026-09-24T04:21:16.2522794Z   show-progress: true
2026-09-24T04:21:16.2523237Z   lfs: false
2026-09-24T04:21:16.2523649Z   submodules: false
2026-09-24T04:21:16.2524099Z   set-safe-directory: true
2026-09-24T04:21:16.2524604Z   allow-unsafe-pr-checkout: false
2026-09-24T04:21:16.2525387Z ##[endgroup]
2026-09-24T04:21:16.3535420Z Syncing repository: TFourniax/tooltest
2026-09-24T04:21:16.3537986Z ##[group]Getting Git version info
2026-09-24T04:21:16.3539509Z Working directory is '/home/runner/work/tooltest/tooltest'
2026-09-24T04:21:16.3540667Z [command]/usr/bin/git version
2026-09-24T04:21:16.3659870Z git version 2.55.0
2026-09-24T04:21:16.3683151Z ##[endgroup]
2026-09-24T04:21:16.3694668Z Temporarily overriding HOME='/home/runner/work/_temp/53ee2b6c-41f3-47ed-a2e9-1878d6f5bdca' before making global git config changes
2026-09-24T04:21:16.3696598Z Adding repository directory to the temporary git global config as a safe directory
2026-09-24T04:21:16.3702295Z [command]/usr/bin/git config --global --add safe.directory /home/runner/work/tooltest/tooltest
2026-09-24T04:21:16.3759009Z Deleting the contents of '/home/runner/work/tooltest/tooltest'
2026-09-24T04:21:16.3762920Z ##[group]Determining repository object format
2026-09-24T04:21:16.3764621Z ##[endgroup]
2026-09-24T04:21:16.3765560Z ##[group]Initializing the repository
2026-09-24T04:21:16.3770878Z [command]/usr/bin/git init /home/runner/work/tooltest/tooltest
2026-09-24T04:21:16.3933712Z hint: Using 'master' as the name for the initial branch. This default branch name
2026-09-24T04:21:16.3959944Z hint: will change to "main" in Git 3.0. To configure the initial branch name
2026-09-24T04:21:16.3961989Z hint: to use in all of your new repositories, which will suppress this warning,
2026-09-24T04:21:16.3963641Z hint: call:
2026-09-24T04:21:16.3964588Z hint:
2026-09-24T04:21:16.3965732Z hint: 	git config --global init.defaultBranch <name>
2026-09-24T04:21:16.3966994Z hint:
2026-09-24T04:21:16.3968230Z hint: Names commonly chosen instead of 'master' are 'main', 'trunk' and
2026-09-24T04:21:16.3970284Z hint: 'development'. The just-created branch can be renamed via this command:
2026-09-24T04:21:16.3971816Z hint:
2026-09-24T04:21:16.3972823Z hint: 	git branch -m <name>
2026-09-24T04:21:16.3973918Z hint:
2026-09-24T04:21:16.3975194Z hint: Disable this message with "git config set advice.defaultBranchName false"
2026-09-24T04:21:16.3977545Z Initialized empty Git repository in /home/runner/work/tooltest/tooltest/.git/
2026-09-24T04:21:16.3982211Z [command]/usr/bin/git remote add origin https://github.com/TFourniax/tooltest
2026-09-24T04:21:16.4021271Z ##[endgroup]
2026-09-24T04:21:16.4023043Z ##[group]Disabling automatic garbage collection
2026-09-24T04:21:16.4025731Z [command]/usr/bin/git config --local gc.auto 0
2026-09-24T04:21:16.4097036Z ##[endgroup]
2026-09-24T04:21:16.4098498Z ##[group]Setting up auth
2026-09-24T04:21:16.4100013Z Removing SSH command configuration
2026-09-24T04:21:16.4101066Z [command]/usr/bin/git config --local --name-only --get-regexp core\.sshCommand
2026-09-24T04:21:16.4154031Z [command]/usr/bin/git submodule foreach --recursive sh -c "git config --local --name-only --get-regexp 'core\.sshCommand' && git config --local --unset-all 'core.sshCommand' || :"
2026-09-24T04:21:16.4628352Z Removing HTTP extra header
2026-09-24T04:21:16.4634929Z [command]/usr/bin/git config --local --name-only --get-regexp http\.https\:\/\/github\.com\/\.extraheader
2026-09-24T04:21:16.4675119Z [command]/usr/bin/git submodule foreach --recursive sh -c "git config --local --name-only --get-regexp 'http\.https\:\/\/github\.com\/\.extraheader' && git config --local --unset-all 'http.https://github.com/.extraheader' || :"
2026-09-24T04:21:16.4937152Z Removing includeIf entries pointing to credentials config files
2026-09-24T04:21:16.4952060Z [command]/usr/bin/git config --local --name-only --get-regexp ^includeIf\.gitdir:
2026-09-24T04:21:16.4995515Z [command]/usr/bin/git submodule foreach --recursive git config --local --show-origin --name-only --get-regexp remote.origin.url
2026-09-24T04:21:16.5244071Z [command]/usr/bin/git config --file /home/runner/work/_temp/git-credentials-59ced91c-fc05-4998-9860-5631099a81f4.config http.https://github.com/.extraheader AUTHORIZATION: basic ***
2026-09-24T04:21:16.5292133Z [command]/usr/bin/git config --local includeIf.gitdir:/home/runner/work/tooltest/tooltest/.git.path /home/runner/work/_temp/git-credentials-59ced91c-fc05-4998-9860-5631099a81f4.config
2026-09-24T04:21:16.5332428Z [command]/usr/bin/git config --local includeIf.gitdir:/home/runner/work/tooltest/tooltest/.git/worktrees/*.path /home/runner/work/_temp/git-credentials-59ced91c-fc05-4998-9860-5631099a81f4.config
2026-09-24T04:21:16.5375315Z [command]/usr/bin/git config --local includeIf.gitdir:/github/workspace/.git.path /github/runner_temp/git-credentials-59ced91c-fc05-4998-9860-5631099a81f4.config
2026-09-24T04:21:16.5415079Z [command]/usr/bin/git config --local includeIf.gitdir:/github/workspace/.git/worktrees/*.path /github/runner_temp/git-credentials-59ced91c-fc05-4998-9860-5631099a81f4.config
2026-09-24T04:21:16.5450807Z ##[endgroup]
2026-09-24T04:21:16.5451634Z ##[group]Fetching the repository
2026-09-24T04:21:16.5461128Z [command]/usr/bin/git -c protocol.version=2 fetch --no-tags --prune --no-recurse-submodules --depth=1 origin +f8c6cb96f2eccca8fa8f55a65ca8bc30419ca281:refs/remotes/pull/128/merge
2026-09-24T04:21:17.4243678Z From https://github.com/TFourniax/tooltest
2026-09-24T04:21:17.4245327Z  * [new ref]         f8c6cb96f2eccca8fa8f55a65ca8bc30419ca281 -> pull/128/merge
2026-09-24T04:21:17.4250028Z ##[endgroup]
2026-09-24T04:21:17.4251109Z ##[group]Determining the checkout info
2026-09-24T04:21:17.4252390Z ##[endgroup]
2026-09-24T04:21:17.4258347Z [command]/usr/bin/git sparse-checkout disable
2026-09-24T04:21:17.4332161Z [command]/usr/bin/git config --local --unset-all extensions.worktreeConfig
2026-09-24T04:21:17.4369881Z ##[group]Checking out the ref
2026-09-24T04:21:17.4375222Z [command]/usr/bin/git checkout --progress --force refs/remotes/pull/128/merge
2026-09-24T04:21:17.5096281Z Note: switching to 'refs/remotes/pull/128/merge'.
2026-09-24T04:21:17.5097725Z 
2026-09-24T04:21:17.5098683Z You are in 'detached HEAD' state. You can look around, make experimental
2026-09-24T04:21:17.5101169Z changes and commit them, and you can discard any commits you make in this
2026-09-24T04:21:17.5103379Z state without impacting any branches by switching back to a branch.
2026-09-24T04:21:17.5104750Z 
2026-09-24T04:21:17.5105691Z If you want to create a new branch to retain commits you create, you may
2026-09-24T04:21:17.5107079Z do so (now or later) by using -c with the switch command. Example:
2026-09-24T04:21:17.5107854Z 
2026-09-24T04:21:17.5108237Z   git switch -c <new-branch-name>
2026-09-24T04:21:17.5109111Z 
2026-09-24T04:21:17.5109513Z Or undo this operation with:
2026-09-24T04:21:17.5110113Z 
2026-09-24T04:21:17.5110626Z   git switch -
2026-09-24T04:21:17.5111342Z 
2026-09-24T04:21:17.5112490Z Turn off this advice by setting config variable advice.detachedHead to false
2026-09-24T04:21:17.5113830Z 
2026-09-24T04:21:17.5114997Z HEAD is now at f8c6cb9 Merge e0d5042dccb94970a72a873e50a700c255b6a885 into c03164e75e805ff1df976e55cdf6d86073e89b04
2026-09-24T04:21:17.5119437Z ##[endgroup]
2026-09-24T04:21:17.5165937Z [command]/usr/bin/git log -1 --format=%H
2026-09-24T04:21:17.5196869Z f8c6cb96f2eccca8fa8f55a65ca8bc30419ca281
2026-09-24T04:21:17.5585089Z ##[group]Run actions/setup-python@v7
2026-09-24T04:21:17.5586360Z with:
2026-09-24T04:21:17.5587291Z   python-version: 3.11
2026-09-24T04:21:17.5588297Z   check-latest: false
2026-09-24T04:21:17.5597075Z   token: ***
2026-09-24T04:21:17.5598035Z   update-environment: true
2026-09-24T04:21:17.5599255Z   allow-prereleases: false
2026-09-24T04:21:17.5600330Z   freethreaded: false
2026-09-24T04:21:17.5601291Z ##[endgroup]
2026-09-24T04:21:17.6833450Z ##[group]Installed versions
2026-09-24T04:21:17.6926813Z Successfully set up CPython (3.11.16)
2026-09-24T04:21:17.6929362Z ##[endgroup]
2026-09-24T04:21:17.7174298Z ##[group]Run python -m pip install -e .
2026-09-24T04:21:17.7176404Z [36;1mpython -m pip install -e .[0m
2026-09-24T04:21:17.7265197Z shell: /usr/bin/bash -e {0}
2026-09-24T04:21:17.7266945Z env:
2026-09-24T04:21:17.7269473Z   pythonLocation: /opt/hostedtoolcache/Python/3.11.16/x64
2026-09-24T04:21:17.7272430Z   PKG_CONFIG_PATH: /opt/hostedtoolcache/Python/3.11.16/x64/lib/pkgconfig
2026-09-24T04:21:17.7274289Z   Python_ROOT_DIR: /opt/hostedtoolcache/Python/3.11.16/x64
2026-09-24T04:21:17.7275941Z   Python2_ROOT_DIR: /opt/hostedtoolcache/Python/3.11.16/x64
2026-09-24T04:21:17.7277590Z   Python3_ROOT_DIR: /opt/hostedtoolcache/Python/3.11.16/x64
2026-09-24T04:21:17.7280041Z   LD_LIBRARY_PATH: /opt/hostedtoolcache/Python/3.11.16/x64/lib
2026-09-24T04:21:17.7281418Z ##[endgroup]
2026-09-24T04:21:18.6242567Z Obtaining file:///home/runner/work/tooltest/tooltest
2026-09-24T04:21:18.6259995Z   Installing build dependencies: started
2026-09-24T04:21:19.3420258Z   Installing build dependencies: finished with status 'done'
2026-09-24T04:21:19.3426658Z   Checking if build backend supports build_editable: started
2026-09-24T04:21:19.6723018Z   Checking if build backend supports build_editable: finished with status 'done'
2026-09-24T04:21:19.6730612Z   Getting requirements to build editable: started
2026-09-24T04:21:20.0026286Z   Getting requirements to build editable: finished with status 'done'
2026-09-24T04:21:20.0037286Z   Preparing editable metadata (pyproject.toml): started
2026-09-24T04:21:20.1990720Z   Preparing editable metadata (pyproject.toml): finished with status 'done'
2026-09-24T04:21:20.2041009Z Building wheels for collected packages: diffwitness
2026-09-24T04:21:20.2048118Z   Building editable for diffwitness (pyproject.toml): started
2026-09-24T04:21:20.4379991Z   Building editable for diffwitness (pyproject.toml): finished with status 'done'
2026-09-24T04:21:20.4387624Z   Created wheel for diffwitness: filename=diffwitness-0.4.0a1-0.editable-py3-none-any.whl size=13166 sha256=1975644fba83e625010a4667ee35ae96af265a78614b501f5a7a4762be4d3c95
2026-09-24T04:21:20.4390108Z   Stored in directory: /tmp/pip-ephem-wheel-cache-bxcsa4ux/wheels/1d/e2/0c/8df4c5f7ed0b68981a66a62e05333067f34d74dcef53b2c7d9
2026-09-24T04:21:20.4423615Z Successfully built diffwitness
2026-09-24T04:21:20.4605101Z Installing collected packages: diffwitness
2026-09-24T04:21:20.4685370Z Successfully installed diffwitness-0.4.0a1
2026-09-24T04:21:20.5354205Z ##[group]Run python -m pip check
2026-09-24T04:21:20.5354594Z [36;1mpython -m pip check[0m
2026-09-24T04:21:20.5393865Z shell: /usr/bin/bash -e {0}
2026-09-24T04:21:20.5394123Z env:
2026-09-24T04:21:20.5394392Z   pythonLocation: /opt/hostedtoolcache/Python/3.11.16/x64
2026-09-24T04:21:20.5394833Z   PKG_CONFIG_PATH: /opt/hostedtoolcache/Python/3.11.16/x64/lib/pkgconfig
2026-09-24T04:21:20.5395282Z   Python_ROOT_DIR: /opt/hostedtoolcache/Python/3.11.16/x64
2026-09-24T04:21:20.5395664Z   Python2_ROOT_DIR: /opt/hostedtoolcache/Python/3.11.16/x64
2026-09-24T04:21:20.5396043Z   Python3_ROOT_DIR: /opt/hostedtoolcache/Python/3.11.16/x64
2026-09-24T04:21:20.5396454Z   LD_LIBRARY_PATH: /opt/hostedtoolcache/Python/3.11.16/x64/lib
2026-09-24T04:21:20.5396789Z ##[endgroup]
2026-09-24T04:21:20.7324642Z No broken requirements found.
2026-09-24T04:21:20.7638685Z ##[group]Run python -m compileall -q src integrations scripts
2026-09-24T04:21:20.7639562Z [36;1mpython -m compileall -q src integrations scripts[0m
2026-09-24T04:21:20.7678563Z shell: /usr/bin/bash -e {0}
2026-09-24T04:21:20.7679124Z env:
2026-09-24T04:21:20.7679399Z   pythonLocation: /opt/hostedtoolcache/Python/3.11.16/x64
2026-09-24T04:21:20.7679863Z   PKG_CONFIG_PATH: /opt/hostedtoolcache/Python/3.11.16/x64/lib/pkgconfig
2026-09-24T04:21:20.7680306Z   Python_ROOT_DIR: /opt/hostedtoolcache/Python/3.11.16/x64
2026-09-24T04:21:20.7680689Z   Python2_ROOT_DIR: /opt/hostedtoolcache/Python/3.11.16/x64
2026-09-24T04:21:20.7681095Z   Python3_ROOT_DIR: /opt/hostedtoolcache/Python/3.11.16/x64
2026-09-24T04:21:20.7681477Z   LD_LIBRARY_PATH: /opt/hostedtoolcache/Python/3.11.16/x64/lib
2026-09-24T04:21:20.7681803Z ##[endgroup]
2026-09-24T04:21:21.1016453Z ##[group]Run set +e
2026-09-24T04:21:21.1016725Z [36;1mset +e[0m
2026-09-24T04:21:21.1017047Z [36;1mpython -m unittest discover -s tests -v 2>&1 | tee unittest.log[0m
2026-09-24T04:21:21.1017434Z [36;1mrc=${PIPESTATUS[0]}[0m
2026-09-24T04:21:21.1017720Z [36;1mecho "return_code=$rc" >> "$GITHUB_OUTPUT"[0m
2026-09-24T04:21:21.1018022Z [36;1mexit "$rc"[0m
2026-09-24T04:21:21.1056737Z shell: /usr/bin/bash --noprofile --norc -e -o pipefail {0}
2026-09-24T04:21:21.1057088Z env:
2026-09-24T04:21:21.1057359Z   pythonLocation: /opt/hostedtoolcache/Python/3.11.16/x64
2026-09-24T04:21:21.1057806Z   PKG_CONFIG_PATH: /opt/hostedtoolcache/Python/3.11.16/x64/lib/pkgconfig
2026-09-24T04:21:21.1058247Z   Python_ROOT_DIR: /opt/hostedtoolcache/Python/3.11.16/x64
2026-09-24T04:21:21.1058627Z   Python2_ROOT_DIR: /opt/hostedtoolcache/Python/3.11.16/x64
2026-09-24T04:21:21.1059317Z   Python3_ROOT_DIR: /opt/hostedtoolcache/Python/3.11.16/x64
2026-09-24T04:21:21.1059747Z   LD_LIBRARY_PATH: /opt/hostedtoolcache/Python/3.11.16/x64/lib
2026-09-24T04:21:21.1060081Z ##[endgroup]
2026-09-24T04:21:21.6854327Z test_acceptance_harnesses_preserve_utf8_subprocess_output (test_acceptance_utf8.AcceptanceEncodingTests.test_acceptance_harnesses_preserve_utf8_subprocess_output) ... ok
2026-09-24T04:21:22.0132819Z test_advisory_partition_can_spend_tiny_budget_but_public_runner_still_proves_removal (test_adaptive.AdaptiveCoreTests.test_advisory_partition_can_spend_tiny_budget_but_public_runner_still_proves_removal) ... ok
2026-09-24T04:21:22.6959867Z test_finds_one_hunk_core_without_testing_every_surplus_hunk (test_adaptive.AdaptiveCoreTests.test_finds_one_hunk_core_without_testing_every_surplus_hunk) ... ok
2026-09-24T04:21:22.7287801Z test_invalid_advisory_plan_fails_before_any_search (test_adaptive.AdaptiveCoreTests.test_invalid_advisory_plan_fails_before_any_search) ... ok
2026-09-24T04:21:22.8799999Z test_behavior_preserving_refactor_gets_preservation_evidence (test_assurance.AssuranceTests.test_behavior_preserving_refactor_gets_preservation_evidence) ... ok
2026-09-24T04:21:23.0691043Z test_changed_tests_that_already_pass_on_base_are_non_discriminating (test_assurance.AssuranceTests.test_changed_tests_that_already_pass_on_base_are_non_discriminating) ... DiffWitness Gate rejected: changed tests do not discriminate the production change from base
2026-09-24T04:21:23.0709453Z ok
2026-09-24T04:21:23.0861397Z test_gate_balanced_accepts_and_public_verify_understands_assurance (test_assurance.AssuranceTests.test_gate_balanced_accepts_and_public_verify_understands_assurance) ... DiffWitness Gate: non-discriminating-change under balanced policy (dwa1_0a9072421a62937ba992)
2026-09-24T04:21:23.2965176Z DiffWitness Gate: preservation-evidence under balanced policy (dwa1_71232130430d0292ae71)
2026-09-24T04:21:23.2966350Z DiffWitness Gate accepted: balanced policy accepts stable preservation assurance
2026-09-24T04:21:23.2967797Z Project continuity: 2 new change event(s) · dwchg_f2831e798b1e1e9bc94a3dd0
2026-09-24T04:21:23.3156156Z certificate: dwa1_71232130430d0292ae71
2026-09-24T04:21:23.3157059Z integrity:   valid
2026-09-24T04:21:23.3157590Z freshness:   fresh against WORKTREE
2026-09-24T04:21:23.3158158Z candidate:   embedded-tree
2026-09-24T04:21:23.3159187Z base:        embedded-tree
2026-09-24T04:21:23.3185666Z verdict:     VALID
2026-09-24T04:21:23.3357442Z certificate: dwa1_71232130430d0292ae71
2026-09-24T04:21:23.3357968Z integrity:   valid
2026-09-24T04:21:23.3358372Z freshness:   stale against WORKTREE
2026-09-24T04:21:23.3358692Z candidate:   embedded-tree
2026-09-24T04:21:23.3359218Z base:        embedded-tree
2026-09-24T04:21:23.3359467Z verdict:     INVALID
2026-09-24T04:21:23.4982189Z DiffWitness Gate rejected: candidate is not stably green
2026-09-24T04:21:23.5003521Z ok
2026-09-24T04:21:23.5143934Z test_noop_certificate_is_fresh_then_stale_after_content_changes (test_attest.AttestationTests.test_noop_certificate_is_fresh_then_stale_after_content_changes) ... DiffWitness Gate: candidate-not-stable-green under strict policy (dwa1_0a7a8b0a82c7c8a947fa)
2026-09-24T04:21:23.5540284Z DiffWitness: proof not required (dw0_ad8b2b11d0a91c3af303); no executable causal mutation detected.
2026-09-24T04:21:23.5869902Z certificate: dw0_ad8b2b11d0a91c3af303
2026-09-24T04:21:23.5870514Z integrity:   valid
2026-09-24T04:21:23.5870893Z freshness:   fresh against WORKTREE
2026-09-24T04:21:23.5871272Z candidate:   embedded-tree
2026-09-24T04:21:23.5871548Z base:        embedded-tree
2026-09-24T04:21:23.5871799Z artifacts:   ignored proof.json
2026-09-24T04:21:23.5872047Z verdict:     VALID
2026-09-24T04:21:23.6077370Z ok
2026-09-24T04:21:23.6216063Z test_tree_bound_validation_proof_verifies_in_fresh_clone_without_snapshot_commit (test_attest.AttestationTests.test_tree_bound_validation_proof_verifies_in_fresh_clone_without_snapshot_commit) ... certificate: dw0_ad8b2b11d0a91c3af303
2026-09-24T04:21:23.6217027Z integrity:   valid
2026-09-24T04:21:23.6217259Z freshness:   stale against WORKTREE
2026-09-24T04:21:23.6217558Z candidate:   embedded-tree
2026-09-24T04:21:23.6217804Z base:        embedded-tree
2026-09-24T04:21:23.6218035Z artifacts:   ignored proof.json
2026-09-24T04:21:23.6218287Z verdict:     INVALID
2026-09-24T04:21:23.7830939Z DiffWitness: validation-only stable-pass (dwv1_710f95dbfa2506c7eba6)
2026-09-24T04:21:23.7831795Z Project continuity: 2 new change event(s) · dwchg_4cdd86164770a2ba5f480e51
2026-09-24T04:21:23.7973929Z ok
2026-09-24T04:21:23.8112420Z test_verified_worktree_proof_can_be_attached_after_identical_commit (test_attest.AttestationTests.test_verified_worktree_proof_can_be_attached_after_identical_commit) ... certificate: dwv1_710f95dbfa2506c7eba6
2026-09-24T04:21:23.8113554Z integrity:   valid
2026-09-24T04:21:23.8113793Z freshness:   fresh against HEAD
2026-09-24T04:21:23.8114116Z candidate:   embedded-tree
2026-09-24T04:21:23.8114550Z base:        embedded-tree
2026-09-24T04:21:23.8114904Z verdict:     VALID
2026-09-24T04:21:23.8430677Z DiffWitness: proof not required (dw0_ad8b2b11d0a91c3af303); no executable causal mutation detected.
2026-09-24T04:21:23.8603680Z ok
2026-09-24T04:21:23.8610710Z test_detects_pytest_configuration (test_autodetect.AutoDetectTests.test_detects_pytest_configuration) ... ok
2026-09-24T04:21:23.8616178Z test_falls_back_to_unittest_for_plain_tests_directory (test_autodetect.AutoDetectTests.test_falls_back_to_unittest_for_plain_tests_directory) ... ok
2026-09-24T04:21:23.8625053Z test_prefers_declared_pnpm_test_script (test_autodetect.AutoDetectTests.test_prefers_declared_pnpm_test_script) ... ok
2026-09-24T04:21:23.8629473Z test_unified_schema_declares_every_public_certificate_family (test_certificate_schema.CertificateSchemaTests.test_unified_schema_declares_every_public_certificate_family) ... ok
2026-09-24T04:21:23.9272211Z test_binds_proof_debt_and_idleproof_to_one_exact_change (test_change_envelope.ChangeEnvelopeTests.test_binds_proof_debt_and_idleproof_to_one_exact_change) ... ok
2026-09-24T04:21:23.9532327Z test_corrupt_evidence_and_empty_envelope_fail_closed (test_change_envelope.ChangeEnvelopeTests.test_corrupt_evidence_and_empty_envelope_fail_closed) ... ok
2026-09-24T04:21:23.9728647Z test_idleproof_state_and_local_hook_files_do_not_change_diffwitness_worktree_identity (test_change_envelope.ChangeEnvelopeTests.test_idleproof_state_and_local_hook_files_do_not_change_diffwitness_worktree_identity) ... ok
2026-09-24T04:21:24.0365530Z test_mismatched_debt_candidate_tree_fails_closed (test_change_envelope.ChangeEnvelopeTests.test_mismatched_debt_candidate_tree_fails_closed) ... ok
2026-09-24T04:21:24.1008521Z test_mismatched_idleproof_change_fails_closed (test_change_envelope.ChangeEnvelopeTests.test_mismatched_idleproof_change_fails_closed) ... ok
2026-09-24T04:21:24.2751111Z test_init_creates_pinned_workflow_with_explicit_commands (test_cli.CliTests.test_init_creates_pinned_workflow_with_explicit_commands) ... ok
2026-09-24T04:21:24.6857813Z test_prove_writes_v2_certificate_and_markdown (test_cli.CliTests.test_prove_writes_v2_certificate_and_markdown) ... ok
2026-09-24T04:21:24.9752036Z test_direct_frontends_also_parse_before_preflight_or_discovery (test_cli_informational_safety.InformationalSafetyTests.test_direct_frontends_also_parse_before_preflight_or_discovery) ... ok
2026-09-24T04:21:25.4189947Z test_explicit_proof_still_executes_repository_tests (test_cli_informational_safety.InformationalSafetyTests.test_explicit_proof_still_executes_repository_tests) ... ok
2026-09-24T04:21:28.3978629Z test_help_and_version_preserve_repository_and_historical_evidence (test_cli_informational_safety.InformationalSafetyTests.test_help_and_version_preserve_repository_and_historical_evidence) ... ok
2026-09-24T04:21:28.8302504Z test_help_inside_explicit_test_command_still_executes (test_cli_informational_safety.InformationalSafetyTests.test_help_inside_explicit_test_command_still_executes) ... ok
2026-09-24T04:21:29.6194015Z test_invalid_options_fail_before_execution_or_certificate_deletion (test_cli_informational_safety.InformationalSafetyTests.test_invalid_options_fail_before_execution_or_certificate_deletion) ... ok
2026-09-24T04:21:29.6206603Z test_invalid_policy_and_budget_are_rejected (test_config.ConfigTests.test_invalid_policy_and_budget_are_rejected) ... ok
2026-09-24T04:21:29.6223660Z test_non_finite_timeouts_are_rejected_in_core_and_engine_config (test_config.ConfigTests.test_non_finite_timeouts_are_rejected_in_core_and_engine_config) ... ok
2026-09-24T04:21:29.6227370Z test_unknown_key_fails_closed (test_config.ConfigTests.test_unknown_key_fails_closed) ... ok
2026-09-24T04:21:29.6247777Z test_valid_gate_configuration_round_trips (test_config.ConfigTests.test_valid_gate_configuration_round_trips) ... ok
2026-09-24T04:21:29.6616934Z test_context_uses_project_test_configuration_without_private_engine_access (test_context_process_budget.ContextProcessBudgetTests.test_context_uses_project_test_configuration_without_private_engine_access) ... ok
2026-09-24T04:21:29.6789647Z test_failed_committed_history_walk_is_not_an_unborn_fingerprint (test_context_process_budget.ContextProcessBudgetTests.test_failed_committed_history_walk_is_not_an_unborn_fingerprint) ... ok
2026-09-24T04:21:29.7123883Z test_fingerprint_uses_reachable_roots_and_ignores_other_refs (test_context_process_budget.ContextProcessBudgetTests.test_fingerprint_uses_reachable_roots_and_ignores_other_refs) ... ok
2026-09-24T04:21:29.7416728Z test_malformed_project_configuration_still_fails (test_context_process_budget.ContextProcessBudgetTests.test_malformed_project_configuration_still_fails) ... ok
2026-09-24T04:21:29.7981926Z test_warm_context_uses_at_most_five_git_processes (test_context_process_budget.ContextProcessBudgetTests.test_warm_context_uses_at_most_five_git_processes) ... ok
2026-09-24T04:21:29.8767360Z test_bounds_and_repository_eviction_force_complete_validation (test_continuity_append_cache.AppendCacheTests.test_bounds_and_repository_eviction_force_complete_validation) ... ok
2026-09-24T04:21:29.9223140Z test_caller_inputs_and_results_cannot_mutate_cached_history (test_continuity_append_cache.AppendCacheTests.test_caller_inputs_and_results_cannot_mutate_cached_history) ... ok
2026-09-24T04:21:30.1108730Z test_concurrent_calls_have_one_chain_and_dedupe (test_continuity_append_cache.AppendCacheTests.test_concurrent_calls_have_one_chain_and_dedupe) ... ok
2026-09-24T04:21:30.1426903Z test_crt_text_translation_cannot_make_cached_bytes_differ_from_disk (test_continuity_append_cache.AppendCacheTests.test_crt_text_translation_cannot_make_cached_bytes_differ_from_disk) ... ok
2026-09-24T04:21:30.1771500Z test_external_suffix_is_validated_and_invalid_suffix_fails_closed (test_continuity_append_cache.AppendCacheTests.test_external_suffix_is_validated_and_invalid_suffix_fails_closed) ... ok
2026-09-24T04:21:30.2203812Z test_failed_batch_cannot_advance_cached_lifecycle_or_dedupe (test_continuity_append_cache.AppendCacheTests.test_failed_batch_cannot_advance_cached_lifecycle_or_dedupe) ... ok
2026-09-24T04:21:30.2575220Z test_failed_task_reference_cannot_replace_cached_task_identity (test_continuity_append_cache.AppendCacheTests.test_failed_task_reference_cannot_replace_cached_task_identity) ... ok
2026-09-24T04:21:30.3046596Z test_hash_valid_invalid_profile_and_duplicate_json_external_suffix_fail_closed (test_continuity_append_cache.AppendCacheTests.test_hash_valid_invalid_profile_and_duplicate_json_external_suffix_fail_closed) ... ok
2026-09-24T04:21:30.3453866Z test_partial_write_never_publishes_checkpoint (test_continuity_append_cache.AppendCacheTests.test_partial_write_never_publishes_checkpoint) ... ok
2026-09-24T04:21:30.3765434Z test_repeated_append_validates_only_new_suffix_but_public_read_remains_complete (test_continuity_append_cache.AppendCacheTests.test_repeated_append_validates_only_new_suffix_but_public_read_remains_complete) ... ok
2026-09-24T04:21:30.4090287Z test_same_size_timestamp_corruption_is_rejected_before_append (test_continuity_append_cache.AppendCacheTests.test_same_size_timestamp_corruption_is_rejected_before_append) ... ok
2026-09-24T04:21:30.4394695Z test_unterminated_valid_record_gets_separator_without_changing_old_bytes (test_continuity_append_cache.AppendCacheTests.test_unterminated_valid_record_gets_separator_without_changing_old_bytes) ... ok
2026-09-24T04:21:30.4877571Z test_valid_rewrite_truncation_and_crlf_unicode_keep_chain_truth (test_continuity_append_cache.AppendCacheTests.test_valid_rewrite_truncation_and_crlf_unicode_keep_chain_truth) ... ok
2026-09-24T04:21:30.5741479Z test_authoritative_flag_consistency_preserves_existing_runner_boundary (test_continuity_artifact_profile.ArtifactProfileTests.test_authoritative_flag_consistency_preserves_existing_runner_boundary) ... ok
2026-09-24T04:21:30.6385938Z test_compatible_legacy_reimport_preserves_original_events_and_bytes (test_continuity_artifact_profile.ArtifactProfileTests.test_compatible_legacy_reimport_preserves_original_events_and_bytes) ... ok
2026-09-24T04:21:30.7245019Z test_consumed_input_types_are_checked_before_projection (test_continuity_artifact_profile.ArtifactProfileTests.test_consumed_input_types_are_checked_before_projection) ... ok
2026-09-24T04:21:30.7831988Z test_declaration_and_relation_json_conflicts_fail_atomically (test_continuity_artifact_profile.ArtifactProfileTests.test_declaration_and_relation_json_conflicts_fail_atomically) ... ok
2026-09-24T04:21:30.8244172Z test_descriptor_advertises_profile_without_new_proof_authority (test_continuity_artifact_profile.ArtifactProfileTests.test_descriptor_advertises_profile_without_new_proof_authority) ... ok
2026-09-24T04:21:30.8883438Z test_invalid_legacy_cannot_gain_profile_compatibility_via_ignored_fields (test_continuity_artifact_profile.ArtifactProfileTests.test_invalid_legacy_cannot_gain_profile_compatibility_via_ignored_fields) ... ok
2026-09-24T04:21:31.1040143Z test_json_type_conflicts_are_not_silently_deduped (test_continuity_artifact_profile.ArtifactProfileTests.test_json_type_conflicts_are_not_silently_deduped) ... ok
2026-09-24T04:21:31.1594091Z test_legacy_digest_and_ephemeral_sha_exceptions_survive_profile_adoption (test_continuity_artifact_profile.ArtifactProfileTests.test_legacy_digest_and_ephemeral_sha_exceptions_survive_profile_adoption) ... ok
2026-09-24T04:21:31.3316635Z test_malformed_profile_batches_are_atomic (test_continuity_artifact_profile.ArtifactProfileTests.test_malformed_profile_batches_are_atomic) ... ok
2026-09-24T04:21:31.5162496Z test_mixed_history_replay_and_checkpoint_preserve_legacy_extensions (test_continuity_artifact_profile.ArtifactProfileTests.test_mixed_history_replay_and_checkpoint_preserve_legacy_extensions) ... ok
2026-09-24T04:21:32.0103013Z test_native_producer_profiles_all_five_types_without_promoting_imports (test_continuity_artifact_profile.ArtifactProfileTests.test_native_producer_profiles_all_five_types_without_promoting_imports) ... ok
2026-09-24T04:21:32.4760381Z test_native_reimport_adopts_legacy_without_rewriting_it (test_continuity_artifact_profile.ArtifactProfileTests.test_native_reimport_adopts_legacy_without_rewriting_it) ... ok
2026-09-24T04:21:32.5478567Z test_profile_does_not_hide_real_conflicts_or_other_profiles (test_continuity_artifact_profile.ArtifactProfileTests.test_profile_does_not_hide_real_conflicts_or_other_profiles) ... ok
2026-09-24T04:21:32.6168695Z test_readers_and_old_cache_cannot_bypass_typed_validation (test_continuity_artifact_profile.ArtifactProfileTests.test_readers_and_old_cache_cannot_bypass_typed_validation) ... ok
2026-09-24T04:21:32.6669206Z test_canonical_bytes_match_independent_reference_for_extensions_and_unicode (test_continuity_canonical_integrity.CanonicalIntegrityTests.test_canonical_bytes_match_independent_reference_for_extensions_and_unicode) ... ok
2026-09-24T04:21:32.6675069Z test_corruption_of_any_integrity_input_remains_visible (test_continuity_canonical_integrity.CanonicalIntegrityTests.test_corruption_of_any_integrity_input_remains_visible) ... ok
2026-09-24T04:21:32.6680395Z test_finite_json_and_circular_reference_checks_remain_active (test_continuity_canonical_integrity.CanonicalIntegrityTests.test_finite_json_and_circular_reference_checks_remain_active) ... ok
2026-09-24T04:21:32.6686744Z test_full_validator_encodes_nested_payload_only_once (test_continuity_canonical_integrity.CanonicalIntegrityTests.test_full_validator_encodes_nested_payload_only_once) ... ok
2026-09-24T04:21:32.6708309Z test_missing_or_malformed_identity_still_rejects_and_matches_reference (test_continuity_canonical_integrity.CanonicalIntegrityTests.test_missing_or_malformed_identity_still_rejects_and_matches_reference) ... ok
2026-09-24T04:21:32.6724850Z test_nested_identity_lookalikes_and_missing_actor_match_reference (test_continuity_canonical_integrity.CanonicalIntegrityTests.test_nested_identity_lookalikes_and_missing_actor_match_reference) ... ok
2026-09-24T04:21:32.6728859Z test_nonstandard_python_mapping_keeps_reference_encoding (test_continuity_canonical_integrity.CanonicalIntegrityTests.test_nonstandard_python_mapping_keeps_reference_encoding) ... ok
2026-09-24T04:21:32.6735184Z test_ordinary_validation_needs_one_complete_canonical_encoding (test_continuity_canonical_integrity.CanonicalIntegrityTests.test_ordinary_validation_needs_one_complete_canonical_encoding) ... ok
2026-09-24T04:21:32.6738786Z test_size_limit_counts_utf8_and_hash_member_exactly (test_continuity_canonical_integrity.CanonicalIntegrityTests.test_size_limit_counts_utf8_and_hash_member_exactly) ... ok
2026-09-24T04:21:32.6757363Z test_stream_rejection_closes_file_after_earlier_valid_events (test_continuity_canonical_integrity.CanonicalIntegrityTests.test_stream_rejection_closes_file_after_earlier_valid_events) ... ok
2026-09-24T04:21:32.7313593Z test_byte_budget_counts_utf8_bytes_instead_of_characters (test_continuity_change_paths.ChangePathAdmissionTests.test_byte_budget_counts_utf8_bytes_instead_of_characters) ... ok
2026-09-24T04:21:32.7704967Z test_exact_unicode_whitespace_control_and_backslash_paths (test_continuity_change_paths.ChangePathAdmissionTests.test_exact_unicode_whitespace_control_and_backslash_paths) ... ok
2026-09-24T04:21:32.8298034Z test_file_facts_use_change_identity_trees_not_unrelated_or_missing_commit_hints (test_continuity_change_paths.ChangePathAdmissionTests.test_file_facts_use_change_identity_trees_not_unrelated_or_missing_commit_hints) ... ok
2026-09-24T04:21:32.9225622Z test_forged_coverage_is_rejected_atomically (test_continuity_change_paths.ChangePathAdmissionTests.test_forged_coverage_is_rejected_atomically) ... ok
2026-09-24T04:21:32.9858633Z test_human_context_quotes_paths_without_terminal_control_execution (test_continuity_change_paths.ChangePathAdmissionTests.test_human_context_quotes_paths_without_terminal_control_execution) ... ok
2026-09-24T04:21:33.1426243Z test_installed_cli_reports_safe_exact_and_partial_admission (test_continuity_change_paths.ChangePathAdmissionTests.test_installed_cli_reports_safe_exact_and_partial_admission) ... ok
2026-09-24T04:21:33.2252135Z test_large_changes_keep_bounded_whole_paths_and_explicit_coverage (test_continuity_change_paths.ChangePathAdmissionTests.test_large_changes_keep_bounded_whole_paths_and_explicit_coverage) ... ok
2026-09-24T04:21:33.2592371Z test_unavailable_tree_is_not_presented_as_observed_empty_change (test_continuity_change_paths.ChangePathAdmissionTests.test_unavailable_tree_is_not_presented_as_observed_empty_change) ... ok
2026-09-24T04:21:33.4307474Z test_unknown_legacy_coverage_extension_cannot_crash_context (test_continuity_change_paths.ChangePathAdmissionTests.test_unknown_legacy_coverage_extension_cannot_crash_context) ... ok
2026-09-24T04:21:33.4681262Z test_unrepresentable_names_are_omitted_whole_without_relabeling (test_continuity_change_paths.ChangePathAdmissionTests.test_unrepresentable_names_are_omitted_whole_without_relabeling) ... ok
2026-09-24T04:21:33.5058619Z test_untrusted_commit_hint_cannot_be_a_git_option (test_continuity_change_paths.ChangePathAdmissionTests.test_untrusted_commit_hint_cannot_be_a_git_option) ... ok
2026-09-24T04:21:33.5600574Z test_whole_path_byte_budget_keeps_the_original_event_limit (test_continuity_change_paths.ChangePathAdmissionTests.test_whole_path_byte_budget_keeps_the_original_event_limit) ... ok
2026-09-24T04:21:33.7036554Z test_append_after_validation_is_visible_on_next_context (test_continuity_context_cache.ContinuityContextCacheTests.test_append_after_validation_is_visible_on_next_context) ... ok
2026-09-24T04:21:33.7687015Z test_concurrent_rebuild_cannot_inherit_another_snapshot_digest (test_continuity_context_cache.ContinuityContextCacheTests.test_concurrent_rebuild_cannot_inherit_another_snapshot_digest) ... ok
2026-09-24T04:21:33.8872407Z test_corruption_after_validation_never_becomes_a_trusted_cache_anchor (test_continuity_context_cache.ContinuityContextCacheTests.test_corruption_after_validation_never_becomes_a_trusted_cache_anchor) ... ok
2026-09-24T04:21:33.9532288Z test_hot_cache_detects_historical_tampering_before_serving_context (test_continuity_context_cache.ContinuityContextCacheTests.test_hot_cache_detects_historical_tampering_before_serving_context) ... ok
2026-09-24T04:21:33.9946273Z test_legacy_unvalidated_digest_is_not_trusted_after_upgrade (test_continuity_context_cache.ContinuityContextCacheTests.test_legacy_unvalidated_digest_is_not_trusted_after_upgrade) ... ok
2026-09-24T04:21:34.0686941Z test_legitimate_append_invalidates_cache_and_rebuilds_strictly (test_continuity_context_cache.ContinuityContextCacheTests.test_legitimate_append_invalidates_cache_and_rebuilds_strictly) ... ok
2026-09-24T04:21:34.1094260Z test_rebuilt_state_digest_belongs_to_the_bytes_that_were_validated (test_continuity_context_cache.ContinuityContextCacheTests.test_rebuilt_state_digest_belongs_to_the_bytes_that_were_validated) ... ok
2026-09-24T04:21:34.1552150Z test_unchanged_cache_does_not_reparse_the_journal (test_continuity_context_cache.ContinuityContextCacheTests.test_unchanged_cache_does_not_reparse_the_journal) ... ok
2026-09-24T04:21:34.2549792Z test_citation_tracks_the_exact_assertion_not_the_latest_journal_head (test_continuity_context_sources.ContextSourceTests.test_citation_tracks_the_exact_assertion_not_the_latest_journal_head) ... ok
2026-09-24T04:21:34.3181653Z test_confirmation_cites_its_review_separately_from_the_assertion (test_continuity_context_sources.ContextSourceTests.test_confirmation_cites_its_review_separately_from_the_assertion) ... ok
2026-09-24T04:21:34.3868106Z test_inconsistent_assertion_status_or_details_cannot_be_cited (test_continuity_context_sources.ContextSourceTests.test_inconsistent_assertion_status_or_details_cannot_be_cited) ... ok
2026-09-24T04:21:34.4307443Z test_missing_assertion_row_cannot_produce_a_fabricated_citation (test_continuity_context_sources.ContextSourceTests.test_missing_assertion_row_cannot_produce_a_fabricated_citation) ... ok
2026-09-24T04:21:34.4849500Z test_packet_anchor_and_citations_share_a_read_snapshot (test_continuity_context_sources.ContextSourceTests.test_packet_anchor_and_citations_share_a_read_snapshot) ... ok
2026-09-24T04:21:34.6006712Z test_stale_source_pointer_with_identical_assertions_is_rejected (test_continuity_context_sources.ContextSourceTests.test_stale_source_pointer_with_identical_assertions_is_rejected) ... ok
2026-09-24T04:21:34.6010386Z test_contract_covers_concepts_without_renaming_historical_wire_kinds (test_continuity_contract.ContinuityContractTests.test_contract_covers_concepts_without_renaming_historical_wire_kinds) ... ok
2026-09-24T04:21:34.6027666Z test_discovery_preserves_the_existing_human_relation_boundary (test_continuity_contract.ContinuityContractTests.test_discovery_preserves_the_existing_human_relation_boundary) ... ok
2026-09-24T04:21:34.6032466Z test_exported_metadata_cannot_mutate_live_contract_rules (test_continuity_contract.ContinuityContractTests.test_exported_metadata_cannot_mutate_live_contract_rules) ... ok
2026-09-24T04:21:34.6392545Z test_legacy_extensions_and_projection_lifecycle_survive_reconstruction (test_continuity_contract.ContinuityContractTests.test_legacy_extensions_and_projection_lifecycle_survive_reconstruction) ... ok
2026-09-24T04:21:34.7646478Z test_public_json_discovery_is_repository_independent_read_only_and_language_stable (test_continuity_contract.ContinuityContractTests.test_public_json_discovery_is_repository_independent_read_only_and_language_stable) ... ok
2026-09-24T04:21:34.7991629Z test_corrupt_debt_ledger_never_becomes_project_history (test_continuity_debt_bridge.ContinuityDebtBridgeTests.test_corrupt_debt_ledger_never_becomes_project_history) ... ok
2026-09-24T04:21:34.8873042Z test_full_ledger_lifecycle_projects_idempotently (test_continuity_debt_bridge.ContinuityDebtBridgeTests.test_full_ledger_lifecycle_projects_idempotently) ... ok
2026-09-24T04:21:34.9206372Z test_only_exact_available_base_and_well_formed_tree_can_identify_a_change (test_continuity_debt_bridge.ContinuityDebtBridgeTests.test_only_exact_available_base_and_well_formed_tree_can_identify_a_change) ... ok
2026-09-24T04:21:34.9703145Z test_option_like_historical_report_retains_debt_without_invented_change_link (test_continuity_debt_bridge.ContinuityDebtBridgeTests.test_option_like_historical_report_retains_debt_without_invented_change_link) ... ok
2026-09-24T04:21:34.9833920Z test_both_readers_reject_profile_mismatch_even_with_valid_hashes (test_continuity_declaration_profile.DeclarationProfileTests.test_both_readers_reject_profile_mismatch_even_with_valid_hashes) ... ok
2026-09-24T04:21:35.0147250Z test_cache_from_json_only_validation_cannot_skip_profile_admission (test_continuity_declaration_profile.DeclarationProfileTests.test_cache_from_json_only_validation_cannot_skip_profile_admission) ... ok
2026-09-24T04:21:35.0284006Z test_descriptor_exposes_opt_in_profile_without_claiming_proof_authority (test_continuity_declaration_profile.DeclarationProfileTests.test_descriptor_exposes_opt_in_profile_without_claiming_proof_authority) ... ok
2026-09-24T04:21:35.1162427Z test_invalid_profile_batch_fails_before_any_append (test_continuity_declaration_profile.DeclarationProfileTests.test_invalid_profile_batch_fails_before_any_append) ... ok
2026-09-24T04:21:35.1436716Z test_legacy_extensions_and_typed_events_share_history_without_rewriting (test_continuity_declaration_profile.DeclarationProfileTests.test_legacy_extensions_and_typed_events_share_history_without_rewriting) ... ok
2026-09-24T04:21:35.2300888Z test_native_commands_adopt_profile_and_keep_declared_authority (test_continuity_declaration_profile.DeclarationProfileTests.test_native_commands_adopt_profile_and_keep_declared_authority) ... ok
2026-09-24T04:21:35.2855918Z test_ambiguous_and_nonfinite_source_json_fails_before_append (test_continuity_envelope_admission.EnvelopeAdmissionTests.test_ambiguous_and_nonfinite_source_json_fails_before_append) ... ok
2026-09-24T04:21:35.3700853Z test_legacy_absence_and_idempotency_remain_compatible (test_continuity_envelope_admission.EnvelopeAdmissionTests.test_legacy_absence_and_idempotency_remain_compatible) ... ok
2026-09-24T04:21:35.4744848Z test_malformed_containers_fail_with_controlled_errors (test_continuity_envelope_admission.EnvelopeAdmissionTests.test_malformed_containers_fail_with_controlled_errors) ... ok
2026-09-24T04:21:35.6207082Z test_native_builder_output_remains_importable_and_observed (test_continuity_envelope_admission.EnvelopeAdmissionTests.test_native_builder_output_remains_importable_and_observed) ... ok
2026-09-24T04:21:35.7548649Z test_public_cli_rejects_string_false_without_writing_history (test_continuity_envelope_admission.EnvelopeAdmissionTests.test_public_cli_rejects_string_false_without_writing_history) ... ok
2026-09-24T04:21:35.8189148Z test_valid_false_zero_and_nullable_budget_keep_exact_meaning (test_continuity_envelope_admission.EnvelopeAdmissionTests.test_valid_false_zero_and_nullable_budget_keep_exact_meaning) ... ok
2026-09-24T04:21:35.9226324Z test_wrong_summary_scalars_fail_atomically (test_continuity_envelope_admission.EnvelopeAdmissionTests.test_wrong_summary_scalars_fail_atomically) ... ok
2026-09-24T04:21:35.9643445Z test_conflicting_object_and_path_are_rejected_without_append (test_continuity_envelope_snapshot.EnvelopeSnapshotTests.test_conflicting_object_and_path_are_rejected_without_append) ... ok
2026-09-24T04:21:36.0174949Z test_direct_object_has_no_invented_file_digest (test_continuity_envelope_snapshot.EnvelopeSnapshotTests.test_direct_object_has_no_invented_file_digest) ... ok
2026-09-24T04:21:36.1499773Z test_matching_dual_input_preserves_raw_unicode_and_line_endings (test_continuity_envelope_snapshot.EnvelopeSnapshotTests.test_matching_dual_input_preserves_raw_unicode_and_line_endings) ... ok
2026-09-24T04:21:36.2228447Z test_replacement_or_deletion_after_parse_keeps_parsed_snapshot_digest (test_continuity_envelope_snapshot.EnvelopeSnapshotTests.test_replacement_or_deletion_after_parse_keeps_parsed_snapshot_digest) ... ok
2026-09-24T04:21:36.2703025Z test_supplied_object_cannot_bypass_invalid_or_missing_source (test_continuity_envelope_snapshot.EnvelopeSnapshotTests.test_supplied_object_cannot_bypass_invalid_or_missing_source) ... ok
2026-09-24T04:21:36.3364593Z test_all_branches_include_merge_parents_and_disconnected_roots_without_proof (test_continuity_git_branches.GitBranchHistoryTests.test_all_branches_include_merge_parents_and_disconnected_roots_without_proof) ... Switched to a new branch 'unrelated'
2026-09-24T04:21:36.4338162Z ok
2026-09-24T04:21:36.4986368Z test_cli_resumption_hint_keeps_explicit_message_policy (test_continuity_git_branches.GitBranchHistoryTests.test_cli_resumption_hint_keeps_explicit_message_policy) ... Switched to a new branch 'unrelated'
2026-09-24T04:21:36.6200402Z ok
2026-09-24T04:21:36.6869624Z test_consistent_cursor_cannot_claim_unimported_messages (test_continuity_git_branches.GitBranchHistoryTests.test_consistent_cursor_cannot_claim_unimported_messages) ... Switched to a new branch 'unrelated'
2026-09-24T04:21:36.7359939Z ok
2026-09-24T04:21:36.8011774Z test_consistent_cursor_cannot_skip_unimported_commits (test_continuity_git_branches.GitBranchHistoryTests.test_consistent_cursor_cannot_skip_unimported_commits) ... Switched to a new branch 'unrelated'
2026-09-24T04:21:36.8476735Z ok
2026-09-24T04:21:36.9116441Z test_cursor_prefix_rechecks_corrupt_journal_bytes_with_preserved_size_and_time (test_continuity_git_branches.GitBranchHistoryTests.test_cursor_prefix_rechecks_corrupt_journal_bytes_with_preserved_size_and_time) ... Switched to a new branch 'unrelated'
2026-09-24T04:21:36.9567314Z ok
2026-09-24T04:21:37.0208360Z test_cursor_rejects_invalid_typed_fields_even_with_recomputed_checksum (test_continuity_git_branches.GitBranchHistoryTests.test_cursor_rejects_invalid_typed_fields_even_with_recomputed_checksum) ... Switched to a new branch 'unrelated'
2026-09-24T04:21:37.0709736Z ok
2026-09-24T04:21:37.1357512Z test_declared_messages_remain_opt_in_and_cannot_change_cursor_policy (test_continuity_git_branches.GitBranchHistoryTests.test_declared_messages_remain_opt_in_and_cannot_change_cursor_policy) ... Switched to a new branch 'unrelated'
2026-09-24T04:21:37.1855066Z ok
2026-09-24T04:21:37.2500382Z test_empty_sha256_and_localized_cli_preserve_compatible_modes (test_continuity_git_branches.GitBranchHistoryTests.test_empty_sha256_and_localized_cli_preserve_compatible_modes) ... Switched to a new branch 'unrelated'
2026-09-24T04:21:37.4834298Z ok
2026-09-24T04:21:37.5488236Z test_interruption_and_concurrent_page_imports_retain_journal_integrity (test_continuity_git_branches.GitBranchHistoryTests.test_interruption_and_concurrent_page_imports_retain_journal_integrity) ... Switched to a new branch 'unrelated'
2026-09-24T04:21:37.6725073Z ok
2026-09-24T04:21:37.7394770Z test_invalid_options_and_corrupted_cursor_fail_without_appending (test_continuity_git_branches.GitBranchHistoryTests.test_invalid_options_and_corrupted_cursor_fail_without_appending) ... Switched to a new branch 'unrelated'
2026-09-24T04:21:37.7896177Z ok
2026-09-24T04:21:37.8541306Z test_missing_non_first_parent_and_excessive_branch_capture_fail_before_append (test_continuity_git_branches.GitBranchHistoryTests.test_missing_non_first_parent_and_excessive_branch_capture_fail_before_append) ... Switched to a new branch 'unrelated'
2026-09-24T04:21:37.9247669Z ok
2026-09-24T04:21:37.9920377Z test_remote_tracking_tips_are_included_but_tag_only_history_is_explicitly_outside_scope (test_continuity_git_branches.GitBranchHistoryTests.test_remote_tracking_tips_are_included_but_tag_only_history_is_explicitly_outside_scope) ... Switched to a new branch 'unrelated'
2026-09-24T04:21:38.1072772Z ok
2026-09-24T04:21:38.1764313Z test_shallow_and_grafted_parent_lists_never_claim_complete_history (test_continuity_git_branches.GitBranchHistoryTests.test_shallow_and_grafted_parent_lists_never_claim_complete_history) ... Switched to a new branch 'unrelated'
2026-09-24T04:21:38.3485958Z ok
2026-09-24T04:21:38.4130239Z test_small_pages_retry_idempotently_and_keep_the_captured_tips_after_ref_movement (test_continuity_git_branches.GitBranchHistoryTests.test_small_pages_retry_idempotently_and_keep_the_captured_tips_after_ref_movement) ... Switched to a new branch 'unrelated'
2026-09-24T04:21:38.6299364Z ok
2026-09-24T04:21:38.8660981Z test_blocking_child_is_terminated_at_the_command_deadline (test_continuity_git_history.GitHistoryTests.test_blocking_child_is_terminated_at_the_command_deadline) ... ok
2026-09-24T04:21:39.0072262Z test_cli_rejects_bad_limit_and_imports_unicode_paths (test_continuity_git_history.GitHistoryTests.test_cli_rejects_bad_limit_and_imports_unicode_paths) ... ok
2026-09-24T04:21:39.0521502Z test_corrupt_commit_and_bounded_git_output_fail_before_append (test_continuity_git_history.GitHistoryTests.test_corrupt_commit_and_bounded_git_output_fail_before_append) ... ok
2026-09-24T04:21:39.1321101Z test_empty_and_sha256_repositories_are_supported (test_continuity_git_history.GitHistoryTests.test_empty_and_sha256_repositories_are_supported) ... ok
2026-09-24T04:21:39.2183644Z test_head_advance_and_replacement_objects_cannot_relabel_captured_commit (test_continuity_git_history.GitHistoryTests.test_head_advance_and_replacement_objects_cannot_relabel_captured_commit) ... ok
2026-09-24T04:21:39.3074563Z test_message_truncation_and_path_omission_are_explicit (test_continuity_git_history.GitHistoryTests.test_message_truncation_and_path_omission_are_explicit) ... ok
2026-09-24T04:21:39.4415547Z test_messages_are_separate_declared_opt_in_and_do_not_replace_commit_authority (test_continuity_git_history.GitHistoryTests.test_messages_are_separate_declared_opt_in_and_do_not_replace_commit_authority) ... ok
2026-09-24T04:21:39.5000547Z test_non_utf8_message_retains_only_digest_and_explicit_coverage (test_continuity_git_history.GitHistoryTests.test_non_utf8_message_retains_only_digest_and_explicit_coverage) ... ok
2026-09-24T04:21:39.5511199Z test_oversized_object_and_invalid_ref_cannot_partially_import_a_page (test_continuity_git_history.GitHistoryTests.test_oversized_object_and_invalid_ref_cannot_partially_import_a_page) ... ok
2026-09-24T04:21:39.6641426Z test_page_resumption_is_idempotent_and_excludes_dirty_bytes_and_private_headers (test_continuity_git_history.GitHistoryTests.test_page_resumption_is_idempotent_and_excludes_dirty_bytes_and_private_headers) ... ok
2026-09-24T04:21:39.7519728Z test_preappend_interruption_leaves_page_retryable (test_continuity_git_history.GitHistoryTests.test_preappend_interruption_leaves_page_retryable) ... ok
2026-09-24T04:21:39.8390820Z test_profile_cannot_promote_messages_or_invent_unbound_paths (test_continuity_git_history.GitHistoryTests.test_profile_cannot_promote_messages_or_invent_unbound_paths) ... ok
2026-09-24T04:21:39.9473007Z test_root_and_merge_observe_first_parent_diff_without_importing_side_branch (test_continuity_git_history.GitHistoryTests.test_root_and_merge_observe_first_parent_diff_without_importing_side_branch) ... ok
2026-09-24T04:21:40.0851430Z test_shallow_boundary_is_explicit_and_resumes_after_deepening (test_continuity_git_history.GitHistoryTests.test_shallow_boundary_is_explicit_and_resumes_after_deepening) ... ok
2026-09-24T04:21:40.1955207Z test_corrupt_tree_and_blob_bytes_are_rechecked_after_successful_import (test_continuity_git_lineage.GitLineageTests.test_corrupt_tree_and_blob_bytes_are_rechecked_after_successful_import) ... ok
2026-09-24T04:21:40.3118061Z test_cursor_policy_is_compatible_and_forged_opt_in_cannot_skip_assessments (test_continuity_git_lineage.GitLineageTests.test_cursor_policy_is_compatible_and_forged_opt_in_cannot_skip_assessments) ... ok
2026-09-24T04:21:40.4874944Z test_duplicate_content_copy_edit_and_mode_changes_are_not_silent_identity_merges (test_continuity_git_lineage.GitLineageTests.test_duplicate_content_copy_edit_and_mode_changes_are_not_silent_identity_merges) ... ok
2026-09-24T04:21:40.5441859Z test_excluded_regular_names_still_prevent_false_unique_matches (test_continuity_git_lineage.GitLineageTests.test_excluded_regular_names_still_prevent_false_unique_matches) ... ok
2026-09-24T04:21:40.6256287Z test_existing_assertion_authority_stays_bound_to_its_original_entity (test_continuity_git_lineage.GitLineageTests.test_existing_assertion_authority_stays_bound_to_its_original_entity) ... ok
2026-09-24T04:21:40.8883825Z test_limits_and_preappend_interruption_preserve_atomic_retry (test_continuity_git_lineage.GitLineageTests.test_limits_and_preappend_interruption_preserve_atomic_retry) ... ok
2026-09-24T04:21:40.9431583Z test_nonregular_replacement_is_not_a_removed_path (test_continuity_git_lineage.GitLineageTests.test_nonregular_replacement_is_not_a_removed_path) ... ok
2026-09-24T04:21:41.0843315Z test_opt_in_persists_inferred_relocation_with_exact_binding_and_no_proof_transfer (test_continuity_git_lineage.GitLineageTests.test_opt_in_persists_inferred_relocation_with_exact_binding_and_no_proof_transfer) ... ok
2026-09-24T04:21:41.1647706Z test_profile_rejects_promoted_authority_unbound_paths_and_altered_relations (test_continuity_git_lineage.GitLineageTests.test_profile_rejects_promoted_authority_unbound_paths_and_altered_relations) ... ok
2026-09-24T04:21:41.2245432Z test_profile_validation_has_specific_causes_independent_of_dedupe (test_continuity_git_lineage.GitLineageTests.test_profile_validation_has_specific_causes_independent_of_dedupe) ... ok
2026-09-24T04:21:41.3165434Z test_query_limits_exact_citations_and_journal_corruption (test_continuity_git_lineage.GitLineageTests.test_query_limits_exact_citations_and_journal_corruption) ... ok
2026-09-24T04:21:41.5500711Z test_real_pair_budget_rejects_whole_page_and_deadline_rejects_without_append (test_continuity_git_lineage.GitLineageTests.test_real_pair_budget_rejects_whole_page_and_deadline_rejects_without_append) ... ok
2026-09-24T04:21:41.8291809Z test_rename_back_and_branch_divergence_retain_distinct_cited_observations (test_continuity_git_lineage.GitLineageTests.test_rename_back_and_branch_divergence_retain_distinct_cited_observations) ... ok
2026-09-24T04:21:42.0480507Z test_sha256_root_merge_and_shallow_boundary_preserve_original_meaning (test_continuity_git_lineage.GitLineageTests.test_sha256_root_merge_and_shallow_boundary_preserve_original_meaning) ... ok
2026-09-24T04:21:42.0976174Z test_valid_hash_does_not_admit_malformed_or_unsafe_tree_structure (test_continuity_git_lineage.GitLineageTests.test_valid_hash_does_not_admit_malformed_or_unsafe_tree_structure) ... ok
2026-09-24T04:21:43.9588325Z test_guard_then_codex_stop_same_tree_keeps_current_proof_coherent (test_continuity_guard_native_reverification.GuardNativeReverificationTests.test_guard_then_codex_stop_same_tree_keeps_current_proof_coherent) ... ok
2026-09-24T04:21:44.0163322Z test_bounds_cycles_unknown_nodes_and_repeated_calls_are_deterministic (test_continuity_history.MemoryNavigationTests.test_bounds_cycles_unknown_nodes_and_repeated_calls_are_deterministic) ... ok
2026-09-24T04:21:44.0480155Z test_corrupt_journal_cannot_supply_history_or_reasons (test_continuity_history.MemoryNavigationTests.test_corrupt_journal_cannot_supply_history_or_reasons) ... ok
2026-09-24T04:21:44.1125332Z test_cursor_rejects_wrong_identity_truncation_and_valid_divergent_prefix (test_continuity_history.MemoryNavigationTests.test_cursor_rejects_wrong_identity_truncation_and_valid_divergent_prefix) ... ok
2026-09-24T04:21:44.1576303Z test_depth_and_reason_truncation_are_explicit (test_continuity_history.MemoryNavigationTests.test_depth_and_reason_truncation_are_explicit) ... ok
2026-09-24T04:21:44.1839556Z test_empty_history_and_unknown_identity_are_explicit_without_persistence (test_continuity_history.MemoryNavigationTests.test_empty_history_and_unknown_identity_are_explicit_without_persistence) ... ok
2026-09-24T04:21:44.2276947Z test_exact_citation_opens_original_event_and_rejects_wrong_hash_or_missing_id (test_continuity_history.MemoryNavigationTests.test_exact_citation_opens_original_event_and_rejects_wrong_hash_or_missing_id) ... ok
2026-09-24T04:21:44.3518112Z test_history_byte_bound_preserves_whole_events_and_all_pages (test_continuity_history.MemoryNavigationTests.test_history_byte_bound_preserves_whole_events_and_all_pages) ... ok
2026-09-24T04:21:44.4109980Z test_history_retains_exact_events_and_pages_a_stable_prefix_across_appends (test_continuity_history.MemoryNavigationTests.test_history_retains_exact_events_and_pages_a_stable_prefix_across_appends) ... ok
2026-09-24T04:21:44.4600541Z test_latest_edge_is_selected_with_its_own_source_and_old_event_remains_in_history (test_continuity_history.MemoryNavigationTests.test_latest_edge_is_selected_with_its_own_source_and_old_event_remains_in_history) ... ok
2026-09-24T04:21:44.5227106Z test_public_cli_json_and_french_text_are_read_only_and_escape_recorded_controls (test_continuity_history.MemoryNavigationTests.test_public_cli_json_and_french_text_are_read_only_and_escape_recorded_controls) ... ok
2026-09-24T04:21:44.5494792Z test_public_cli_rejects_non_repository_without_traceback_or_files (test_continuity_history.MemoryNavigationTests.test_public_cli_rejects_non_repository_without_traceback_or_files) ... ok
2026-09-24T04:21:44.6035874Z test_review_does_not_replace_assertion_and_inactive_memory_stays_explicit (test_continuity_history.MemoryNavigationTests.test_review_does_not_replace_assertion_and_inactive_memory_stays_explicit) ... ok
2026-09-24T04:21:44.6587821Z test_why_traverses_both_directions_and_preserves_separate_authorities_and_reasons (test_continuity_history.MemoryNavigationTests.test_why_traverses_both_directions_and_preserves_separate_authorities_and_reasons) ... ok
2026-09-24T04:21:44.7905739Z test_actual_git_delta_is_durable_cited_bidirectional_and_not_proof (test_continuity_impact.ImpactTests.test_actual_git_delta_is_durable_cited_bidirectional_and_not_proof) ... ok
2026-09-24T04:21:44.9222982Z test_actual_partial_path_coverage_keeps_unobserved_expectations_unknown (test_continuity_impact.ImpactTests.test_actual_partial_path_coverage_keeps_unobserved_expectations_unknown) ... ok
2026-09-24T04:21:45.0118182Z test_actual_unavailable_git_tree_and_exact_cited_memory (test_continuity_impact.ImpactTests.test_actual_unavailable_git_tree_and_exact_cited_memory) ... ok
2026-09-24T04:21:45.1277798Z test_dirty_plan_uses_exact_worktree_without_mutating_user_index (test_continuity_impact.ImpactTests.test_dirty_plan_uses_exact_worktree_without_mutating_user_index) ... ok
2026-09-24T04:21:45.2245679Z test_import_rejects_forged_delta_reference_hash_and_authority (test_continuity_impact.ImpactTests.test_import_rejects_forged_delta_reference_hash_and_authority) ... ok
2026-09-24T04:21:45.2902516Z test_invalid_inputs_fail_before_journal_write_and_no_path_aliases (test_continuity_impact.ImpactTests.test_invalid_inputs_fail_before_journal_write_and_no_path_aliases) ... ok
2026-09-24T04:21:45.3696068Z test_missing_git_objects_produce_unknown_not_false_absence (test_continuity_impact.ImpactTests.test_missing_git_objects_produce_unknown_not_false_absence) ... ok
2026-09-24T04:21:45.8464878Z test_real_cli_french_english_show_is_read_only_and_help_has_no_effects (test_continuity_impact.ImpactTests.test_real_cli_french_english_show_is_read_only_and_help_has_no_effects) ... ok
2026-09-24T04:21:45.9293380Z test_recording_plan_after_observed_change_is_not_anticipation (test_continuity_impact.ImpactTests.test_recording_plan_after_observed_change_is_not_anticipation) ... ok
2026-09-24T04:21:46.0136465Z test_unanticipated_path_and_partial_scope_are_explicit (test_continuity_impact.ImpactTests.test_unanticipated_path_and_partial_scope_are_explicit) ... ok
2026-09-24T04:21:46.1166467Z test_append_and_corruption_after_snapshot_never_stamp_unvalidated_bytes (test_continuity_incremental.IncrementalStateTests.test_append_and_corruption_after_snapshot_never_stamp_unvalidated_bytes) ... ok
2026-09-24T04:21:46.1661708Z test_append_checks_old_event_shape_once_and_batch_references_still_reject_atomically (test_continuity_incremental.IncrementalStateTests.test_append_checks_old_event_shape_once_and_batch_references_still_reject_atomically) ... ok
2026-09-24T04:21:46.2240819Z test_append_projects_only_suffix_with_one_validated_snapshot (test_continuity_incremental.IncrementalStateTests.test_append_projects_only_suffix_with_one_validated_snapshot) ... ok
2026-09-24T04:21:46.2889800Z test_busy_sqlite_writer_is_not_replaced_or_silently_rebuilt (test_continuity_incremental.IncrementalStateTests.test_busy_sqlite_writer_is_not_replaced_or_silently_rebuilt) ... ok
2026-09-24T04:21:46.3416072Z test_existing_reader_snapshot_remains_coherent_across_suffix_commit (test_continuity_incremental.IncrementalStateTests.test_existing_reader_snapshot_remains_coherent_across_suffix_commit) ... ok
2026-09-24T04:21:46.3936900Z test_hash_valid_invalid_prefix_reference_rejects_update_and_append (test_continuity_incremental.IncrementalStateTests.test_hash_valid_invalid_prefix_reference_rejects_update_and_append) ... ok
2026-09-24T04:21:46.5584820Z test_legacy_framing_and_duplicate_conflicts_preserve_exact_bytes (test_continuity_incremental.IncrementalStateTests.test_legacy_framing_and_duplicate_conflicts_preserve_exact_bytes) ... ok
2026-09-24T04:21:46.7693093Z test_materializers_and_explicit_rebuild_serialize_before_reading_journal (test_continuity_incremental.IncrementalStateTests.test_materializers_and_explicit_rebuild_serialize_before_reading_journal) ... ok
2026-09-24T04:21:46.9329819Z test_mixed_history_and_citations_match_rebuild_without_reprojecting_prefix (test_continuity_incremental.IncrementalStateTests.test_mixed_history_and_citations_match_rebuild_without_reprojecting_prefix) ... ok
2026-09-24T04:21:46.9803569Z test_same_size_same_mtime_prefix_corruption_is_rejected_and_preserves_state (test_continuity_incremental.IncrementalStateTests.test_same_size_same_mtime_prefix_corruption_is_rejected_and_preserves_state) ... ok
2026-09-24T04:21:47.0396224Z test_suffix_failure_rolls_back_rows_head_digest_and_retry_converges (test_continuity_incremental.IncrementalStateTests.test_suffix_failure_rolls_back_rows_head_digest_and_retry_converges) ... ok
2026-09-24T04:21:47.3515776Z test_truncation_divergence_missing_anchor_and_event_row_damage_reconstruct (test_continuity_incremental.IncrementalStateTests.test_truncation_divergence_missing_anchor_and_event_row_damage_reconstruct) ... ok
2026-09-24T04:21:47.4201053Z test_changed_payload_removes_stale_terms_but_inherited_label_remains_searchable (test_continuity_indexed_context.IndexedContextTests.test_changed_payload_removes_stale_terms_but_inherited_label_remains_searchable) ... ok
2026-09-24T04:21:47.4712463Z test_complete_two_hop_graph_critical_and_component_seeds_survive_selection (test_continuity_indexed_context.IndexedContextTests.test_complete_two_hop_graph_critical_and_component_seeds_survive_selection) ... ok
2026-09-24T04:21:47.5095432Z test_exact_short_id_and_short_component_seed_do_not_depend_on_lexical_tokens (test_continuity_indexed_context.IndexedContextTests.test_exact_short_id_and_short_component_seed_do_not_depend_on_lexical_tokens) ... ok
2026-09-24T04:21:47.6215485Z test_indexed_retrieval_matches_full_scan_on_mixed_graph (test_continuity_indexed_context.IndexedContextTests.test_indexed_retrieval_matches_full_scan_on_mixed_graph) ... ok
2026-09-24T04:21:47.9296535Z test_selective_query_does_not_decode_thousands_of_unrelated_entities (test_continuity_indexed_context.IndexedContextTests.test_selective_query_does_not_decode_thousands_of_unrelated_entities) ... ok
2026-09-24T04:21:47.9652918Z test_cache_from_permissive_parser_cannot_bypass_strict_validation (test_continuity_json_contract.ContinuityJSONContractTests.test_cache_from_permissive_parser_cannot_bypass_strict_validation) ... ok
2026-09-24T04:21:47.9826296Z test_duplicate_members_are_rejected_at_every_nesting_level (test_continuity_json_contract.ContinuityJSONContractTests.test_duplicate_members_are_rejected_at_every_nesting_level) ... ok
2026-09-24T04:21:48.0171566Z test_invalid_checkpoint_does_not_rewrite_local_journal (test_continuity_json_contract.ContinuityJSONContractTests.test_invalid_checkpoint_does_not_rewrite_local_journal) ... ok
2026-09-24T04:21:48.0333483Z test_legacy_non_finite_history_is_rejected_even_with_valid_old_hashes (test_continuity_json_contract.ContinuityJSONContractTests.test_legacy_non_finite_history_is_rejected_even_with_valid_old_hashes) ... ok
2026-09-24T04:21:48.0612483Z test_non_finite_writer_rejects_entire_batch_before_append (test_continuity_json_contract.ContinuityJSONContractTests.test_non_finite_writer_rejects_entire_batch_before_append) ... ok
2026-09-24T04:21:48.0825665Z test_unicode_line_separators_inside_strings_do_not_split_events (test_continuity_json_contract.ContinuityJSONContractTests.test_unicode_line_separators_inside_strings_do_not_split_events) ... ok
2026-09-24T04:21:48.1644846Z test_valid_history_keeps_exact_bytes_identifiers_and_reconstruction (test_continuity_json_contract.ContinuityJSONContractTests.test_valid_history_keeps_exact_bytes_identifiers_and_reconstruction) ... ok
2026-09-24T04:21:48.1646643Z test_component_identity_is_provider_neutral_and_path_safe (test_continuity_kernel.ContinuityKernelTests.test_component_identity_is_provider_neutral_and_path_safe) ... ok
2026-09-24T04:21:48.3274996Z test_context_compiler_joins_human_memory_structure_and_change_evidence (test_continuity_kernel.ContinuityKernelTests.test_context_compiler_joins_human_memory_structure_and_change_evidence) ... ok
2026-09-24T04:21:48.3844881Z test_event_and_state_do_not_store_raw_diff_or_prompt_fields (test_continuity_kernel.ContinuityKernelTests.test_event_and_state_do_not_store_raw_diff_or_prompt_fields) ... ok
2026-09-24T04:21:48.4707642Z test_manual_envelope_cannot_self_promote_proof_to_verified (test_continuity_kernel.ContinuityKernelTests.test_manual_envelope_cannot_self_promote_proof_to_verified) ... ok
2026-09-24T04:21:48.5006210Z test_project_event_log_is_hash_chained_and_tamper_evident (test_continuity_kernel.ContinuityKernelTests.test_project_event_log_is_hash_chained_and_tamper_evident) ... ok
2026-09-24T04:21:48.5331890Z test_python_structure_separates_observed_from_inferred (test_continuity_kernel.ContinuityKernelTests.test_python_structure_separates_observed_from_inferred) ... ok
2026-09-24T04:21:48.5904299Z test_state_db_is_disposable_and_rebuilt_from_events (test_continuity_kernel.ContinuityKernelTests.test_state_db_is_disposable_and_rebuilt_from_events) ... ok
2026-09-24T04:21:48.6479478Z test_accented_query_matches_plain_label_and_french_ligatures (test_continuity_language_retrieval.LanguageRetrievalTests.test_accented_query_matches_plain_label_and_french_ligatures) ... ok
2026-09-24T04:21:48.6624585Z test_ascii_token_behavior_is_preserved (test_continuity_language_retrieval.LanguageRetrievalTests.test_ascii_token_behavior_is_preserved) ... ok
2026-09-24T04:21:48.7697217Z test_compatibility_forms_match_memory_in_both_directions (test_continuity_language_retrieval.LanguageRetrievalTests.test_compatibility_forms_match_memory_in_both_directions) ... ok
2026-09-24T04:21:48.8822525Z test_french_accents_and_canonical_unicode_forms_recall_exact_assertion (test_continuity_language_retrieval.LanguageRetrievalTests.test_french_accents_and_canonical_unicode_forms_recall_exact_assertion) ... ok
2026-09-24T04:21:48.9341802Z test_legacy_index_rebuilds_without_changing_the_journal (test_continuity_language_retrieval.LanguageRetrievalTests.test_legacy_index_rebuilds_without_changing_the_journal) ... ok
2026-09-24T04:21:48.9784155Z test_normalized_terms_do_not_merge_distinct_identities_or_authorities (test_continuity_language_retrieval.LanguageRetrievalTests.test_normalized_terms_do_not_merge_distinct_identities_or_authorities) ... ok
2026-09-24T04:21:49.0194091Z test_query_is_not_persisted_and_unrelated_query_has_no_match (test_continuity_language_retrieval.LanguageRetrievalTests.test_query_is_not_persisted_and_unrelated_query_has_no_match) ... ok
2026-09-24T04:21:49.0861818Z test_replacement_removes_old_normalized_payload_terms (test_continuity_language_retrieval.LanguageRetrievalTests.test_replacement_removes_old_normalized_payload_terms) ... ok
2026-09-24T04:21:49.1523152Z test_retired_memory_is_not_revived_by_normalization (test_continuity_language_retrieval.LanguageRetrievalTests.test_retired_memory_is_not_revived_by_normalization) ... ok
2026-09-24T04:21:49.2005788Z test_short_exact_id_keeps_literal_matching (test_continuity_language_retrieval.LanguageRetrievalTests.test_short_exact_id_keeps_literal_matching) ... ok
2026-09-24T04:21:49.2323196Z test_contract_exposes_both_profiles_without_proof_authority (test_continuity_lifecycle_profiles.LifecycleProfileTests.test_contract_exposes_both_profiles_without_proof_authority) ... ok
2026-09-24T04:21:49.3445451Z test_invalid_profiled_ledger_batch_cannot_append_or_promote_authority (test_continuity_lifecycle_profiles.LifecycleProfileTests.test_invalid_profiled_ledger_batch_cannot_append_or_promote_authority) ... ok
2026-09-24T04:21:49.4331208Z test_malformed_consumed_ledger_values_are_rejected_before_projection (test_continuity_lifecycle_profiles.LifecycleProfileTests.test_malformed_consumed_ledger_values_are_rejected_before_projection) ... ok
2026-09-24T04:21:49.4723980Z test_missing_historical_git_object_and_zero_points_preserve_absence (test_continuity_lifecycle_profiles.LifecycleProfileTests.test_missing_historical_git_object_and_zero_points_preserve_absence) ... ok
2026-09-24T04:21:49.5861957Z test_native_legacy_ledger_reimport_preserves_every_original_byte (test_continuity_lifecycle_profiles.LifecycleProfileTests.test_native_legacy_ledger_reimport_preserves_every_original_byte) ... ok
2026-09-24T04:21:49.6651554Z test_native_legacy_relation_reimport_is_immutable (test_continuity_lifecycle_profiles.LifecycleProfileTests.test_native_legacy_relation_reimport_is_immutable) ... ok
2026-09-24T04:21:49.7303024Z test_profile_adoption_does_not_mask_real_ledger_or_relation_conflicts (test_continuity_lifecycle_profiles.LifecycleProfileTests.test_profile_adoption_does_not_mask_real_ledger_or_relation_conflicts) ... ok
2026-09-24T04:21:49.8300584Z test_public_relation_preserves_source_authority_and_payload (test_continuity_lifecycle_profiles.LifecycleProfileTests.test_public_relation_preserves_source_authority_and_payload) ... ok
2026-09-24T04:21:49.8893433Z test_readers_checkpoints_and_old_cache_reject_hash_valid_invalid_profile (test_continuity_lifecycle_profiles.LifecycleProfileTests.test_readers_checkpoints_and_old_cache_reject_hash_valid_invalid_profile) ... ok
2026-09-24T04:21:49.9868681Z test_real_six_state_lifecycle_is_profiled_idempotent_and_replayable (test_continuity_lifecycle_profiles.LifecycleProfileTests.test_real_six_state_lifecycle_is_profiled_idempotent_and_replayable) ... ok
2026-09-24T04:21:50.0653236Z test_relation_profile_rejects_promotion_missing_provenance_and_invalid_edges (test_continuity_lifecycle_profiles.LifecycleProfileTests.test_relation_profile_rejects_promotion_missing_provenance_and_invalid_edges) ... ok
2026-09-24T04:21:50.0837707Z test_denial_followed_by_live_owner_does_not_authorize_entry (test_continuity_lock.EventLockTests.test_denial_followed_by_live_owner_does_not_authorize_entry) ... ok
2026-09-24T04:21:50.1014710Z test_non_windows_permission_denial_is_not_retried (test_continuity_lock.EventLockTests.test_non_windows_permission_denial_is_not_retried) ... ok
2026-09-24T04:21:50.1199787Z test_persistent_denial_cannot_enter_mutate_or_remove_foreign_lock (test_continuity_lock.EventLockTests.test_persistent_denial_cannot_enter_mutate_or_remove_foreign_lock) ... ok
2026-09-24T04:21:50.1961474Z test_transient_windows_create_denial_retries_exclusively_before_append (test_continuity_lock.EventLockTests.test_transient_windows_create_denial_retries_exclusively_before_append) ... ok
2026-09-24T04:21:50.2344637Z test_debt_refresh_never_promotes_replacement_measurement (test_continuity_memory_authority.MemoryAuthorityTests.test_debt_refresh_never_promotes_replacement_measurement) ... ok
2026-09-24T04:21:50.3259927Z test_legacy_materialization_is_rebuilt_without_journal_mutation (test_continuity_memory_authority.MemoryAuthorityTests.test_legacy_materialization_is_rebuilt_without_journal_mutation) ... ok
2026-09-24T04:21:51.2289317Z test_real_proof_cannot_certify_a_later_public_cli_declaration (test_continuity_memory_authority.MemoryAuthorityTests.test_real_proof_cannot_certify_a_later_public_cli_declaration) ... ok
2026-09-24T04:21:51.2747310Z test_relation_only_event_does_not_replace_source_entity (test_continuity_memory_authority.MemoryAuthorityTests.test_relation_only_event_does_not_replace_source_entity) ... ok
2026-09-24T04:21:51.3102876Z test_relation_update_never_inherits_authority_for_new_metadata (test_continuity_memory_authority.MemoryAuthorityTests.test_relation_update_never_inherits_authority_for_new_metadata) ... ok
2026-09-24T04:21:51.4263240Z test_replacement_facts_carry_their_own_authority_and_provenance (test_continuity_memory_authority.MemoryAuthorityTests.test_replacement_facts_carry_their_own_authority_and_provenance) ... ok
2026-09-24T04:21:51.4759274Z test_batch_write_failure_preserves_existing_database_and_all_journal_bytes (test_continuity_projection_batches.ProjectionBatchTests.test_batch_write_failure_preserves_existing_database_and_all_journal_bytes) ... ok
2026-09-24T04:21:52.3292715Z test_bounded_batches_equal_sequential_projection_across_updates_and_lifecycle (test_continuity_projection_batches.ProjectionBatchTests.test_bounded_batches_equal_sequential_projection_across_updates_and_lifecycle) ... ok
2026-09-24T04:21:52.7229849Z test_actual_cli_bilingual_json_is_identical_and_help_has_no_writes (test_continuity_questions.MemoryQuestionTests.test_actual_cli_bilingual_json_is_identical_and_help_has_no_writes) ... ok
2026-09-24T04:21:52.7927916Z test_ambiguous_dependency_targets_abstain_unless_literal_identity_is_given (test_continuity_questions.MemoryQuestionTests.test_ambiguous_dependency_targets_abstain_unless_literal_identity_is_given) ... ok
2026-09-24T04:21:52.8776000Z test_bare_iso_bound_retains_terminal_sentence_punctuation (test_continuity_questions.MemoryQuestionTests.test_bare_iso_bound_retains_terminal_sentence_punctuation) ... ok
2026-09-24T04:21:52.9369880Z test_bounds_determinism_literal_entity_and_corrupt_journal_fail_closed (test_continuity_questions.MemoryQuestionTests.test_bounds_determinism_literal_entity_and_corrupt_journal_fail_closed) ... ok
2026-09-24T04:21:52.9836917Z test_changes_require_all_search_terms_not_a_shared_generic_word (test_continuity_questions.MemoryQuestionTests.test_changes_require_all_search_terms_not_a_shared_generic_word) ... ok
2026-09-24T04:21:53.0630647Z test_clock_qualifiers_do_not_become_matching_path_components (test_continuity_questions.MemoryQuestionTests.test_clock_qualifiers_do_not_become_matching_path_components) ... ok
2026-09-24T04:21:53.2621619Z test_compact_fiscal_and_quarter_periods_never_become_path_terms (test_continuity_questions.MemoryQuestionTests.test_compact_fiscal_and_quarter_periods_never_become_path_terms) ... ok
2026-09-24T04:21:53.3100918Z test_compound_dependency_questions_do_not_ignore_outgoing_clause (test_continuity_questions.MemoryQuestionTests.test_compound_dependency_questions_do_not_ignore_outgoing_clause) ... ok
2026-09-24T04:21:53.5959663Z test_conjunctive_names_preserve_intent_words_and_exact_sources (test_continuity_questions.MemoryQuestionTests.test_conjunctive_names_preserve_intent_words_and_exact_sources) ... ok
2026-09-24T04:21:53.7350971Z test_dependency_entity_names_do_not_become_other_intents (test_continuity_questions.MemoryQuestionTests.test_dependency_entity_names_do_not_become_other_intents) ... ok
2026-09-24T04:21:53.8001048Z test_dependency_target_uses_all_distinguishing_terms (test_continuity_questions.MemoryQuestionTests.test_dependency_target_uses_all_distinguishing_terms) ... ok
2026-09-24T04:21:53.8733649Z test_dependency_verb_words_in_names_are_not_embedded_clauses (test_continuity_questions.MemoryQuestionTests.test_dependency_verb_words_in_names_are_not_embedded_clauses) ... 
2026-09-24T04:21:53.8736739Z   test_dependency_verb_words_in_names_are_not_embedded_clauses (test_continuity_questions.MemoryQuestionTests.test_dependency_verb_words_in_names_are_not_embedded_clauses) (question='What depends on import management?', options={}) ... FAIL
2026-09-24T04:21:53.8792697Z   test_dependency_verb_words_in_names_are_not_embedded_clauses (test_continuity_questions.MemoryQuestionTests.test_dependency_verb_words_in_names_are_not_embedded_clauses) (question='What depends on import management?', options={'entity': 'MOD-VERB-0'}) ... FAIL
2026-09-24T04:21:53.8849037Z   test_dependency_verb_words_in_names_are_not_embedded_clauses (test_continuity_questions.MemoryQuestionTests.test_dependency_verb_words_in_names_are_not_embedded_clauses) (question='Qu’est-ce qui dépend de import management ?', options={}) ... FAIL
2026-09-24T04:21:53.8905300Z   test_dependency_verb_words_in_names_are_not_embedded_clauses (test_continuity_questions.MemoryQuestionTests.test_dependency_verb_words_in_names_are_not_embedded_clauses) (question='Qu’est-ce qui dépend de import management ?', options={'entity': 'MOD-VERB-0'}) ... FAIL
2026-09-24T04:21:53.8960761Z   test_dependency_verb_words_in_names_are_not_embedded_clauses (test_continuity_questions.MemoryQuestionTests.test_dependency_verb_words_in_names_are_not_embedded_clauses) (question='What depends on imports management?', options={}) ... FAIL
2026-09-24T04:21:53.9014542Z   test_dependency_verb_words_in_names_are_not_embedded_clauses (test_continuity_questions.MemoryQuestionTests.test_dependency_verb_words_in_names_are_not_embedded_clauses) (question='What depends on imports management?', options={'entity': 'MOD-VERB-1'}) ... FAIL
2026-09-24T04:21:53.9070374Z   test_dependency_verb_words_in_names_are_not_embedded_clauses (test_continuity_questions.MemoryQuestionTests.test_dependency_verb_words_in_names_are_not_embedded_clauses) (question='Qu’est-ce qui dépend de imports management ?', options={}) ... FAIL
2026-09-24T04:21:53.9135385Z   test_dependency_verb_words_in_names_are_not_embedded_clauses (test_continuity_questions.MemoryQuestionTests.test_dependency_verb_words_in_names_are_not_embedded_clauses) (question='Qu’est-ce qui dépend de imports management ?', options={'entity': 'MOD-VERB-1'}) ... FAIL
2026-09-24T04:21:53.9200837Z   test_dependency_verb_words_in_names_are_not_embedded_clauses (test_continuity_questions.MemoryQuestionTests.test_dependency_verb_words_in_names_are_not_embedded_clauses) (question='What depends on depend management?', options={}) ... FAIL
2026-09-24T04:21:53.9256751Z   test_dependency_verb_words_in_names_are_not_embedded_clauses (test_continuity_questions.MemoryQuestionTests.test_dependency_verb_words_in_names_are_not_embedded_clauses) (question='What depends on depend management?', options={'entity': 'MOD-VERB-2'}) ... FAIL
2026-09-24T04:21:53.9314935Z   test_dependency_verb_words_in_names_are_not_embedded_clauses (test_continuity_questions.MemoryQuestionTests.test_dependency_verb_words_in_names_are_not_embedded_clauses) (question='Qu’est-ce qui dépend de depend management ?', options={}) ... FAIL
2026-09-24T04:21:53.9374494Z   test_dependency_verb_words_in_names_are_not_embedded_clauses (test_continuity_questions.MemoryQuestionTests.test_dependency_verb_words_in_names_are_not_embedded_clauses) (question='Qu’est-ce qui dépend de depend management ?', options={'entity': 'MOD-VERB-2'}) ... FAIL
2026-09-24T04:21:53.9428712Z   test_dependency_verb_words_in_names_are_not_embedded_clauses (test_continuity_questions.MemoryQuestionTests.test_dependency_verb_words_in_names_are_not_embedded_clauses) (question='What depends on depends management?', options={}) ... FAIL
2026-09-24T04:21:53.9491196Z   test_dependency_verb_words_in_names_are_not_embedded_clauses (test_continuity_questions.MemoryQuestionTests.test_dependency_verb_words_in_names_are_not_embedded_clauses) (question='What depends on depends management?', options={'entity': 'MOD-VERB-3'}) ... FAIL
2026-09-24T04:21:53.9551304Z   test_dependency_verb_words_in_names_are_not_embedded_clauses (test_continuity_questions.MemoryQuestionTests.test_dependency_verb_words_in_names_are_not_embedded_clauses) (question='Qu’est-ce qui dépend de depends management ?', options={}) ... FAIL
2026-09-24T04:21:53.9610230Z   test_dependency_verb_words_in_names_are_not_embedded_clauses (test_continuity_questions.MemoryQuestionTests.test_dependency_verb_words_in_names_are_not_embedded_clauses) (question='Qu’est-ce qui dépend de depends management ?', options={'entity': 'MOD-VERB-3'}) ... FAIL
2026-09-24T04:21:54.0834709Z test_dotted_software_versions_are_not_unintroduced_date_filters (test_continuity_questions.MemoryQuestionTests.test_dotted_software_versions_are_not_unintroduced_date_filters) ... ok
2026-09-24T04:21:54.2942936Z test_entity_intent_words_are_preserved_in_why_and_explicit_memory (test_continuity_questions.MemoryQuestionTests.test_entity_intent_words_are_preserved_in_why_and_explicit_memory) ... ok
2026-09-24T04:21:54.3503486Z test_explicit_bound_does_not_erase_question_side_time_constraints (test_continuity_questions.MemoryQuestionTests.test_explicit_bound_does_not_erase_question_side_time_constraints) ... ok
2026-09-24T04:21:54.4126092Z test_explicit_dotted_date_constraints_do_not_become_version_terms (test_continuity_questions.MemoryQuestionTests.test_explicit_dotted_date_constraints_do_not_become_version_terms) ... ok
2026-09-24T04:21:54.5110904Z test_explicit_empty_bounds_have_bounded_cli_rejection (test_continuity_questions.MemoryQuestionTests.test_explicit_empty_bounds_have_bounded_cli_rejection) ... 
2026-09-24T04:21:54.5112212Z   test_explicit_empty_bounds_have_bounded_cli_rejection (test_continuity_questions.MemoryQuestionTests.test_explicit_empty_bounds_have_bounded_cli_rejection) (flag='--since') ... FAIL
2026-09-24T04:21:54.5861715Z   test_explicit_empty_bounds_have_bounded_cli_rejection (test_continuity_questions.MemoryQuestionTests.test_explicit_empty_bounds_have_bounded_cli_rejection) (flag='--until') ... FAIL
2026-09-24T04:21:54.6144367Z test_explicit_empty_bounds_raise_instead_of_becoming_unbounded (test_continuity_questions.MemoryQuestionTests.test_explicit_empty_bounds_raise_instead_of_becoming_unbounded) ... 
2026-09-24T04:21:54.6145757Z   test_explicit_empty_bounds_raise_instead_of_becoming_unbounded (test_continuity_questions.MemoryQuestionTests.test_explicit_empty_bounds_raise_instead_of_becoming_unbounded) (option='since') ... FAIL
2026-09-24T04:21:54.6191685Z   test_explicit_empty_bounds_raise_instead_of_becoming_unbounded (test_continuity_questions.MemoryQuestionTests.test_explicit_empty_bounds_raise_instead_of_becoming_unbounded) (option='until') ... FAIL
2026-09-24T04:21:54.9047036Z test_extreme_timezone_bounds_have_bounded_cli_rejection (test_continuity_questions.MemoryQuestionTests.test_extreme_timezone_bounds_have_bounded_cli_rejection) ... ok
2026-09-24T04:21:54.9546905Z test_french_english_why_cite_exact_reason_without_promoting_it (test_continuity_questions.MemoryQuestionTests.test_french_english_why_cite_exact_reason_without_promoting_it) ... ok
2026-09-24T04:21:55.0056987Z test_import_and_call_questions_cannot_fall_back_to_memory (test_continuity_questions.MemoryQuestionTests.test_import_and_call_questions_cannot_fall_back_to_memory) ... ok
2026-09-24T04:21:55.0532490Z test_inactive_edge_cannot_make_an_active_unknown_target_ambiguous (test_continuity_questions.MemoryQuestionTests.test_inactive_edge_cannot_make_an_active_unknown_target_ambiguous) ... ok
2026-09-24T04:21:55.1030903Z test_inactive_source_cannot_name_an_unknown_target_for_an_active_edge (test_continuity_questions.MemoryQuestionTests.test_inactive_source_cannot_name_an_unknown_target_for_an_active_edge) ... ok
2026-09-24T04:21:55.1690739Z test_incoming_dependencies_have_exact_relation_source_and_direction (test_continuity_questions.MemoryQuestionTests.test_incoming_dependencies_have_exact_relation_source_and_direction) ... ok
2026-09-24T04:21:55.2805440Z test_iso_date_substrings_remain_literal_entity_identifiers (test_continuity_questions.MemoryQuestionTests.test_iso_date_substrings_remain_literal_entity_identifiers) ... ok
2026-09-24T04:21:55.3358319Z test_missing_reason_unrelated_question_and_ambiguous_dates_abstain (test_continuity_questions.MemoryQuestionTests.test_missing_reason_unrelated_question_and_ambiguous_dates_abstain) ... ok
2026-09-24T04:21:55.4216511Z test_mixed_intents_never_choose_one_partial_answer (test_continuity_questions.MemoryQuestionTests.test_mixed_intents_never_choose_one_partial_answer) ... ok
2026-09-24T04:21:55.4707763Z test_natural_date_with_time_qualification_never_becomes_midnight (test_continuity_questions.MemoryQuestionTests.test_natural_date_with_time_qualification_never_becomes_midnight) ... ok
2026-09-24T04:21:55.6097870Z test_numeric_technology_and_compound_identifiers_are_not_year_filters (test_continuity_questions.MemoryQuestionTests.test_numeric_technology_and_compound_identifiers_are_not_year_filters) ... ok
2026-09-24T04:21:55.6578134Z test_outgoing_dependency_wording_abstains_in_both_languages (test_continuity_questions.MemoryQuestionTests.test_outgoing_dependency_wording_abstains_in_both_languages) ... ok
2026-09-24T04:21:55.8013333Z test_oversized_context_refuses_instead_of_cutting_reason_or_citation (test_continuity_questions.MemoryQuestionTests.test_oversized_context_refuses_instead_of_cutting_reason_or_citation) ... ok
2026-09-24T04:21:55.8276071Z test_partial_iso_and_day_constraints_never_become_unbounded_paths (test_continuity_questions.MemoryQuestionTests.test_partial_iso_and_day_constraints_never_become_unbounded_paths) ... 
2026-09-24T04:21:55.8279213Z   test_partial_iso_and_day_constraints_never_become_unbounded_paths (test_continuity_questions.MemoryQuestionTests.test_partial_iso_and_day_constraints_never_become_unbounded_paths) (phrase='on 2026-09', options={}) ... FAIL
2026-09-24T04:21:55.8325850Z   test_partial_iso_and_day_constraints_never_become_unbounded_paths (test_continuity_questions.MemoryQuestionTests.test_partial_iso_and_day_constraints_never_become_unbounded_paths) (phrase='on 2026-09', options={'until': '2027-01-01'}) ... FAIL
2026-09-24T04:21:55.8374103Z   test_partial_iso_and_day_constraints_never_become_unbounded_paths (test_continuity_questions.MemoryQuestionTests.test_partial_iso_and_day_constraints_never_become_unbounded_paths) (phrase='le 2026-09', options={}) ... FAIL
2026-09-24T04:21:55.8422536Z   test_partial_iso_and_day_constraints_never_become_unbounded_paths (test_continuity_questions.MemoryQuestionTests.test_partial_iso_and_day_constraints_never_become_unbounded_paths) (phrase='le 2026-09', options={'until': '2027-01-01'}) ... FAIL
2026-09-24T04:21:55.8470299Z   test_partial_iso_and_day_constraints_never_become_unbounded_paths (test_continuity_questions.MemoryQuestionTests.test_partial_iso_and_day_constraints_never_become_unbounded_paths) (phrase='2026-09', options={}) ... FAIL
2026-09-24T04:21:55.8519375Z   test_partial_iso_and_day_constraints_never_become_unbounded_paths (test_continuity_questions.MemoryQuestionTests.test_partial_iso_and_day_constraints_never_become_unbounded_paths) (phrase='2026-09', options={'until': '2027-01-01'}) ... FAIL
2026-09-24T04:21:55.8567411Z   test_partial_iso_and_day_constraints_never_become_unbounded_paths (test_continuity_questions.MemoryQuestionTests.test_partial_iso_and_day_constraints_never_become_unbounded_paths) (phrase='on 09-21', options={}) ... FAIL
2026-09-24T04:21:55.8615743Z   test_partial_iso_and_day_constraints_never_become_unbounded_paths (test_continuity_questions.MemoryQuestionTests.test_partial_iso_and_day_constraints_never_become_unbounded_paths) (phrase='on 09-21', options={'until': '2027-01-01'}) ... FAIL
2026-09-24T04:21:55.8663137Z   test_partial_iso_and_day_constraints_never_become_unbounded_paths (test_continuity_questions.MemoryQuestionTests.test_partial_iso_and_day_constraints_never_become_unbounded_paths) (phrase='le 21-09', options={}) ... FAIL
2026-09-24T04:21:55.8711178Z   test_partial_iso_and_day_constraints_never_become_unbounded_paths (test_continuity_questions.MemoryQuestionTests.test_partial_iso_and_day_constraints_never_become_unbounded_paths) (phrase='le 21-09', options={'until': '2027-01-01'}) ... FAIL
2026-09-24T04:21:55.8759350Z   test_partial_iso_and_day_constraints_never_become_unbounded_paths (test_continuity_questions.MemoryQuestionTests.test_partial_iso_and_day_constraints_never_become_unbounded_paths) (phrase='on 21', options={}) ... FAIL
2026-09-24T04:21:55.8807629Z   test_partial_iso_and_day_constraints_never_become_unbounded_paths (test_continuity_questions.MemoryQuestionTests.test_partial_iso_and_day_constraints_never_become_unbounded_paths) (phrase='on 21', options={'until': '2027-01-01'}) ... FAIL
2026-09-24T04:21:55.8855701Z   test_partial_iso_and_day_constraints_never_become_unbounded_paths (test_continuity_questions.MemoryQuestionTests.test_partial_iso_and_day_constraints_never_become_unbounded_paths) (phrase='on Mon', options={}) ... FAIL
2026-09-24T04:21:55.8905013Z   test_partial_iso_and_day_constraints_never_become_unbounded_paths (test_continuity_questions.MemoryQuestionTests.test_partial_iso_and_day_constraints_never_become_unbounded_paths) (phrase='on Mon', options={'until': '2027-01-01'}) ... FAIL
2026-09-24T04:21:55.8952407Z   test_partial_iso_and_day_constraints_never_become_unbounded_paths (test_continuity_questions.MemoryQuestionTests.test_partial_iso_and_day_constraints_never_become_unbounded_paths) (phrase='le début', options={}) ... FAIL
2026-09-24T04:21:55.8999719Z   test_partial_iso_and_day_constraints_never_become_unbounded_paths (test_continuity_questions.MemoryQuestionTests.test_partial_iso_and_day_constraints_never_become_unbounded_paths) (phrase='le début', options={'until': '2027-01-01'}) ... FAIL
2026-09-24T04:21:55.9046748Z   test_partial_iso_and_day_constraints_never_become_unbounded_paths (test_continuity_questions.MemoryQuestionTests.test_partial_iso_and_day_constraints_never_become_unbounded_paths) (phrase='2026W39', options={}) ... FAIL
2026-09-24T04:21:55.9094566Z   test_partial_iso_and_day_constraints_never_become_unbounded_paths (test_continuity_questions.MemoryQuestionTests.test_partial_iso_and_day_constraints_never_become_unbounded_paths) (phrase='2026W39', options={'until': '2027-01-01'}) ... FAIL
2026-09-24T04:21:55.9142538Z   test_partial_iso_and_day_constraints_never_become_unbounded_paths (test_continuity_questions.MemoryQuestionTests.test_partial_iso_and_day_constraints_never_become_unbounded_paths) (phrase='2026-W39', options={}) ... FAIL
2026-09-24T04:21:55.9190469Z   test_partial_iso_and_day_constraints_never_become_unbounded_paths (test_continuity_questions.MemoryQuestionTests.test_partial_iso_and_day_constraints_never_become_unbounded_paths) (phrase='2026-W39', options={'until': '2027-01-01'}) ... FAIL
2026-09-24T04:21:56.0000625Z test_punctuation_bearing_technology_names_remain_distinct (test_continuity_questions.MemoryQuestionTests.test_punctuation_bearing_technology_names_remain_distinct) ... ok
2026-09-24T04:21:56.0619211Z test_quarters_and_unqualified_years_never_match_path_years_as_time (test_continuity_questions.MemoryQuestionTests.test_quarters_and_unqualified_years_never_match_path_years_as_time) ... ok
2026-09-24T04:21:56.1003096Z test_query_and_recorded_instructions_remain_data_without_side_effects (test_continuity_questions.MemoryQuestionTests.test_query_and_recorded_instructions_remain_data_without_side_effects) ... ok
2026-09-24T04:21:56.1531938Z test_relative_constraints_are_checked_for_every_question_kind (test_continuity_questions.MemoryQuestionTests.test_relative_constraints_are_checked_for_every_question_kind) ... ok
2026-09-24T04:21:56.2288664Z test_relative_time_phrases_do_not_return_all_changes (test_continuity_questions.MemoryQuestionTests.test_relative_time_phrases_do_not_return_all_changes) ... ok
2026-09-24T04:21:56.2664326Z test_repeated_same_intent_clauses_abstain_even_with_literal_entity (test_continuity_questions.MemoryQuestionTests.test_repeated_same_intent_clauses_abstain_even_with_literal_entity) ... 
2026-09-24T04:21:56.2667811Z   test_repeated_same_intent_clauses_abstain_even_with_literal_entity (test_continuity_questions.MemoryQuestionTests.test_repeated_same_intent_clauses_abstain_even_with_literal_entity) (question='Why auth. Why billing?', kind='why') ... FAIL
2026-09-24T04:21:56.2714715Z   test_repeated_same_intent_clauses_abstain_even_with_literal_entity (test_continuity_questions.MemoryQuestionTests.test_repeated_same_intent_clauses_abstain_even_with_literal_entity) (question='Why auth. Why billing?', kind='auto') ... FAIL
2026-09-24T04:21:56.2763304Z   test_repeated_same_intent_clauses_abstain_even_with_literal_entity (test_continuity_questions.MemoryQuestionTests.test_repeated_same_intent_clauses_abstain_even_with_literal_entity) (question='Why auth and why billing?', kind='why') ... FAIL
2026-09-24T04:21:56.2811812Z   test_repeated_same_intent_clauses_abstain_even_with_literal_entity (test_continuity_questions.MemoryQuestionTests.test_repeated_same_intent_clauses_abstain_even_with_literal_entity) (question='Why auth and why billing?', kind='auto') ... FAIL
2026-09-24T04:21:56.2860891Z   test_repeated_same_intent_clauses_abstain_even_with_literal_entity (test_continuity_questions.MemoryQuestionTests.test_repeated_same_intent_clauses_abstain_even_with_literal_entity) (question='Pourquoi auth et pourquoi billing ?', kind='why') ... FAIL
2026-09-24T04:21:56.2909886Z   test_repeated_same_intent_clauses_abstain_even_with_literal_entity (test_continuity_questions.MemoryQuestionTests.test_repeated_same_intent_clauses_abstain_even_with_literal_entity) (question='Pourquoi auth et pourquoi billing ?', kind='auto') ... FAIL
2026-09-24T04:21:56.2959329Z   test_repeated_same_intent_clauses_abstain_even_with_literal_entity (test_continuity_questions.MemoryQuestionTests.test_repeated_same_intent_clauses_abstain_even_with_literal_entity) (question='Remember auth; Remember billing?', kind='auto') ... FAIL
2026-09-24T04:21:56.3009074Z   test_repeated_same_intent_clauses_abstain_even_with_literal_entity (test_continuity_questions.MemoryQuestionTests.test_repeated_same_intent_clauses_abstain_even_with_literal_entity) (question='What changed in auth and what changed in billing?', kind='changes') ... FAIL
2026-09-24T04:21:56.3057546Z   test_repeated_same_intent_clauses_abstain_even_with_literal_entity (test_continuity_questions.MemoryQuestionTests.test_repeated_same_intent_clauses_abstain_even_with_literal_entity) (question='What changed in auth and what changed in billing?', kind='auto') ... FAIL
2026-09-24T04:21:56.3724181Z test_resolved_unknown_target_keeps_every_active_incoming_edge (test_continuity_questions.MemoryQuestionTests.test_resolved_unknown_target_keeps_every_active_incoming_edge) ... ok
2026-09-24T04:21:56.4209356Z test_retired_assertion_is_not_current_answer_and_confirmed_source_is_cited (test_continuity_questions.MemoryQuestionTests.test_retired_assertion_is_not_current_answer_and_confirmed_source_is_cited) ... ok
2026-09-24T04:21:56.4663516Z test_season_named_technology_without_period_qualifier_is_queryable (test_continuity_questions.MemoryQuestionTests.test_season_named_technology_without_period_qualifier_is_queryable) ... ok
2026-09-24T04:21:56.5391432Z test_short_query_terms_distinguish_versions_and_single_letter_names (test_continuity_questions.MemoryQuestionTests.test_short_query_terms_distinguish_versions_and_single_letter_names) ... ok
2026-09-24T04:21:56.5877595Z test_temporal_changes_use_recorded_instants_and_preserve_unknown_coverage (test_continuity_questions.MemoryQuestionTests.test_temporal_changes_use_recorded_instants_and_preserve_unknown_coverage) ... ok
2026-09-24T04:21:56.6333995Z test_unicode_query_terms_are_not_silently_discarded (test_continuity_questions.MemoryQuestionTests.test_unicode_query_terms_are_not_silently_discarded) ... ok
2026-09-24T04:21:56.7014326Z test_unknown_auto_intent_abstains_but_explicit_memory_lookup_remains (test_continuity_questions.MemoryQuestionTests.test_unknown_auto_intent_abstains_but_explicit_memory_lookup_remains) ... ok
2026-09-24T04:21:56.7591717Z test_unsupported_named_period_bounds_abstain (test_continuity_questions.MemoryQuestionTests.test_unsupported_named_period_bounds_abstain) ... ok
2026-09-24T04:21:56.9636325Z test_weekends_seasons_and_long_relative_periods_abstain (test_continuity_questions.MemoryQuestionTests.test_weekends_seasons_and_long_relative_periods_abstain) ... ok
2026-09-24T04:21:57.0094894Z test_why_requires_all_search_terms_not_a_shared_generic_word (test_continuity_questions.MemoryQuestionTests.test_why_requires_all_search_terms_not_a_shared_generic_word) ... ok
2026-09-24T04:21:57.1092744Z test_word_clock_and_unsupported_at_constraints_abstain (test_continuity_questions.MemoryQuestionTests.test_word_clock_and_unsupported_at_constraints_abstain) ... ok
2026-09-24T04:21:57.1498166Z test_year_only_from_bound_cannot_match_a_year_in_recorded_paths (test_continuity_questions.MemoryQuestionTests.test_year_only_from_bound_cannot_match_a_year_in_recorded_paths) ... ok
2026-09-24T04:21:57.1895796Z test_fallback_keeps_its_minimum_term_length (test_continuity_related_changes.ContinuityRelatedChangeTests.test_fallback_keeps_its_minimum_term_length) ... ok
2026-09-24T04:21:57.5002232Z test_french_ligatures_match_recorded_file_names_in_both_directions (test_continuity_related_changes.ContinuityRelatedChangeTests.test_french_ligatures_match_recorded_file_names_in_both_directions) ... ok
2026-09-24T04:21:57.5450622Z test_human_calcul_query_recovers_verified_calculator_change (test_continuity_related_changes.ContinuityRelatedChangeTests.test_human_calcul_query_recovers_verified_calculator_change) ... ok
2026-09-24T04:21:57.5911592Z test_unrelated_query_does_not_return_recent_change_just_because_it_is_recent (test_continuity_related_changes.ContinuityRelatedChangeTests.test_unrelated_query_does_not_return_recent_change_just_because_it_is_recent) ... ok
2026-09-24T04:21:57.6392717Z test_bridge_reverification_keeps_one_change_and_advances_current_proof (test_continuity_reverification.ContinuityReverificationTests.test_bridge_reverification_keeps_one_change_and_advances_current_proof) ... ok
2026-09-24T04:21:57.6788488Z test_same_tree_change_accepts_new_certificate_despite_new_snapshot_shas (test_continuity_reverification.ContinuityReverificationTests.test_same_tree_change_accepts_new_certificate_despite_new_snapshot_shas) ... ok
2026-09-24T04:21:57.6831871Z test_deferred_indexes_keep_constraints_and_exact_final_schema (test_continuity_schema_transaction.SchemaTransactionTests.test_deferred_indexes_keep_constraints_and_exact_final_schema) ... ok
2026-09-24T04:21:57.7378316Z test_failed_rebuild_preserves_old_state_and_cleans_temporary_database (test_continuity_schema_transaction.SchemaTransactionTests.test_failed_rebuild_preserves_old_state_and_cleans_temporary_database) ... ok
2026-09-24T04:21:57.7951818Z test_late_index_failure_keeps_previous_projection_and_journal (test_continuity_schema_transaction.SchemaTransactionTests.test_late_index_failure_keeps_previous_projection_and_journal) ... ok
2026-09-24T04:21:57.7967225Z test_schema_and_rows_can_be_rolled_back_together (test_continuity_schema_transaction.SchemaTransactionTests.test_schema_and_rows_can_be_rolled_back_together) ... ok
2026-09-24T04:21:57.8432549Z test_v8_lexical_table_rebuild_preserves_terms_and_journal (test_continuity_schema_transaction.SchemaTransactionTests.test_v8_lexical_table_rebuild_preserves_terms_and_journal) ... ok
2026-09-24T04:21:57.8445588Z test_classification_is_conservative_and_state_is_outside_project (test_continuity_task_session.ContinuityTaskSessionTests.test_classification_is_conservative_and_state_is_outside_project) ... ok
2026-09-24T04:21:57.8464352Z test_short_followup_keeps_anchor_and_task_identity (test_continuity_task_session.ContinuityTaskSessionTests.test_short_followup_keeps_anchor_and_task_identity) ... ok
2026-09-24T04:21:57.8489306Z test_substantive_focus_stays_inside_task_until_explicit_pivot (test_continuity_task_session.ContinuityTaskSessionTests.test_substantive_focus_stays_inside_task_until_explicit_pivot) ... ok
2026-09-24T04:21:57.8493651Z test_task_id_has_frozen_cross_runtime_vector (test_continuity_task_session.ContinuityTaskSessionTests.test_task_id_has_frozen_cross_runtime_vector) ... ok
2026-09-24T04:21:57.9855095Z test_boundary_participation_keeps_pivots_and_excludes_other_sessions_and_boundaries (test_continuity_tasks.DurableTaskTests.test_boundary_participation_keeps_pivots_and_excludes_other_sessions_and_boundaries) ... ok
2026-09-24T04:21:58.4195655Z test_explicit_task_cli_description_link_and_history_retrieval (test_continuity_tasks.DurableTaskTests.test_explicit_task_cli_description_link_and_history_retrieval) ... ok
2026-09-24T04:21:58.4945839Z test_hash_valid_broken_references_are_rejected_by_readers_checkpoints_and_old_cache (test_continuity_tasks.DurableTaskTests.test_hash_valid_broken_references_are_rejected_by_readers_checkpoints_and_old_cache) ... ok
2026-09-24T04:21:59.4269224Z test_installed_guided_technical_french_and_english_context_show_declared_task (test_continuity_tasks.DurableTaskTests.test_installed_guided_technical_french_and_english_context_show_declared_task) ... ok
2026-09-24T04:21:59.5433523Z test_invalid_or_cross_task_reference_aborts_whole_envelope_batch (test_continuity_tasks.DurableTaskTests.test_invalid_or_cross_task_reference_aborts_whole_envelope_batch) ... ok
2026-09-24T04:21:59.6381412Z test_lost_native_participant_stays_degraded_after_a_later_successful_prompt (test_continuity_tasks.DurableTaskTests.test_lost_native_participant_stays_degraded_after_a_later_successful_prompt) ... ok
2026-09-24T04:21:59.7699781Z test_native_link_is_atomic_idempotent_observed_and_survives_session_cleanup (test_continuity_tasks.DurableTaskTests.test_native_link_is_atomic_idempotent_observed_and_survives_session_cleanup) ... ok
2026-09-24T04:22:00.0661761Z test_native_link_rejects_extra_text_and_preserves_description (test_continuity_tasks.DurableTaskTests.test_native_link_rejects_extra_text_and_preserves_description) ... ok
2026-09-24T04:22:00.1435863Z test_native_prompt_persists_stable_identity_without_raw_prompt_or_session (test_continuity_tasks.DurableTaskTests.test_native_prompt_persists_stable_identity_without_raw_prompt_or_session) ... ok
2026-09-24T04:22:00.4233142Z test_native_task_can_be_explicitly_described_without_reimport_conflict (test_continuity_tasks.DurableTaskTests.test_native_task_can_be_explicitly_described_without_reimport_conflict) ... ok
2026-09-24T04:22:00.4874275Z test_profile_rejects_raw_prompt_extensions_and_authority_promotion (test_continuity_tasks.DurableTaskTests.test_profile_rejects_raw_prompt_extensions_and_authority_promotion) ... ok
2026-09-24T04:22:00.7444282Z test_task_cli_unknown_links_fail_without_changing_history (test_continuity_tasks.DurableTaskTests.test_task_cli_unknown_links_fail_without_changing_history) ... ok
2026-09-24T04:22:00.8572475Z test_task_identity_cannot_replace_existing_entity_and_unprofiled_extensions_keep_projection (test_continuity_tasks.DurableTaskTests.test_task_identity_cannot_replace_existing_entity_and_unprofiled_extensions_keep_projection) ... ok
2026-09-24T04:22:00.9183033Z test_checkpoint_is_idempotent_and_never_moves_head (test_continuity_transport.ContinuityTransportTests.test_checkpoint_is_idempotent_and_never_moves_head) ... ok
2026-09-24T04:22:01.1614610Z test_concurrent_remote_update_is_never_force_overwritten (test_continuity_transport.ContinuityTransportTests.test_concurrent_remote_update_is_never_force_overwritten) ... ok
2026-09-24T04:22:01.4896444Z test_divergent_project_histories_fail_closed (test_continuity_transport.ContinuityTransportTests.test_divergent_project_histories_fail_closed) ... ok
2026-09-24T04:22:01.6245765Z test_push_then_fresh_clone_pull_restores_exact_history_without_touching_code_head (test_continuity_transport.ContinuityTransportTests.test_push_then_fresh_clone_pull_restores_exact_history_without_touching_code_head) ... ok
2026-09-24T04:22:01.6248041Z test_action_binds_policy_to_base_revision_not_candidate_config (test_debt_action.DebtActionContractTests.test_action_binds_policy_to_base_revision_not_candidate_config) ... ok
2026-09-24T04:22:01.6250042Z test_action_exposes_proof_and_debt_outputs (test_debt_action.DebtActionContractTests.test_action_exposes_proof_and_debt_outputs) ... ok
2026-09-24T04:22:01.6251606Z test_action_restores_but_never_pushes_cumulative_ledger (test_debt_action.DebtActionContractTests.test_action_restores_but_never_pushes_cumulative_ledger) ... ok
2026-09-24T04:22:01.6283780Z test_existing_lineage_is_not_double_counted (test_debt_budget.DebtBudgetTests.test_existing_lineage_is_not_double_counted) ... ok
2026-09-24T04:22:01.6305146Z test_total_change_and_category_limits (test_debt_budget.DebtBudgetTests.test_total_change_and_category_limits) ... ok
2026-09-24T04:22:01.6330311Z test_explicit_accounting_can_record_a_real_over_budget_change (test_debt_budget_transaction.DebtBudgetTransactionTests.test_explicit_accounting_can_record_a_real_over_budget_change) ... ok
2026-09-24T04:22:01.6340022Z test_read_only_atomic_budget_check_does_not_mutate (test_debt_budget_transaction.DebtBudgetTransactionTests.test_read_only_atomic_budget_check_does_not_mutate) ... ok
2026-09-24T04:22:01.6374120Z test_two_stale_agents_cannot_both_consume_the_same_remaining_budget (test_debt_budget_transaction.DebtBudgetTransactionTests.test_two_stale_agents_cannot_both_consume_the_same_remaining_budget) ... ok
2026-09-24T04:22:01.6674909Z test_assurance_certificate_must_be_content_addressed_and_tree_bound (test_debt_certificate.DebtCertificateTests.test_assurance_certificate_must_be_content_addressed_and_tree_bound) ... ok
2026-09-24T04:22:01.6887863Z test_noop_certificate_is_rehashed_and_requires_candidate_binding (test_debt_certificate.DebtCertificateTests.test_noop_certificate_is_rehashed_and_requires_candidate_binding) ... ok
2026-09-24T04:22:01.7630793Z test_acceptance_requires_reason_and_remains_visible (test_debt_cli.DebtCliTests.test_acceptance_requires_reason_and_remains_visible) ... ok
2026-09-24T04:22:01.8159848Z test_debt_records_local_git_ledger_and_plan_surfaces_it (test_debt_cli.DebtCliTests.test_debt_records_local_git_ledger_and_plan_surfaces_it) ... ok
2026-09-24T04:22:01.8494247Z test_forged_certificate_cannot_waive_change_debt (test_debt_cli.DebtCliTests.test_forged_certificate_cannot_waive_change_debt) ... ok
2026-09-24T04:22:01.9143029Z test_health_trend_and_ledger_show_are_human_readable (test_debt_cli.DebtCliTests.test_health_trend_and_ledger_show_are_human_readable) ... ok
2026-09-24T04:22:01.9160232Z test_nested_diffwitness_debt_supported (test_debt_config.DebtConfigTests.test_nested_diffwitness_debt_supported) ... ok
2026-09-24T04:22:01.9177116Z test_top_level_debt_and_category_tables_normalize (test_debt_config.DebtConfigTests.test_top_level_debt_and_category_tables_normalize) ... ok
2026-09-24T04:22:01.9181479Z test_unknown_debt_key_fails_closed (test_debt_config.DebtConfigTests.test_unknown_debt_key_fails_closed) ... ok
2026-09-24T04:22:01.9529279Z test_tampered_certificate_fails_before_accounting (test_debt_entry.DebtEntryTests.test_tampered_certificate_fails_before_accounting) ... ok
2026-09-24T04:22:01.9596092Z test_trend_reconstructs_prior_balance_from_events (test_debt_history.DebtHistoryTests.test_trend_reconstructs_prior_balance_from_events) ... ok
2026-09-24T04:22:01.9968076Z test_health_does_not_count_duplicate_blocks_only_in_test_fixtures (test_debt_integrity.DebtIntegrityTests.test_health_does_not_count_duplicate_blocks_only_in_test_fixtures) ... ok
2026-09-24T04:22:02.0393624Z test_health_filters_function_local_python_cycle_but_keeps_real_import_cycle (test_debt_integrity.DebtIntegrityTests.test_health_filters_function_local_python_cycle_but_keeps_real_import_cycle) ... ok
2026-09-24T04:22:02.0878686Z test_health_scan_is_bound_to_the_dirty_worktree_it_actually_reads (test_debt_integrity.DebtIntegrityTests.test_health_scan_is_bound_to_the_dirty_worktree_it_actually_reads) ... ok
2026-09-24T04:22:02.2059620Z test_mutation_recheck_cleans_control_run_side_effects_before_counterfactual (test_debt_integrity.DebtIntegrityTests.test_mutation_recheck_cleans_control_run_side_effects_before_counterfactual) ... ok
2026-09-24T04:22:02.2061811Z test_dedupe_keeps_strongest_same_lineage (test_debt_models.DebtModelTests.test_dedupe_keeps_strongest_same_lineage) ... ok
2026-09-24T04:22:02.2066111Z test_report_is_additive_and_explicit (test_debt_models.DebtModelTests.test_report_is_additive_and_explicit) ... ok
2026-09-24T04:22:02.2067300Z test_stable_identity_ignores_explanation_and_points (test_debt_models.DebtModelTests.test_stable_identity_ignores_explanation_and_points) ... ok
2026-09-24T04:22:02.2297627Z test_plan_separates_automatic_repayment_from_manual_review (test_debt_planning.DebtPlanningTests.test_plan_separates_automatic_repayment_from_manual_review) ... ok
2026-09-24T04:22:02.2517303Z test_repay_all_ignores_manual_backlog_instead_of_promising_closure (test_debt_planning.DebtPlanningTests.test_repay_all_ignores_manual_backlog_instead_of_promising_closure) ... ok
2026-09-24T04:22:02.2735773Z test_repay_refuses_lineage_without_automatic_closure_adapter (test_debt_planning.DebtPlanningTests.test_repay_refuses_lineage_without_automatic_closure_adapter) ... ok
2026-09-24T04:22:02.3036359Z test_change_only_rules_are_not_mislabeled_as_project_replay (test_debt_scan.DebtScanTests.test_change_only_rules_are_not_mislabeled_as_project_replay) ... ok
2026-09-24T04:22:02.3328336Z test_change_security_scan_ignores_added_python_string_literal (test_debt_scan.DebtScanTests.test_change_security_scan_ignores_added_python_string_literal) ... ok
2026-09-24T04:22:02.3665484Z test_non_probative_certificate_cannot_hide_unverified_change (test_debt_scan.DebtScanTests.test_non_probative_certificate_cannot_hide_unverified_change) ... ok
2026-09-24T04:22:02.4000531Z test_preservation_certificate_prevents_fake_test_debt_but_not_security_review (test_debt_scan.DebtScanTests.test_preservation_certificate_prevents_fake_test_debt_but_not_security_review) ... ok
2026-09-24T04:22:02.4233781Z test_project_scan_finds_one_duplicate_region_and_local_cycle (test_debt_scan.DebtScanTests.test_project_scan_finds_one_duplicate_region_and_local_cycle) ... ok
2026-09-24T04:22:02.4454969Z test_python_security_scan_detects_structural_call_keywords (test_debt_scan.DebtScanTests.test_python_security_scan_detects_structural_call_keywords) ... ok
2026-09-24T04:22:02.4684388Z test_python_security_scan_ignores_signature_strings_and_comments (test_debt_scan.DebtScanTests.test_python_security_scan_ignores_signature_strings_and_comments) ... ok
2026-09-24T04:22:02.5040937Z test_security_rule_has_same_identity_in_change_and_project_scan (test_debt_scan.DebtScanTests.test_security_rule_has_same_identity_in_change_and_project_scan) ... ok
2026-09-24T04:22:02.5368366Z test_unverified_change_and_no_changed_test_surface_are_explicit (test_debt_scan.DebtScanTests.test_unverified_change_and_no_changed_test_surface_are_explicit) ... ok
2026-09-24T04:22:02.5702795Z test_structurally_unrelated_function_is_not_flagged (test_debt_sensor_precision.SemanticRedundancyPrecisionTests.test_structurally_unrelated_function_is_not_flagged) ... ok
2026-09-24T04:22:02.6106293Z test_accounting_boundary_enriches_report_but_zero_point_sensor_cannot_break_budget (test_debt_sensors.SemanticRedundancySensorTests.test_accounting_boundary_enriches_report_but_zero_point_sensor_cannot_break_budget) ... ok
2026-09-24T04:22:02.6513584Z test_change_and_project_modes_keep_same_debt_identity (test_debt_sensors.SemanticRedundancySensorTests.test_change_and_project_modes_keep_same_debt_identity) ... ok
2026-09-24T04:22:02.6871814Z test_change_sensor_finds_renamed_reimplementation_without_exporting_source (test_debt_sensors.SemanticRedundancySensorTests.test_change_sensor_finds_renamed_reimplementation_without_exporting_source) ... ok
2026-09-24T04:22:02.7203292Z test_exact_source_copy_is_left_to_existing_deterministic_duplicate_rule (test_debt_sensors.SemanticRedundancySensorTests.test_exact_source_copy_is_left_to_existing_deterministic_duplicate_rule) ... ok
2026-09-24T04:22:02.7561159Z test_sensor_can_be_disabled_at_accounting_boundary (test_debt_sensors.SemanticRedundancySensorTests.test_sensor_can_be_disabled_at_accounting_boundary) ... ok
2026-09-24T04:22:02.9652815Z test_historical_test_debt_resolves_when_current_tests_discriminate_origin (test_debt_verify.DebtVerifyTests.test_historical_test_debt_resolves_when_current_tests_discriminate_origin) ... ok
2026-09-24T04:22:03.2710606Z test_mutation_debt_resolves_when_current_tests_make_it_necessary (test_debt_verify.DebtVerifyTests.test_mutation_debt_resolves_when_current_tests_make_it_necessary) ... ok
2026-09-24T04:22:03.2712817Z test_binary_change_is_never_misrepresented_as_line_hunk (test_diff_edgecases.DiffEdgeCaseTests.test_binary_change_is_never_misrepresented_as_line_hunk) ... ok
2026-09-24T04:22:03.2715464Z test_documentation_new_file_does_not_enter_executable_causal_surface (test_diff_edgecases.DiffEdgeCaseTests.test_documentation_new_file_does_not_enter_executable_causal_surface) ... ok
2026-09-24T04:22:03.2717806Z test_new_production_file_is_conservative_structural_mutation (test_diff_edgecases.DiffEdgeCaseTests.test_new_production_file_is_conservative_structural_mutation) ... ok
2026-09-24T04:22:03.2720091Z test_path_with_spaces_remains_one_hunk_mutation (test_diff_edgecases.DiffEdgeCaseTests.test_path_with_spaces_remains_one_hunk_mutation) ... ok
2026-09-24T04:22:03.2721933Z test_rename_is_file_level_even_with_text_hunk (test_diff_edgecases.DiffEdgeCaseTests.test_rename_is_file_level_even_with_text_hunk) ... ok
2026-09-24T04:22:03.2723551Z test_documentation_classifier_is_narrow (test_diffing.DiffingTests.test_documentation_classifier_is_narrow) ... ok
2026-09-24T04:22:03.2725337Z test_documentation_hunks_are_excluded_by_default_but_can_be_included (test_diffing.DiffingTests.test_documentation_hunks_are_excluded_by_default_but_can_be_included) ... ok
2026-09-24T04:22:03.2727132Z test_hunk_ranges_become_annotation_lines (test_diffing.DiffingTests.test_hunk_ranges_become_annotation_lines) ... ok
2026-09-24T04:22:03.2728376Z test_test_path_detection (test_diffing.DiffingTests.test_test_path_detection) ... ok
2026-09-24T04:22:05.9853672Z test_real_no_proof_fresh_drift_clean_stale_and_failed_attempt (test_doctor_proof_truthfulness.DoctorProofTruthfulnessTests.test_real_no_proof_fresh_drift_clean_stale_and_failed_attempt) ... DiffWitness Gate rejected: candidate is not stably green
2026-09-24T04:22:05.9855381Z 
2026-09-24T04:22:05.9855546Z DiffWitness Guard: PROOF REJECTED
2026-09-24T04:22:06.5909180Z ok
2026-09-24T04:22:06.5911565Z test_engine_command_is_argv_not_shell_text (test_engine_config.EngineConfigTests.test_engine_command_is_argv_not_shell_text) ... ok
2026-09-24T04:22:06.5912773Z test_required_engine_needs_command (test_engine_config.EngineConfigTests.test_required_engine_needs_command) ... ok
2026-09-24T04:22:06.5919416Z test_top_level_engine_table_loads_without_relaxing_unknown_keys (test_engine_config.EngineConfigTests.test_top_level_engine_table_loads_without_relaxing_unknown_keys) ... ok
2026-09-24T04:22:06.6393613Z test_capability_preflight_accepts_compatible_bounded_engine (test_engine_doctor.EngineDoctorTests.test_capability_preflight_accepts_compatible_bounded_engine) ... ok
2026-09-24T04:22:06.6716031Z test_capability_preflight_rejects_ambiguous_json (test_engine_doctor.EngineDoctorTests.test_capability_preflight_rejects_ambiguous_json) ... ok
2026-09-24T04:22:06.7526227Z test_capability_preflight_rejects_protocol_or_authority_drift (test_engine_doctor.EngineDoctorTests.test_capability_preflight_rejects_protocol_or_authority_drift) ... ok
2026-09-24T04:22:06.8219615Z test_dw_doctor_fails_preflight_for_incompatible_required_engine (test_engine_doctor.EngineDoctorTests.test_dw_doctor_fails_preflight_for_incompatible_required_engine) ... ok
2026-09-24T04:22:06.8585461Z test_dw_doctor_keeps_community_only_onboarding_clean (test_engine_doctor.EngineDoctorTests.test_dw_doctor_keeps_community_only_onboarding_clean) ... ok
2026-09-24T04:22:06.9274919Z test_dw_doctor_reports_compatible_required_private_engine (test_engine_doctor.EngineDoctorTests.test_dw_doctor_reports_compatible_required_private_engine) ... ok
2026-09-24T04:22:06.9468536Z test_committed_project_engine_wins_over_machine_local_profile (test_engine_local.LocalEngineTests.test_committed_project_engine_wins_over_machine_local_profile) ... ok
2026-09-24T04:22:06.9763093Z test_corrupt_machine_local_profile_fails_closed (test_engine_local.LocalEngineTests.test_corrupt_machine_local_profile_fails_closed) ... ok
2026-09-24T04:22:07.1456265Z test_dw_engine_enable_status_doctor_disable_is_git_local (test_engine_local.LocalEngineTests.test_dw_engine_enable_status_doctor_disable_is_git_local) ... ok
2026-09-24T04:22:07.6318440Z test_real_gate_consumes_git_local_private_plan_but_public_runner_owns_verdict (test_engine_local_gate.LocalEngineGateTests.test_real_gate_consumes_git_local_private_plan_but_public_runner_owns_verdict) ... ok
2026-09-24T04:22:07.6929509Z test_ambiguous_engine_json_is_rejected_before_plan_validation (test_engine_protocol.EngineProtocolTests.test_ambiguous_engine_json_is_rejected_before_plan_validation) ... ok
2026-09-24T04:22:07.6932533Z test_canonical_compat_vector_has_frozen_request_id_and_digest (test_engine_protocol.EngineProtocolTests.test_canonical_compat_vector_has_frozen_request_id_and_digest) ... ok
2026-09-24T04:22:07.6935420Z test_change_identity_depends_on_repository_and_git_trees (test_engine_protocol.EngineProtocolTests.test_change_identity_depends_on_repository_and_git_trees) ... ok
2026-09-24T04:22:07.7210266Z test_non_finite_planning_budget_is_rejected_before_request_hashing (test_engine_protocol.EngineProtocolTests.test_non_finite_planning_budget_is_rejected_before_request_hashing) ... ok
2026-09-24T04:22:07.7819581Z test_optional_engine_failure_degrades_but_required_engine_fails_closed (test_engine_protocol.EngineProtocolTests.test_optional_engine_failure_degrades_but_required_engine_fails_closed) ... ok
2026-09-24T04:22:07.8125708Z test_plan_must_be_exactly_bound_and_cover_every_mutation_once (test_engine_protocol.EngineProtocolTests.test_plan_must_be_exactly_bound_and_cover_every_mutation_once) ... ok
2026-09-24T04:22:07.8731358Z test_real_subprocess_plan_is_validated_before_use (test_engine_protocol.EngineProtocolTests.test_real_subprocess_plan_is_validated_before_use) ... ok
2026-09-24T04:22:07.9051995Z test_request_is_content_bound_without_embedding_test_command_or_patch (test_engine_protocol.EngineProtocolTests.test_request_is_content_bound_without_embedding_test_command_or_patch) ... ok
2026-09-24T04:22:07.9198329Z test_code_change_does_not_get_noop_preflight (test_entry.EntryTests.test_code_change_does_not_get_noop_preflight) ... DiffWitness proof dw0_ad8b2b11d0a91c3af303 attached to ba9ae9904a7a via refs/notes/diffwitness.
2026-09-24T04:22:07.9199726Z Publish it with: git push origin refs/notes/diffwitness
2026-09-24T04:22:07.9200459Z Invariant INV-IMPACT: Keep identity
2026-09-24T04:22:07.9200847Z Objective OBJ-REFUNDS: Support partial refunds safely
2026-09-24T04:22:07.9201260Z Decision DEC-IDEMPOTENCY: Keep refund operations idempotent
2026-09-24T04:22:07.9201749Z Invariant INV-CAPTURE-LIMIT: Refund total must never exceed captured payment
2026-09-24T04:22:07.9202257Z Failed approach FAIL-DIRECT-CHARGE: Mutating charge rows directly
2026-09-24T04:22:07.9482568Z DiffWitness: No evidence command could be detected. Run `dw doctor`, pass --test, or create .diffwitness.toml.
2026-09-24T04:22:07.9497561Z ok
2026-09-24T04:22:07.9933305Z test_docs_only_prove_succeeds_without_test_command_and_writes_noop_certificate (test_entry.EntryTests.test_docs_only_prove_succeeds_without_test_command_and_writes_noop_certificate) ... ok
2026-09-24T04:22:07.9935622Z test_public_version_options_bypass_friendly_unknown_router (test_entry.EntryTests.test_public_version_options_bypass_friendly_unknown_router) ... ok
2026-09-24T04:22:08.0079277Z test_unknown_test_only_surface_without_evidence_never_becomes_noop_success (test_fail_closed.FailClosedTests.test_unknown_test_only_surface_without_evidence_never_becomes_noop_success) ... DiffWitness: proof not required (dw0_f7947f8fa5936a22d287); no executable causal mutation detected.
2026-09-24T04:22:08.0362318Z DiffWitness: this change contains tests but DiffWitness cannot determine how to execute evidence. Failing closed: pass --test or configure [diffwitness].test.
2026-09-24T04:22:08.0378729Z ok
2026-09-24T04:22:08.6030604Z test_auto_routes_surplus_patch_to_adaptive_and_rejects_it (test_gate.GateTests.test_auto_routes_surplus_patch_to_adaptive_and_rejects_it) ... DiffWitness Gate rejected: Adaptive Core found 1 mutation(s) removable while preserving the selected stable evidence
2026-09-24T04:22:08.6052941Z ok
2026-09-24T04:22:08.6202378Z test_docs_only_gate_becomes_formal_proof_not_required (test_gate.GateTests.test_docs_only_gate_becomes_formal_proof_not_required) ... DiffWitness Gate: causal contrast proven; adaptive strategy for 2 production mutation(s) under balanced policy (899.9s proof budget remaining)
2026-09-24T04:22:08.6204647Z DiffWitness Adaptive Core
2026-09-24T04:22:08.6204910Z contrast:    PROVEN
2026-09-24T04:22:08.6205141Z mutations:   2 original
2026-09-24T04:22:08.6205557Z core:        1 retained
2026-09-24T04:22:08.6205919Z removable:   1 observed removable
2026-09-24T04:22:08.6206183Z experiments: 3/10
2026-09-24T04:22:08.6206398Z 1-minimal:   yes
2026-09-24T04:22:08.6206624Z certificate: dwac1_4b017c321af4c0c9af53
2026-09-24T04:22:08.6206817Z 
2026-09-24T04:22:08.6206918Z Causal core:
2026-09-24T04:22:08.6207125Z   KEEP    calc.py hunk 1/2
2026-09-24T04:22:08.6207271Z 
2026-09-24T04:22:08.6207373Z Evidence-removable surface:
2026-09-24T04:22:08.6207864Z   REVIEW  calc.py hunk 2/2 — def add(a, b):
2026-09-24T04:22:08.6979093Z ok
2026-09-24T04:22:08.7122649Z test_explicit_nondefault_config_supplies_evidence_command (test_gate.GateTests.test_explicit_nondefault_config_supplies_evidence_command) ... DiffWitness: proof not required (dw0_78ab12583cb98b008059); no executable causal mutation detected.
2026-09-24T04:22:08.7124369Z Project continuity: 2 new change event(s) · dwchg_0e081c3078eacc262da2c883
2026-09-24T04:22:08.8939213Z DiffWitness Gate: causal contrast proven; exhaustive strategy for 1 production mutation(s) under strict policy (899.9s proof budget remaining)
2026-09-24T04:22:09.2316956Z ok
2026-09-24T04:22:09.2463844Z test_small_proven_fix_uses_exhaustive_gate_and_writes_certificate (test_gate.GateTests.test_small_proven_fix_uses_exhaustive_gate_and_writes_certificate) ... DiffWitness 0.4.0a1 - counterfactual patch evidence
2026-09-24T04:22:09.2464810Z repo:      /tmp/tmpux2lb1lg/repo
2026-09-24T04:22:09.2465177Z base:      9bfb23f70f254c90642ec9c10610000cc4acbb22 (9bfb23f70f25)
2026-09-24T04:22:09.2465625Z candidate: 3a2e2edf2c79fcd3ba55d561e6553dc4ca2710c1 (3a2e2edf2c79)
2026-09-24T04:22:09.2466189Z evidence:  "/opt/hostedtoolcache/Python/3.11.16/x64/bin/python" -m unittest discover -s tests -q
2026-09-24T04:22:09.2466684Z stability: 1 run(s) per variant
2026-09-24T04:22:09.2466951Z budget:    899.867s total; 300s per command
2026-09-24T04:22:09.2467290Z changes:   1 analyzed mutation(s); 1 changed test file(s)
2026-09-24T04:22:09.2467535Z 
2026-09-24T04:22:09.2467675Z contrast:  BASE STABLE-FAIL -> CANDIDATE STABLE-PASS
2026-09-24T04:22:09.2467908Z 
2026-09-24T04:22:09.2468045Z WITNESSED         +1/-1  calc.py hunk 1/1  [stable-fail]
2026-09-24T04:22:09.2468276Z 
2026-09-24T04:22:09.2468411Z summary: 1 witnessed, 0 unwitnessed, 0 inconclusive
2026-09-24T04:22:09.2469150Z core:    1 minimal sufficient set(s) of 1 hunk(s)
2026-09-24T04:22:09.2469510Z cert:    dw2_b7cbe14a5f6c8e521017
2026-09-24T04:22:09.2469804Z DiffWitness Gate accepted (dw2_b7cbe14a5f6c8e521017)
2026-09-24T04:22:09.2470499Z Project continuity: 2 new change event(s) · dwchg_de3faf7923910e4e6f37dcef
2026-09-24T04:22:09.4352048Z DiffWitness Gate: causal contrast proven; exhaustive strategy for 1 production mutation(s) under strict policy (899.9s proof budget remaining)
2026-09-24T04:22:09.7884230Z ok
2026-09-24T04:22:09.7889088Z test_unwitnessed_hunk_becomes_file_warning (test_github_actions.GitHubActionTests.test_unwitnessed_hunk_becomes_file_warning) ... ok
2026-09-24T04:22:09.8077686Z test_clean_worktree_reuses_head_exactly (test_gitops_snapshot_fastpath.SnapshotFastPathTests.test_clean_worktree_reuses_head_exactly) ... ok
2026-09-24T04:22:09.8376338Z test_meaningful_untracked_file_forces_exact_snapshot (test_gitops_snapshot_fastpath.SnapshotFastPathTests.test_meaningful_untracked_file_forces_exact_snapshot) ... ok
2026-09-24T04:22:09.8566916Z test_only_known_untracked_runtime_artifacts_still_reuse_head (test_gitops_snapshot_fastpath.SnapshotFastPathTests.test_only_known_untracked_runtime_artifacts_still_reuse_head) ... ok
2026-09-24T04:22:09.8893568Z test_staged_change_is_not_mistaken_for_clean_state (test_gitops_snapshot_fastpath.SnapshotFastPathTests.test_staged_change_is_not_mistaken_for_clean_state) ... ok
2026-09-24T04:22:09.9281040Z test_tracked_cache_like_file_is_never_filtered (test_gitops_snapshot_fastpath.SnapshotFastPathTests.test_tracked_cache_like_file_is_never_filtered) ... ok
2026-09-24T04:22:09.9576532Z test_tracked_worktree_change_forces_exact_snapshot (test_gitops_snapshot_fastpath.SnapshotFastPathTests.test_tracked_worktree_change_forces_exact_snapshot) ... ok
2026-09-24T04:22:09.9703385Z test_public_guard_delegates_proven_agent_patch_to_gate (test_guard.PublicGuardTests.test_public_guard_delegates_proven_agent_patch_to_gate) ... DiffWitness 0.4.0a1 - counterfactual patch evidence
2026-09-24T04:22:09.9704309Z repo:      /tmp/tmp3b7gryny
2026-09-24T04:22:09.9704645Z base:      411eb4de5abbe4cbb556b9f4754bfccfe0d10120 (411eb4de5abb)
2026-09-24T04:22:09.9705080Z candidate: 776bac8c71486cddc0c780606c7abf14a78c27f1 (776bac8c7148)
2026-09-24T04:22:09.9705610Z evidence:  "/opt/hostedtoolcache/Python/3.11.16/x64/bin/python" -m unittest discover -s tests -q
2026-09-24T04:22:09.9706097Z stability: 1 run(s) per variant
2026-09-24T04:22:09.9706364Z budget:    899.856s total; 300s per command
2026-09-24T04:22:09.9706695Z changes:   1 analyzed mutation(s); 1 changed test file(s)
2026-09-24T04:22:09.9706940Z 
2026-09-24T04:22:09.9707082Z contrast:  BASE STABLE-FAIL -> CANDIDATE STABLE-PASS
2026-09-24T04:22:09.9707310Z 
2026-09-24T04:22:09.9707449Z WITNESSED         +1/-1  calc.py hunk 1/1  [stable-fail]
2026-09-24T04:22:09.9707665Z 
2026-09-24T04:22:09.9707797Z summary: 1 witnessed, 0 unwitnessed, 0 inconclusive
2026-09-24T04:22:09.9708121Z core:    1 minimal sufficient set(s) of 1 hunk(s)
2026-09-24T04:22:09.9708425Z cert:    dw2_81ec8be81dd897c5b128
2026-09-24T04:22:09.9708711Z DiffWitness Gate accepted (dw2_81ec8be81dd897c5b128)
2026-09-24T04:22:09.9709596Z Project continuity: 2 new change event(s) · dwchg_5d3bde0f2936492b4ecd359b
2026-09-24T04:22:10.1794981Z DiffWitness Guard armed at f94dc4b090cb
2026-09-24T04:22:10.1797756Z Agent:    /opt/hostedtoolcache/Python/3.11.16/x64/bin/python -c from pathlib import Path; Path('calc.py').write_text('def add(a, b):\n    return a + b\n', encoding='utf-8'); Path('tests').mkdir(exist_ok=True); Path('tests/test_calc.py').write_text("import unittest\nfrom calc import add\n\nclass T(unittest.TestCase):\n    def test_add(self):\n        self.assertEqual(add(2, 3), 5)\n", encoding='utf-8')
2026-09-24T04:22:10.1800706Z Policy:   strict
2026-09-24T04:22:10.1801104Z Strategy: auto
2026-09-24T04:22:10.1801501Z Proof budget: 900s after agent exit
2026-09-24T04:22:10.1801839Z 
2026-09-24T04:22:10.1803075Z DiffWitness Gate: causal contrast proven; exhaustive strategy for 1 production mutation(s) under strict policy (899.9s proof budget remaining)
2026-09-24T04:22:10.5287431Z ok
2026-09-24T04:22:10.5415016Z test_public_guard_preserves_agent_failure_code_without_claiming_proof (test_guard.PublicGuardTests.test_public_guard_preserves_agent_failure_code_without_claiming_proof) ... DiffWitness 0.4.0a1 - counterfactual patch evidence
2026-09-24T04:22:10.5416028Z repo:      /tmp/tmpiav2h04o
2026-09-24T04:22:10.5416408Z base:      f94dc4b090cb767b43b16cfcd4cdc8fa73347948 (f94dc4b090cb)
2026-09-24T04:22:10.5416859Z candidate: 87dd8f47df74529d4b4c491d0fc896badf2e4610 (87dd8f47df74)
2026-09-24T04:22:10.5417407Z evidence:  "/opt/hostedtoolcache/Python/3.11.16/x64/bin/python" -m unittest discover -s tests -q
2026-09-24T04:22:10.5417887Z stability: 1 run(s) per variant
2026-09-24T04:22:10.5418152Z budget:    899.869s total; 300s per command
2026-09-24T04:22:10.5418484Z changes:   1 analyzed mutation(s); 1 changed test file(s)
2026-09-24T04:22:10.5418726Z 
2026-09-24T04:22:10.5419181Z contrast:  BASE STABLE-FAIL -> CANDIDATE STABLE-PASS
2026-09-24T04:22:10.5419431Z 
2026-09-24T04:22:10.5419587Z WITNESSED         +1/-1  calc.py hunk 1/1  [stable-fail]
2026-09-24T04:22:10.5419808Z 
2026-09-24T04:22:10.5419944Z summary: 1 witnessed, 0 unwitnessed, 0 inconclusive
2026-09-24T04:22:10.5420277Z core:    1 minimal sufficient set(s) of 1 hunk(s)
2026-09-24T04:22:10.5420579Z cert:    dw2_a4301270e868e1189d12
2026-09-24T04:22:10.5421113Z DiffWitness Gate accepted (dw2_a4301270e868e1189d12)
2026-09-24T04:22:10.5421341Z 
2026-09-24T04:22:10.5421441Z DiffWitness Guard: PROOF ACCEPTED
2026-09-24T04:22:10.5421618Z 
2026-09-24T04:22:10.5421708Z CHANGE DEBT
2026-09-24T04:22:10.5421917Z +0 point(s) / 0 obligation(s)
2026-09-24T04:22:10.5422436Z Debt budget: PASS — projected total 0; new 0
2026-09-24T04:22:10.5422771Z Debt Ledger: +0 introduced, 0 reopened, 0 refreshed
2026-09-24T04:22:10.5423228Z IdleProof explanation: /tmp/tmpiav2h04o/.git/diffwitness/idleproof-explanation.json
2026-09-24T04:22:10.5423777Z Change envelope: /tmp/tmpiav2h04o/.git/diffwitness/change-envelope.json
2026-09-24T04:22:10.5424347Z Project continuity: 3 new change event(s) · dwchg_00484b07df7a2dd1b0e636a0
2026-09-24T04:22:10.5670361Z DiffWitness Guard: agent exited with code 7; proof was not attempted.
2026-09-24T04:22:10.5743717Z ok
2026-09-24T04:22:10.5876282Z test_guard_records_agent_provenance_after_proof (test_guard_debt.GuardDebtTests.test_guard_records_agent_provenance_after_proof) ... DiffWitness Guard armed at 584b12af994c
2026-09-24T04:22:10.5877921Z Agent:    /opt/hostedtoolcache/Python/3.11.16/x64/bin/python -c raise SystemExit(7)
2026-09-24T04:22:10.5878679Z Policy:   config/default
2026-09-24T04:22:10.5879333Z Strategy: config/default
2026-09-24T04:22:10.5879751Z Proof budget: 900s after agent exit
2026-09-24T04:22:10.5880062Z 
2026-09-24T04:22:10.7989451Z DiffWitness Guard armed at c13ce7c7b143
2026-09-24T04:22:10.7991359Z Agent:    /opt/hostedtoolcache/Python/3.11.16/x64/bin/python -c from pathlib import Path; p=Path('auth/session.py'); p.write_text('def add(a, b):\n    return a + b\n', encoding='utf-8'); t=Path('tests/test_session.py'); t.parent.mkdir(exist_ok=True); t.write_text("import unittest\nfrom auth.session import add\n\nclass T(unittest.TestCase):\n    def test_add(self):\n        self.assertEqual(add(2, 3), 5)\n", encoding='utf-8')
2026-09-24T04:22:10.7992917Z Policy:   strict
2026-09-24T04:22:10.7993151Z Strategy: config/default
2026-09-24T04:22:10.7993410Z Proof budget: 900s after agent exit
2026-09-24T04:22:10.7993593Z 
2026-09-24T04:22:10.7994045Z DiffWitness Gate: causal contrast proven; exhaustive strategy for 1 production mutation(s) under strict policy (899.9s proof budget remaining)
2026-09-24T04:22:11.1869949Z ok
2026-09-24T04:22:11.2003283Z test_guard_rejects_over_budget_patch_without_admitting_rejected_debt (test_guard_debt.GuardDebtTests.test_guard_rejects_over_budget_patch_without_admitting_rejected_debt) ... DiffWitness 0.4.0a1 - counterfactual patch evidence
2026-09-24T04:22:11.2004702Z repo:      /tmp/tmpme_zv32n
2026-09-24T04:22:11.2005658Z base:      c13ce7c7b1437da2a8a5ea31504a644291dcaeab (c13ce7c7b143)
2026-09-24T04:22:11.2006229Z candidate: d04b96d64685fe92c9530140f6679db19bc91eee (d04b96d64685)
2026-09-24T04:22:11.2006870Z evidence:  "/opt/hostedtoolcache/Python/3.11.16/x64/bin/python" -m unittest discover -s tests -q
2026-09-24T04:22:11.2007424Z stability: 1 run(s) per variant
2026-09-24T04:22:11.2007741Z budget:    899.859s total; 300s per command
2026-09-24T04:22:11.2008137Z changes:   1 analyzed mutation(s); 1 changed test file(s)
2026-09-24T04:22:11.2008426Z 
2026-09-24T04:22:11.2009191Z contrast:  BASE STABLE-FAIL -> CANDIDATE STABLE-PASS
2026-09-24T04:22:11.2009590Z 
2026-09-24T04:22:11.2009864Z WITNESSED         +1/-1  auth/session.py hunk 1/1  [stable-fail]
2026-09-24T04:22:11.2010277Z 
2026-09-24T04:22:11.2010492Z summary: 1 witnessed, 0 unwitnessed, 0 inconclusive
2026-09-24T04:22:11.2010924Z core:    1 minimal sufficient set(s) of 1 hunk(s)
2026-09-24T04:22:11.2011256Z cert:    dw2_5c27871261447b3eb23b
2026-09-24T04:22:11.2011563Z DiffWitness Gate accepted (dw2_5c27871261447b3eb23b)
2026-09-24T04:22:11.2011800Z 
2026-09-24T04:22:11.2011906Z DiffWitness Guard: PROOF ACCEPTED
2026-09-24T04:22:11.2012090Z 
2026-09-24T04:22:11.2012191Z CHANGE DEBT
2026-09-24T04:22:11.2012401Z +1 point(s) / 1 obligation(s)
2026-09-24T04:22:11.2012660Z   security           +1
2026-09-24T04:22:11.2013478Z   DW-F90AD233C569 +1 security/heuristic — Security-sensitive surface changed
2026-09-24T04:22:11.2013965Z Debt budget: PASS — projected total 1; new 1
2026-09-24T04:22:11.2014289Z Debt Ledger: +1 introduced, 0 reopened, 0 refreshed
2026-09-24T04:22:11.2014951Z IdleProof explanation: /tmp/tmpme_zv32n/.git/diffwitness/idleproof-explanation.json
2026-09-24T04:22:11.2015505Z Change envelope: /tmp/tmpme_zv32n/.git/diffwitness/change-envelope.json
2026-09-24T04:22:11.2016124Z Project continuity: 4 new change event(s) · dwchg_b530884162303fadbbe39264
2026-09-24T04:22:11.2016982Z Project continuity: 1 Debt Ledger lifecycle event(s) projected
2026-09-24T04:22:11.4138293Z DiffWitness Guard armed at d4fe217b2aac
2026-09-24T04:22:11.4140298Z Agent:    /opt/hostedtoolcache/Python/3.11.16/x64/bin/python -c from pathlib import Path; p=Path('auth/session.py'); p.write_text('def add(a, b):\n    return a + b\n', encoding='utf-8'); t=Path('tests/test_session.py'); t.parent.mkdir(exist_ok=True); t.write_text("import unittest\nfrom auth.session import add\n\nclass T(unittest.TestCase):\n    def test_add(self):\n        self.assertEqual(add(2, 3), 5)\n", encoding='utf-8')
2026-09-24T04:22:11.4141862Z Policy:   strict
2026-09-24T04:22:11.4142085Z Strategy: config/default
2026-09-24T04:22:11.4142331Z Proof budget: 900s after agent exit
2026-09-24T04:22:11.4142516Z 
2026-09-24T04:22:11.4142950Z DiffWitness Gate: causal contrast proven; exhaustive strategy for 1 production mutation(s) under strict policy (899.9s proof budget remaining)
2026-09-24T04:22:11.7378326Z DiffWitness Guard: DEBT BUDGET REJECTED
2026-09-24T04:22:11.7728158Z ok
2026-09-24T04:22:11.7970412Z test_default_guided_root_help_is_a_bounded_onboarding_surface (test_ht001_guided_first_run.GuidedFirstRunDensityTests.test_default_guided_root_help_is_a_bounded_onboarding_surface) ... ok
2026-09-24T04:22:11.8127393Z test_french_guided_root_help_has_the_same_bounded_information_shape (test_ht001_guided_first_run.GuidedFirstRunDensityTests.test_french_guided_root_help_has_the_same_bounded_information_shape) ... ok
2026-09-24T04:22:11.8333789Z test_technical_help_keeps_the_complete_engineering_surface (test_ht001_guided_first_run.GuidedFirstRunDensityTests.test_technical_help_keeps_the_complete_engineering_surface) ... ok
2026-09-24T04:22:11.8355091Z test_default_guided_english_explains_how_to_reach_a_valid_doctor_context (test_ht002_doctor_outside_git.DoctorOutsideGitActionabilityTests.test_default_guided_english_explains_how_to_reach_a_valid_doctor_context) ... ok
2026-09-24T04:22:11.8375151Z test_guided_french_has_the_same_actionable_failure_shape (test_ht002_doctor_outside_git.DoctorOutsideGitActionabilityTests.test_guided_french_has_the_same_actionable_failure_shape) ... ok
2026-09-24T04:22:11.8394453Z test_json_outside_git_preserves_raw_failure_contract (test_ht002_doctor_outside_git.DoctorOutsideGitActionabilityTests.test_json_outside_git_preserves_raw_failure_contract) ... ok
2026-09-24T04:22:11.8406130Z test_other_git_failures_do_not_get_outside_repository_advice (test_ht002_doctor_outside_git.DoctorOutsideGitActionabilityTests.test_other_git_failures_do_not_get_outside_repository_advice) ... ok
2026-09-24T04:22:11.8426317Z test_technical_outside_git_still_fails_without_inventing_readiness (test_ht002_doctor_outside_git.DoctorOutsideGitActionabilityTests.test_technical_outside_git_still_fails_without_inventing_readiness) ... ok
2026-09-24T04:22:11.8428272Z test_every_diffwitness_owned_sidecar_diagnostic_has_a_guided_rendering (test_ht004_guided_vocabulary.HT004GuidedVocabularyTests.test_every_diffwitness_owned_sidecar_diagnostic_has_a_guided_rendering) ... ok
2026-09-24T04:22:12.3747412Z test_guided_setup_hides_internal_sidecar_term_without_changing_machine_or_technical_detail (test_ht004_guided_vocabulary.HT004GuidedVocabularyTests.test_guided_setup_hides_internal_sidecar_term_without_changing_machine_or_technical_detail) ... ok
2026-09-24T04:22:12.4641586Z test_idleproof_help_does_not_expose_internal_sidecar_architecture (test_ht004_guided_vocabulary.HT004GuidedVocabularyTests.test_idleproof_help_does_not_expose_internal_sidecar_architecture) ... ok
2026-09-24T04:22:12.5400946Z test_frontend_error_public_export_remains_available_on_demand (test_ht006_cli_startup.HT006CliStartupTests.test_frontend_error_public_export_remains_available_on_demand) ... ok
2026-09-24T04:22:12.5674923Z test_importing_public_entry_does_not_eagerly_load_full_frontend (test_ht006_cli_startup.HT006CliStartupTests.test_importing_public_entry_does_not_eagerly_load_full_frontend) ... ok
2026-09-24T04:22:12.5684016Z test_version_fast_path_does_not_run_git (test_ht006_cli_startup.HT006CliStartupTests.test_version_fast_path_does_not_run_git) ... ok
2026-09-24T04:22:12.5685569Z test_version_output_contract_remains_exact (test_ht006_cli_startup.HT006CliStartupTests.test_version_output_contract_remains_exact) ... ok
2026-09-24T04:22:12.5693674Z test_explicit_codex_setup_bounds_protect_scope_when_claude_is_detectable (test_ht007_provider_scope.HT007ProviderScopeQualificationTests.test_explicit_codex_setup_bounds_protect_scope_when_claude_is_detectable)
2026-09-24T04:22:13.3030904Z Public setup scope must win over broader provider auto-detection in Protect. ... ok
2026-09-24T04:22:14.5646188Z test_claude_hooks_use_exec_form_and_complete_native_change (test_human_blocker_regressions.HumanBlockerRegressionTests.test_claude_hooks_use_exec_form_and_complete_native_change) ... ok
2026-09-24T04:22:15.6211397Z test_manual_gate_persists_current_worktree_verification (test_human_blocker_regressions.HumanBlockerRegressionTests.test_manual_gate_persists_current_worktree_verification) ... ok
2026-09-24T04:22:15.6614331Z test_continuity_projection_failure_is_durable_degradation_and_recovery_clears_it (test_ide_handoff_fail_closed.IdeHandoffFailClosedTests.test_continuity_projection_failure_is_durable_degradation_and_recovery_clears_it) ... ok
2026-09-24T04:22:15.6627516Z test_exhausted_continuation_budget_never_becomes_approval (test_ide_handoff_fail_closed.IdeHandoffFailClosedTests.test_exhausted_continuation_budget_never_becomes_approval) ... ok
2026-09-24T04:22:15.6795505Z test_missing_or_invalid_native_start_capture_terminates_unverified_without_a_loop (test_ide_handoff_fail_closed.IdeHandoffFailClosedTests.test_missing_or_invalid_native_start_capture_terminates_unverified_without_a_loop) ... ok
2026-09-24T04:22:15.6801081Z test_session_model_receives_evidence_first_policy_and_optional_soul (test_idleproof_agent_session.IdleProofAgentSessionTests.test_session_model_receives_evidence_first_policy_and_optional_soul) ... ok
2026-09-24T04:22:15.6803936Z test_session_policy_does_not_require_soul_or_any_provider (test_idleproof_agent_session.IdleProofAgentSessionTests.test_session_policy_does_not_require_soul_or_any_provider) ... ok
2026-09-24T04:22:15.7165014Z test_authoritative_proof_path_has_no_model_or_http_client_dependency (test_idleproof_architecture_invariants.IdleProofArchitectureInvariantTests.test_authoritative_proof_path_has_no_model_or_http_client_dependency) ... ok
2026-09-24T04:22:15.7167262Z test_guard_may_emit_deterministic_idleproof_but_not_call_optional_inference (test_idleproof_architecture_invariants.IdleProofArchitectureInvariantTests.test_guard_may_emit_deterministic_idleproof_but_not_call_optional_inference) ... ok
2026-09-24T04:22:16.1121742Z test_optional_user_inference_never_flows_back_into_proof_debt_or_continuity_modules (test_idleproof_architecture_invariants.IdleProofArchitectureInvariantTests.test_optional_user_inference_never_flows_back_into_proof_debt_or_continuity_modules) ... ok
2026-09-24T04:22:16.1125506Z test_user_owned_cache_stays_in_git_metadata_not_project_source (test_idleproof_architecture_invariants.IdleProofArchitectureInvariantTests.test_user_owned_cache_stays_in_git_metadata_not_project_source) ... ok
2026-09-24T04:22:16.1127918Z test_binary_change_is_explained_conservatively (test_idleproof_explanation.DeterministicExplanationTests.test_binary_change_is_explained_conservatively) ... ok
2026-09-24T04:22:16.1130145Z test_empty_change_still_has_an_explicit_result (test_idleproof_explanation.DeterministicExplanationTests.test_empty_change_still_has_an_explicit_result) ... ok
2026-09-24T04:22:16.1132775Z test_heuristic_sensor_never_becomes_a_verified_fact (test_idleproof_explanation.DeterministicExplanationTests.test_heuristic_sensor_never_becomes_a_verified_fact) ... ok
2026-09-24T04:22:16.1134744Z test_renderer_is_useful_without_network_or_llm (test_idleproof_explanation.DeterministicExplanationTests.test_renderer_is_useful_without_network_or_llm) ... ok
2026-09-24T04:22:16.1136178Z test_unaccepted_proof_is_never_described_as_proven (test_idleproof_explanation.DeterministicExplanationTests.test_unaccepted_proof_is_never_described_as_proven) ... ok
2026-09-24T04:22:16.1137235Z test_builder_quota_is_exactly_500 (test_idleproof_explanation.ManagedInferencePolicyTests.test_builder_quota_is_exactly_500) ... ok
2026-09-24T04:22:16.1138449Z test_free_alpha_and_unknown_plans_can_never_use_diffwitness_managed_inference (test_idleproof_explanation.ManagedInferencePolicyTests.test_free_alpha_and_unknown_plans_can_never_use_diffwitness_managed_inference) ... ok
2026-09-24T04:22:16.1140512Z test_managed_quota_exhaustion_falls_back_to_deterministic_not_another_paid_route (test_idleproof_explanation.ManagedInferencePolicyTests.test_managed_quota_exhaustion_falls_back_to_deterministic_not_another_paid_route) ... ok
2026-09-24T04:22:16.1142150Z test_pro_quota_is_exactly_1200 (test_idleproof_explanation.ManagedInferencePolicyTests.test_pro_quota_is_exactly_1200) ... ok
2026-09-24T04:22:16.1143196Z test_team_and_enterprise_are_finite_in_shared_policy (test_idleproof_explanation.ManagedInferencePolicyTests.test_team_and_enterprise_are_finite_in_shared_policy) ... ok
2026-09-24T04:22:16.1144345Z test_user_owned_compute_remains_available_on_free (test_idleproof_explanation.ManagedInferencePolicyTests.test_user_owned_compute_remains_available_on_free) ... ok
2026-09-24T04:22:16.1145493Z test_llm_context_contains_only_bounded_facts_and_style (test_idleproof_explanation.SoulAndLlmContextTests.test_llm_context_contains_only_bounded_facts_and_style) ... ok
2026-09-24T04:22:16.1146550Z test_local_soul_is_style_only_and_bounded (test_idleproof_explanation.SoulAndLlmContextTests.test_local_soul_is_style_only_and_bounded) ... ok
2026-09-24T04:22:16.1865316Z test_historical_accepted_proof_cannot_claim_drifted_worktree_is_verified (test_idleproof_freshness.IdleProofFreshnessTests.test_historical_accepted_proof_cannot_claim_drifted_worktree_is_verified) ... ok
2026-09-24T04:22:16.2062081Z test_snapshot_omits_invalid_local_protection_projection (test_idleproof_protect_projection.IdleProofProtectProjectionTests.test_snapshot_omits_invalid_local_protection_projection) ... ok
2026-09-24T04:22:16.2253098Z test_snapshot_projects_only_bounded_aggregate_protection (test_idleproof_protect_projection.IdleProofProtectProjectionTests.test_snapshot_projects_only_bounded_aggregate_protection) ... ok
2026-09-24T04:22:16.2466828Z test_auto_installs_only_detected_project_providers (test_idleproof_sidecar.IntegrationTests.test_auto_installs_only_detected_project_providers) ... ok
2026-09-24T04:22:16.2616637Z test_auto_without_a_detected_provider_is_actionable_and_non_mutating (test_idleproof_sidecar.IntegrationTests.test_auto_without_a_detected_provider_is_actionable_and_non_mutating) ... ok
2026-09-24T04:22:16.2831902Z test_install_migrates_provider_neutral_hooks_without_double_execution (test_idleproof_sidecar.IntegrationTests.test_install_migrates_provider_neutral_hooks_without_double_execution) ... ok
2026-09-24T04:22:16.3109095Z test_install_status_and_uninstall_are_non_destructive (test_idleproof_sidecar.IntegrationTests.test_install_status_and_uninstall_are_non_destructive) ... ok
2026-09-24T04:22:16.3302396Z test_local_project_identity_is_stable_and_repo_bound (test_idleproof_sidecar.IntegrationTests.test_local_project_identity_is_stable_and_repo_bound) ... ok
2026-09-24T04:22:16.3443619Z test_assurance_bridge_rejects_envelope_that_violates_privacy_boundary (test_idleproof_sidecar.PortalSidecarTests.test_assurance_bridge_rejects_envelope_that_violates_privacy_boundary) ... ok
2026-09-24T04:22:16.3701677Z test_dry_run_needs_no_token_and_exposes_bounded_snapshot (test_idleproof_sidecar.PortalSidecarTests.test_dry_run_needs_no_token_and_exposes_bounded_snapshot) ... ok
2026-09-24T04:22:16.3876447Z test_endpoint_policy_and_token_is_never_persisted (test_idleproof_sidecar.PortalSidecarTests.test_endpoint_policy_and_token_is_never_persisted) ... ok
2026-09-24T04:22:16.9320712Z test_real_local_http_sync_sends_only_bounded_snapshot_and_uses_env_token (test_idleproof_sidecar.PortalSidecarTests.test_real_local_http_sync_sends_only_bounded_snapshot_and_uses_env_token) ... ok
2026-09-24T04:22:16.9574965Z test_snapshot_is_bounded_deterministic_and_preserves_inconclusive_proof (test_idleproof_sidecar.PortalSidecarTests.test_snapshot_is_bounded_deterministic_and_preserves_inconclusive_proof) ... ok
2026-09-24T04:22:16.9866030Z test_tracked_soul_remains_part_of_the_software_tree (test_idleproof_soul_snapshot.IdleProofSoulSnapshotTests.test_tracked_soul_remains_part_of_the_software_tree) ... ok
2026-09-24T04:22:17.0066805Z test_untracked_soul_preferences_do_not_change_candidate_tree (test_idleproof_soul_snapshot.IdleProofSoulSnapshotTests.test_untracked_soul_preferences_do_not_change_candidate_tree) ... ok
2026-09-24T04:22:17.0068720Z test_api_key_cannot_be_sent_over_plain_http_except_loopback (test_idleproof_user_inference.IdleProofUserInferenceTests.test_api_key_cannot_be_sent_over_plain_http_except_loopback) ... ok
2026-09-24T04:22:17.0237753Z test_cache_is_content_addressed_by_context_endpoint_and_model (test_idleproof_user_inference.IdleProofUserInferenceTests.test_cache_is_content_addressed_by_context_endpoint_and_model) ... ok
2026-09-24T04:22:17.0520023Z test_default_dw_explain_never_builds_a_network_opener (test_idleproof_user_inference.IdleProofUserInferenceTests.test_default_dw_explain_never_builds_a_network_opener) ... ok
2026-09-24T04:22:17.0521822Z test_human_output_always_shows_deterministic_original_before_labelled_ai_wording (test_idleproof_user_inference.IdleProofUserInferenceTests.test_human_output_always_shows_deterministic_original_before_labelled_ai_wording) ... ok
2026-09-24T04:22:17.0897888Z test_managed_engine_is_impossible_from_oss_cli_and_falls_back (test_idleproof_user_inference.IdleProofUserInferenceTests.test_managed_engine_is_impossible_from_oss_cli_and_falls_back) ... ok
2026-09-24T04:22:17.1397250Z test_openrouter_uses_only_user_key_and_cache_prevents_second_provider_call (test_idleproof_user_inference.IdleProofUserInferenceTests.test_openrouter_uses_only_user_key_and_cache_prevents_second_provider_call) ... ok
2026-09-24T04:22:17.1403126Z test_provider_control_characters_are_neutralized_before_display_or_cache (test_idleproof_user_inference.IdleProofUserInferenceTests.test_provider_control_characters_are_neutralized_before_display_or_cache) ... ok
2026-09-24T04:22:17.1408194Z test_slots_presentation_units_serialize_and_provider_rewrites_only_existing_ids (test_idleproof_user_inference.IdleProofUserInferenceTests.test_slots_presentation_units_serialize_and_provider_rewrites_only_existing_ids) ... ok
2026-09-24T04:22:18.9403763Z test_minimal_sufficient_core_and_surplus_hunk (test_integration.IntegrationTests.test_minimal_sufficient_core_and_surplus_hunk) ... ok
2026-09-24T04:22:19.4665172Z test_mutual_backup_pair_is_detected (test_integration.IntegrationTests.test_mutual_backup_pair_is_detected) ... ok
2026-09-24T04:22:19.4991826Z test_snapshot_ignores_untracked_runtime_caches_but_keeps_untracked_source (test_integration.IntegrationTests.test_snapshot_ignores_untracked_runtime_caches_but_keeps_untracked_source) ... ok
2026-09-24T04:22:19.5270009Z test_tracked_cache_named_file_is_never_silently_hidden (test_integration.IntegrationTests.test_tracked_cache_named_file_is_never_silently_hidden) ... ok
2026-09-24T04:22:19.5521523Z test_worktree_snapshot_does_not_require_persistent_git_identity (test_integration.IntegrationTests.test_worktree_snapshot_does_not_require_persistent_git_identity) ... ok
2026-09-24T04:22:19.6933538Z test_explicit_french_and_precedence_preserve_view_and_never_leak (test_language.LanguageTests.test_explicit_french_and_precedence_preserve_view_and_never_leak) ... ok
2026-09-24T04:22:19.9340835Z test_french_environment_defaults_to_english_without_persisting_language (test_language.LanguageTests.test_french_environment_defaults_to_english_without_persisting_language) ... ok
2026-09-24T04:22:20.6585686Z test_french_human_surfaces_and_json_are_language_and_view_invariant (test_language.LanguageTests.test_french_human_surfaces_and_json_are_language_and_view_invariant) ... ok
2026-09-24T04:22:20.6662345Z test_invalid_choice_and_missing_repo_do_not_save_or_leak (test_language.LanguageTests.test_invalid_choice_and_missing_repo_do_not_save_or_leak) ... ok
2026-09-24T04:22:20.6776814Z test_native_protocol_and_agent_arguments_do_not_inherit_ui_language (test_language.LanguageTests.test_native_protocol_and_agent_arguments_do_not_inherit_ui_language) ... ok
2026-09-24T04:22:21.0263497Z test_same_executed_evidence_produces_identical_certificates_in_both_languages (test_language.LanguageTests.test_same_executed_evidence_produces_identical_certificates_in_both_languages) ... ok
2026-09-24T04:22:21.0322341Z test_event_sourced_lifecycle_and_reopen (test_ledger.LedgerTests.test_event_sourced_lifecycle_and_reopen) ... ok
2026-09-24T04:22:21.0346026Z test_hash_valid_but_invalid_transition_fails_closed (test_ledger.LedgerTests.test_hash_valid_but_invalid_transition_fails_closed) ... ok
2026-09-24T04:22:21.0392060Z test_project_reconciliation_only_closes_project_rules (test_ledger.LedgerTests.test_project_reconciliation_only_closes_project_rules) ... ok
2026-09-24T04:22:21.0393311Z test_semantic_identity_mismatch_fails_closed_on_load (test_ledger.LedgerTests.test_semantic_identity_mismatch_fails_closed_on_load)
2026-09-24T04:22:21.0412875Z A hash-valid imported event cannot relabel a signal under another DW id. ... ok
2026-09-24T04:22:21.0489640Z test_stale_accept_cannot_accept_debt_resolved_by_another_process (test_ledger.LedgerTests.test_stale_accept_cannot_accept_debt_resolved_by_another_process) ... ok
2026-09-24T04:22:21.0490948Z test_stale_instances_append_without_losing_events (test_ledger.LedgerTests.test_stale_instances_append_without_losing_events)
2026-09-24T04:22:21.0528043Z Two agents that loaded the same ledger must not overwrite each other. ... ok
2026-09-24T04:22:21.0529301Z test_stale_instances_do_not_double_introduce_same_debt (test_ledger.LedgerTests.test_stale_instances_do_not_double_introduce_same_debt)
2026-09-24T04:22:21.0555534Z The state decision and append must share the same lock, not only the disk write. ... ok
2026-09-24T04:22:21.0580664Z test_stale_persist_cannot_overwrite_newer_history (test_ledger.LedgerTests.test_stale_persist_cannot_overwrite_newer_history) ... ok
2026-09-24T04:22:21.0599830Z test_tampering_breaks_integrity (test_ledger.LedgerTests.test_tampering_breaks_integrity) ... ok
2026-09-24T04:22:21.0603522Z test_unknown_event_type_is_rejected (test_ledger.LedgerTests.test_unknown_event_type_is_rejected) ... ok
2026-09-24T04:22:21.1319619Z test_checkpoint_and_status_are_exposed_through_dw (test_ledger_cli.LedgerCliTests.test_checkpoint_and_status_are_exposed_through_dw) ... ok
2026-09-24T04:22:21.1444254Z test_missing_remote_is_reported_as_cli_error_not_traceback (test_ledger_cli.LedgerCliTests.test_missing_remote_is_reported_as_cli_error_not_traceback) ... DiffWitness 0.4.0a1 - counterfactual patch evidence
2026-09-24T04:22:21.1446003Z repo:      /tmp/tmphmd36obb
2026-09-24T04:22:21.1446533Z base:      d4fe217b2aacebd11263b7024e4b5f259d5b26b1 (d4fe217b2aac)
2026-09-24T04:22:21.1447144Z candidate: f160a00c7ac8ae9766747c0038e52afe2ad2afaf (f160a00c7ac8)
2026-09-24T04:22:21.1448056Z evidence:  "/opt/hostedtoolcache/Python/3.11.16/x64/bin/python" -m unittest discover -s tests -q
2026-09-24T04:22:21.1448549Z stability: 1 run(s) per variant
2026-09-24T04:22:21.1449117Z budget:    899.858s total; 300s per command
2026-09-24T04:22:21.1449466Z changes:   1 analyzed mutation(s); 1 changed test file(s)
2026-09-24T04:22:21.1449703Z 
2026-09-24T04:22:21.1450129Z contrast:  BASE STABLE-FAIL -> CANDIDATE STABLE-PASS
2026-09-24T04:22:21.1450364Z 
2026-09-24T04:22:21.1450522Z WITNESSED         +1/-1  auth/session.py hunk 1/1  [stable-fail]
2026-09-24T04:22:21.1450775Z 
2026-09-24T04:22:21.1450907Z summary: 1 witnessed, 0 unwitnessed, 0 inconclusive
2026-09-24T04:22:21.1451246Z core:    1 minimal sufficient set(s) of 1 hunk(s)
2026-09-24T04:22:21.1451540Z cert:    dw2_cb2c09a8373cde410f04
2026-09-24T04:22:21.1451830Z DiffWitness Gate accepted (dw2_cb2c09a8373cde410f04)
2026-09-24T04:22:21.1452043Z 
2026-09-24T04:22:21.1452149Z DiffWitness Guard: PROOF ACCEPTED
2026-09-24T04:22:21.1452326Z 
2026-09-24T04:22:21.1452404Z CHANGE DEBT
2026-09-24T04:22:21.1452598Z +1 point(s) / 1 obligation(s)
2026-09-24T04:22:21.1452831Z   security           +1
2026-09-24T04:22:21.1453430Z   DW-F90AD233C569 +1 security/heuristic — Security-sensitive surface changed
2026-09-24T04:22:21.1453913Z Debt budget: EXCEEDED — projected total 1; new 1
2026-09-24T04:22:21.1454227Z   ! new debt 1 exceeds per-change budget 0
2026-09-24T04:22:21.1454590Z Debt Ledger: rejected change was not admitted to the durable ledger.
2026-09-24T04:22:21.1455091Z IdleProof explanation: /tmp/tmphmd36obb/.git/diffwitness/idleproof-explanation.json
2026-09-24T04:22:21.1455610Z Change envelope: /tmp/tmphmd36obb/.git/diffwitness/change-envelope.json
2026-09-24T04:22:21.1456286Z Project continuity: 4 new change event(s) · dwchg_ab934a2016c430c308c0bbeb
2026-09-24T04:22:21.1667845Z ok
2026-09-24T04:22:21.1673407Z test_non_object_jsonl_record_fails_closed (test_ledger_corruption.LedgerCorruptionTests.test_non_object_jsonl_record_fails_closed) ... ok
2026-09-24T04:22:21.1695647Z test_truncated_jsonl_tail_fails_closed_and_is_not_repaired_silently (test_ledger_corruption.LedgerCorruptionTests.test_truncated_jsonl_tail_fails_closed_and_is_not_repaired_silently) ... ok
2026-09-24T04:22:21.2174824Z test_checkpoint_history_is_fast_forward_only (test_ledger_transport.LedgerTransportTests.test_checkpoint_history_is_fast_forward_only) ... ok
2026-09-24T04:22:21.2493922Z test_checkpoint_is_idempotent_for_unchanged_ledger (test_ledger_transport.LedgerTransportTests.test_checkpoint_is_idempotent_for_unchanged_ledger) ... ok
2026-09-24T04:22:21.2855860Z test_checkpoint_restores_into_empty_clone_state_without_touching_head (test_ledger_transport.LedgerTransportTests.test_checkpoint_restores_into_empty_clone_state_without_touching_head) ... ok
2026-09-24T04:22:21.3146274Z test_checkpoint_tree_and_blob_are_platform_canonical (test_ledger_transport.LedgerTransportTests.test_checkpoint_tree_and_blob_are_platform_canonical) ... ok
2026-09-24T04:22:21.4135816Z test_missing_remote_ref_cannot_reuse_stale_tracking_ref (test_ledger_transport.LedgerTransportTests.test_missing_remote_ref_cannot_reuse_stale_tracking_ref) ... ok
2026-09-24T04:22:21.5749576Z test_remote_concurrent_update_never_force_overwrites (test_ledger_transport.LedgerTransportTests.test_remote_concurrent_update_never_force_overwrites) ... ok
2026-09-24T04:22:21.6635705Z test_remote_push_and_fresh_pull_round_trip (test_ledger_transport.LedgerTransportTests.test_remote_push_and_fresh_pull_round_trip) ... ok
2026-09-24T04:22:21.6992780Z test_exhausted_failed_proof_terminates_unverified (test_legacy_stop_contract.LegacyStopContractTests.test_exhausted_failed_proof_terminates_unverified) ... ok
2026-09-24T04:22:21.7206214Z test_missing_or_invalid_start_state_terminates_unverified_without_a_loop (test_legacy_stop_contract.LegacyStopContractTests.test_missing_or_invalid_start_state_terminates_unverified_without_a_loop) ... ok
2026-09-24T04:22:21.7484366Z test_no_change_success_omits_decision (test_legacy_stop_contract.LegacyStopContractTests.test_no_change_success_omits_decision) ... ok
2026-09-24T04:22:21.7486388Z test_payload_contract_reserves_decision_for_blocks (test_legacy_stop_contract.LegacyStopContractTests.test_payload_contract_reserves_decision_for_blocks) ... ok
2026-09-24T04:22:22.2100901Z test_native_proof_debt_understand_and_status_use_real_worktree_metadata (test_linked_worktree_product.LinkedWorktreeProductTests.test_native_proof_debt_understand_and_status_use_real_worktree_metadata) ... ok
2026-09-24T04:22:22.2303395Z test_damaged_or_duplicate_marker_blocks_fail_closed_without_rewriting_user_rules (test_local_git_state.LocalGitStateTests.test_damaged_or_duplicate_marker_blocks_fail_closed_without_rewriting_user_rules) ... ok
2026-09-24T04:22:22.2613391Z test_local_excludes_are_idempotent_preserve_user_rules_and_keep_tracked_files_visible (test_local_git_state.LocalGitStateTests.test_local_excludes_are_idempotent_preserve_user_rules_and_keep_tracked_files_visible) ... ok
2026-09-24T04:22:22.2800982Z test_setup_install_fails_before_sidecar_if_git_metadata_cannot_be_prepared (test_local_git_state.LocalGitStateTests.test_setup_install_fails_before_sidecar_if_git_metadata_cannot_be_prepared) ... ok
2026-09-24T04:22:22.3172979Z test_setup_install_prepares_local_excludes_before_sidecar_runs (test_local_git_state.LocalGitStateTests.test_setup_install_prepares_local_excludes_before_sidecar_runs) ... ok
2026-09-24T04:22:24.4059573Z test_all_kinds_nonascii_and_fr_en_keep_same_citations (test_memory_code.MemoryCodeTests.test_all_kinds_nonascii_and_fr_en_keep_same_citations) ... ok
2026-09-24T04:22:25.1454714Z test_code_drift_revalidation_keeps_authorities_and_index (test_memory_code.MemoryCodeTests.test_code_drift_revalidation_keeps_authorities_and_index) ... ok
2026-09-24T04:22:25.6994935Z test_deleted_and_explicitly_moved_reference (test_memory_code.MemoryCodeTests.test_deleted_and_explicitly_moved_reference) ... ok
2026-09-24T04:22:26.2697220Z test_deleted_role_can_be_explicitly_cleared_but_not_both_roles (test_memory_code.MemoryCodeTests.test_deleted_role_can_be_explicitly_cleared_but_not_both_roles) ... ok
2026-09-24T04:22:26.3643237Z test_forged_git_digest_cannot_be_reported_as_unchanged (test_memory_code.MemoryCodeTests.test_forged_git_digest_cannot_be_reported_as_unchanged) ... ok
2026-09-24T04:22:26.4979826Z test_forged_source_reference_rejected_on_all_readers (test_memory_code.MemoryCodeTests.test_forged_source_reference_rejected_on_all_readers) ... ok
2026-09-24T04:22:26.9986939Z test_invalid_selections_and_inactive_memory_do_not_append (test_memory_code.MemoryCodeTests.test_invalid_selections_and_inactive_memory_do_not_append) ... ok
2026-09-24T04:22:27.1794654Z test_missing_baseline_object_and_corrupt_bytes_fail_closed (test_memory_code.MemoryCodeTests.test_missing_baseline_object_and_corrupt_bytes_fail_closed) ... ok
2026-09-24T04:22:27.2618082Z test_schema_authority_and_subject_collision_rejected (test_memory_code.MemoryCodeTests.test_schema_authority_and_subject_collision_rejected) ... ok
2026-09-24T04:22:27.7604763Z test_stale_binding_and_memory_revision_fail_atomically (test_memory_code.MemoryCodeTests.test_stale_binding_and_memory_revision_fail_atomically) ... ok
2026-09-24T04:22:27.9570597Z test_types_and_budgets_fail_without_false_unchanged (test_memory_code.MemoryCodeTests.test_types_and_budgets_fail_without_false_unchanged) ... ok
2026-09-24T04:22:30.0012463Z test_all_four_kinds_confirm_retire_and_reconsider_preserve_assertion (test_memory_lifecycle.MemoryLifecycleTests.test_all_four_kinds_confirm_retire_and_reconsider_preserve_assertion) ... ok
2026-09-24T04:22:30.1458601Z test_confirmation_does_not_promote_or_replace_original_assertion_authority (test_memory_lifecycle.MemoryLifecycleTests.test_confirmation_does_not_promote_or_replace_original_assertion_authority) ... ok
2026-09-24T04:22:30.2830136Z test_hash_valid_invalid_revision_is_rejected_by_checkpoint_and_old_cache (test_memory_lifecycle.MemoryLifecycleTests.test_hash_valid_invalid_revision_is_rejected_by_checkpoint_and_old_cache) ... ok
2026-09-24T04:22:31.2774583Z test_installed_presentations_retain_failed_approaches_and_distinct_review_authority (test_memory_lifecycle.MemoryLifecycleTests.test_installed_presentations_retain_failed_approaches_and_distinct_review_authority) ... ok
2026-09-24T04:22:31.7953604Z test_invalid_replacements_and_unknown_kind_fail_without_partial_history (test_memory_lifecycle.MemoryLifecycleTests.test_invalid_replacements_and_unknown_kind_fail_without_partial_history) ... ok
2026-09-24T04:22:31.8387937Z test_profile_cannot_promote_judgment_or_smuggle_replacement_relations (test_memory_lifecycle.MemoryLifecycleTests.test_profile_cannot_promote_judgment_or_smuggle_replacement_relations) ... ok
2026-09-24T04:22:32.0411213Z test_public_redeclaration_of_managed_identity_is_a_controlled_rejection (test_memory_lifecycle.MemoryLifecycleTests.test_public_redeclaration_of_managed_identity_is_a_controlled_rejection) ... ok
2026-09-24T04:22:32.3617427Z test_rejected_memory_and_edges_do_not_seed_context_but_history_remains (test_memory_lifecycle.MemoryLifecycleTests.test_rejected_memory_and_edges_do_not_seed_context_but_history_remains) ... ok
2026-09-24T04:22:32.4911677Z test_stale_revision_is_rejected_atomically_and_source_cannot_be_overwritten (test_memory_lifecycle.MemoryLifecycleTests.test_stale_revision_is_rejected_atomically_and_source_cannot_be_overwritten) ... ok
2026-09-24T04:22:32.9311475Z test_supersession_is_immutable_and_bidirectional_with_exact_replacement_reference (test_memory_lifecycle.MemoryLifecycleTests.test_supersession_is_immutable_and_bidirectional_with_exact_replacement_reference) ... ok
2026-09-24T04:22:32.9587502Z test_codex_configuration_never_implies_provider_trust (test_native_activation.NativeActivationTests.test_codex_configuration_never_implies_provider_trust) ... ok
2026-09-24T04:22:33.2487695Z test_concurrent_provider_observations_do_not_lose_updates (test_native_activation.NativeActivationTests.test_concurrent_provider_observations_do_not_lose_updates) ... ok
2026-09-24T04:22:33.2824415Z test_linked_worktree_uses_real_git_metadata_and_keeps_activation_local (test_native_activation.NativeActivationTests.test_linked_worktree_uses_real_git_metadata_and_keeps_activation_local) ... ok
2026-09-24T04:22:33.3027487Z test_start_cause_cannot_be_mistaken_for_a_provider (test_native_activation.NativeActivationTests.test_start_cause_cannot_be_mistaken_for_a_provider) ... ok
2026-09-24T04:22:33.3285741Z test_successful_provider_session_start_records_real_observation (test_native_activation.NativeActivationTests.test_successful_provider_session_start_records_real_observation) ... ok
2026-09-24T04:22:33.3438175Z test_unknown_source_cannot_fabricate_native_provider_observation (test_native_activation.NativeActivationTests.test_unknown_source_cannot_fabricate_native_provider_observation) ... ok
2026-09-24T04:22:33.3909095Z test_native_prompt_context_never_tells_active_agent_to_launch_guard (test_native_hook_contracts.NativeHookContractTests.test_native_prompt_context_never_tells_active_agent_to_launch_guard) ... ok
2026-09-24T04:22:33.4315457Z test_native_prompt_without_session_start_does_not_spawn_fallback_agent (test_native_hook_contracts.NativeHookContractTests.test_native_prompt_without_session_start_does_not_spawn_fallback_agent) ... ok
2026-09-24T04:22:33.4317881Z test_stop_block_preserves_block_and_reason (test_native_hook_contracts.NativeHookContractTests.test_stop_block_preserves_block_and_reason) ... ok
2026-09-24T04:22:33.4319385Z test_stop_success_omits_unsupported_approve_decision (test_native_hook_contracts.NativeHookContractTests.test_stop_success_omits_unsupported_approve_decision) ... ok
2026-09-24T04:22:33.4321275Z test_terminal_stop_failure_never_requests_another_agent_turn (test_native_hook_contracts.NativeHookContractTests.test_terminal_stop_failure_never_requests_another_agent_turn) ... ok
2026-09-24T04:22:33.4838202Z test_committed_patch_round_trip_preserves_mixed_endings_and_utf8_context (test_native_patch_bytes.NativePatchBytesTests.test_committed_patch_round_trip_preserves_mixed_endings_and_utf8_context) ... ok
2026-09-24T04:22:34.9995072Z test_native_staged_unborn_counterfactual_uses_exact_lf_and_crlf_bytes (test_native_patch_bytes.NativePatchBytesTests.test_native_staged_unborn_counterfactual_uses_exact_lf_and_crlf_bytes) ... ok
2026-09-24T04:22:35.0221428Z test_a_new_scope_never_reuses_a_previous_git_resolution (test_native_prompt_resolution.NativeResolutionTests.test_a_new_scope_never_reuses_a_previous_git_resolution) ... ok
2026-09-24T04:22:35.0805371Z test_historical_corruption_between_prompts_cannot_reuse_advisory_memory (test_native_prompt_resolution.NativeResolutionTests.test_historical_corruption_between_prompts_cannot_reuse_advisory_memory) ... ok
2026-09-24T04:22:35.1017240Z test_linked_worktree_roots_are_distinct_but_journal_is_shared (test_native_prompt_resolution.NativeResolutionTests.test_linked_worktree_roots_are_distinct_but_journal_is_shared) ... Preparing worktree (detached HEAD 2389d3f)
2026-09-24T04:22:35.1133766Z ok
2026-09-24T04:22:35.1922692Z test_native_prompt_reuses_only_repository_paths_within_one_invocation (test_native_prompt_resolution.NativeResolutionTests.test_native_prompt_reuses_only_repository_paths_within_one_invocation) ... ok
2026-09-24T04:22:35.2217573Z test_scoped_paths_are_discarded_on_exit_and_exception (test_native_prompt_resolution.NativeResolutionTests.test_scoped_paths_are_discarded_on_exit_and_exception) ... ok
2026-09-24T04:22:41.2865731Z test_generated_hooks_complete_all_guided_and_technical_provider_journeys (test_native_setup_journeys.NativeSetupJourneyTests.test_generated_hooks_complete_all_guided_and_technical_provider_journeys) ... ok
2026-09-24T04:22:41.3008663Z test_invalid_bytes_are_not_reinterpreted_as_locale_text (test_native_utf8_protocol.NativeUtf8ProtocolTests.test_invalid_bytes_are_not_reinterpreted_as_locale_text) ... ok
2026-09-24T04:22:41.6538325Z test_real_adapters_ignore_locale_for_native_utf8_input_and_output (test_native_utf8_protocol.NativeUtf8ProtocolTests.test_real_adapters_ignore_locale_for_native_utf8_input_and_output) ... ok
2026-09-24T04:22:41.6540952Z test_text_streams_and_non_object_payloads_keep_existing_contract (test_native_utf8_protocol.NativeUtf8ProtocolTests.test_text_streams_and_non_object_payloads_keep_existing_contract) ... ok
2026-09-24T04:22:41.6758472Z test_nested_idleproof_and_agent_hook_state_are_not_software_changes (test_nested_idleproof_plumbing.NestedLocalToolArtifactsTests.test_nested_idleproof_and_agent_hook_state_are_not_software_changes) ... ok
2026-09-24T04:22:41.6761034Z test_distinct_invalid_bytes_are_rejected_before_identity (test_patch_encoding_boundary.PatchEncodingBoundaryTests.test_distinct_invalid_bytes_are_rejected_before_identity) ... ok
2026-09-24T04:22:41.7556723Z test_real_prove_rejects_non_utf8_before_analysis_or_outputs (test_patch_encoding_boundary.PatchEncodingBoundaryTests.test_real_prove_rejects_non_utf8_before_analysis_or_outputs) ... ok
2026-09-24T04:22:42.3562872Z test_utf8_prove_persists_certificate_and_exact_crlf_reduction (test_patch_encoding_boundary.PatchEncodingBoundaryTests.test_utf8_prove_persists_certificate_and_exact_crlf_reduction) ... ok
2026-09-24T04:22:42.3959655Z test_native_handoff_blocks_an_intact_but_canonically_unaccepted_proof_before_debt_or_continuity (test_plugin_context_hook.PluginContextHookTests.test_native_handoff_blocks_an_intact_but_canonically_unaccepted_proof_before_debt_or_continuity) ... ok
2026-09-24T04:22:43.2987956Z test_native_session_stop_converges_on_proof_debt_envelope_and_continuity_without_guard_wrapper (test_plugin_context_hook.PluginContextHookTests.test_native_session_stop_converges_on_proof_debt_envelope_and_continuity_without_guard_wrapper) ... ok
2026-09-24T04:22:43.3946785Z test_prompt_submit_fails_open_outside_git_repository (test_plugin_context_hook.PluginContextHookTests.test_prompt_submit_fails_open_outside_git_repository) ... ok
2026-09-24T04:22:43.5880754Z test_prompt_submit_injects_bounded_epistemic_context_without_persisting_prompt (test_plugin_context_hook.PluginContextHookTests.test_prompt_submit_injects_bounded_epistemic_context_without_persisting_prompt) ... ok
2026-09-24T04:22:43.7037007Z test_prompt_submit_without_text_is_noop (test_plugin_context_hook.PluginContextHookTests.test_prompt_submit_without_text_is_noop) ... ok
2026-09-24T04:22:43.7038993Z test_help_exposes_only_diffwitness_commands (test_portal_proxy.PortalProxyTests.test_help_exposes_only_diffwitness_commands) ... ok
2026-09-24T04:22:43.7048663Z test_local_git_exclude_failure_blocks_state_creating_commands (test_portal_proxy.PortalProxyTests.test_local_git_exclude_failure_blocks_state_creating_commands) ... ok
2026-09-24T04:22:43.7058233Z test_missing_sidecar_is_actionable (test_portal_proxy.PortalProxyTests.test_missing_sidecar_is_actionable) ... ok
2026-09-24T04:22:43.7071536Z test_proxy_forwards_argv_without_shell_or_token_rewriting (test_portal_proxy.PortalProxyTests.test_proxy_forwards_argv_without_shell_or_token_rewriting) ... ok
2026-09-24T04:22:43.7090386Z test_snapshot_is_local_and_does_not_require_sidecar_or_portal_config (test_portal_proxy.PortalProxyTests.test_snapshot_is_local_and_does_not_require_sidecar_or_portal_config) ... ok
2026-09-24T04:22:43.7099251Z test_snapshot_rejects_unknown_options_without_network_or_sidecar (test_portal_proxy.PortalProxyTests.test_snapshot_rejects_unknown_options_without_network_or_sidecar) ... ok
2026-09-24T04:22:43.7110723Z test_start_failure_does_not_expose_internal_sidecar_term (test_portal_proxy.PortalProxyTests.test_start_failure_does_not_expose_internal_sidecar_term) ... ok
2026-09-24T04:22:43.7112509Z test_unknown_sidecar_surface_is_rejected (test_portal_proxy.PortalProxyTests.test_unknown_sidecar_surface_is_rejected) ... ok
2026-09-24T04:22:43.7114047Z test_balanced_and_strict_policies_are_distinct (test_proof_cli.ProofCliTests.test_balanced_and_strict_policies_are_distinct) ... ok
2026-09-24T04:22:43.7193786Z test_doctor_explains_default_detection (test_proof_cli.ProofCliTests.test_doctor_explains_default_detection) ... ok
2026-09-24T04:22:43.9995739Z test_guard_adaptive_accepts_one_hunk_proven_fix (test_proof_cli.ProofCliTests.test_guard_adaptive_accepts_one_hunk_proven_fix) ... ok
2026-09-24T04:22:44.4056692Z test_guard_auto_routes_large_enough_patch_to_adaptive_and_rejects_surplus (test_proof_cli.ProofCliTests.test_guard_auto_routes_large_enough_patch_to_adaptive_and_rejects_surplus) ... 
2026-09-24T04:22:44.4057813Z DiffWitness Guard: PROOF REJECTED - Adaptive Core found 1 mutation(s) removable while preserving the selected stable evidence
2026-09-24T04:22:44.4077084Z ok
2026-09-24T04:22:44.4643813Z test_guard_captures_pre_agent_state_and_accepts_proven_fix (test_proof_cli.ProofCliTests.test_guard_captures_pre_agent_state_and_accepts_proven_fix) ... DiffWitness Guard armed at a02f3a842cb8
2026-09-24T04:22:44.4645646Z Evidence: "/opt/hostedtoolcache/Python/3.11.16/x64/bin/python" -m unittest discover -s tests -q
2026-09-24T04:22:44.4646452Z Policy:   strict
2026-09-24T04:22:44.4646800Z Strategy: adaptive
2026-09-24T04:22:44.4647170Z Budget:   900s proof wall clock
2026-09-24T04:22:44.4647455Z 
2026-09-24T04:22:44.4648067Z DiffWitness Guard selected adaptive proof for 1 production mutation(s).
2026-09-24T04:22:44.4649807Z DiffWitness Adaptive Core
2026-09-24T04:22:44.4650088Z contrast:    PROVEN
2026-09-24T04:22:44.4650305Z mutations:   1 original
2026-09-24T04:22:44.4650524Z core:        1 retained
2026-09-24T04:22:44.4650744Z removable:   0 observed removable
2026-09-24T04:22:44.4650987Z experiments: 1/40
2026-09-24T04:22:44.4651197Z 1-minimal:   yes
2026-09-24T04:22:44.4651410Z certificate: dwac1_259305cf98c696d0a75b
2026-09-24T04:22:44.4651596Z 
2026-09-24T04:22:44.4651671Z Causal core:
2026-09-24T04:22:44.4651866Z   KEEP    calc.py hunk 1/1
2026-09-24T04:22:44.4652015Z 
2026-09-24T04:22:44.4652183Z DiffWitness Guard: PROOF ACCEPTED (dwac1_259305cf98c696d0a75b)
2026-09-24T04:22:44.4652535Z DiffWitness Guard armed at ca617f90b53a
2026-09-24T04:22:44.4652986Z Evidence: "/opt/hostedtoolcache/Python/3.11.16/x64/bin/python" -m unittest discover -s tests -q
2026-09-24T04:22:44.4653437Z Policy:   balanced
2026-09-24T04:22:44.4653640Z Strategy: auto
2026-09-24T04:22:44.4653844Z Budget:   900s proof wall clock
2026-09-24T04:22:44.4654001Z 
2026-09-24T04:22:44.4654193Z DiffWitness Guard selected adaptive proof for 2 production mutation(s).
2026-09-24T04:22:44.4654570Z DiffWitness Adaptive Core
2026-09-24T04:22:44.4654793Z contrast:    PROVEN
2026-09-24T04:22:44.4654994Z mutations:   2 original
2026-09-24T04:22:44.4655384Z core:        1 retained
2026-09-24T04:22:44.4655599Z removable:   1 observed removable
2026-09-24T04:22:44.4655836Z experiments: 3/10
2026-09-24T04:22:44.4656027Z 1-minimal:   yes
2026-09-24T04:22:44.4656236Z certificate: dwac1_48093e53ba0a81d8ba51
2026-09-24T04:22:44.4656417Z 
2026-09-24T04:22:44.4656490Z Causal core:
2026-09-24T04:22:44.4656682Z   KEEP    calc.py hunk 1/2
2026-09-24T04:22:44.4656826Z 
2026-09-24T04:22:44.4656978Z Evidence-removable surface:
2026-09-24T04:22:44.4657602Z   REVIEW  calc.py hunk 2/2 — def add(a, b):
2026-09-24T04:22:44.4657913Z DiffWitness Guard armed at 3effdb6b7ad7
2026-09-24T04:22:44.4658392Z Evidence: "/opt/hostedtoolcache/Python/3.11.16/x64/bin/python" -m unittest discover -s tests -q
2026-09-24T04:22:44.4659201Z Policy:   strict
2026-09-24T04:22:44.4659414Z Strategy: auto
2026-09-24T04:22:44.4659619Z Budget:   900s proof wall clock
2026-09-24T04:22:44.4659776Z 
2026-09-24T04:22:44.4659991Z DiffWitness Guard selected exhaustive proof for 1 production mutation(s).
2026-09-24T04:22:44.7511628Z ok
2026-09-24T04:22:44.8103712Z test_guard_rejects_scope_creep_under_strict_policy (test_proof_cli.ProofCliTests.test_guard_rejects_scope_creep_under_strict_policy) ... DiffWitness 0.4.0a1 - counterfactual patch evidence
2026-09-24T04:22:44.8104563Z repo:      /tmp/tmpec_kb8yj
2026-09-24T04:22:44.8104897Z base:      3effdb6b7ad7cb786222faa35c16a76d53fbb5d0 (3effdb6b7ad7)
2026-09-24T04:22:44.8105339Z candidate: f08e06401f373f8bb7598492b4052e45f646ddc4 (f08e06401f37)
2026-09-24T04:22:44.8105869Z evidence:  "/opt/hostedtoolcache/Python/3.11.16/x64/bin/python" -m unittest discover -s tests -q
2026-09-24T04:22:44.8106364Z stability: 1 run(s) per variant
2026-09-24T04:22:44.8106616Z budget:    900s total; 300s per command
2026-09-24T04:22:44.8106937Z changes:   1 analyzed mutation(s); 1 changed test file(s)
2026-09-24T04:22:44.8107171Z 
2026-09-24T04:22:44.8107314Z contrast:  BASE STABLE-FAIL -> CANDIDATE STABLE-PASS
2026-09-24T04:22:44.8107532Z 
2026-09-24T04:22:44.8107679Z WITNESSED         +1/-1  calc.py hunk 1/1  [stable-fail]
2026-09-24T04:22:44.8107918Z 
2026-09-24T04:22:44.8108056Z summary: 1 witnessed, 0 unwitnessed, 0 inconclusive
2026-09-24T04:22:44.8108388Z core:    1 minimal sufficient set(s) of 1 hunk(s)
2026-09-24T04:22:44.8108679Z cert:    dw2_94200318a16f11465e3c
2026-09-24T04:22:44.8109146Z 
2026-09-24T04:22:44.8109312Z DiffWitness Guard: PROOF ACCEPTED (dw2_94200318a16f11465e3c)
2026-09-24T04:22:44.8109700Z DiffWitness Guard armed at ca617f90b53a
2026-09-24T04:22:44.8110160Z Evidence: "/opt/hostedtoolcache/Python/3.11.16/x64/bin/python" -m unittest discover -s tests -q
2026-09-24T04:22:44.8110813Z Policy:   strict
2026-09-24T04:22:44.8111021Z Strategy: auto
2026-09-24T04:22:44.8111228Z Budget:   900s proof wall clock
2026-09-24T04:22:44.8111387Z 
2026-09-24T04:22:44.8111587Z DiffWitness Guard selected exhaustive proof for 2 production mutation(s).
2026-09-24T04:22:45.2522760Z 
2026-09-24T04:22:45.2523718Z DiffWitness Guard: PROOF REJECTED - 1 strong surplus candidate hunk(s) were found
2026-09-24T04:22:45.2545905Z ok
2026-09-24T04:22:47.8077741Z test_all_real_public_producers_verify_then_feed_debt_unchanged (test_proof_debt_families.ProofDebtFamilyTests.test_all_real_public_producers_verify_then_feed_debt_unchanged) ... ok
2026-09-24T04:22:49.3302125Z test_binding_conflicts_and_unknown_schemas_are_refused_by_both_readers (test_proof_debt_families.ProofDebtFamilyTests.test_binding_conflicts_and_unknown_schemas_are_refused_by_both_readers) ... ok
2026-09-24T04:22:51.4385017Z test_wrong_base_is_refused_before_measurement_for_every_real_family (test_proof_debt_families.ProofDebtFamilyTests.test_wrong_base_is_refused_before_measurement_for_every_real_family) ... ok
2026-09-24T04:22:52.8865165Z test_reference_semantics_all_hold (test_proofbench.ProofBenchTests.test_reference_semantics_all_hold) ... ok
2026-09-24T04:22:52.9153864Z test_codex_requires_live_activation_then_becomes_ready_after_observed_hook (test_protect.ProtectTests.test_codex_requires_live_activation_then_becomes_ready_after_observed_hook) ... ok
2026-09-24T04:22:52.9481444Z test_codex_safe_live_hook_promotes_readiness_without_a_risk_finding (test_protect.ProtectTests.test_codex_safe_live_hook_promotes_readiness_without_a_risk_finding) ... ok
2026-09-24T04:22:52.9570812Z test_default_is_off_and_never_gates (test_protect.ProtectTests.test_default_is_off_and_never_gates) ... ok
2026-09-24T04:22:52.9690386Z test_external_harness_marker_delegates_without_force (test_protect.ProtectTests.test_external_harness_marker_delegates_without_force) ... ok
2026-09-24T04:22:52.9922348Z test_force_builtin_merges_and_disable_preserves_foreign_hooks (test_protect.ProtectTests.test_force_builtin_merges_and_disable_preserves_foreign_hooks) ... ok
2026-09-24T04:22:53.0062608Z test_no_detected_adapter_does_not_create_provider_scaffolds (test_protect.ProtectTests.test_no_detected_adapter_does_not_create_provider_scaffolds) ... ok
2026-09-24T04:22:53.0268013Z test_observe_policy_records_but_does_not_block (test_protect.ProtectTests.test_observe_policy_records_but_does_not_block) ... ok
2026-09-24T04:22:53.1931738Z test_parallel_first_codex_hooks_record_one_durable_activation (test_protect.ProtectTests.test_parallel_first_codex_hooks_record_one_durable_activation) ... ok
2026-09-24T04:22:53.3709445Z test_parallel_receipt_appends_preserve_one_valid_chain (test_protect.ProtectTests.test_parallel_receipt_appends_preserve_one_valid_chain) ... ok
2026-09-24T04:22:53.3910274Z test_post_tool_reports_invalid_json_as_observed (test_protect.ProtectTests.test_post_tool_reports_invalid_json_as_observed) ... ok
2026-09-24T04:22:53.4119086Z test_receipt_integrity_detects_tampering (test_protect.ProtectTests.test_receipt_integrity_detects_tampering) ... ok
2026-09-24T04:22:53.4310362Z test_secret_is_blocked_but_secret_value_is_not_persisted (test_protect.ProtectTests.test_secret_is_blocked_but_secret_value_is_not_persisted) ... ok
2026-09-24T04:22:53.4500263Z test_standard_blocks_destructive_git_without_recording_raw_command (test_protect.ProtectTests.test_standard_blocks_destructive_git_without_recording_raw_command) ... ok
2026-09-24T04:22:53.4570108Z test_status_is_bounded_and_contains_no_raw_agent_data (test_protect.ProtectTests.test_status_is_bounded_and_contains_no_raw_agent_data) ... ok
2026-09-24T04:22:53.4820878Z test_strict_dependency_install_blocks_on_current_codex_adapter (test_protect.ProtectTests.test_strict_dependency_install_blocks_on_current_codex_adapter) ... ok
2026-09-24T04:22:53.5069901Z test_strict_dependency_install_requests_confirmation_for_claude (test_protect.ProtectTests.test_strict_dependency_install_requests_confirmation_for_claude) ... ok
2026-09-24T04:22:53.5185787Z test_tampered_tail_cannot_be_silently_extended (test_protect.ProtectTests.test_tampered_tail_cannot_be_silently_extended) ... ok
2026-09-24T04:22:53.5381029Z test_write_outside_repository_is_blocked (test_protect.ProtectTests.test_write_outside_repository_is_blocked) ... ok
2026-09-24T04:22:53.5720151Z test_claude_protect_uses_exec_form_and_preserves_native_hooks (test_protect_claude_exec_hooks.ProtectClaudeExecHookTests.test_claude_protect_uses_exec_form_and_preserves_native_hooks) ... ok
2026-09-24T04:22:53.5943695Z test_dry_run_clean_is_not_misclassified_as_forced (test_protect_command_normalization.ProtectCommandNormalizationTests.test_dry_run_clean_is_not_misclassified_as_forced) ... ok
2026-09-24T04:22:53.6506403Z test_git_global_options_cannot_bypass_forced_clean (test_protect_command_normalization.ProtectCommandNormalizationTests.test_git_global_options_cannot_bypass_forced_clean) ... ok
2026-09-24T04:22:53.6997948Z test_global_options_are_normalized_for_other_destructive_git_subcommands (test_protect_command_normalization.ProtectCommandNormalizationTests.test_global_options_are_normalized_for_other_destructive_git_subcommands) ... ok
2026-09-24T04:22:53.7143488Z test_protect_honors_explicit_setup_adapter_scope (test_protect_command_normalization.ProtectCommandNormalizationTests.test_protect_honors_explicit_setup_adapter_scope) ... ok
2026-09-24T04:22:53.7617257Z test_forced_git_clean_is_denied_before_execution_and_never_mints_proof (test_protect_destructive_end_to_end.ProtectDestructiveEndToEndTests.test_forced_git_clean_is_denied_before_execution_and_never_mints_proof) ... ok
2026-09-24T04:22:53.7631510Z test_block_maps_to_provider_deny_without_allow_override (test_protect_ide_bridge.ProtectIdeBridgeTests.test_block_maps_to_provider_deny_without_allow_override) ... ok
2026-09-24T04:22:53.7637807Z test_clean_action_emits_no_permission_decision (test_protect_ide_bridge.ProtectIdeBridgeTests.test_clean_action_emits_no_permission_decision) ... ok
2026-09-24T04:22:53.7644635Z test_post_tool_feedback_is_explicitly_observed (test_protect_ide_bridge.ProtectIdeBridgeTests.test_post_tool_feedback_is_explicitly_observed) ... ok
2026-09-24T04:22:53.7649946Z test_pre_tool_bridge_failure_fails_closed (test_protect_ide_bridge.ProtectIdeBridgeTests.test_pre_tool_bridge_failure_fails_closed) ... ok
2026-09-24T04:22:53.7657244Z test_strict_confirmation_maps_to_provider_ask (test_protect_ide_bridge.ProtectIdeBridgeTests.test_strict_confirmation_maps_to_provider_ask) ... ok
2026-09-24T04:22:53.8980476Z test_codex_reenable_waits_for_observation_without_inventing_trust_state (test_provider_trust_readiness.ProviderTrustReadinessTests.test_codex_reenable_waits_for_observation_without_inventing_trust_state) ... ok
2026-09-24T04:22:53.9035429Z test_missing_native_observation_does_not_prove_pending_approval (test_provider_trust_readiness.ProviderTrustReadinessTests.test_missing_native_observation_does_not_prove_pending_approval) ... ok
2026-09-24T04:22:53.9036738Z test_entry_resolves_to_v03_package_frontend (test_public_frontend.PublicFrontendTests.test_entry_resolves_to_v03_package_frontend) ... ok
2026-09-24T04:22:53.9183823Z test_preservation_certificate_is_integrity_and_tree_verifiable (test_public_frontend.PublicFrontendTests.test_preservation_certificate_is_integrity_and_tree_verifiable) ... DiffWitness 0.4.0a1 - counterfactual patch evidence
2026-09-24T04:22:53.9185408Z repo:      /tmp/tmp4jsjjl8f
2026-09-24T04:22:53.9186006Z base:      ca617f90b53a302aa7e7f786541530fd379f3ed2 (ca617f90b53a)
2026-09-24T04:22:53.9186801Z candidate: b4a7d5218da5a089fbccc6ec79046079084553e1 (b4a7d5218da5)
2026-09-24T04:22:53.9187871Z evidence:  "/opt/hostedtoolcache/Python/3.11.16/x64/bin/python" -m unittest discover -s tests -q
2026-09-24T04:22:53.9188714Z stability: 1 run(s) per variant
2026-09-24T04:22:53.9189529Z budget:    900s total; 300s per command
2026-09-24T04:22:53.9190085Z changes:   2 analyzed mutation(s); 1 changed test file(s)
2026-09-24T04:22:53.9190504Z 
2026-09-24T04:22:53.9191020Z contrast:  BASE STABLE-FAIL -> CANDIDATE STABLE-PASS
2026-09-24T04:22:53.9191466Z 
2026-09-24T04:22:53.9191732Z WITNESSED         +1/-1  calc.py hunk 1/2  [stable-fail]
2026-09-24T04:22:53.9192799Z UNWITNESSED       +1/-1  calc.py hunk 2/2 — def add(a, b):  [stable-pass]
2026-09-24T04:22:53.9193287Z 
2026-09-24T04:22:53.9193519Z summary: 1 witnessed, 1 unwitnessed, 0 inconclusive
2026-09-24T04:22:53.9194094Z core:    1 minimal sufficient set(s) of 1 hunk(s)
2026-09-24T04:22:53.9194678Z surplus: 1 strong surplus candidate hunk(s)
2026-09-24T04:22:53.9195204Z cert:    dw2_4e53be00c7a7079073d6
2026-09-24T04:22:54.1421147Z DiffWitness Gate: preservation-evidence under balanced policy (dwa1_bbfc672e4b3623bd8c28)
2026-09-24T04:22:54.1422258Z DiffWitness Gate accepted: balanced policy accepts stable preservation assurance
2026-09-24T04:22:54.1423488Z Project continuity: 2 new change event(s) · dwchg_c88cea738dc6eee8a8e7099c
2026-09-24T04:22:54.1626722Z ok
2026-09-24T04:22:54.2850667Z test_current_proof_staleness_is_independent_of_native_readiness (test_readiness.ReadinessTests.test_current_proof_staleness_is_independent_of_native_readiness) ... ok
2026-09-24T04:22:54.3205545Z test_historical_observation_does_not_hide_missing_hook_or_executable (test_readiness.ReadinessTests.test_historical_observation_does_not_hide_missing_hook_or_executable) ... ok
2026-09-24T04:22:54.4827390Z test_ht005_missing_hooks_preserves_configured_but_repairs_in_every_view (test_readiness.ReadinessTests.test_ht005_missing_hooks_preserves_configured_but_repairs_in_every_view) ... ok
2026-09-24T04:22:54.6670315Z test_ht012_unobserved_then_observed_is_independent_of_provider_trust_and_proof (test_readiness.ReadinessTests.test_ht012_unobserved_then_observed_is_independent_of_provider_trust_and_proof) ... ok
2026-09-24T04:22:54.7125243Z test_mixed_adapters_do_not_hide_the_unobserved_one (test_readiness.ReadinessTests.test_mixed_adapters_do_not_hide_the_unobserved_one) ... ok
2026-09-24T04:22:54.8120460Z test_protect_optional_delegated_and_pending_are_separate_from_proof (test_readiness.ReadinessTests.test_protect_optional_delegated_and_pending_are_separate_from_proof) ... ok
2026-09-24T04:22:54.8456162Z test_verification_preflight_does_not_run_the_command (test_readiness.ReadinessTests.test_verification_preflight_does_not_run_the_command) ... ok
2026-09-24T04:22:54.8463505Z test_all_canonical_release_gates_requalify_main_merges (test_release_metadata.ReleaseMetadataTests.test_all_canonical_release_gates_requalify_main_merges) ... ok
2026-09-24T04:22:54.8468677Z test_distributed_hook_locations_match_local_desktop_and_cli_contracts (test_release_metadata.ReleaseMetadataTests.test_distributed_hook_locations_match_local_desktop_and_cli_contracts) ... ok
2026-09-24T04:22:54.8476999Z test_launch_docs_keep_native_agents_primary_and_guided_first (test_release_metadata.ReleaseMetadataTests.test_launch_docs_keep_native_agents_primary_and_guided_first) ... ok
2026-09-24T04:22:54.8487683Z test_python_and_plugin_versions_describe_the_same_release (test_release_metadata.ReleaseMetadataTests.test_python_and_plugin_versions_describe_the_same_release) ... ok
2026-09-24T04:22:54.8490325Z test_release_blocks_publication_until_exact_tag_consumer_passes (test_release_metadata.ReleaseMetadataTests.test_release_blocks_publication_until_exact_tag_consumer_passes) ... ok
2026-09-24T04:22:54.8984107Z test_repay_closes_historical_test_debt_only_after_discriminating_replay (test_repay_flow.RepayFlowTests.test_repay_closes_historical_test_debt_only_after_discriminating_replay) ... certificate: dwa1_bbfc672e4b3623bd8c28
2026-09-24T04:22:54.8985771Z integrity:   valid
2026-09-24T04:22:54.8986154Z freshness:   fresh against WORKTREE
2026-09-24T04:22:54.8986547Z candidate:   embedded-tree
2026-09-24T04:22:54.8986791Z base:        embedded-tree
2026-09-24T04:22:54.8987012Z verdict:     VALID
2026-09-24T04:22:54.8987249Z Debt impact: +8 point(s) across 2 obligation(s)
2026-09-24T04:22:54.8987553Z   unverified_change  +5
2026-09-24T04:22:54.8987784Z   test               +3
2026-09-24T04:22:54.8987915Z 
2026-09-24T04:22:54.8989084Z DW-913A9FD75BC8  + 5  unverified_change/deterministic — Executable change lacks accepted DiffWitness behavioral evidence
2026-09-24T04:22:54.8989995Z DW-9FCFB2092B6D  + 3  test/deterministic — Production change has no changed test surface
2026-09-24T04:22:54.8990345Z 
2026-09-24T04:22:54.8990505Z Budget: PASS — projected total 8; new 8
2026-09-24T04:22:54.8990816Z Ledger: +2 introduced, 0 reopened, 0 refreshed
2026-09-24T04:22:54.9474443Z DiffWitness Repay: 1 obligation(s), 3 point(s)
2026-09-24T04:22:54.9476050Z Agent: /opt/hostedtoolcache/Python/3.11.16/x64/bin/python -c from pathlib import Path; t=Path('tests/test_app.py'); t.parent.mkdir(exist_ok=True); t.write_text("import unittest\nfrom app import add\n\nclass T(unittest.TestCase):\n    def test_add(self):\n        self.assertEqual(add(2, 3), 5)\n", encoding='utf-8')
2026-09-24T04:22:55.2797962Z ok
2026-09-24T04:22:55.3069784Z test_saved_guided_view_applies_to_doctor_explain_context_and_protect (test_rr007_guided_surface.GuidedSurfaceContractTests.test_saved_guided_view_applies_to_doctor_explain_context_and_protect) ... ok
2026-09-24T04:22:55.3070890Z test_classifies_stability (test_runner.RunnerTests.test_classifies_stability) ... ok
2026-09-24T04:22:55.3073470Z test_non_finite_command_and_proof_budgets_fail_closed (test_runner.RunnerTests.test_non_finite_command_and_proof_budgets_fail_closed) ... ok
2026-09-24T04:22:55.4403050Z test_prepare_is_recreated_before_every_repetition (test_runner.RunnerTests.test_prepare_is_recreated_before_every_repetition) ... ok
2026-09-24T04:22:55.5236548Z test_proof_repetitions_remove_ignored_state_between_runs (test_runner.RunnerTests.test_proof_repetitions_remove_ignored_state_between_runs) ... ok
2026-09-24T04:22:55.5237531Z test_timeout_terminates_descendant_processes (test_runner.RunnerTests.test_timeout_terminates_descendant_processes)
2026-09-24T04:22:57.0266945Z A timed-out evidence command must not leak workers into later proof variants. ... ok
2026-09-24T04:22:57.0267828Z test_wall_clock_budget_caps_nested_evidence_command (test_runner.RunnerTests.test_wall_clock_budget_caps_nested_evidence_command)
2026-09-24T04:22:57.2295269Z A proof-wide deadline must cap commands even when their local timeout is much larger. ... ok
2026-09-24T04:22:57.2314623Z test_explicit_launcher_wins_over_other_installation_on_path (test_runtime_executable.RuntimeExecutableTests.test_explicit_launcher_wins_over_other_installation_on_path) ... ok
2026-09-24T04:22:57.2339083Z test_explicit_override_is_resolved_once_and_not_treated_as_shell_text (test_runtime_executable.RuntimeExecutableTests.test_explicit_override_is_resolved_once_and_not_treated_as_shell_text) ... ok
2026-09-24T04:22:57.2350212Z test_frozen_binary_uses_bootloader_not_argv_or_extraction_dir (test_runtime_executable.RuntimeExecutableTests.test_frozen_binary_uses_bootloader_not_argv_or_extraction_dir) ... ok
2026-09-24T04:22:57.2364056Z test_frozen_setup_requires_explicit_sidecar_instead_of_path (test_runtime_executable.RuntimeExecutableTests.test_frozen_setup_requires_explicit_sidecar_instead_of_path) ... ok
2026-09-24T04:22:57.2381601Z test_metadata_for_another_loaded_distribution_is_rejected (test_runtime_executable.RuntimeExecutableTests.test_metadata_for_another_loaded_distribution_is_rejected) ... ok
2026-09-24T04:22:57.2640993Z test_missing_override_does_not_remove_existing_hooks (test_runtime_executable.RuntimeExecutableTests.test_missing_override_does_not_remove_existing_hooks) ... ok
2026-09-24T04:22:57.2653669Z test_symlink_freezes_the_actual_installation (test_runtime_executable.RuntimeExecutableTests.test_symlink_freezes_the_actual_installation) ... ok
2026-09-24T04:22:57.2667216Z test_unknown_programmatic_entry_cannot_fall_back_to_path (test_runtime_executable.RuntimeExecutableTests.test_unknown_programmatic_entry_cannot_fall_back_to_path) ... ok
2026-09-24T04:22:57.2679260Z test_windows_console_launcher_recovers_stripped_exe_suffix (test_runtime_executable.RuntimeExecutableTests.test_windows_console_launcher_recovers_stripped_exe_suffix) ... ok
2026-09-24T04:22:57.8007431Z test_changed_lines_and_detection_keep_native_paths (test_sensor_native_paths.SensorNativePathTests.test_changed_lines_and_detection_keep_native_paths) ... ok
2026-09-24T04:22:57.8283749Z test_enumeration_is_exact_independent_of_git_quote_configuration (test_sensor_native_paths.SensorNativePathTests.test_enumeration_is_exact_independent_of_git_quote_configuration) ... ok
2026-09-24T04:22:57.8840310Z test_exact_move_is_not_new_code_and_edited_move_keeps_native_destination (test_sensor_native_paths.SensorNativePathTests.test_exact_move_is_not_new_code_and_edited_move_keeps_native_destination) ... ok
2026-09-24T04:22:57.9046653Z test_limit_is_visible_in_actual_sensor_coverage (test_sensor_native_paths.SensorNativePathTests.test_limit_is_visible_in_actual_sensor_coverage) ... ok
2026-09-24T04:22:57.9312660Z test_non_utf8_git_identity_is_explicitly_unsupported_without_an_alias (test_sensor_native_paths.SensorNativePathTests.test_non_utf8_git_identity_is_explicitly_unsupported_without_an_alias) ... ok
2026-09-24T04:22:57.9751944Z test_real_sensor_preserves_unicode_identity_and_advisory_authority (test_sensor_native_paths.SensorNativePathTests.test_real_sensor_preserves_unicode_identity_and_advisory_authority) ... ok
2026-09-24T04:22:57.9906664Z test_exact_inventory_rejects_extras_omissions_and_byte_changes (test_source_distribution_smoke.SourceDistributionInventoryTests.test_exact_inventory_rejects_extras_omissions_and_byte_changes) ... ok
2026-09-24T04:22:58.8805851Z test_real_accepted_proof_becomes_historical_after_failing_worktree_drift (test_stale_proof_end_to_end.StaleProofEndToEndTests.test_real_accepted_proof_becomes_historical_after_failing_worktree_drift) ... DiffWitness Gate rejected: candidate is not stably green
2026-09-24T04:22:58.8997429Z ok
2026-09-24T04:22:58.9288521Z test_clean_repo_preserves_v1_navigation_contract (test_status_cli.ProjectStatusTests.test_clean_repo_preserves_v1_navigation_contract) ... ok
2026-09-24T04:22:58.9596773Z test_configured_evidence_with_missing_executable_is_not_ready (test_status_cli.ProjectStatusTests.test_configured_evidence_with_missing_executable_is_not_ready) ... ok
2026-09-24T04:22:58.9899059Z test_dirty_repo_points_to_executable_gate_with_explicit_base (test_status_cli.ProjectStatusTests.test_dirty_repo_points_to_executable_gate_with_explicit_base) ... ok
2026-09-24T04:22:59.0191693Z test_guided_and_technical_views_share_exact_same_status_model (test_status_cli.ProjectStatusTests.test_guided_and_technical_views_share_exact_same_status_model) ... ok
2026-09-24T04:22:59.0703108Z test_json_cli_is_machine_readable_non_mutating_and_view_invariant (test_status_cli.ProjectStatusTests.test_json_cli_is_machine_readable_non_mutating_and_view_invariant) ... ok
2026-09-24T04:22:59.0990625Z test_native_scope_alone_requires_repair_before_normal_agent_use (test_status_cli.ProjectStatusTests.test_native_scope_alone_requires_repair_before_normal_agent_use) ... ok
2026-09-24T04:22:59.1278056Z test_untracked_python_cache_is_navigation_noise_not_user_change (test_status_cli.ProjectStatusTests.test_untracked_python_cache_is_navigation_noise_not_user_change) ... ok
2026-09-24T04:22:59.1365231Z test_concurrent_documents_and_rejections_remain_independent (test_strict_json_decoder.StrictDecoderTests.test_concurrent_documents_and_rejections_remain_independent) ... ok
2026-09-24T04:22:59.1367934Z test_documents_and_failed_parses_do_not_share_mutable_state (test_strict_json_decoder.StrictDecoderTests.test_documents_and_failed_parses_do_not_share_mutable_state) ... ok
2026-09-24T04:22:59.1474733Z test_encoding_and_type_compatibility (test_strict_json_decoder.StrictDecoderTests.test_encoding_and_type_compatibility) ... ok
2026-09-24T04:22:59.1481174Z test_contract_rejects_path_digest_authority_and_invalid_positions (test_structure_contract.StructureContractTests.test_contract_rejects_path_digest_authority_and_invalid_positions) ... ok
2026-09-24T04:22:59.1932734Z test_invalid_provider_result_cannot_delete_previous_index (test_structure_contract.StructureContractTests.test_invalid_provider_result_cannot_delete_previous_index) ... ok
2026-09-24T04:22:59.1935268Z test_line_positions_accept_python_universal_newlines (test_structure_contract.StructureContractTests.test_line_positions_accept_python_universal_newlines) ... ok
2026-09-24T04:22:59.2345021Z test_missing_extraction_contract_stamp_forces_refresh_at_same_tree (test_structure_contract.StructureContractTests.test_missing_extraction_contract_stamp_forces_refresh_at_same_tree) ... ok
2026-09-24T04:22:59.2347039Z test_parse_failure_has_no_symbol_or_relation_claims (test_structure_contract.StructureContractTests.test_parse_failure_has_no_symbol_or_relation_claims) ... ok
2026-09-24T04:22:59.2350378Z test_python_provider_exposes_source_bound_typed_facts_and_existing_names (test_structure_contract.StructureContractTests.test_python_provider_exposes_source_bound_typed_facts_and_existing_names) ... ok
2026-09-24T04:22:59.2352254Z test_actual_transport_hash_authority_positions_and_no_values (test_structure_data.DataSyntaxTests.test_actual_transport_hash_authority_positions_and_no_values) ... skipped 'actual optional SQL/config grammars not installed'
2026-09-24T04:22:59.2353721Z test_decoded_keys_positions_and_invalid_surrogates (test_structure_data.DataSyntaxTests.test_decoded_keys_positions_and_invalid_surrogates) ... skipped 'actual optional SQL/config grammars not installed'
2026-09-24T04:22:59.2361015Z test_duplicates_invalid_encodings_and_unsupported_sql_form_fail_closed (test_structure_data.DataSyntaxTests.test_duplicates_invalid_encodings_and_unsupported_sql_form_fail_closed) ... skipped 'actual optional SQL/config grammars not installed'
2026-09-24T04:22:59.2363589Z test_immutable_tree_index_keeps_keys_and_ddl_without_dirty_values (test_structure_data.DataSyntaxTests.test_immutable_tree_index_keeps_keys_and_ddl_without_dirty_values) ... skipped 'actual optional SQL/config grammars not installed'
2026-09-24T04:22:59.2365122Z test_json_keys_are_unambiguous_and_array_items_distinct (test_structure_data.DataSyntaxTests.test_json_keys_are_unambiguous_and_array_items_distinct) ... skipped 'actual optional SQL/config grammars not installed'
2026-09-24T04:22:59.2366341Z test_missing_grammars_remain_recognized_empty (test_structure_data.DataSyntaxTests.test_missing_grammars_remain_recognized_empty) ... ok
2026-09-24T04:22:59.2375319Z test_overflowing_json_values_fail_closed_at_every_nesting_level (test_structure_data.DataSyntaxTests.test_overflowing_json_values_fail_closed_at_every_nesting_level) ... skipped 'actual optional SQL/config grammars not installed'
2026-09-24T04:22:59.2378276Z test_sql_only_top_level_ddl_names_not_query_or_literal_decoys (test_structure_data.DataSyntaxTests.test_sql_only_top_level_ddl_names_not_query_or_literal_decoys) ... skipped 'actual optional SQL/config grammars not installed'
2026-09-24T04:22:59.2381020Z test_toml_tables_and_nested_array_table_scopes (test_structure_data.DataSyntaxTests.test_toml_tables_and_nested_array_table_scopes) ... skipped 'actual optional SQL/config grammars not installed'
2026-09-24T04:22:59.2383565Z test_yaml_document_scopes_without_alias_or_tag_execution (test_structure_data.DataSyntaxTests.test_yaml_document_scopes_without_alias_or_tag_execution) ... skipped 'actual optional SQL/config grammars not installed'
2026-09-24T04:22:59.2386393Z test_absolute_and_sequential_namespaces_and_unresolved_receivers (test_structure_dynamic.DynamicSyntaxTests.test_absolute_and_sequential_namespaces_and_unresolved_receivers) ... skipped 'actual optional Ruby/PHP grammars not installed'
2026-09-24T04:22:59.2389385Z test_actual_transport_source_and_authority (test_structure_dynamic.DynamicSyntaxTests.test_actual_transport_source_and_authority) ... skipped 'actual optional Ruby/PHP grammars not installed'
2026-09-24T04:22:59.2392078Z test_heredoc_decoys_dynamic_paths_and_actual_interpolation_calls (test_structure_dynamic.DynamicSyntaxTests.test_heredoc_decoys_dynamic_paths_and_actual_interpolation_calls) ... skipped 'actual optional Ruby/PHP grammars not installed'
2026-09-24T04:22:59.2395122Z test_immutable_git_tree_index_ignores_dirty_sources (test_structure_dynamic.DynamicSyntaxTests.test_immutable_git_tree_index_ignores_dirty_sources) ... skipped 'actual optional Ruby/PHP grammars not installed'
2026-09-24T04:22:59.2397827Z test_invalid_utf8_syntax_and_reopened_identity_fail_closed (test_structure_dynamic.DynamicSyntaxTests.test_invalid_utf8_syntax_and_reopened_identity_fail_closed) ... skipped 'actual optional Ruby/PHP grammars not installed'
2026-09-24T04:22:59.2400652Z test_missing_grammars_are_recognized_empty (test_structure_dynamic.DynamicSyntaxTests.test_missing_grammars_are_recognized_empty) ... ok
2026-09-24T04:22:59.2416205Z test_php_namespace_calls_do_not_bind_to_an_arbitrary_same_name (test_structure_dynamic.DynamicSyntaxTests.test_php_namespace_calls_do_not_bind_to_an_arbitrary_same_name) ... skipped 'actual optional Ruby/PHP grammars not installed'
2026-09-24T04:22:59.2417992Z test_php_namespace_types_signatures_and_grouped_use (test_structure_dynamic.DynamicSyntaxTests.test_php_namespace_types_signatures_and_grouped_use) ... skipped 'actual optional Ruby/PHP grammars not installed'
2026-09-24T04:22:59.2419956Z test_php_parenthesized_static_include_paths_keep_edges_without_dynamic_guesses (test_structure_dynamic.DynamicSyntaxTests.test_php_parenthesized_static_include_paths_keep_edges_without_dynamic_guesses) ... skipped 'actual optional Ruby/PHP grammars not installed'
2026-09-24T04:22:59.2421780Z test_ruby_lexical_types_methods_and_literal_require (test_structure_dynamic.DynamicSyntaxTests.test_ruby_lexical_types_methods_and_literal_require) ... skipped 'actual optional Ruby/PHP grammars not installed'
2026-09-24T04:22:59.2423336Z test_comments_parentheses_templates_and_import_options_have_exact_spans (test_structure_import_calls.ImportCallTests.test_comments_parentheses_templates_and_import_options_have_exact_spans) ... skipped 'actual JS/TS optional grammars not installed'
2026-09-24T04:22:59.2424940Z test_decoys_dynamic_and_loader_members_do_not_become_targets (test_structure_import_calls.ImportCallTests.test_decoys_dynamic_and_loader_members_do_not_become_targets) ... skipped 'actual JS/TS optional grammars not installed'
2026-09-24T04:22:59.2426499Z test_escaped_direct_eval_is_an_ambiguity_barrier (test_structure_import_calls.ImportCallTests.test_escaped_direct_eval_is_an_ambiguity_barrier) ... skipped 'actual JS/TS optional grammars not installed'
2026-09-24T04:22:59.2427835Z test_invalid_source_stays_completely_unparsed (test_structure_import_calls.ImportCallTests.test_invalid_source_stays_completely_unparsed) ... skipped 'actual JS/TS optional grammars not installed'
2026-09-24T04:22:59.2429613Z test_nested_literal_keyword_reference_and_transport_authority_are_preserved (test_structure_import_calls.ImportCallTests.test_nested_literal_keyword_reference_and_transport_authority_are_preserved) ... skipped 'actual JS/TS optional grammars not installed'
2026-09-24T04:22:59.2431365Z test_shadowing_and_writes_suppress_commonjs_candidates_but_keep_keyword_import (test_structure_import_calls.ImportCallTests.test_shadowing_and_writes_suppress_commonjs_candidates_but_keep_keyword_import) ... skipped 'actual JS/TS optional grammars not installed'
2026-09-24T04:22:59.2433014Z test_static_commonjs_and_import_keyword_reuse_each_js_ts_grammar (test_structure_import_calls.ImportCallTests.test_static_commonjs_and_import_keyword_reuse_each_js_ts_grammar) ... skipped 'actual JS/TS optional grammars not installed'
2026-09-24T04:22:59.2434589Z test_typescript_function_signatures_are_require_binding_barriers (test_structure_import_calls.ImportCallTests.test_typescript_function_signatures_are_require_binding_barriers) ... skipped 'actual JS/TS optional grammars not installed'
2026-09-24T04:22:59.2436153Z test_actual_syntax_import_positions_reuse_every_adapter (test_structure_import_references.ImportReferenceTests.test_actual_syntax_import_positions_reuse_every_adapter) ... skipped 'optional actual syntax grammars not installed'
2026-09-24T04:22:59.2814149Z test_immutable_index_never_picks_ambiguous_or_outside_relative_modules (test_structure_import_references.ImportReferenceTests.test_immutable_index_never_picks_ambiguous_or_outside_relative_modules) ... ok
2026-09-24T04:22:59.2816941Z test_import_detail_admission_rejects_invalid_positions_and_members (test_structure_import_references.ImportReferenceTests.test_import_detail_admission_rejects_invalid_positions_and_members) ... ok
2026-09-24T04:22:59.2821087Z test_outside_package_relative_imports_never_become_absolute_names (test_structure_import_references.ImportReferenceTests.test_outside_package_relative_imports_never_become_absolute_names) ... ok
2026-09-24T04:22:59.2823081Z test_package_initializer_retains_base_members_and_source_positions (test_structure_import_references.ImportReferenceTests.test_package_initializer_retains_base_members_and_source_positions) ... ok
2026-09-24T04:22:59.2824962Z test_python_aliases_crlf_and_decoys_preserve_only_import_syntax (test_structure_import_references.ImportReferenceTests.test_python_aliases_crlf_and_decoys_preserve_only_import_syntax) ... ok
2026-09-24T04:22:59.2829277Z test_v1_field_shape_is_preserved_and_v2_is_explicit (test_structure_import_references.ImportReferenceTests.test_v1_field_shape_is_preserved_and_v2_is_explicit) ... ok
2026-09-24T04:22:59.2831321Z test_actual_transport_source_binding_and_authority (test_structure_managed.ManagedSyntaxTests.test_actual_transport_source_binding_and_authority) ... skipped 'actual optional Java/Kotlin/C# grammars not installed'
2026-09-24T04:22:59.2833036Z test_csharp_file_namespace_nested_members_and_aliases (test_structure_managed.ManagedSyntaxTests.test_csharp_file_namespace_nested_members_and_aliases) ... skipped 'actual optional Java/Kotlin/C# grammars not installed'
2026-09-24T04:22:59.2834604Z test_errors_and_ambiguous_overloads_do_not_supply_partial_facts (test_structure_managed.ManagedSyntaxTests.test_errors_and_ambiguous_overloads_do_not_supply_partial_facts) ... skipped 'actual optional Java/Kotlin/C# grammars not installed'
2026-09-24T04:22:59.2836222Z test_immutable_tree_index_uses_all_three_shared_providers (test_structure_managed.ManagedSyntaxTests.test_immutable_tree_index_uses_all_three_shared_providers) ... skipped 'actual optional Java/Kotlin/C# grammars not installed'
2026-09-24T04:22:59.2838498Z test_java_package_types_nested_members_and_static_imports (test_structure_managed.ManagedSyntaxTests.test_java_package_types_nested_members_and_static_imports) ... skipped 'actual optional Java/Kotlin/C# grammars not installed'
2026-09-24T04:22:59.2840395Z test_kotlin_package_named_objects_aliases_and_decoys (test_structure_managed.ManagedSyntaxTests.test_kotlin_package_named_objects_aliases_and_decoys) ... skipped 'actual optional Java/Kotlin/C# grammars not installed'
2026-09-24T04:22:59.2841942Z test_kotlin_type_kinds_signatures_and_comment_free_import_paths (test_structure_managed.ManagedSyntaxTests.test_kotlin_type_kinds_signatures_and_comment_free_import_paths) ... skipped 'actual optional Java/Kotlin/C# grammars not installed'
2026-09-24T04:22:59.2843257Z test_missing_grammar_remains_recognized_empty (test_structure_managed.ManagedSyntaxTests.test_missing_grammar_remains_recognized_empty) ... ok
2026-09-24T04:22:59.2844661Z test_raw_strings_do_not_create_declarations_but_interpolation_keeps_real_calls (test_structure_managed.ManagedSyntaxTests.test_raw_strings_do_not_create_declarations_but_interpolation_keeps_real_calls) ... skipped 'actual optional Java/Kotlin/C# grammars not installed'
2026-09-24T04:22:59.2846410Z test_comments_inside_rust_paths_do_not_become_names_or_dependencies (test_structure_native.NativeSyntaxTests.test_comments_inside_rust_paths_do_not_become_names_or_dependencies) ... skipped 'optional actual Go/Rust grammars not installed'
2026-09-24T04:22:59.2848581Z test_go_functions_receivers_types_and_grouped_imports (test_structure_native.NativeSyntaxTests.test_go_functions_receivers_types_and_grouped_imports) ... skipped 'optional actual Go/Rust grammars not installed'
2026-09-24T04:22:59.2850324Z test_index_binds_go_and_rust_facts_to_captured_tree (test_structure_native.NativeSyntaxTests.test_index_binds_go_and_rust_facts_to_captured_tree) ... skipped 'optional actual Go/Rust grammars not installed'
2026-09-24T04:22:59.2851806Z test_malformed_syntax_encoding_and_transport_source_binding (test_structure_native.NativeSyntaxTests.test_malformed_syntax_encoding_and_transport_source_binding) ... skipped 'optional actual Go/Rust grammars not installed'
2026-09-24T04:22:59.2853194Z test_missing_grammars_preserve_recognized_empty_unparsed_coverage (test_structure_native.NativeSyntaxTests.test_missing_grammars_preserve_recognized_empty_unparsed_coverage) ... ok
2026-09-24T04:22:59.2854423Z test_new_suffixes_cannot_forge_javascript_local_import_resolution (test_structure_native.NativeSyntaxTests.test_new_suffixes_cannot_forge_javascript_local_import_resolution) ... ok
2026-09-24T04:22:59.2855955Z test_parenthesized_named_receivers_preserve_methods_without_guessing_tuple_types (test_structure_native.NativeSyntaxTests.test_parenthesized_named_receivers_preserve_methods_without_guessing_tuple_types) ... skipped 'optional actual Go/Rust grammars not installed'
2026-09-24T04:22:59.2857613Z test_qualified_rust_impl_and_trait_names_preserve_owner_scope (test_structure_native.NativeSyntaxTests.test_qualified_rust_impl_and_trait_names_preserve_owner_scope) ... skipped 'optional actual Go/Rust grammars not installed'
2026-09-24T04:22:59.2859277Z test_rust_scopes_import_groups_and_macro_decoys (test_structure_native.NativeSyntaxTests.test_rust_scopes_import_groups_and_macro_decoys) ... skipped 'optional actual Go/Rust grammars not installed'
2026-09-24T04:22:59.3786727Z test_bounded_coverage_and_parse_failures_are_visible_in_context (test_structure_snapshot.StructureSnapshotTests.test_bounded_coverage_and_parse_failures_are_visible_in_context) ... ok
2026-09-24T04:22:59.4232067Z test_corrupt_blob_response_cannot_replace_existing_index (test_structure_snapshot.StructureSnapshotTests.test_corrupt_blob_response_cannot_replace_existing_index) ... ok
2026-09-24T04:22:59.4777741Z test_dirty_untracked_and_deleted_working_files_cannot_change_head_bound_facts (test_structure_snapshot.StructureSnapshotTests.test_dirty_untracked_and_deleted_working_files_cannot_change_head_bound_facts) ... ok
2026-09-24T04:22:59.5208596Z test_git_symlink_mode_is_excluded_even_if_worktree_is_a_regular_python_file (test_structure_snapshot.StructureSnapshotTests.test_git_symlink_mode_is_excluded_even_if_worktree_is_a_regular_python_file) ... ok
2026-09-24T04:22:59.5850764Z test_head_advance_during_refresh_keeps_one_tree_and_next_refresh_updates (test_structure_snapshot.StructureSnapshotTests.test_head_advance_during_refresh_keeps_one_tree_and_next_refresh_updates) ... ok
2026-09-24T04:22:59.6425701Z test_old_tree_stamp_cannot_preserve_mutable_file_projection (test_structure_snapshot.StructureSnapshotTests.test_old_tree_stamp_cannot_preserve_mutable_file_projection) ... ok
2026-09-24T04:22:59.6618421Z test_total_byte_budget_omits_whole_blobs_and_reports_partial_coverage (test_structure_snapshot.StructureSnapshotTests.test_total_byte_budget_omits_whole_blobs_and_reports_partial_coverage) ... ok
2026-09-24T04:22:59.6629563Z test_ambient_typescript_declarations_are_observed_syntax (test_structure_syntax.StructureSyntaxTests.test_ambient_typescript_declarations_are_observed_syntax) ... skipped 'optional actual JS/TS parsers not installed'
2026-09-24T04:22:59.6632289Z test_dotted_basename_import_resolves_only_one_supported_source (test_structure_syntax.StructureSyntaxTests.test_dotted_basename_import_resolves_only_one_supported_source) ... ok
2026-09-24T04:22:59.6634920Z test_index_uses_immutable_tree_and_refreshes_provider_profile (test_structure_syntax.StructureSyntaxTests.test_index_uses_immutable_tree_and_refreshes_provider_profile) ... skipped 'optional actual JS/TS parsers not installed'
2026-09-24T04:22:59.6637830Z test_javascript_uses_syntax_not_strings_comments_or_template_text (test_structure_syntax.StructureSyntaxTests.test_javascript_uses_syntax_not_strings_comments_or_template_text) ... skipped 'optional actual JS/TS parsers not installed'
2026-09-24T04:22:59.6641070Z test_malformed_encoding_syntax_and_bounds_fail_empty (test_structure_syntax.StructureSyntaxTests.test_malformed_encoding_syntax_and_bounds_fail_empty) ... skipped 'optional actual JS/TS parsers not installed'
2026-09-24T04:22:59.6643463Z test_missing_optional_package_is_unparsed_not_heuristic_facts (test_structure_syntax.StructureSyntaxTests.test_missing_optional_package_is_unparsed_not_heuristic_facts) ... ok
2026-09-24T04:22:59.6645594Z test_python_and_unknown_fallback_keep_existing_contract (test_structure_syntax.StructureSyntaxTests.test_python_and_unknown_fallback_keep_existing_contract) ... ok
2026-09-24T04:22:59.6648045Z test_syntax_authority_admission_and_ambiguous_import_resolution (test_structure_syntax.StructureSyntaxTests.test_syntax_authority_admission_and_ambiguous_import_resolution) ... skipped 'optional actual JS/TS parsers not installed'
2026-09-24T04:22:59.6651717Z test_typescript_declarations_and_jsx_tsx_have_real_syntax_coverage (test_structure_syntax.StructureSyntaxTests.test_typescript_declarations_and_jsx_tsx_have_real_syntax_coverage) ... skipped 'optional actual JS/TS parsers not installed'
2026-09-24T04:22:59.9733437Z test_extraction_stays_independent_of_journal_proof_and_debt_services (test_structure_transport.StructureTransportTests.test_extraction_stays_independent_of_journal_proof_and_debt_services) ... ok
2026-09-24T04:23:00.8918207Z test_malformed_json_path_base64_schema_and_duplicate_paths_fail_atomically (test_structure_transport.StructureTransportTests.test_malformed_json_path_base64_schema_and_duplicate_paths_fail_atomically) ... ok
2026-09-24T04:23:01.1606788Z test_nonpython_extraction_loads_only_selected_provider_implementation (test_structure_transport.StructureTransportTests.test_nonpython_extraction_loads_only_selected_provider_implementation) ... ok
2026-09-24T04:23:01.1639431Z test_public_entry_never_discovers_repository_or_reads_language_preferences (test_structure_transport.StructureTransportTests.test_public_entry_never_discovers_repository_or_reads_language_preferences) ... ok
2026-09-24T04:23:01.2764603Z test_python_only_extraction_does_not_initialize_optional_distribution_metadata (test_structure_transport.StructureTransportTests.test_python_only_extraction_does_not_initialize_optional_distribution_metadata) ... ok
2026-09-24T04:23:01.3950290Z test_real_cli_outside_git_preserves_python_provider_and_french_json (test_structure_transport.StructureTransportTests.test_real_cli_outside_git_preserves_python_provider_and_french_json) ... ok
2026-09-24T04:23:01.3954040Z test_results_are_detached_and_empty_batch_is_valid (test_structure_transport.StructureTransportTests.test_results_are_detached_and_empty_batch_is_valid) ... ok
2026-09-24T04:23:01.5643608Z test_selected_extraction_parser_preserves_argument_rejections_and_help (test_structure_transport.StructureTransportTests.test_selected_extraction_parser_preserves_argument_rejections_and_help) ... ok
2026-09-24T04:23:01.6080554Z test_transport_limits_and_binary_or_invalid_python_have_explicit_coverage (test_structure_transport.StructureTransportTests.test_transport_limits_and_binary_or_invalid_python_have_explicit_coverage) ... ok
2026-09-24T04:23:01.6082851Z test_wire_bounds_reject_before_emitting_any_partial_response (test_structure_transport.StructureTransportTests.test_wire_bounds_reject_before_emitting_any_partial_response) ... ok
2026-09-24T04:23:01.7220708Z test_concurrent_first_identity_callers_agree (test_unborn_repository.UnbornRepositoryTests.test_concurrent_first_identity_callers_agree) ... ok
2026-09-24T04:23:01.7321670Z test_corrupt_head_is_never_silently_replaced_by_empty_base (test_unborn_repository.UnbornRepositoryTests.test_corrupt_head_is_never_silently_replaced_by_empty_base) ... ok
2026-09-24T04:23:01.7512910Z test_corrupt_local_identity_is_preserved_and_rejected (test_unborn_repository.UnbornRepositoryTests.test_corrupt_local_identity_is_preserved_and_rejected) ... ok
2026-09-24T04:23:01.7905952Z test_empty_base_is_deterministic_unreachable_and_not_an_ordinary_ref (test_unborn_repository.UnbornRepositoryTests.test_empty_base_is_deterministic_unreachable_and_not_an_ordinary_ref) ... ok
2026-09-24T04:23:01.8464059Z test_empty_native_session_does_not_manufacture_proof (test_unborn_repository.UnbornRepositoryTests.test_empty_native_session_does_not_manufacture_proof) ... ok
2026-09-24T04:23:01.9016693Z test_initial_snapshot_preserves_staging_and_excludes_only_owned_transients (test_unborn_repository.UnbornRepositoryTests.test_initial_snapshot_preserves_staging_and_excludes_only_owned_transients) ... ok
2026-09-24T04:23:01.9384169Z test_old_provisional_envelope_cannot_be_reingested_as_new_lineage (test_unborn_repository.UnbornRepositoryTests.test_old_provisional_envelope_cannot_be_reingested_as_new_lineage) ... ok
2026-09-24T04:23:01.9473188Z test_portal_cannot_send_provisional_identity (test_unborn_repository.UnbornRepositoryTests.test_portal_cannot_send_provisional_identity) ... ok
2026-09-24T04:23:01.9903563Z test_provisional_identity_is_distinct_durable_and_becomes_normal_root_lineage (test_unborn_repository.UnbornRepositoryTests.test_provisional_identity_is_distinct_durable_and_becomes_normal_root_lineage) ... ok
2026-09-24T04:23:02.3589916Z test_setup_and_status_are_useful_without_commits_or_evidence (test_unborn_repository.UnbornRepositoryTests.test_setup_and_status_are_useful_without_commits_or_evidence) ... ok
2026-09-24T04:23:02.3735183Z test_failing_test_only_diff_is_rejected (test_validation.ValidationOnlyTests.test_failing_test_only_diff_is_rejected) ... DiffWitness: validation-only stable-pass (dwv1_90f0ca6a8a35e4ce69f0)
2026-09-24T04:23:02.3736761Z Project continuity: 2 new change event(s) · dwchg_5ee54f1d4f4f03fc934cda73
2026-09-24T04:23:02.3737069Z 
2026-09-24T04:23:02.3737245Z Repayment verification: 1/1 selected obligation(s) resolved
2026-09-24T04:23:02.3737918Z   DW-9FCFB2092B6D: resolved — current tests now discriminate the introducing candidate from its historical base
2026-09-24T04:23:02.3738453Z DiffWitness Repay: ACCEPTED
2026-09-24T04:23:02.3739063Z Project continuity: 3 Debt Ledger lifecycle event(s) projected
2026-09-24T04:23:02.4709043Z ok
2026-09-24T04:23:02.4864519Z test_test_only_diff_runs_evidence_and_is_attestable (test_validation.ValidationOnlyTests.test_test_only_diff_runs_evidence_and_is_attestable) ... DiffWitness: validation-only stable-fail (dwv1_5a5790b55863b945f2d6)
2026-09-24T04:23:02.6817151Z DiffWitness: validation-only stable-pass (dwv1_6844ec6803b986ec9520)
2026-09-24T04:23:02.6818344Z Project continuity: 2 new change event(s) · dwchg_8a526d1e563850962a1c2283
2026-09-24T04:23:02.7024741Z ok
2026-09-24T04:23:02.7225340Z test_cli_can_switch_both_directions_and_report_machine_state (test_view_mode.ViewModeTests.test_cli_can_switch_both_directions_and_report_machine_state) ... ok
2026-09-24T04:23:02.7369917Z test_defaults_to_guided_for_first_run (test_view_mode.ViewModeTests.test_defaults_to_guided_for_first_run) ... ok
2026-09-24T04:23:02.7517600Z test_invalid_stored_preference_fails_soft_to_guided (test_view_mode.ViewModeTests.test_invalid_stored_preference_fails_soft_to_guided) ... ok
2026-09-24T04:23:02.7785724Z test_root_help_is_guided_first_but_technical_is_one_command_away (test_view_mode.ViewModeTests.test_root_help_is_guided_first_but_technical_is_one_command_away) ... ok
2026-09-24T04:23:02.8066935Z test_switch_persists_inside_git_metadata_without_dirtying_repository (test_view_mode.ViewModeTests.test_switch_persists_inside_git_metadata_without_dirtying_repository) ... ok
2026-09-24T04:23:02.8069118Z test_health_semantic_sensor_reads_utf8_git_blob_without_degrading (test_windows_health_utf8_git_blob.WindowsUtf8SubprocessBoundaryTests.test_health_semantic_sensor_reads_utf8_git_blob_without_degrading) ... skipped 'Windows legacy-codepage regression'
2026-09-24T04:23:02.8071594Z test_proof_runner_keeps_non_utf8_diagnostics_json_safe (test_windows_health_utf8_git_blob.WindowsUtf8SubprocessBoundaryTests.test_proof_runner_keeps_non_utf8_diagnostics_json_safe) ... skipped 'Windows legacy-codepage regression'
2026-09-24T04:23:02.8073452Z test_proof_runner_preserves_utf8_stdout_and_stderr (test_windows_health_utf8_git_blob.WindowsUtf8SubprocessBoundaryTests.test_proof_runner_preserves_utf8_stdout_and_stderr) ... skipped 'Windows legacy-codepage regression'
2026-09-24T04:23:02.8075029Z test_acceptance_runner_decodes_utf8_child_output_without_locale_loss (test_windows_subprocess_utf8_reader.WindowsSubprocessUtf8ReaderRegressionTests.test_acceptance_runner_decodes_utf8_child_output_without_locale_loss)
2026-09-24T04:23:02.8076682Z A UTF-8 child must not be decoded through the host's legacy Windows code page. ... skipped 'Windows legacy-codepage reproduction'
2026-09-24T04:23:02.8077447Z 
2026-09-24T04:23:02.8077648Z ======================================================================
2026-09-24T04:23:02.8079578Z FAIL: test_dependency_verb_words_in_names_are_not_embedded_clauses (test_continuity_questions.MemoryQuestionTests.test_dependency_verb_words_in_names_are_not_embedded_clauses) (question='What depends on import management?', options={})
2026-09-24T04:23:02.8081413Z ----------------------------------------------------------------------
2026-09-24T04:23:02.8082065Z Traceback (most recent call last):
2026-09-24T04:23:02.8091058Z   File "/home/runner/work/tooltest/tooltest/tests/test_continuity_questions.py", line 666, in test_dependency_verb_words_in_names_are_not_embedded_clauses
2026-09-24T04:23:02.8092185Z     self.assertEqual(result['status'],'cited-records')
2026-09-24T04:23:02.8092836Z AssertionError: 'abstained' != 'cited-records'
2026-09-24T04:23:02.8093137Z - abstained
2026-09-24T04:23:02.8093342Z + cited-records
2026-09-24T04:23:02.8093465Z 
2026-09-24T04:23:02.8093470Z 
2026-09-24T04:23:02.8093596Z ======================================================================
2026-09-24T04:23:02.8094662Z FAIL: test_dependency_verb_words_in_names_are_not_embedded_clauses (test_continuity_questions.MemoryQuestionTests.test_dependency_verb_words_in_names_are_not_embedded_clauses) (question='What depends on import management?', options={'entity': 'MOD-VERB-0'})
2026-09-24T04:23:02.8095756Z ----------------------------------------------------------------------
2026-09-24T04:23:02.8096122Z Traceback (most recent call last):
2026-09-24T04:23:02.8096904Z   File "/home/runner/work/tooltest/tooltest/tests/test_continuity_questions.py", line 666, in test_dependency_verb_words_in_names_are_not_embedded_clauses
2026-09-24T04:23:02.8097628Z     self.assertEqual(result['status'],'cited-records')
2026-09-24T04:23:02.8097990Z AssertionError: 'abstained' != 'cited-records'
2026-09-24T04:23:02.8098283Z - abstained
2026-09-24T04:23:02.8098468Z + cited-records
2026-09-24T04:23:02.8098581Z 
2026-09-24T04:23:02.8098586Z 
2026-09-24T04:23:02.8098707Z ======================================================================
2026-09-24T04:23:02.8101066Z FAIL: test_dependency_verb_words_in_names_are_not_embedded_clauses (test_continuity_questions.MemoryQuestionTests.test_dependency_verb_words_in_names_are_not_embedded_clauses) (question='Qu’est-ce qui dépend de import management ?', options={})
2026-09-24T04:23:02.8102134Z ----------------------------------------------------------------------
2026-09-24T04:23:02.8102485Z Traceback (most recent call last):
2026-09-24T04:23:02.8103269Z   File "/home/runner/work/tooltest/tooltest/tests/test_continuity_questions.py", line 666, in test_dependency_verb_words_in_names_are_not_embedded_clauses
2026-09-24T04:23:02.8103991Z     self.assertEqual(result['status'],'cited-records')
2026-09-24T04:23:02.8104350Z AssertionError: 'abstained' != 'cited-records'
2026-09-24T04:23:02.8104636Z - abstained
2026-09-24T04:23:02.8104822Z + cited-records
2026-09-24T04:23:02.8104942Z 
2026-09-24T04:23:02.8104946Z 
2026-09-24T04:23:02.8105060Z ======================================================================
2026-09-24T04:23:02.8106546Z FAIL: test_dependency_verb_words_in_names_are_not_embedded_clauses (test_continuity_questions.MemoryQuestionTests.test_dependency_verb_words_in_names_are_not_embedded_clauses) (question='Qu’est-ce qui dépend de import management ?', options={'entity': 'MOD-VERB-0'})
2026-09-24T04:23:02.8107658Z ----------------------------------------------------------------------
2026-09-24T04:23:02.8108000Z Traceback (most recent call last):
2026-09-24T04:23:02.8108719Z   File "/home/runner/work/tooltest/tooltest/tests/test_continuity_questions.py", line 666, in test_dependency_verb_words_in_names_are_not_embedded_clauses
2026-09-24T04:23:02.8109631Z     self.assertEqual(result['status'],'cited-records')
2026-09-24T04:23:02.8109980Z AssertionError: 'abstained' != 'cited-records'
2026-09-24T04:23:02.8110265Z - abstained
2026-09-24T04:23:02.8110455Z + cited-records
2026-09-24T04:23:02.8110576Z 
2026-09-24T04:23:02.8110580Z 
2026-09-24T04:23:02.8110698Z ======================================================================
2026-09-24T04:23:02.8111668Z FAIL: test_dependency_verb_words_in_names_are_not_embedded_clauses (test_continuity_questions.MemoryQuestionTests.test_dependency_verb_words_in_names_are_not_embedded_clauses) (question='What depends on imports management?', options={})
2026-09-24T04:23:02.8112656Z ----------------------------------------------------------------------
2026-09-24T04:23:02.8112987Z Traceback (most recent call last):
2026-09-24T04:23:02.8113673Z   File "/home/runner/work/tooltest/tooltest/tests/test_continuity_questions.py", line 666, in test_dependency_verb_words_in_names_are_not_embedded_clauses
2026-09-24T04:23:02.8114524Z     self.assertEqual(result['status'],'cited-records')
2026-09-24T04:23:02.8114870Z AssertionError: 'abstained' != 'cited-records'
2026-09-24T04:23:02.8115149Z - abstained
2026-09-24T04:23:02.8115331Z + cited-records
2026-09-24T04:23:02.8115440Z 
2026-09-24T04:23:02.8115443Z 
2026-09-24T04:23:02.8115553Z ======================================================================
2026-09-24T04:23:02.8116596Z FAIL: test_dependency_verb_words_in_names_are_not_embedded_clauses (test_continuity_questions.MemoryQuestionTests.test_dependency_verb_words_in_names_are_not_embedded_clauses) (question='What depends on imports management?', options={'entity': 'MOD-VERB-1'})
2026-09-24T04:23:02.8117673Z ----------------------------------------------------------------------
2026-09-24T04:23:02.8118004Z Traceback (most recent call last):
2026-09-24T04:23:02.8118692Z   File "/home/runner/work/tooltest/tooltest/tests/test_continuity_questions.py", line 666, in test_dependency_verb_words_in_names_are_not_embedded_clauses
2026-09-24T04:23:02.8119535Z     self.assertEqual(result['status'],'cited-records')
2026-09-24T04:23:02.8119872Z AssertionError: 'abstained' != 'cited-records'
2026-09-24T04:23:02.8120146Z - abstained
2026-09-24T04:23:02.8120322Z + cited-records
2026-09-24T04:23:02.8120438Z 
2026-09-24T04:23:02.8120442Z 
2026-09-24T04:23:02.8120545Z ======================================================================
2026-09-24T04:23:02.8121829Z FAIL: test_dependency_verb_words_in_names_are_not_embedded_clauses (test_continuity_questions.MemoryQuestionTests.test_dependency_verb_words_in_names_are_not_embedded_clauses) (question='Qu’est-ce qui dépend de imports management ?', options={})
2026-09-24T04:23:02.8122836Z ----------------------------------------------------------------------
2026-09-24T04:23:02.8123163Z Traceback (most recent call last):
2026-09-24T04:23:02.8123834Z   File "/home/runner/work/tooltest/tooltest/tests/test_continuity_questions.py", line 666, in test_dependency_verb_words_in_names_are_not_embedded_clauses
2026-09-24T04:23:02.8124519Z     self.assertEqual(result['status'],'cited-records')
2026-09-24T04:23:02.8124854Z AssertionError: 'abstained' != 'cited-records'
2026-09-24T04:23:02.8125134Z - abstained
2026-09-24T04:23:02.8125315Z + cited-records
2026-09-24T04:23:02.8125422Z 
2026-09-24T04:23:02.8125426Z 
2026-09-24T04:23:02.8125536Z ======================================================================
2026-09-24T04:23:02.8126908Z FAIL: test_dependency_verb_words_in_names_are_not_embedded_clauses (test_continuity_questions.MemoryQuestionTests.test_dependency_verb_words_in_names_are_not_embedded_clauses) (question='Qu’est-ce qui dépend de imports management ?', options={'entity': 'MOD-VERB-1'})
2026-09-24T04:23:02.8127992Z ----------------------------------------------------------------------
2026-09-24T04:23:02.8128322Z Traceback (most recent call last):
2026-09-24T04:23:02.8129127Z   File "/home/runner/work/tooltest/tooltest/tests/test_continuity_questions.py", line 666, in test_dependency_verb_words_in_names_are_not_embedded_clauses
2026-09-24T04:23:02.8129820Z     self.assertEqual(result['status'],'cited-records')
2026-09-24T04:23:02.8130152Z AssertionError: 'abstained' != 'cited-records'
2026-09-24T04:23:02.8130426Z - abstained
2026-09-24T04:23:02.8130607Z + cited-records
2026-09-24T04:23:02.8130721Z 
2026-09-24T04:23:02.8130725Z 
2026-09-24T04:23:02.8130828Z ======================================================================
2026-09-24T04:23:02.8131785Z FAIL: test_dependency_verb_words_in_names_are_not_embedded_clauses (test_continuity_questions.MemoryQuestionTests.test_dependency_verb_words_in_names_are_not_embedded_clauses) (question='What depends on depend management?', options={})
2026-09-24T04:23:02.8132766Z ----------------------------------------------------------------------
2026-09-24T04:23:02.8133093Z Traceback (most recent call last):
2026-09-24T04:23:02.8133791Z   File "/home/runner/work/tooltest/tooltest/tests/test_continuity_questions.py", line 666, in test_dependency_verb_words_in_names_are_not_embedded_clauses
2026-09-24T04:23:02.8134637Z     self.assertEqual(result['status'],'cited-records')
2026-09-24T04:23:02.8134976Z AssertionError: 'abstained' != 'cited-records'
2026-09-24T04:23:02.8135252Z - abstained
2026-09-24T04:23:02.8135433Z + cited-records
2026-09-24T04:23:02.8135549Z 
2026-09-24T04:23:02.8135552Z 
2026-09-24T04:23:02.8135664Z ======================================================================
2026-09-24T04:23:02.8136702Z FAIL: test_dependency_verb_words_in_names_are_not_embedded_clauses (test_continuity_questions.MemoryQuestionTests.test_dependency_verb_words_in_names_are_not_embedded_clauses) (question='What depends on depend management?', options={'entity': 'MOD-VERB-2'})
2026-09-24T04:23:02.8137752Z ----------------------------------------------------------------------
2026-09-24T04:23:02.8138079Z Traceback (most recent call last):
2026-09-24T04:23:02.8139663Z   File "/home/runner/work/tooltest/tooltest/tests/test_continuity_questions.py", line 666, in test_dependency_verb_words_in_names_are_not_embedded_clauses
2026-09-24T04:23:02.8140430Z     self.assertEqual(result['status'],'cited-records')
2026-09-24T04:23:02.8140784Z AssertionError: 'abstained' != 'cited-records'
2026-09-24T04:23:02.8141064Z - abstained
2026-09-24T04:23:02.8141245Z + cited-records
2026-09-24T04:23:02.8141357Z 
2026-09-24T04:23:02.8141362Z 
2026-09-24T04:23:02.8141487Z ======================================================================
2026-09-24T04:23:02.8142691Z FAIL: test_dependency_verb_words_in_names_are_not_embedded_clauses (test_continuity_questions.MemoryQuestionTests.test_dependency_verb_words_in_names_are_not_embedded_clauses) (question='Qu’est-ce qui dépend de depend management ?', options={})
2026-09-24T04:23:02.8143714Z ----------------------------------------------------------------------
2026-09-24T04:23:02.8144044Z Traceback (most recent call last):
2026-09-24T04:23:02.8144763Z   File "/home/runner/work/tooltest/tooltest/tests/test_continuity_questions.py", line 666, in test_dependency_verb_words_in_names_are_not_embedded_clauses
2026-09-24T04:23:02.8145464Z     self.assertEqual(result['status'],'cited-records')
2026-09-24T04:23:02.8145802Z AssertionError: 'abstained' != 'cited-records'
2026-09-24T04:23:02.8146078Z - abstained
2026-09-24T04:23:02.8146253Z + cited-records
2026-09-24T04:23:02.8146369Z 
2026-09-24T04:23:02.8146373Z 
2026-09-24T04:23:02.8146480Z ======================================================================
2026-09-24T04:23:02.8147876Z FAIL: test_dependency_verb_words_in_names_are_not_embedded_clauses (test_continuity_questions.MemoryQuestionTests.test_dependency_verb_words_in_names_are_not_embedded_clauses) (question='Qu’est-ce qui dépend de depend management ?', options={'entity': 'MOD-VERB-2'})
2026-09-24T04:23:02.8149140Z ----------------------------------------------------------------------
2026-09-24T04:23:02.8149467Z Traceback (most recent call last):
2026-09-24T04:23:02.8150153Z   File "/home/runner/work/tooltest/tooltest/tests/test_continuity_questions.py", line 666, in test_dependency_verb_words_in_names_are_not_embedded_clauses
2026-09-24T04:23:02.8150844Z     self.assertEqual(result['status'],'cited-records')
2026-09-24T04:23:02.8151180Z AssertionError: 'abstained' != 'cited-records'
2026-09-24T04:23:02.8151451Z - abstained
2026-09-24T04:23:02.8151630Z + cited-records
2026-09-24T04:23:02.8151748Z 
2026-09-24T04:23:02.8151752Z 
2026-09-24T04:23:02.8151864Z ======================================================================
2026-09-24T04:23:02.8152833Z FAIL: test_dependency_verb_words_in_names_are_not_embedded_clauses (test_continuity_questions.MemoryQuestionTests.test_dependency_verb_words_in_names_are_not_embedded_clauses) (question='What depends on depends management?', options={})
2026-09-24T04:23:02.8153807Z ----------------------------------------------------------------------
2026-09-24T04:23:02.8154133Z Traceback (most recent call last):
2026-09-24T04:23:02.8154800Z   File "/home/runner/work/tooltest/tooltest/tests/test_continuity_questions.py", line 666, in test_dependency_verb_words_in_names_are_not_embedded_clauses
2026-09-24T04:23:02.8155637Z     self.assertEqual(result['status'],'cited-records')
2026-09-24T04:23:02.8155969Z AssertionError: 'abstained' != 'cited-records'
2026-09-24T04:23:02.8156240Z - abstained
2026-09-24T04:23:02.8156448Z + cited-records
2026-09-24T04:23:02.8156575Z 
2026-09-24T04:23:02.8156579Z 
2026-09-24T04:23:02.8156693Z ======================================================================
2026-09-24T04:23:02.8157725Z FAIL: test_dependency_verb_words_in_names_are_not_embedded_clauses (test_continuity_questions.MemoryQuestionTests.test_dependency_verb_words_in_names_are_not_embedded_clauses) (question='What depends on depends management?', options={'entity': 'MOD-VERB-3'})
2026-09-24T04:23:02.8158917Z ----------------------------------------------------------------------
2026-09-24T04:23:02.8159253Z Traceback (most recent call last):
2026-09-24T04:23:02.8159955Z   File "/home/runner/work/tooltest/tooltest/tests/test_continuity_questions.py", line 666, in test_dependency_verb_words_in_names_are_not_embedded_clauses
2026-09-24T04:23:02.8160636Z     self.assertEqual(result['status'],'cited-records')
2026-09-24T04:23:02.8160996Z AssertionError: 'abstained' != 'cited-records'
2026-09-24T04:23:02.8161266Z - abstained
2026-09-24T04:23:02.8161439Z + cited-records
2026-09-24T04:23:02.8161547Z 
2026-09-24T04:23:02.8161551Z 
2026-09-24T04:23:02.8161656Z ======================================================================
2026-09-24T04:23:02.8162825Z FAIL: test_dependency_verb_words_in_names_are_not_embedded_clauses (test_continuity_questions.MemoryQuestionTests.test_dependency_verb_words_in_names_are_not_embedded_clauses) (question='Qu’est-ce qui dépend de depends management ?', options={})
2026-09-24T04:23:02.8163823Z ----------------------------------------------------------------------
2026-09-24T04:23:02.8164148Z Traceback (most recent call last):
2026-09-24T04:23:02.8164815Z   File "/home/runner/work/tooltest/tooltest/tests/test_continuity_questions.py", line 666, in test_dependency_verb_words_in_names_are_not_embedded_clauses
2026-09-24T04:23:02.8165493Z     self.assertEqual(result['status'],'cited-records')
2026-09-24T04:23:02.8165822Z AssertionError: 'abstained' != 'cited-records'
2026-09-24T04:23:02.8166087Z - abstained
2026-09-24T04:23:02.8166265Z + cited-records
2026-09-24T04:23:02.8166381Z 
2026-09-24T04:23:02.8166385Z 
2026-09-24T04:23:02.8166489Z ======================================================================
2026-09-24T04:23:02.8167863Z FAIL: test_dependency_verb_words_in_names_are_not_embedded_clauses (test_continuity_questions.MemoryQuestionTests.test_dependency_verb_words_in_names_are_not_embedded_clauses) (question='Qu’est-ce qui dépend de depends management ?', options={'entity': 'MOD-VERB-3'})
2026-09-24T04:23:02.8169114Z ----------------------------------------------------------------------
2026-09-24T04:23:02.8169442Z Traceback (most recent call last):
2026-09-24T04:23:02.8170116Z   File "/home/runner/work/tooltest/tooltest/tests/test_continuity_questions.py", line 666, in test_dependency_verb_words_in_names_are_not_embedded_clauses
2026-09-24T04:23:02.8170803Z     self.assertEqual(result['status'],'cited-records')
2026-09-24T04:23:02.8171134Z AssertionError: 'abstained' != 'cited-records'
2026-09-24T04:23:02.8171404Z - abstained
2026-09-24T04:23:02.8171584Z + cited-records
2026-09-24T04:23:02.8171694Z 
2026-09-24T04:23:02.8171698Z 
2026-09-24T04:23:02.8171807Z ======================================================================
2026-09-24T04:23:02.8172576Z FAIL: test_explicit_empty_bounds_have_bounded_cli_rejection (test_continuity_questions.MemoryQuestionTests.test_explicit_empty_bounds_have_bounded_cli_rejection) (flag='--since')
2026-09-24T04:23:02.8173368Z ----------------------------------------------------------------------
2026-09-24T04:23:02.8173687Z Traceback (most recent call last):
2026-09-24T04:23:02.8174347Z   File "/home/runner/work/tooltest/tooltest/tests/test_continuity_questions.py", line 706, in test_explicit_empty_bounds_have_bounded_cli_rejection
2026-09-24T04:23:02.8175154Z     self.assertEqual(run.returncode,2,run.stderr)
2026-09-24T04:23:02.8175457Z AssertionError: 0 != 2 : 
2026-09-24T04:23:02.8175601Z 
2026-09-24T04:23:02.8175710Z ======================================================================
2026-09-24T04:23:02.8176476Z FAIL: test_explicit_empty_bounds_have_bounded_cli_rejection (test_continuity_questions.MemoryQuestionTests.test_explicit_empty_bounds_have_bounded_cli_rejection) (flag='--until')
2026-09-24T04:23:02.8177263Z ----------------------------------------------------------------------
2026-09-24T04:23:02.8177591Z Traceback (most recent call last):
2026-09-24T04:23:02.8178234Z   File "/home/runner/work/tooltest/tooltest/tests/test_continuity_questions.py", line 706, in test_explicit_empty_bounds_have_bounded_cli_rejection
2026-09-24T04:23:02.8179556Z     self.assertEqual(run.returncode,2,run.stderr)
2026-09-24T04:23:02.8179873Z AssertionError: 0 != 2 : 
2026-09-24T04:23:02.8180022Z 
2026-09-24T04:23:02.8180133Z ======================================================================
2026-09-24T04:23:02.8180970Z FAIL: test_explicit_empty_bounds_raise_instead_of_becoming_unbounded (test_continuity_questions.MemoryQuestionTests.test_explicit_empty_bounds_raise_instead_of_becoming_unbounded) (option='since')
2026-09-24T04:23:02.8181825Z ----------------------------------------------------------------------
2026-09-24T04:23:02.8182149Z Traceback (most recent call last):
2026-09-24T04:23:02.8182861Z   File "/home/runner/work/tooltest/tooltest/tests/test_continuity_questions.py", line 694, in test_explicit_empty_bounds_raise_instead_of_becoming_unbounded
2026-09-24T04:23:02.8183530Z     with self.assertRaises(ValueError):
2026-09-24T04:23:02.8183810Z AssertionError: ValueError not raised
2026-09-24T04:23:02.8183990Z 
2026-09-24T04:23:02.8184095Z ======================================================================
2026-09-24T04:23:02.8184927Z FAIL: test_explicit_empty_bounds_raise_instead_of_becoming_unbounded (test_continuity_questions.MemoryQuestionTests.test_explicit_empty_bounds_raise_instead_of_becoming_unbounded) (option='until')
2026-09-24T04:23:02.8185786Z ----------------------------------------------------------------------
2026-09-24T04:23:02.8186121Z Traceback (most recent call last):
2026-09-24T04:23:02.8186802Z   File "/home/runner/work/tooltest/tooltest/tests/test_continuity_questions.py", line 694, in test_explicit_empty_bounds_raise_instead_of_becoming_unbounded
2026-09-24T04:23:02.8187470Z     with self.assertRaises(ValueError):
2026-09-24T04:23:02.8187755Z AssertionError: ValueError not raised
2026-09-24T04:23:02.8188091Z 
2026-09-24T04:23:02.8188211Z ======================================================================
2026-09-24T04:23:02.8189291Z FAIL: test_partial_iso_and_day_constraints_never_become_unbounded_paths (test_continuity_questions.MemoryQuestionTests.test_partial_iso_and_day_constraints_never_become_unbounded_paths) (phrase='on 2026-09', options={})
2026-09-24T04:23:02.8190239Z ----------------------------------------------------------------------
2026-09-24T04:23:02.8190568Z Traceback (most recent call last):
2026-09-24T04:23:02.8191273Z   File "/home/runner/work/tooltest/tooltest/tests/test_continuity_questions.py", line 649, in test_partial_iso_and_day_constraints_never_become_unbounded_paths
2026-09-24T04:23:02.8191972Z     self.assertEqual(result['status'],'abstained')
2026-09-24T04:23:02.8192306Z AssertionError: 'cited-records' != 'abstained'
2026-09-24T04:23:02.8192590Z - cited-records
2026-09-24T04:23:02.8192777Z + abstained
2026-09-24T04:23:02.8192883Z 
2026-09-24T04:23:02.8192891Z 
2026-09-24T04:23:02.8193002Z ======================================================================
2026-09-24T04:23:02.8193969Z FAIL: test_partial_iso_and_day_constraints_never_become_unbounded_paths (test_continuity_questions.MemoryQuestionTests.test_partial_iso_and_day_constraints_never_become_unbounded_paths) (phrase='on 2026-09', options={'until': '2027-01-01'})
2026-09-24T04:23:02.8195101Z ----------------------------------------------------------------------
2026-09-24T04:23:02.8195427Z Traceback (most recent call last):
2026-09-24T04:23:02.8196120Z   File "/home/runner/work/tooltest/tooltest/tests/test_continuity_questions.py", line 649, in test_partial_iso_and_day_constraints_never_become_unbounded_paths
2026-09-24T04:23:02.8196810Z     self.assertEqual(result['status'],'abstained')
2026-09-24T04:23:02.8197142Z AssertionError: 'cited-records' != 'abstained'
2026-09-24T04:23:02.8197418Z - cited-records
2026-09-24T04:23:02.8197600Z + abstained
2026-09-24T04:23:02.8197701Z 
2026-09-24T04:23:02.8197709Z 
2026-09-24T04:23:02.8197818Z ======================================================================
2026-09-24T04:23:02.8198728Z FAIL: test_partial_iso_and_day_constraints_never_become_unbounded_paths (test_continuity_questions.MemoryQuestionTests.test_partial_iso_and_day_constraints_never_become_unbounded_paths) (phrase='le 2026-09', options={})
2026-09-24T04:23:02.8199812Z ----------------------------------------------------------------------
2026-09-24T04:23:02.8200139Z Traceback (most recent call last):
2026-09-24T04:23:02.8200835Z   File "/home/runner/work/tooltest/tooltest/tests/test_continuity_questions.py", line 649, in test_partial_iso_and_day_constraints_never_become_unbounded_paths
2026-09-24T04:23:02.8201525Z     self.assertEqual(result['status'],'abstained')
2026-09-24T04:23:02.8201866Z AssertionError: 'cited-records' != 'abstained'
2026-09-24T04:23:02.8202150Z - cited-records
2026-09-24T04:23:02.8202336Z + abstained
2026-09-24T04:23:02.8202441Z 
2026-09-24T04:23:02.8202445Z 
2026-09-24T04:23:02.8202599Z ======================================================================
2026-09-24T04:23:02.8203573Z FAIL: test_partial_iso_and_day_constraints_never_become_unbounded_paths (test_continuity_questions.MemoryQuestionTests.test_partial_iso_and_day_constraints_never_become_unbounded_paths) (phrase='le 2026-09', options={'until': '2027-01-01'})
2026-09-24T04:23:02.8204565Z ----------------------------------------------------------------------
2026-09-24T04:23:02.8204885Z Traceback (most recent call last):
2026-09-24T04:23:02.8205574Z   File "/home/runner/work/tooltest/tooltest/tests/test_continuity_questions.py", line 649, in test_partial_iso_and_day_constraints_never_become_unbounded_paths
2026-09-24T04:23:02.8206268Z     self.assertEqual(result['status'],'abstained')
2026-09-24T04:23:02.8206591Z AssertionError: 'cited-records' != 'abstained'
2026-09-24T04:23:02.8206868Z - cited-records
2026-09-24T04:23:02.8207052Z + abstained
2026-09-24T04:23:02.8207158Z 
2026-09-24T04:23:02.8207162Z 
2026-09-24T04:23:02.8207415Z ======================================================================
2026-09-24T04:23:02.8208314Z FAIL: test_partial_iso_and_day_constraints_never_become_unbounded_paths (test_continuity_questions.MemoryQuestionTests.test_partial_iso_and_day_constraints_never_become_unbounded_paths) (phrase='2026-09', options={})
2026-09-24T04:23:02.8209367Z ----------------------------------------------------------------------
2026-09-24T04:23:02.8209699Z Traceback (most recent call last):
2026-09-24T04:23:02.8210389Z   File "/home/runner/work/tooltest/tooltest/tests/test_continuity_questions.py", line 649, in test_partial_iso_and_day_constraints_never_become_unbounded_paths
2026-09-24T04:23:02.8211079Z     self.assertEqual(result['status'],'abstained')
2026-09-24T04:23:02.8211400Z AssertionError: 'cited-records' != 'abstained'
2026-09-24T04:23:02.8211682Z - cited-records
2026-09-24T04:23:02.8211865Z + abstained
2026-09-24T04:23:02.8211962Z 
2026-09-24T04:23:02.8211966Z 
2026-09-24T04:23:02.8212080Z ======================================================================
2026-09-24T04:23:02.8213038Z FAIL: test_partial_iso_and_day_constraints_never_become_unbounded_paths (test_continuity_questions.MemoryQuestionTests.test_partial_iso_and_day_constraints_never_become_unbounded_paths) (phrase='2026-09', options={'until': '2027-01-01'})
2026-09-24T04:23:02.8214018Z ----------------------------------------------------------------------
2026-09-24T04:23:02.8214578Z Traceback (most recent call last):
2026-09-24T04:23:02.8215269Z   File "/home/runner/work/tooltest/tooltest/tests/test_continuity_questions.py", line 649, in test_partial_iso_and_day_constraints_never_become_unbounded_paths
2026-09-24T04:23:02.8215951Z     self.assertEqual(result['status'],'abstained')
2026-09-24T04:23:02.8216269Z AssertionError: 'cited-records' != 'abstained'
2026-09-24T04:23:02.8216539Z - cited-records
2026-09-24T04:23:02.8216721Z + abstained
2026-09-24T04:23:02.8216826Z 
2026-09-24T04:23:02.8216830Z 
2026-09-24T04:23:02.8216934Z ======================================================================
2026-09-24T04:23:02.8217825Z FAIL: test_partial_iso_and_day_constraints_never_become_unbounded_paths (test_continuity_questions.MemoryQuestionTests.test_partial_iso_and_day_constraints_never_become_unbounded_paths) (phrase='on 09-21', options={})
2026-09-24T04:23:02.8219005Z ----------------------------------------------------------------------
2026-09-24T04:23:02.8219391Z Traceback (most recent call last):
2026-09-24T04:23:02.8220098Z   File "/home/runner/work/tooltest/tooltest/tests/test_continuity_questions.py", line 649, in test_partial_iso_and_day_constraints_never_become_unbounded_paths
2026-09-24T04:23:02.8220782Z     self.assertEqual(result['status'],'abstained')
2026-09-24T04:23:02.8221100Z AssertionError: 'cited-records' != 'abstained'
2026-09-24T04:23:02.8221376Z - cited-records
2026-09-24T04:23:02.8221558Z + abstained
2026-09-24T04:23:02.8221661Z 
2026-09-24T04:23:02.8221665Z 
2026-09-24T04:23:02.8221777Z ======================================================================
2026-09-24T04:23:02.8222729Z FAIL: test_partial_iso_and_day_constraints_never_become_unbounded_paths (test_continuity_questions.MemoryQuestionTests.test_partial_iso_and_day_constraints_never_become_unbounded_paths) (phrase='on 09-21', options={'until': '2027-01-01'})
2026-09-24T04:23:02.8223715Z ----------------------------------------------------------------------
2026-09-24T04:23:02.8224047Z Traceback (most recent call last):
2026-09-24T04:23:02.8224731Z   File "/home/runner/work/tooltest/tooltest/tests/test_continuity_questions.py", line 649, in test_partial_iso_and_day_constraints_never_become_unbounded_paths
2026-09-24T04:23:02.8225440Z     self.assertEqual(result['status'],'abstained')
2026-09-24T04:23:02.8225763Z AssertionError: 'cited-records' != 'abstained'
2026-09-24T04:23:02.8226039Z - cited-records
2026-09-24T04:23:02.8226224Z + abstained
2026-09-24T04:23:02.8226330Z 
2026-09-24T04:23:02.8226334Z 
2026-09-24T04:23:02.8226593Z ======================================================================
2026-09-24T04:23:02.8227507Z FAIL: test_partial_iso_and_day_constraints_never_become_unbounded_paths (test_continuity_questions.MemoryQuestionTests.test_partial_iso_and_day_constraints_never_become_unbounded_paths) (phrase='le 21-09', options={})
2026-09-24T04:23:02.8228434Z ----------------------------------------------------------------------
2026-09-24T04:23:02.8228921Z Traceback (most recent call last):
2026-09-24T04:23:02.8229634Z   File "/home/runner/work/tooltest/tooltest/tests/test_continuity_questions.py", line 649, in test_partial_iso_and_day_constraints_never_become_unbounded_paths
2026-09-24T04:23:02.8230329Z     self.assertEqual(result['status'],'abstained')
2026-09-24T04:23:02.8230659Z AssertionError: 'cited-records' != 'abstained'
2026-09-24T04:23:02.8230941Z - cited-records
2026-09-24T04:23:02.8231129Z + abstained
2026-09-24T04:23:02.8231231Z 
2026-09-24T04:23:02.8231235Z 
2026-09-24T04:23:02.8231343Z ======================================================================
2026-09-24T04:23:02.8232306Z FAIL: test_partial_iso_and_day_constraints_never_become_unbounded_paths (test_continuity_questions.MemoryQuestionTests.test_partial_iso_and_day_constraints_never_become_unbounded_paths) (phrase='le 21-09', options={'until': '2027-01-01'})
2026-09-24T04:23:02.8233302Z ----------------------------------------------------------------------
2026-09-24T04:23:02.8233760Z Traceback (most recent call last):
2026-09-24T04:23:02.8234452Z   File "/home/runner/work/tooltest/tooltest/tests/test_continuity_questions.py", line 649, in test_partial_iso_and_day_constraints_never_become_unbounded_paths
2026-09-24T04:23:02.8235141Z     self.assertEqual(result['status'],'abstained')
2026-09-24T04:23:02.8235463Z AssertionError: 'cited-records' != 'abstained'
2026-09-24T04:23:02.8235739Z - cited-records
2026-09-24T04:23:02.8235925Z + abstained
2026-09-24T04:23:02.8236031Z 
2026-09-24T04:23:02.8236035Z 
2026-09-24T04:23:02.8236148Z ======================================================================
2026-09-24T04:23:02.8237037Z FAIL: test_partial_iso_and_day_constraints_never_become_unbounded_paths (test_continuity_questions.MemoryQuestionTests.test_partial_iso_and_day_constraints_never_become_unbounded_paths) (phrase='on 21', options={})
2026-09-24T04:23:02.8237949Z ----------------------------------------------------------------------
2026-09-24T04:23:02.8238278Z Traceback (most recent call last):
2026-09-24T04:23:02.8239118Z   File "/home/runner/work/tooltest/tooltest/tests/test_continuity_questions.py", line 649, in test_partial_iso_and_day_constraints_never_become_unbounded_paths
2026-09-24T04:23:02.8239816Z     self.assertEqual(result['status'],'abstained')
2026-09-24T04:23:02.8240135Z AssertionError: 'cited-records' != 'abstained'
2026-09-24T04:23:02.8240410Z - cited-records
2026-09-24T04:23:02.8240596Z + abstained
2026-09-24T04:23:02.8240694Z 
2026-09-24T04:23:02.8240698Z 
2026-09-24T04:23:02.8240805Z ======================================================================
2026-09-24T04:23:02.8241763Z FAIL: test_partial_iso_and_day_constraints_never_become_unbounded_paths (test_continuity_questions.MemoryQuestionTests.test_partial_iso_and_day_constraints_never_become_unbounded_paths) (phrase='on 21', options={'until': '2027-01-01'})
2026-09-24T04:23:02.8242740Z ----------------------------------------------------------------------
2026-09-24T04:23:02.8243075Z Traceback (most recent call last):
2026-09-24T04:23:02.8243761Z   File "/home/runner/work/tooltest/tooltest/tests/test_continuity_questions.py", line 649, in test_partial_iso_and_day_constraints_never_become_unbounded_paths
2026-09-24T04:23:02.8244448Z     self.assertEqual(result['status'],'abstained')
2026-09-24T04:23:02.8244767Z AssertionError: 'cited-records' != 'abstained'
2026-09-24T04:23:02.8245045Z - cited-records
2026-09-24T04:23:02.8245233Z + abstained
2026-09-24T04:23:02.8245341Z 
2026-09-24T04:23:02.8245345Z 
2026-09-24T04:23:02.8245448Z ======================================================================
2026-09-24T04:23:02.8246467Z FAIL: test_partial_iso_and_day_constraints_never_become_unbounded_paths (test_continuity_questions.MemoryQuestionTests.test_partial_iso_and_day_constraints_never_become_unbounded_paths) (phrase='on Mon', options={})
2026-09-24T04:23:02.8247390Z ----------------------------------------------------------------------
2026-09-24T04:23:02.8247714Z Traceback (most recent call last):
2026-09-24T04:23:02.8248407Z   File "/home/runner/work/tooltest/tooltest/tests/test_continuity_questions.py", line 649, in test_partial_iso_and_day_constraints_never_become_unbounded_paths
2026-09-24T04:23:02.8249229Z     self.assertEqual(result['status'],'abstained')
2026-09-24T04:23:02.8249549Z AssertionError: 'cited-records' != 'abstained'
2026-09-24T04:23:02.8249822Z - cited-records
2026-09-24T04:23:02.8250007Z + abstained
2026-09-24T04:23:02.8250103Z 
2026-09-24T04:23:02.8250107Z 
2026-09-24T04:23:02.8250212Z ======================================================================
2026-09-24T04:23:02.8251172Z FAIL: test_partial_iso_and_day_constraints_never_become_unbounded_paths (test_continuity_questions.MemoryQuestionTests.test_partial_iso_and_day_constraints_never_become_unbounded_paths) (phrase='on Mon', options={'until': '2027-01-01'})
2026-09-24T04:23:02.8252147Z ----------------------------------------------------------------------
2026-09-24T04:23:02.8252468Z Traceback (most recent call last):
2026-09-24T04:23:02.8253280Z   File "/home/runner/work/tooltest/tooltest/tests/test_continuity_questions.py", line 649, in test_partial_iso_and_day_constraints_never_become_unbounded_paths
2026-09-24T04:23:02.8253969Z     self.assertEqual(result['status'],'abstained')
2026-09-24T04:23:02.8254281Z AssertionError: 'cited-records' != 'abstained'
2026-09-24T04:23:02.8254553Z - cited-records
2026-09-24T04:23:02.8254736Z + abstained
2026-09-24T04:23:02.8254835Z 
2026-09-24T04:23:02.8254845Z 
2026-09-24T04:23:02.8254947Z ======================================================================
2026-09-24T04:23:02.8256098Z FAIL: test_partial_iso_and_day_constraints_never_become_unbounded_paths (test_continuity_questions.MemoryQuestionTests.test_partial_iso_and_day_constraints_never_become_unbounded_paths) (phrase='le début', options={})
2026-09-24T04:23:02.8257019Z ----------------------------------------------------------------------
2026-09-24T04:23:02.8257351Z Traceback (most recent call last):
2026-09-24T04:23:02.8258042Z   File "/home/runner/work/tooltest/tooltest/tests/test_continuity_questions.py", line 649, in test_partial_iso_and_day_constraints_never_become_unbounded_paths
2026-09-24T04:23:02.8258727Z     self.assertEqual(result['status'],'abstained')
2026-09-24T04:23:02.8259384Z AssertionError: 'cited-records' != 'abstained'
2026-09-24T04:23:02.8259659Z - cited-records
2026-09-24T04:23:02.8259841Z + abstained
2026-09-24T04:23:02.8259946Z 
2026-09-24T04:23:02.8259950Z 
2026-09-24T04:23:02.8260055Z ======================================================================
2026-09-24T04:23:02.8261213Z FAIL: test_partial_iso_and_day_constraints_never_become_unbounded_paths (test_continuity_questions.MemoryQuestionTests.test_partial_iso_and_day_constraints_never_become_unbounded_paths) (phrase='le début', options={'until': '2027-01-01'})
2026-09-24T04:23:02.8262199Z ----------------------------------------------------------------------
2026-09-24T04:23:02.8262523Z Traceback (most recent call last):
2026-09-24T04:23:02.8263222Z   File "/home/runner/work/tooltest/tooltest/tests/test_continuity_questions.py", line 649, in test_partial_iso_and_day_constraints_never_become_unbounded_paths
2026-09-24T04:23:02.8263909Z     self.assertEqual(result['status'],'abstained')
2026-09-24T04:23:02.8264232Z AssertionError: 'cited-records' != 'abstained'
2026-09-24T04:23:02.8264512Z - cited-records
2026-09-24T04:23:02.8264694Z + abstained
2026-09-24T04:23:02.8264792Z 
2026-09-24T04:23:02.8264796Z 
2026-09-24T04:23:02.8264903Z ======================================================================
2026-09-24T04:23:02.8265937Z FAIL: test_partial_iso_and_day_constraints_never_become_unbounded_paths (test_continuity_questions.MemoryQuestionTests.test_partial_iso_and_day_constraints_never_become_unbounded_paths) (phrase='2026W39', options={})
2026-09-24T04:23:02.8266858Z ----------------------------------------------------------------------
2026-09-24T04:23:02.8267180Z Traceback (most recent call last):
2026-09-24T04:23:02.8267870Z   File "/home/runner/work/tooltest/tooltest/tests/test_continuity_questions.py", line 649, in test_partial_iso_and_day_constraints_never_become_unbounded_paths
2026-09-24T04:23:02.8268562Z     self.assertEqual(result['status'],'abstained')
2026-09-24T04:23:02.8269037Z AssertionError: 'cited-records' != 'abstained'
2026-09-24T04:23:02.8269321Z - cited-records
2026-09-24T04:23:02.8269503Z + abstained
2026-09-24T04:23:02.8269608Z 
2026-09-24T04:23:02.8269611Z 
2026-09-24T04:23:02.8269713Z ======================================================================
2026-09-24T04:23:02.8270672Z FAIL: test_partial_iso_and_day_constraints_never_become_unbounded_paths (test_continuity_questions.MemoryQuestionTests.test_partial_iso_and_day_constraints_never_become_unbounded_paths) (phrase='2026W39', options={'until': '2027-01-01'})
2026-09-24T04:23:02.8271658Z ----------------------------------------------------------------------
2026-09-24T04:23:02.8271982Z Traceback (most recent call last):
2026-09-24T04:23:02.8272664Z   File "/home/runner/work/tooltest/tooltest/tests/test_continuity_questions.py", line 649, in test_partial_iso_and_day_constraints_never_become_unbounded_paths
2026-09-24T04:23:02.8273492Z     self.assertEqual(result['status'],'abstained')
2026-09-24T04:23:02.8273807Z AssertionError: 'cited-records' != 'abstained'
2026-09-24T04:23:02.8274080Z - cited-records
2026-09-24T04:23:02.8274262Z + abstained
2026-09-24T04:23:02.8274364Z 
2026-09-24T04:23:02.8274368Z 
2026-09-24T04:23:02.8274475Z ======================================================================
2026-09-24T04:23:02.8275366Z FAIL: test_partial_iso_and_day_constraints_never_become_unbounded_paths (test_continuity_questions.MemoryQuestionTests.test_partial_iso_and_day_constraints_never_become_unbounded_paths) (phrase='2026-W39', options={})
2026-09-24T04:23:02.8276284Z ----------------------------------------------------------------------
2026-09-24T04:23:02.8276603Z Traceback (most recent call last):
2026-09-24T04:23:02.8277288Z   File "/home/runner/work/tooltest/tooltest/tests/test_continuity_questions.py", line 649, in test_partial_iso_and_day_constraints_never_become_unbounded_paths
2026-09-24T04:23:02.8277977Z     self.assertEqual(result['status'],'abstained')
2026-09-24T04:23:02.8278298Z AssertionError: 'cited-records' != 'abstained'
2026-09-24T04:23:02.8278573Z - cited-records
2026-09-24T04:23:02.8278882Z + abstained
2026-09-24T04:23:02.8278985Z 
2026-09-24T04:23:02.8278989Z 
2026-09-24T04:23:02.8279096Z ======================================================================
2026-09-24T04:23:02.8280053Z FAIL: test_partial_iso_and_day_constraints_never_become_unbounded_paths (test_continuity_questions.MemoryQuestionTests.test_partial_iso_and_day_constraints_never_become_unbounded_paths) (phrase='2026-W39', options={'until': '2027-01-01'})
2026-09-24T04:23:02.8281036Z ----------------------------------------------------------------------
2026-09-24T04:23:02.8281359Z Traceback (most recent call last):
2026-09-24T04:23:02.8282052Z   File "/home/runner/work/tooltest/tooltest/tests/test_continuity_questions.py", line 649, in test_partial_iso_and_day_constraints_never_become_unbounded_paths
2026-09-24T04:23:02.8282741Z     self.assertEqual(result['status'],'abstained')
2026-09-24T04:23:02.8283060Z AssertionError: 'cited-records' != 'abstained'
2026-09-24T04:23:02.8283337Z - cited-records
2026-09-24T04:23:02.8283524Z + abstained
2026-09-24T04:23:02.8283628Z 
2026-09-24T04:23:02.8283631Z 
2026-09-24T04:23:02.8283732Z ======================================================================
2026-09-24T04:23:02.8284816Z FAIL: test_repeated_same_intent_clauses_abstain_even_with_literal_entity (test_continuity_questions.MemoryQuestionTests.test_repeated_same_intent_clauses_abstain_even_with_literal_entity) (question='Why auth. Why billing?', kind='why')
2026-09-24T04:23:02.8285804Z ----------------------------------------------------------------------
2026-09-24T04:23:02.8286128Z Traceback (most recent call last):
2026-09-24T04:23:02.8286817Z   File "/home/runner/work/tooltest/tooltest/tests/test_continuity_questions.py", line 685, in test_repeated_same_intent_clauses_abstain_even_with_literal_entity
2026-09-24T04:23:02.8287553Z     self.assertEqual(result['status'],'abstained')
2026-09-24T04:23:02.8287892Z AssertionError: 'cited-records' != 'abstained'
2026-09-24T04:23:02.8288171Z - cited-records
2026-09-24T04:23:02.8288353Z + abstained
2026-09-24T04:23:02.8288459Z 
2026-09-24T04:23:02.8288463Z 
2026-09-24T04:23:02.8288571Z ======================================================================
2026-09-24T04:23:02.8289671Z FAIL: test_repeated_same_intent_clauses_abstain_even_with_literal_entity (test_continuity_questions.MemoryQuestionTests.test_repeated_same_intent_clauses_abstain_even_with_literal_entity) (question='Why auth. Why billing?', kind='auto')
2026-09-24T04:23:02.8290648Z ----------------------------------------------------------------------
2026-09-24T04:23:02.8290969Z Traceback (most recent call last):
2026-09-24T04:23:02.8291661Z   File "/home/runner/work/tooltest/tooltest/tests/test_continuity_questions.py", line 685, in test_repeated_same_intent_clauses_abstain_even_with_literal_entity
2026-09-24T04:23:02.8292557Z     self.assertEqual(result['status'],'abstained')
2026-09-24T04:23:02.8292882Z AssertionError: 'cited-records' != 'abstained'
2026-09-24T04:23:02.8293161Z - cited-records
2026-09-24T04:23:02.8293344Z + abstained
2026-09-24T04:23:02.8293442Z 
2026-09-24T04:23:02.8293446Z 
2026-09-24T04:23:02.8293555Z ======================================================================
2026-09-24T04:23:02.8294523Z FAIL: test_repeated_same_intent_clauses_abstain_even_with_literal_entity (test_continuity_questions.MemoryQuestionTests.test_repeated_same_intent_clauses_abstain_even_with_literal_entity) (question='Why auth and why billing?', kind='why')
2026-09-24T04:23:02.8295556Z ----------------------------------------------------------------------
2026-09-24T04:23:02.8295887Z Traceback (most recent call last):
2026-09-24T04:23:02.8296579Z   File "/home/runner/work/tooltest/tooltest/tests/test_continuity_questions.py", line 685, in test_repeated_same_intent_clauses_abstain_even_with_literal_entity
2026-09-24T04:23:02.8297274Z     self.assertEqual(result['status'],'abstained')
2026-09-24T04:23:02.8297592Z AssertionError: 'cited-records' != 'abstained'
2026-09-24T04:23:02.8297864Z - cited-records
2026-09-24T04:23:02.8298048Z + abstained
2026-09-24T04:23:02.8298151Z 
2026-09-24T04:23:02.8298155Z 
2026-09-24T04:23:02.8298258Z ======================================================================
2026-09-24T04:23:02.8299540Z FAIL: test_repeated_same_intent_clauses_abstain_even_with_literal_entity (test_continuity_questions.MemoryQuestionTests.test_repeated_same_intent_clauses_abstain_even_with_literal_entity) (question='Why auth and why billing?', kind='auto')
2026-09-24T04:23:02.8300553Z ----------------------------------------------------------------------
2026-09-24T04:23:02.8300891Z Traceback (most recent call last):
2026-09-24T04:23:02.8301598Z   File "/home/runner/work/tooltest/tooltest/tests/test_continuity_questions.py", line 685, in test_repeated_same_intent_clauses_abstain_even_with_literal_entity
2026-09-24T04:23:02.8302302Z     self.assertEqual(result['status'],'abstained')
2026-09-24T04:23:02.8302665Z AssertionError: 'cited-records' != 'abstained'
2026-09-24T04:23:02.8302947Z - cited-records
2026-09-24T04:23:02.8303141Z + abstained
2026-09-24T04:23:02.8303242Z 
2026-09-24T04:23:02.8303246Z 
2026-09-24T04:23:02.8303361Z ======================================================================
2026-09-24T04:23:02.8304502Z FAIL: test_repeated_same_intent_clauses_abstain_even_with_literal_entity (test_continuity_questions.MemoryQuestionTests.test_repeated_same_intent_clauses_abstain_even_with_literal_entity) (question='Pourquoi auth et pourquoi billing ?', kind='why')
2026-09-24T04:23:02.8305536Z ----------------------------------------------------------------------
2026-09-24T04:23:02.8305864Z Traceback (most recent call last):
2026-09-24T04:23:02.8306564Z   File "/home/runner/work/tooltest/tooltest/tests/test_continuity_questions.py", line 685, in test_repeated_same_intent_clauses_abstain_even_with_literal_entity
2026-09-24T04:23:02.8307275Z     self.assertEqual(result['status'],'abstained')
2026-09-24T04:23:02.8307600Z AssertionError: 'cited-records' != 'abstained'
2026-09-24T04:23:02.8307877Z - cited-records
2026-09-24T04:23:02.8308063Z + abstained
2026-09-24T04:23:02.8308169Z 
2026-09-24T04:23:02.8308173Z 
2026-09-24T04:23:02.8308277Z ======================================================================
2026-09-24T04:23:02.8309440Z FAIL: test_repeated_same_intent_clauses_abstain_even_with_literal_entity (test_continuity_questions.MemoryQuestionTests.test_repeated_same_intent_clauses_abstain_even_with_literal_entity) (question='Pourquoi auth et pourquoi billing ?', kind='auto')
2026-09-24T04:23:02.8310476Z ----------------------------------------------------------------------
2026-09-24T04:23:02.8310800Z Traceback (most recent call last):
2026-09-24T04:23:02.8311493Z   File "/home/runner/work/tooltest/tooltest/tests/test_continuity_questions.py", line 685, in test_repeated_same_intent_clauses_abstain_even_with_literal_entity
2026-09-24T04:23:02.8312320Z     self.assertEqual(result['status'],'abstained')
2026-09-24T04:23:02.8312642Z AssertionError: 'cited-records' != 'abstained'
2026-09-24T04:23:02.8312925Z - cited-records
2026-09-24T04:23:02.8313109Z + abstained
2026-09-24T04:23:02.8313214Z 
2026-09-24T04:23:02.8313218Z 
2026-09-24T04:23:02.8313327Z ======================================================================
2026-09-24T04:23:02.8314321Z FAIL: test_repeated_same_intent_clauses_abstain_even_with_literal_entity (test_continuity_questions.MemoryQuestionTests.test_repeated_same_intent_clauses_abstain_even_with_literal_entity) (question='Remember auth; Remember billing?', kind='auto')
2026-09-24T04:23:02.8315337Z ----------------------------------------------------------------------
2026-09-24T04:23:02.8315657Z Traceback (most recent call last):
2026-09-24T04:23:02.8316349Z   File "/home/runner/work/tooltest/tooltest/tests/test_continuity_questions.py", line 685, in test_repeated_same_intent_clauses_abstain_even_with_literal_entity
2026-09-24T04:23:02.8317043Z     self.assertEqual(result['status'],'abstained')
2026-09-24T04:23:02.8317373Z AssertionError: 'cited-records' != 'abstained'
2026-09-24T04:23:02.8317647Z - cited-records
2026-09-24T04:23:02.8317826Z + abstained
2026-09-24T04:23:02.8317924Z 
2026-09-24T04:23:02.8317928Z 
2026-09-24T04:23:02.8318035Z ======================================================================
2026-09-24T04:23:02.8319229Z FAIL: test_repeated_same_intent_clauses_abstain_even_with_literal_entity (test_continuity_questions.MemoryQuestionTests.test_repeated_same_intent_clauses_abstain_even_with_literal_entity) (question='What changed in auth and what changed in billing?', kind='changes')
2026-09-24T04:23:02.8320304Z ----------------------------------------------------------------------
2026-09-24T04:23:02.8320625Z Traceback (most recent call last):
2026-09-24T04:23:02.8321322Z   File "/home/runner/work/tooltest/tooltest/tests/test_continuity_questions.py", line 685, in test_repeated_same_intent_clauses_abstain_even_with_literal_entity
2026-09-24T04:23:02.8322007Z     self.assertEqual(result['status'],'abstained')
2026-09-24T04:23:02.8322323Z AssertionError: 'cited-records' != 'abstained'
2026-09-24T04:23:02.8322595Z - cited-records
2026-09-24T04:23:02.8322774Z + abstained
2026-09-24T04:23:02.8322877Z 
2026-09-24T04:23:02.8322881Z 
2026-09-24T04:23:02.8322982Z ======================================================================
2026-09-24T04:23:02.8324151Z FAIL: test_repeated_same_intent_clauses_abstain_even_with_literal_entity (test_continuity_questions.MemoryQuestionTests.test_repeated_same_intent_clauses_abstain_even_with_literal_entity) (question='What changed in auth and what changed in billing?', kind='auto')
2026-09-24T04:23:02.8325236Z ----------------------------------------------------------------------
2026-09-24T04:23:02.8325555Z Traceback (most recent call last):
2026-09-24T04:23:02.8326251Z   File "/home/runner/work/tooltest/tooltest/tests/test_continuity_questions.py", line 685, in test_repeated_same_intent_clauses_abstain_even_with_literal_entity
2026-09-24T04:23:02.8326937Z     self.assertEqual(result['status'],'abstained')
2026-09-24T04:23:02.8327257Z AssertionError: 'cited-records' != 'abstained'
2026-09-24T04:23:02.8327533Z - cited-records
2026-09-24T04:23:02.8327713Z + abstained
2026-09-24T04:23:02.8327817Z 
2026-09-24T04:23:02.8327821Z 
2026-09-24T04:23:02.8327957Z ----------------------------------------------------------------------
2026-09-24T04:23:02.8328274Z Ran 794 tests in 101.145s
2026-09-24T04:23:02.8328417Z 
2026-09-24T04:23:02.8328519Z FAILED (failures=49, skipped=52)
2026-09-24T04:23:02.8328906Z certificate: dwv1_6844ec6803b986ec9520
2026-09-24T04:23:02.8329165Z integrity:   valid
2026-09-24T04:23:02.8329378Z freshness:   fresh against WORKTREE
2026-09-24T04:23:02.8329633Z candidate:   embedded-tree
2026-09-24T04:23:02.8329858Z base:        embedded-tree
2026-09-24T04:23:02.8330201Z verdict:     VALID
2026-09-24T04:23:02.8454284Z ##[error]Process completed with exit code 1.
2026-09-24T04:23:02.9226702Z ##[group]Run actions/upload-artifact@v6
2026-09-24T04:23:02.9227010Z with:
2026-09-24T04:23:02.9227229Z   name: unittest-Linux-py3.11
2026-09-24T04:23:02.9227468Z   path: unittest.log
2026-09-24T04:23:02.9227680Z   if-no-files-found: error
2026-09-24T04:23:02.9227900Z   retention-days: 7
2026-09-24T04:23:02.9228098Z   compression-level: 6
2026-09-24T04:23:02.9228302Z   overwrite: false
2026-09-24T04:23:02.9228507Z   include-hidden-files: false
2026-09-24T04:23:02.9228736Z env:
2026-09-24T04:23:02.9229309Z   pythonLocation: /opt/hostedtoolcache/Python/3.11.16/x64
2026-09-24T04:23:02.9229741Z   PKG_CONFIG_PATH: /opt/hostedtoolcache/Python/3.11.16/x64/lib/pkgconfig
2026-09-24T04:23:02.9230161Z   Python_ROOT_DIR: /opt/hostedtoolcache/Python/3.11.16/x64
2026-09-24T04:23:02.9230537Z   Python2_ROOT_DIR: /opt/hostedtoolcache/Python/3.11.16/x64
2026-09-24T04:23:02.9230931Z   Python3_ROOT_DIR: /opt/hostedtoolcache/Python/3.11.16/x64
2026-09-24T04:23:02.9231344Z   LD_LIBRARY_PATH: /opt/hostedtoolcache/Python/3.11.16/x64/lib
2026-09-24T04:23:02.9231661Z ##[endgroup]
2026-09-24T04:23:03.0998535Z With the provided path, there will be 1 file uploaded
2026-09-24T04:23:03.0999724Z Artifact name is valid!
2026-09-24T04:23:03.1000249Z Root directory input is valid!
2026-09-24T04:23:03.2947650Z Beginning upload of artifact content to blob storage
2026-09-24T04:23:03.3710946Z Uploaded bytes 31458
2026-09-24T04:23:03.3852852Z Finished uploading artifact content to blob storage!
2026-09-24T04:23:03.3854140Z SHA256 digest of uploaded artifact zip is 9b6a835d020acd79bd2cdea8f5a9f924ada1dbd6dc04ac0337c266d9f18e3187
2026-09-24T04:23:03.3855770Z Finalizing artifact upload
2026-09-24T04:23:03.5752035Z Artifact unittest-Linux-py3.11.zip successfully finalized. Artifact ID 10789832771
2026-09-24T04:23:03.5753448Z Artifact unittest-Linux-py3.11 has been successfully uploaded! Final size is 31458 bytes. Artifact ID is 10789832771
2026-09-24T04:23:03.5757738Z Artifact download URL: https://github.com/TFourniax/tooltest/actions/runs/35955247101/artifacts/10789832771
2026-09-24T04:23:03.5989951Z Post job cleanup.
2026-09-24T04:23:03.6908678Z [command]/usr/bin/git version
2026-09-24T04:23:03.6953949Z git version 2.55.0
2026-09-24T04:23:03.6995820Z Temporarily overriding HOME='/home/runner/work/_temp/2a25efbd-60c8-46f2-a13a-59f13a13fe41' before making global git config changes
2026-09-24T04:23:03.6997178Z Adding repository directory to the temporary git global config as a safe directory
2026-09-24T04:23:03.7003511Z [command]/usr/bin/git config --global --add safe.directory /home/runner/work/tooltest/tooltest
2026-09-24T04:23:03.7042454Z Removing SSH command configuration
2026-09-24T04:23:03.7050949Z [command]/usr/bin/git config --local --name-only --get-regexp core\.sshCommand
2026-09-24T04:23:03.7092673Z [command]/usr/bin/git submodule foreach --recursive sh -c "git config --local --name-only --get-regexp 'core\.sshCommand' && git config --local --unset-all 'core.sshCommand' || :"
2026-09-24T04:23:03.7354014Z Removing HTTP extra header
2026-09-24T04:23:03.7362995Z [command]/usr/bin/git config --local --name-only --get-regexp http\.https\:\/\/github\.com\/\.extraheader
2026-09-24T04:23:03.7415353Z [command]/usr/bin/git submodule foreach --recursive sh -c "git config --local --name-only --get-regexp 'http\.https\:\/\/github\.com\/\.extraheader' && git config --local --unset-all 'http.https://github.com/.extraheader' || :"
2026-09-24T04:23:03.7705093Z Removing includeIf entries pointing to credentials config files
2026-09-24T04:23:03.7712095Z [command]/usr/bin/git config --local --name-only --get-regexp ^includeIf\.gitdir:
2026-09-24T04:23:03.7760572Z includeif.gitdir:/home/runner/work/tooltest/tooltest/.git.path
2026-09-24T04:23:03.7761372Z includeif.gitdir:/home/runner/work/tooltest/tooltest/.git/worktrees/*.path
2026-09-24T04:23:03.7761989Z includeif.gitdir:/github/workspace/.git.path
2026-09-24T04:23:03.7762787Z includeif.gitdir:/github/workspace/.git/worktrees/*.path
2026-09-24T04:23:03.7776241Z [command]/usr/bin/git config --local --get-all includeif.gitdir:/home/runner/work/tooltest/tooltest/.git.path
2026-09-24T04:23:03.7800993Z /home/runner/work/_temp/git-credentials-59ced91c-fc05-4998-9860-5631099a81f4.config
2026-09-24T04:23:03.7820951Z [command]/usr/bin/git config --local --unset includeif.gitdir:/home/runner/work/tooltest/tooltest/.git.path \/home\/runner\/work\/_temp\/git\-credentials\-59ced91c\-fc05\-4998\-9860\-5631099a81f4\.config
2026-09-24T04:23:03.7868035Z [command]/usr/bin/git config --local --get-all includeif.gitdir:/home/runner/work/tooltest/tooltest/.git/worktrees/*.path
2026-09-24T04:23:03.7908383Z /home/runner/work/_temp/git-credentials-59ced91c-fc05-4998-9860-5631099a81f4.config
2026-09-24T04:23:03.7921650Z [command]/usr/bin/git config --local --unset includeif.gitdir:/home/runner/work/tooltest/tooltest/.git/worktrees/*.path \/home\/runner\/work\/_temp\/git\-credentials\-59ced91c\-fc05\-4998\-9860\-5631099a81f4\.config
2026-09-24T04:23:03.7970781Z [command]/usr/bin/git config --local --get-all includeif.gitdir:/github/workspace/.git.path
2026-09-24T04:23:03.8006278Z /github/runner_temp/git-credentials-59ced91c-fc05-4998-9860-5631099a81f4.config
2026-09-24T04:23:03.8026486Z [command]/usr/bin/git config --local --unset includeif.gitdir:/github/workspace/.git.path \/github\/runner_temp\/git\-credentials\-59ced91c\-fc05\-4998\-9860\-5631099a81f4\.config
2026-09-24T04:23:03.8060000Z [command]/usr/bin/git config --local --get-all includeif.gitdir:/github/workspace/.git/worktrees/*.path
2026-09-24T04:23:03.8091239Z /github/runner_temp/git-credentials-59ced91c-fc05-4998-9860-5631099a81f4.config
2026-09-24T04:23:03.8101743Z [command]/usr/bin/git config --local --unset includeif.gitdir:/github/workspace/.git/worktrees/*.path \/github\/runner_temp\/git\-credentials\-59ced91c\-fc05\-4998\-9860\-5631099a81f4\.config
2026-09-24T04:23:03.8149597Z [command]/usr/bin/git submodule foreach --recursive git config --local --show-origin --name-only --get-regexp remote.origin.url
2026-09-24T04:23:03.8428629Z Removing credentials config '/home/runner/work/_temp/git-credentials-59ced91c-fc05-4998-9860-5631099a81f4.config'
2026-09-24T04:23:03.8601577Z Cleaning up orphan processes
