2026-09-24T02:53:13.2370159Z Current runner version: '2.337.0'
2026-09-24T02:53:13.2395875Z ##[group]Runner Image Provisioner
2026-09-24T02:53:13.2396812Z Hosted Compute Agent
2026-09-24T02:53:13.2397425Z Version: 20260828.587
2026-09-24T02:53:13.2398154Z Commit: abac92662cab4cc7352de4f9f9d2e2419aad9c29
2026-09-24T02:53:13.2399018Z Build Date: 2026-08-28T16:44:25Z
2026-09-24T02:53:13.2399798Z Worker ID: {bf84f2f2-1b60-4143-b805-cf3c9d0223fc}
2026-09-24T02:53:13.2400561Z Azure Region: westus3
2026-09-24T02:53:13.2401149Z ##[endgroup]
2026-09-24T02:53:13.2402837Z ##[group]Operating System
2026-09-24T02:53:13.2403543Z Ubuntu
2026-09-24T02:53:13.2404062Z 24.04.5
2026-09-24T02:53:13.2404652Z LTS
2026-09-24T02:53:13.2405413Z ##[endgroup]
2026-09-24T02:53:13.2406038Z ##[group]Runner Image
2026-09-24T02:53:13.2406753Z Image: ubuntu-24.04
2026-09-24T02:53:13.2407327Z Version: 20260907.300.1
2026-09-24T02:53:13.2408676Z Included Software: https://github.com/actions/runner-images/blob/ubuntu24/20260907.300/images/ubuntu/Ubuntu2404-Readme.md
2026-09-24T02:53:13.2410278Z Image Release: https://github.com/actions/runner-images/releases/tag/ubuntu24%2F20260907.300
2026-09-24T02:53:13.2411374Z ##[endgroup]
2026-09-24T02:53:13.2412587Z ##[group]GITHUB_TOKEN Permissions
2026-09-24T02:53:13.2414535Z Contents: read
2026-09-24T02:53:13.2415430Z Metadata: read
2026-09-24T02:53:13.2416191Z ##[endgroup]
2026-09-24T02:53:13.2418363Z Secret source: Actions
2026-09-24T02:53:13.2419439Z Cache mode: write
2026-09-24T02:53:13.2420145Z Prepare workflow directory
2026-09-24T02:53:13.2761012Z Prepare all required actions
2026-09-24T02:53:13.2809285Z Getting action download info
2026-09-24T02:53:13.5898152Z Download action repository 'actions/checkout@v7' (SHA:3d3c42e5aac5ba805825da76410c181273ba90b1)
2026-09-24T02:53:13.7069022Z Download action repository 'actions/setup-python@v7' (SHA:5fda3b95a4ea91299a34e894583c3862153e4b97)
2026-09-24T02:53:13.8297704Z Download action repository 'actions/upload-artifact@v6' (SHA:b7c566a772e6b6bfb58ed0dc250532a479d7789f)
2026-09-24T02:53:14.0691258Z Complete job name: test (ubuntu-latest, 3.13)
2026-09-24T02:53:14.1586415Z ##[group]Run actions/checkout@v7
2026-09-24T02:53:14.1587323Z with:
2026-09-24T02:53:14.1587815Z   repository: TFourniax/tooltest
2026-09-24T02:53:14.1592473Z   token: ***
2026-09-24T02:53:14.1592944Z   ssh-strict: true
2026-09-24T02:53:14.1593636Z   ssh-user: git
2026-09-24T02:53:14.1594373Z   persist-credentials: true
2026-09-24T02:53:14.1594909Z   clean: true
2026-09-24T02:53:14.1595578Z   sparse-checkout-cone-mode: true
2026-09-24T02:53:14.1596141Z   fetch-depth: 1
2026-09-24T02:53:14.1596616Z   fetch-tags: false
2026-09-24T02:53:14.1597106Z   show-progress: true
2026-09-24T02:53:14.1597569Z   lfs: false
2026-09-24T02:53:14.1598002Z   submodules: false
2026-09-24T02:53:14.1598481Z   set-safe-directory: true
2026-09-24T02:53:14.1599009Z   allow-unsafe-pr-checkout: false
2026-09-24T02:53:14.1599901Z ##[endgroup]
2026-09-24T02:53:14.2745674Z Syncing repository: TFourniax/tooltest
2026-09-24T02:53:14.2748110Z ##[group]Getting Git version info
2026-09-24T02:53:14.2749160Z Working directory is '/home/runner/work/tooltest/tooltest'
2026-09-24T02:53:14.2750456Z [command]/usr/bin/git version
2026-09-24T02:53:14.2882874Z git version 2.55.0
2026-09-24T02:53:14.2908784Z ##[endgroup]
2026-09-24T02:53:14.2930845Z Temporarily overriding HOME='/home/runner/work/_temp/2eee165c-b385-4a19-8b9c-17c894f377e6' before making global git config changes
2026-09-24T02:53:14.2933915Z Adding repository directory to the temporary git global config as a safe directory
2026-09-24T02:53:14.2939276Z [command]/usr/bin/git config --global --add safe.directory /home/runner/work/tooltest/tooltest
2026-09-24T02:53:14.2993186Z Deleting the contents of '/home/runner/work/tooltest/tooltest'
2026-09-24T02:53:14.2998000Z ##[group]Determining repository object format
2026-09-24T02:53:14.3000156Z ##[endgroup]
2026-09-24T02:53:14.3001813Z ##[group]Initializing the repository
2026-09-24T02:53:14.3005722Z [command]/usr/bin/git init /home/runner/work/tooltest/tooltest
2026-09-24T02:53:14.3149686Z hint: Using 'master' as the name for the initial branch. This default branch name
2026-09-24T02:53:14.3151824Z hint: will change to "main" in Git 3.0. To configure the initial branch name
2026-09-24T02:53:14.3158871Z hint: to use in all of your new repositories, which will suppress this warning,
2026-09-24T02:53:14.3160748Z hint: call:
2026-09-24T02:53:14.3269526Z hint:
2026-09-24T02:53:14.3297403Z hint: 	git config --global init.defaultBranch <name>
2026-09-24T02:53:14.3303599Z hint:
2026-09-24T02:53:14.3305705Z hint: Names commonly chosen instead of 'master' are 'main', 'trunk' and
2026-09-24T02:53:14.3308133Z hint: 'development'. The just-created branch can be renamed via this command:
2026-09-24T02:53:14.3310389Z hint:
2026-09-24T02:53:14.3311751Z hint: 	git branch -m <name>
2026-09-24T02:53:14.3313244Z hint:
2026-09-24T02:53:14.3314916Z hint: Disable this message with "git config set advice.defaultBranchName false"
2026-09-24T02:53:14.3320199Z Initialized empty Git repository in /home/runner/work/tooltest/tooltest/.git/
2026-09-24T02:53:14.3324243Z [command]/usr/bin/git remote add origin https://github.com/TFourniax/tooltest
2026-09-24T02:53:14.3328312Z ##[endgroup]
2026-09-24T02:53:14.3329944Z ##[group]Disabling automatic garbage collection
2026-09-24T02:53:14.3331403Z [command]/usr/bin/git config --local gc.auto 0
2026-09-24T02:53:14.3335304Z ##[endgroup]
2026-09-24T02:53:14.3337316Z ##[group]Setting up auth
2026-09-24T02:53:14.3338611Z Removing SSH command configuration
2026-09-24T02:53:14.3340374Z [command]/usr/bin/git config --local --name-only --get-regexp core\.sshCommand
2026-09-24T02:53:14.3371838Z [command]/usr/bin/git submodule foreach --recursive sh -c "git config --local --name-only --get-regexp 'core\.sshCommand' && git config --local --unset-all 'core.sshCommand' || :"
2026-09-24T02:53:14.3802201Z Removing HTTP extra header
2026-09-24T02:53:14.3810253Z [command]/usr/bin/git config --local --name-only --get-regexp http\.https\:\/\/github\.com\/\.extraheader
2026-09-24T02:53:14.3852209Z [command]/usr/bin/git submodule foreach --recursive sh -c "git config --local --name-only --get-regexp 'http\.https\:\/\/github\.com\/\.extraheader' && git config --local --unset-all 'http.https://github.com/.extraheader' || :"
2026-09-24T02:53:14.4084042Z Removing includeIf entries pointing to credentials config files
2026-09-24T02:53:14.4086171Z [command]/usr/bin/git config --local --name-only --get-regexp ^includeIf\.gitdir:
2026-09-24T02:53:14.4122124Z [command]/usr/bin/git submodule foreach --recursive git config --local --show-origin --name-only --get-regexp remote.origin.url
2026-09-24T02:53:14.4351185Z [command]/usr/bin/git config --file /home/runner/work/_temp/git-credentials-79544123-28b0-415b-b2a4-22e932af8d2c.config http.https://github.com/.extraheader AUTHORIZATION: basic ***
2026-09-24T02:53:14.4391489Z [command]/usr/bin/git config --local includeIf.gitdir:/home/runner/work/tooltest/tooltest/.git.path /home/runner/work/_temp/git-credentials-79544123-28b0-415b-b2a4-22e932af8d2c.config
2026-09-24T02:53:14.4425217Z [command]/usr/bin/git config --local includeIf.gitdir:/home/runner/work/tooltest/tooltest/.git/worktrees/*.path /home/runner/work/_temp/git-credentials-79544123-28b0-415b-b2a4-22e932af8d2c.config
2026-09-24T02:53:14.4461547Z [command]/usr/bin/git config --local includeIf.gitdir:/github/workspace/.git.path /github/runner_temp/git-credentials-79544123-28b0-415b-b2a4-22e932af8d2c.config
2026-09-24T02:53:14.4500094Z [command]/usr/bin/git config --local includeIf.gitdir:/github/workspace/.git/worktrees/*.path /github/runner_temp/git-credentials-79544123-28b0-415b-b2a4-22e932af8d2c.config
2026-09-24T02:53:14.4537449Z ##[endgroup]
2026-09-24T02:53:14.4538858Z ##[group]Fetching the repository
2026-09-24T02:53:14.4545688Z [command]/usr/bin/git -c protocol.version=2 fetch --no-tags --prune --no-recurse-submodules --depth=1 origin +8368e1036063c64c2245db5e544f617e9fd204d1:refs/remotes/pull/128/merge
2026-09-24T02:53:15.9862139Z From https://github.com/TFourniax/tooltest
2026-09-24T02:53:15.9865981Z  * [new ref]         8368e1036063c64c2245db5e544f617e9fd204d1 -> pull/128/merge
2026-09-24T02:53:15.9872926Z ##[endgroup]
2026-09-24T02:53:15.9876053Z ##[group]Determining the checkout info
2026-09-24T02:53:15.9878856Z ##[endgroup]
2026-09-24T02:53:15.9880768Z [command]/usr/bin/git sparse-checkout disable
2026-09-24T02:53:15.9932960Z [command]/usr/bin/git config --local --unset-all extensions.worktreeConfig
2026-09-24T02:53:15.9966950Z ##[group]Checking out the ref
2026-09-24T02:53:15.9969940Z [command]/usr/bin/git checkout --progress --force refs/remotes/pull/128/merge
2026-09-24T02:53:16.0769617Z Note: switching to 'refs/remotes/pull/128/merge'.
2026-09-24T02:53:16.0770880Z 
2026-09-24T02:53:16.0771834Z You are in 'detached HEAD' state. You can look around, make experimental
2026-09-24T02:53:16.0774201Z changes and commit them, and you can discard any commits you make in this
2026-09-24T02:53:16.0776664Z state without impacting any branches by switching back to a branch.
2026-09-24T02:53:16.0778525Z 
2026-09-24T02:53:16.0780068Z If you want to create a new branch to retain commits you create, you may
2026-09-24T02:53:16.0782860Z do so (now or later) by using -c with the switch command. Example:
2026-09-24T02:53:16.0785193Z 
2026-09-24T02:53:16.0785973Z   git switch -c <new-branch-name>
2026-09-24T02:53:16.0787193Z 
2026-09-24T02:53:16.0788059Z Or undo this operation with:
2026-09-24T02:53:16.0789378Z 
2026-09-24T02:53:16.0790239Z   git switch -
2026-09-24T02:53:16.0791357Z 
2026-09-24T02:53:16.0793173Z Turn off this advice by setting config variable advice.detachedHead to false
2026-09-24T02:53:16.0795532Z 
2026-09-24T02:53:16.0797853Z HEAD is now at 8368e10 Merge 272d467f16d026736b285995e8f9bb83b34a9c78 into c03164e75e805ff1df976e55cdf6d86073e89b04
2026-09-24T02:53:16.0804795Z ##[endgroup]
2026-09-24T02:53:16.0842789Z [command]/usr/bin/git log -1 --format=%H
2026-09-24T02:53:16.0873664Z 8368e1036063c64c2245db5e544f617e9fd204d1
2026-09-24T02:53:16.1278854Z ##[group]Run actions/setup-python@v7
2026-09-24T02:53:16.1280228Z with:
2026-09-24T02:53:16.1281171Z   python-version: 3.13
2026-09-24T02:53:16.1282257Z   check-latest: false
2026-09-24T02:53:16.1293474Z   token: ***
2026-09-24T02:53:16.1294478Z   update-environment: true
2026-09-24T02:53:16.1296010Z   allow-prereleases: false
2026-09-24T02:53:16.1297207Z   freethreaded: false
2026-09-24T02:53:16.1298242Z ##[endgroup]
2026-09-24T02:53:16.2478567Z ##[group]Installed versions
2026-09-24T02:53:16.2926350Z Successfully set up CPython (3.13.15)
2026-09-24T02:53:16.2929475Z ##[endgroup]
2026-09-24T02:53:16.3141542Z ##[group]Run python -m pip install -e .
2026-09-24T02:53:16.3142934Z [36;1mpython -m pip install -e .[0m
2026-09-24T02:53:16.3201008Z shell: /usr/bin/bash -e {0}
2026-09-24T02:53:16.3202242Z env:
2026-09-24T02:53:16.3203433Z   pythonLocation: /opt/hostedtoolcache/Python/3.13.15/x64
2026-09-24T02:53:16.3205647Z   PKG_CONFIG_PATH: /opt/hostedtoolcache/Python/3.13.15/x64/lib/pkgconfig
2026-09-24T02:53:16.3208426Z   Python_ROOT_DIR: /opt/hostedtoolcache/Python/3.13.15/x64
2026-09-24T02:53:16.3210966Z   Python2_ROOT_DIR: /opt/hostedtoolcache/Python/3.13.15/x64
2026-09-24T02:53:16.3213504Z   Python3_ROOT_DIR: /opt/hostedtoolcache/Python/3.13.15/x64
2026-09-24T02:53:16.3216323Z   LD_LIBRARY_PATH: /opt/hostedtoolcache/Python/3.13.15/x64/lib
2026-09-24T02:53:16.3218489Z ##[endgroup]
2026-09-24T02:53:18.9421296Z Obtaining file:///home/runner/work/tooltest/tooltest
2026-09-24T02:53:18.9437679Z   Installing build dependencies: started
2026-09-24T02:53:20.3037777Z   Installing build dependencies: finished with status 'done'
2026-09-24T02:53:20.3062888Z   Checking if build backend supports build_editable: started
2026-09-24T02:53:20.6666118Z   Checking if build backend supports build_editable: finished with status 'done'
2026-09-24T02:53:20.6680801Z   Getting requirements to build editable: started
2026-09-24T02:53:21.0336896Z   Getting requirements to build editable: finished with status 'done'
2026-09-24T02:53:21.0345673Z   Preparing editable metadata (pyproject.toml): started
2026-09-24T02:53:21.2571831Z   Preparing editable metadata (pyproject.toml): finished with status 'done'
2026-09-24T02:53:21.2640986Z Building wheels for collected packages: diffwitness
2026-09-24T02:53:21.2650450Z   Building editable for diffwitness (pyproject.toml): started
2026-09-24T02:53:21.5205157Z   Building editable for diffwitness (pyproject.toml): finished with status 'done'
2026-09-24T02:53:21.5212948Z   Created wheel for diffwitness: filename=diffwitness-0.4.0a1-0.editable-py3-none-any.whl size=13006 sha256=361d9cae75b6691aba67d975853270e1afdeaf11d2c2d602a1bf616f72342720
2026-09-24T02:53:21.5214914Z   Stored in directory: /tmp/pip-ephem-wheel-cache-ud_r2v7i/wheels/89/0f/a0/c7bfda379bc2c208c7de77ef5813e2f6bf2d6d3c46e8e2ced4
2026-09-24T02:53:21.5272732Z Successfully built diffwitness
2026-09-24T02:53:21.5452640Z Installing collected packages: diffwitness
2026-09-24T02:53:21.5549353Z Successfully installed diffwitness-0.4.0a1
2026-09-24T02:53:21.6197456Z ##[group]Run python -m pip check
2026-09-24T02:53:21.6197866Z [36;1mpython -m pip check[0m
2026-09-24T02:53:21.6236843Z shell: /usr/bin/bash -e {0}
2026-09-24T02:53:21.6237114Z env:
2026-09-24T02:53:21.6237392Z   pythonLocation: /opt/hostedtoolcache/Python/3.13.15/x64
2026-09-24T02:53:21.6237853Z   PKG_CONFIG_PATH: /opt/hostedtoolcache/Python/3.13.15/x64/lib/pkgconfig
2026-09-24T02:53:21.6238305Z   Python_ROOT_DIR: /opt/hostedtoolcache/Python/3.13.15/x64
2026-09-24T02:53:21.6238695Z   Python2_ROOT_DIR: /opt/hostedtoolcache/Python/3.13.15/x64
2026-09-24T02:53:21.6239081Z   Python3_ROOT_DIR: /opt/hostedtoolcache/Python/3.13.15/x64
2026-09-24T02:53:21.6239477Z   LD_LIBRARY_PATH: /opt/hostedtoolcache/Python/3.13.15/x64/lib
2026-09-24T02:53:21.6239810Z ##[endgroup]
2026-09-24T02:53:21.8362819Z No broken requirements found.
2026-09-24T02:53:21.8727695Z ##[group]Run python -m compileall -q src integrations scripts
2026-09-24T02:53:21.8728265Z [36;1mpython -m compileall -q src integrations scripts[0m
2026-09-24T02:53:21.8767145Z shell: /usr/bin/bash -e {0}
2026-09-24T02:53:21.8767435Z env:
2026-09-24T02:53:21.8767715Z   pythonLocation: /opt/hostedtoolcache/Python/3.13.15/x64
2026-09-24T02:53:21.8768171Z   PKG_CONFIG_PATH: /opt/hostedtoolcache/Python/3.13.15/x64/lib/pkgconfig
2026-09-24T02:53:21.8768663Z   Python_ROOT_DIR: /opt/hostedtoolcache/Python/3.13.15/x64
2026-09-24T02:53:21.8769062Z   Python2_ROOT_DIR: /opt/hostedtoolcache/Python/3.13.15/x64
2026-09-24T02:53:21.8769460Z   Python3_ROOT_DIR: /opt/hostedtoolcache/Python/3.13.15/x64
2026-09-24T02:53:21.8769859Z   LD_LIBRARY_PATH: /opt/hostedtoolcache/Python/3.13.15/x64/lib
2026-09-24T02:53:21.8770195Z ##[endgroup]
2026-09-24T02:53:22.2662058Z ##[group]Run set +e
2026-09-24T02:53:22.2662500Z [36;1mset +e[0m
2026-09-24T02:53:22.2663063Z [36;1mpython -m unittest discover -s tests -v 2>&1 | tee unittest.log[0m
2026-09-24T02:53:22.2663736Z [36;1mrc=${PIPESTATUS[0]}[0m
2026-09-24T02:53:22.2664225Z [36;1mecho "return_code=$rc" >> "$GITHUB_OUTPUT"[0m
2026-09-24T02:53:22.2664731Z [36;1mexit "$rc"[0m
2026-09-24T02:53:22.2716806Z shell: /usr/bin/bash --noprofile --norc -e -o pipefail {0}
2026-09-24T02:53:22.2717386Z env:
2026-09-24T02:53:22.2717839Z   pythonLocation: /opt/hostedtoolcache/Python/3.13.15/x64
2026-09-24T02:53:22.2718607Z   PKG_CONFIG_PATH: /opt/hostedtoolcache/Python/3.13.15/x64/lib/pkgconfig
2026-09-24T02:53:22.2719367Z   Python_ROOT_DIR: /opt/hostedtoolcache/Python/3.13.15/x64
2026-09-24T02:53:22.2720061Z   Python2_ROOT_DIR: /opt/hostedtoolcache/Python/3.13.15/x64
2026-09-24T02:53:22.2720746Z   Python3_ROOT_DIR: /opt/hostedtoolcache/Python/3.13.15/x64
2026-09-24T02:53:22.2721482Z   LD_LIBRARY_PATH: /opt/hostedtoolcache/Python/3.13.15/x64/lib
2026-09-24T02:53:22.2722062Z ##[endgroup]
2026-09-24T02:53:24.2702939Z test_acceptance_harnesses_preserve_utf8_subprocess_output (test_acceptance_utf8.AcceptanceEncodingTests.test_acceptance_harnesses_preserve_utf8_subprocess_output) ... ok
2026-09-24T02:53:24.6546896Z test_advisory_partition_can_spend_tiny_budget_but_public_runner_still_proves_removal (test_adaptive.AdaptiveCoreTests.test_advisory_partition_can_spend_tiny_budget_but_public_runner_still_proves_removal) ... ok
2026-09-24T02:53:25.4366972Z test_finds_one_hunk_core_without_testing_every_surplus_hunk (test_adaptive.AdaptiveCoreTests.test_finds_one_hunk_core_without_testing_every_surplus_hunk) ... ok
2026-09-24T02:53:25.4702254Z test_invalid_advisory_plan_fails_before_any_search (test_adaptive.AdaptiveCoreTests.test_invalid_advisory_plan_fails_before_any_search) ... ok
2026-09-24T02:53:25.6471308Z test_behavior_preserving_refactor_gets_preservation_evidence (test_assurance.AssuranceTests.test_behavior_preserving_refactor_gets_preservation_evidence) ... ok
2026-09-24T02:53:25.8617894Z test_changed_tests_that_already_pass_on_base_are_non_discriminating (test_assurance.AssuranceTests.test_changed_tests_that_already_pass_on_base_are_non_discriminating) ... DiffWitness Gate rejected: changed tests do not discriminate the production change from base
2026-09-24T02:53:25.8645968Z ok
2026-09-24T02:53:25.8794067Z test_gate_balanced_accepts_and_public_verify_understands_assurance (test_assurance.AssuranceTests.test_gate_balanced_accepts_and_public_verify_understands_assurance) ... DiffWitness Gate: non-discriminating-change under balanced policy (dwa1_d2a2dcf84a27605371ac)
2026-09-24T02:53:26.1176383Z DiffWitness Gate: preservation-evidence under balanced policy (dwa1_34de9dc086f41410228c)
2026-09-24T02:53:26.1177746Z DiffWitness Gate accepted: balanced policy accepts stable preservation assurance
2026-09-24T02:53:26.1179482Z Project continuity: 2 new change event(s) · dwchg_73c5b80f028eaf042260ad6f
2026-09-24T02:53:26.1370040Z certificate: dwa1_34de9dc086f41410228c
2026-09-24T02:53:26.1386217Z integrity:   valid
2026-09-24T02:53:26.1395958Z freshness:   fresh against WORKTREE
2026-09-24T02:53:26.1407068Z candidate:   embedded-tree
2026-09-24T02:53:26.1407658Z base:        embedded-tree
2026-09-24T02:53:26.1408154Z verdict:     VALID
2026-09-24T02:53:26.1569396Z certificate: dwa1_34de9dc086f41410228c
2026-09-24T02:53:26.1570262Z integrity:   valid
2026-09-24T02:53:26.1570697Z freshness:   stale against WORKTREE
2026-09-24T02:53:26.1571219Z candidate:   embedded-tree
2026-09-24T02:53:26.1571666Z base:        embedded-tree
2026-09-24T02:53:26.1572079Z verdict:     INVALID
2026-09-24T02:53:26.3476499Z DiffWitness Gate rejected: candidate is not stably green
2026-09-24T02:53:26.3498775Z ok
2026-09-24T02:53:26.3641870Z test_noop_certificate_is_fresh_then_stale_after_content_changes (test_attest.AttestationTests.test_noop_certificate_is_fresh_then_stale_after_content_changes) ... DiffWitness Gate: candidate-not-stable-green under strict policy (dwa1_59da0f5de2d316cd8aca)
2026-09-24T02:53:26.4041685Z DiffWitness: proof not required (dw0_3663eed3ba3385770e7c); no executable causal mutation detected.
2026-09-24T02:53:26.4374174Z certificate: dw0_3663eed3ba3385770e7c
2026-09-24T02:53:26.4374496Z integrity:   valid
2026-09-24T02:53:26.4374739Z freshness:   fresh against WORKTREE
2026-09-24T02:53:26.4375358Z candidate:   embedded-tree
2026-09-24T02:53:26.4375662Z base:        embedded-tree
2026-09-24T02:53:26.4375936Z artifacts:   ignored proof.json
2026-09-24T02:53:26.4376203Z verdict:     VALID
2026-09-24T02:53:26.4587680Z ok
2026-09-24T02:53:26.4728351Z test_tree_bound_validation_proof_verifies_in_fresh_clone_without_snapshot_commit (test_attest.AttestationTests.test_tree_bound_validation_proof_verifies_in_fresh_clone_without_snapshot_commit) ... certificate: dw0_3663eed3ba3385770e7c
2026-09-24T02:53:26.4729398Z integrity:   valid
2026-09-24T02:53:26.4729643Z freshness:   stale against WORKTREE
2026-09-24T02:53:26.4729946Z candidate:   embedded-tree
2026-09-24T02:53:26.4730201Z base:        embedded-tree
2026-09-24T02:53:26.4730452Z artifacts:   ignored proof.json
2026-09-24T02:53:26.4730705Z verdict:     INVALID
2026-09-24T02:53:26.6590269Z DiffWitness: validation-only stable-pass (dwv1_2bc91697a1c211caabc2)
2026-09-24T02:53:26.6591189Z Project continuity: 2 new change event(s) · dwchg_5294f620b5f2a2c8131ff4b6
2026-09-24T02:53:26.6731660Z ok
2026-09-24T02:53:26.6869444Z test_verified_worktree_proof_can_be_attached_after_identical_commit (test_attest.AttestationTests.test_verified_worktree_proof_can_be_attached_after_identical_commit) ... certificate: dwv1_2bc91697a1c211caabc2
2026-09-24T02:53:26.6870382Z integrity:   valid
2026-09-24T02:53:26.6870621Z freshness:   fresh against HEAD
2026-09-24T02:53:26.6870890Z candidate:   embedded-tree
2026-09-24T02:53:26.6871132Z base:        embedded-tree
2026-09-24T02:53:26.6871364Z verdict:     VALID
2026-09-24T02:53:26.7192144Z DiffWitness: proof not required (dw0_3663eed3ba3385770e7c); no executable causal mutation detected.
2026-09-24T02:53:26.7442233Z ok
2026-09-24T02:53:26.7450379Z test_detects_pytest_configuration (test_autodetect.AutoDetectTests.test_detects_pytest_configuration) ... ok
2026-09-24T02:53:26.7457670Z test_falls_back_to_unittest_for_plain_tests_directory (test_autodetect.AutoDetectTests.test_falls_back_to_unittest_for_plain_tests_directory) ... ok
2026-09-24T02:53:26.7469218Z test_prefers_declared_pnpm_test_script (test_autodetect.AutoDetectTests.test_prefers_declared_pnpm_test_script) ... ok
2026-09-24T02:53:26.7474599Z test_unified_schema_declares_every_public_certificate_family (test_certificate_schema.CertificateSchemaTests.test_unified_schema_declares_every_public_certificate_family) ... ok
2026-09-24T02:53:26.8130038Z test_binds_proof_debt_and_idleproof_to_one_exact_change (test_change_envelope.ChangeEnvelopeTests.test_binds_proof_debt_and_idleproof_to_one_exact_change) ... ok
2026-09-24T02:53:26.8397103Z test_corrupt_evidence_and_empty_envelope_fail_closed (test_change_envelope.ChangeEnvelopeTests.test_corrupt_evidence_and_empty_envelope_fail_closed) ... ok
2026-09-24T02:53:26.8601397Z test_idleproof_state_and_local_hook_files_do_not_change_diffwitness_worktree_identity (test_change_envelope.ChangeEnvelopeTests.test_idleproof_state_and_local_hook_files_do_not_change_diffwitness_worktree_identity) ... ok
2026-09-24T02:53:26.9259773Z test_mismatched_debt_candidate_tree_fails_closed (test_change_envelope.ChangeEnvelopeTests.test_mismatched_debt_candidate_tree_fails_closed) ... ok
2026-09-24T02:53:26.9900061Z test_mismatched_idleproof_change_fails_closed (test_change_envelope.ChangeEnvelopeTests.test_mismatched_idleproof_change_fails_closed) ... ok
2026-09-24T02:53:27.1571604Z test_init_creates_pinned_workflow_with_explicit_commands (test_cli.CliTests.test_init_creates_pinned_workflow_with_explicit_commands) ... ok
2026-09-24T02:53:27.5835595Z test_prove_writes_v2_certificate_and_markdown (test_cli.CliTests.test_prove_writes_v2_certificate_and_markdown) ... ok
2026-09-24T02:53:27.8846349Z test_direct_frontends_also_parse_before_preflight_or_discovery (test_cli_informational_safety.InformationalSafetyTests.test_direct_frontends_also_parse_before_preflight_or_discovery) ... ok
2026-09-24T02:53:28.3403664Z test_explicit_proof_still_executes_repository_tests (test_cli_informational_safety.InformationalSafetyTests.test_explicit_proof_still_executes_repository_tests) ... ok
2026-09-24T02:53:31.5395980Z test_help_and_version_preserve_repository_and_historical_evidence (test_cli_informational_safety.InformationalSafetyTests.test_help_and_version_preserve_repository_and_historical_evidence) ... ok
2026-09-24T02:53:32.0127916Z test_help_inside_explicit_test_command_still_executes (test_cli_informational_safety.InformationalSafetyTests.test_help_inside_explicit_test_command_still_executes) ... ok
2026-09-24T02:53:32.8689663Z test_invalid_options_fail_before_execution_or_certificate_deletion (test_cli_informational_safety.InformationalSafetyTests.test_invalid_options_fail_before_execution_or_certificate_deletion) ... ok
2026-09-24T02:53:32.8701203Z test_invalid_policy_and_budget_are_rejected (test_config.ConfigTests.test_invalid_policy_and_budget_are_rejected) ... ok
2026-09-24T02:53:32.8719738Z test_non_finite_timeouts_are_rejected_in_core_and_engine_config (test_config.ConfigTests.test_non_finite_timeouts_are_rejected_in_core_and_engine_config) ... ok
2026-09-24T02:53:32.8724524Z test_unknown_key_fails_closed (test_config.ConfigTests.test_unknown_key_fails_closed) ... ok
2026-09-24T02:53:32.8745976Z test_valid_gate_configuration_round_trips (test_config.ConfigTests.test_valid_gate_configuration_round_trips) ... ok
2026-09-24T02:53:32.9094913Z test_context_uses_project_test_configuration_without_private_engine_access (test_context_process_budget.ContextProcessBudgetTests.test_context_uses_project_test_configuration_without_private_engine_access) ... ok
2026-09-24T02:53:32.9259865Z test_failed_committed_history_walk_is_not_an_unborn_fingerprint (test_context_process_budget.ContextProcessBudgetTests.test_failed_committed_history_walk_is_not_an_unborn_fingerprint) ... ok
2026-09-24T02:53:32.9586847Z test_fingerprint_uses_reachable_roots_and_ignores_other_refs (test_context_process_budget.ContextProcessBudgetTests.test_fingerprint_uses_reachable_roots_and_ignores_other_refs) ... ok
2026-09-24T02:53:32.9862427Z test_malformed_project_configuration_still_fails (test_context_process_budget.ContextProcessBudgetTests.test_malformed_project_configuration_still_fails) ... ok
2026-09-24T02:53:33.0382206Z test_warm_context_uses_at_most_five_git_processes (test_context_process_budget.ContextProcessBudgetTests.test_warm_context_uses_at_most_five_git_processes) ... ok
2026-09-24T02:53:33.1278918Z test_bounds_and_repository_eviction_force_complete_validation (test_continuity_append_cache.AppendCacheTests.test_bounds_and_repository_eviction_force_complete_validation) ... ok
2026-09-24T02:53:33.1712090Z test_caller_inputs_and_results_cannot_mutate_cached_history (test_continuity_append_cache.AppendCacheTests.test_caller_inputs_and_results_cannot_mutate_cached_history) ... ok
2026-09-24T02:53:33.3057394Z test_concurrent_calls_have_one_chain_and_dedupe (test_continuity_append_cache.AppendCacheTests.test_concurrent_calls_have_one_chain_and_dedupe) ... ok
2026-09-24T02:53:33.3359782Z test_crt_text_translation_cannot_make_cached_bytes_differ_from_disk (test_continuity_append_cache.AppendCacheTests.test_crt_text_translation_cannot_make_cached_bytes_differ_from_disk) ... ok
2026-09-24T02:53:33.3706573Z test_external_suffix_is_validated_and_invalid_suffix_fails_closed (test_continuity_append_cache.AppendCacheTests.test_external_suffix_is_validated_and_invalid_suffix_fails_closed) ... ok
2026-09-24T02:53:33.4116900Z test_failed_batch_cannot_advance_cached_lifecycle_or_dedupe (test_continuity_append_cache.AppendCacheTests.test_failed_batch_cannot_advance_cached_lifecycle_or_dedupe) ... ok
2026-09-24T02:53:33.4465875Z test_failed_task_reference_cannot_replace_cached_task_identity (test_continuity_append_cache.AppendCacheTests.test_failed_task_reference_cannot_replace_cached_task_identity) ... ok
2026-09-24T02:53:33.4905983Z test_hash_valid_invalid_profile_and_duplicate_json_external_suffix_fail_closed (test_continuity_append_cache.AppendCacheTests.test_hash_valid_invalid_profile_and_duplicate_json_external_suffix_fail_closed) ... ok
2026-09-24T02:53:33.5295958Z test_partial_write_never_publishes_checkpoint (test_continuity_append_cache.AppendCacheTests.test_partial_write_never_publishes_checkpoint) ... ok
2026-09-24T02:53:33.5592276Z test_repeated_append_validates_only_new_suffix_but_public_read_remains_complete (test_continuity_append_cache.AppendCacheTests.test_repeated_append_validates_only_new_suffix_but_public_read_remains_complete) ... ok
2026-09-24T02:53:33.5879538Z test_same_size_timestamp_corruption_is_rejected_before_append (test_continuity_append_cache.AppendCacheTests.test_same_size_timestamp_corruption_is_rejected_before_append) ... ok
2026-09-24T02:53:33.6172012Z test_unterminated_valid_record_gets_separator_without_changing_old_bytes (test_continuity_append_cache.AppendCacheTests.test_unterminated_valid_record_gets_separator_without_changing_old_bytes) ... ok
2026-09-24T02:53:33.6676357Z test_valid_rewrite_truncation_and_crlf_unicode_keep_chain_truth (test_continuity_append_cache.AppendCacheTests.test_valid_rewrite_truncation_and_crlf_unicode_keep_chain_truth) ... ok
2026-09-24T02:53:33.7553424Z test_authoritative_flag_consistency_preserves_existing_runner_boundary (test_continuity_artifact_profile.ArtifactProfileTests.test_authoritative_flag_consistency_preserves_existing_runner_boundary) ... ok
2026-09-24T02:53:33.8253509Z test_compatible_legacy_reimport_preserves_original_events_and_bytes (test_continuity_artifact_profile.ArtifactProfileTests.test_compatible_legacy_reimport_preserves_original_events_and_bytes) ... ok
2026-09-24T02:53:33.9132519Z test_consumed_input_types_are_checked_before_projection (test_continuity_artifact_profile.ArtifactProfileTests.test_consumed_input_types_are_checked_before_projection) ... ok
2026-09-24T02:53:33.9795566Z test_declaration_and_relation_json_conflicts_fail_atomically (test_continuity_artifact_profile.ArtifactProfileTests.test_declaration_and_relation_json_conflicts_fail_atomically) ... ok
2026-09-24T02:53:34.0210149Z test_descriptor_advertises_profile_without_new_proof_authority (test_continuity_artifact_profile.ArtifactProfileTests.test_descriptor_advertises_profile_without_new_proof_authority) ... ok
2026-09-24T02:53:34.0839360Z test_invalid_legacy_cannot_gain_profile_compatibility_via_ignored_fields (test_continuity_artifact_profile.ArtifactProfileTests.test_invalid_legacy_cannot_gain_profile_compatibility_via_ignored_fields) ... ok
2026-09-24T02:53:34.2942068Z test_json_type_conflicts_are_not_silently_deduped (test_continuity_artifact_profile.ArtifactProfileTests.test_json_type_conflicts_are_not_silently_deduped) ... ok
2026-09-24T02:53:34.3496131Z test_legacy_digest_and_ephemeral_sha_exceptions_survive_profile_adoption (test_continuity_artifact_profile.ArtifactProfileTests.test_legacy_digest_and_ephemeral_sha_exceptions_survive_profile_adoption) ... ok
2026-09-24T02:53:34.5110957Z test_malformed_profile_batches_are_atomic (test_continuity_artifact_profile.ArtifactProfileTests.test_malformed_profile_batches_are_atomic) ... ok
2026-09-24T02:53:34.5717257Z test_mixed_history_replay_and_checkpoint_preserve_legacy_extensions (test_continuity_artifact_profile.ArtifactProfileTests.test_mixed_history_replay_and_checkpoint_preserve_legacy_extensions) ... ok
2026-09-24T02:53:34.6401628Z test_native_producer_profiles_all_five_types_without_promoting_imports (test_continuity_artifact_profile.ArtifactProfileTests.test_native_producer_profiles_all_five_types_without_promoting_imports) ... ok
2026-09-24T02:53:34.7018770Z test_native_reimport_adopts_legacy_without_rewriting_it (test_continuity_artifact_profile.ArtifactProfileTests.test_native_reimport_adopts_legacy_without_rewriting_it) ... ok
2026-09-24T02:53:34.7731812Z test_profile_does_not_hide_real_conflicts_or_other_profiles (test_continuity_artifact_profile.ArtifactProfileTests.test_profile_does_not_hide_real_conflicts_or_other_profiles) ... ok
2026-09-24T02:53:34.8411916Z test_readers_and_old_cache_cannot_bypass_typed_validation (test_continuity_artifact_profile.ArtifactProfileTests.test_readers_and_old_cache_cannot_bypass_typed_validation) ... ok
2026-09-24T02:53:34.8967071Z test_canonical_bytes_match_independent_reference_for_extensions_and_unicode (test_continuity_canonical_integrity.CanonicalIntegrityTests.test_canonical_bytes_match_independent_reference_for_extensions_and_unicode) ... ok
2026-09-24T02:53:34.8973788Z test_corruption_of_any_integrity_input_remains_visible (test_continuity_canonical_integrity.CanonicalIntegrityTests.test_corruption_of_any_integrity_input_remains_visible) ... ok
2026-09-24T02:53:34.8979886Z test_finite_json_and_circular_reference_checks_remain_active (test_continuity_canonical_integrity.CanonicalIntegrityTests.test_finite_json_and_circular_reference_checks_remain_active) ... ok
2026-09-24T02:53:34.8985916Z test_full_validator_encodes_nested_payload_only_once (test_continuity_canonical_integrity.CanonicalIntegrityTests.test_full_validator_encodes_nested_payload_only_once) ... ok
2026-09-24T02:53:34.9009454Z test_missing_or_malformed_identity_still_rejects_and_matches_reference (test_continuity_canonical_integrity.CanonicalIntegrityTests.test_missing_or_malformed_identity_still_rejects_and_matches_reference) ... ok
2026-09-24T02:53:34.9027086Z test_nested_identity_lookalikes_and_missing_actor_match_reference (test_continuity_canonical_integrity.CanonicalIntegrityTests.test_nested_identity_lookalikes_and_missing_actor_match_reference) ... ok
2026-09-24T02:53:34.9031349Z test_nonstandard_python_mapping_keeps_reference_encoding (test_continuity_canonical_integrity.CanonicalIntegrityTests.test_nonstandard_python_mapping_keeps_reference_encoding) ... ok
2026-09-24T02:53:34.9036993Z test_ordinary_validation_needs_one_complete_canonical_encoding (test_continuity_canonical_integrity.CanonicalIntegrityTests.test_ordinary_validation_needs_one_complete_canonical_encoding) ... ok
2026-09-24T02:53:34.9040925Z test_size_limit_counts_utf8_and_hash_member_exactly (test_continuity_canonical_integrity.CanonicalIntegrityTests.test_size_limit_counts_utf8_and_hash_member_exactly) ... ok
2026-09-24T02:53:34.9058469Z test_stream_rejection_closes_file_after_earlier_valid_events (test_continuity_canonical_integrity.CanonicalIntegrityTests.test_stream_rejection_closes_file_after_earlier_valid_events) ... ok
2026-09-24T02:53:34.9595156Z test_byte_budget_counts_utf8_bytes_instead_of_characters (test_continuity_change_paths.ChangePathAdmissionTests.test_byte_budget_counts_utf8_bytes_instead_of_characters) ... ok
2026-09-24T02:53:34.9972157Z test_exact_unicode_whitespace_control_and_backslash_paths (test_continuity_change_paths.ChangePathAdmissionTests.test_exact_unicode_whitespace_control_and_backslash_paths) ... ok
2026-09-24T02:53:35.0543676Z test_file_facts_use_change_identity_trees_not_unrelated_or_missing_commit_hints (test_continuity_change_paths.ChangePathAdmissionTests.test_file_facts_use_change_identity_trees_not_unrelated_or_missing_commit_hints) ... ok
2026-09-24T02:53:35.1459978Z test_forged_coverage_is_rejected_atomically (test_continuity_change_paths.ChangePathAdmissionTests.test_forged_coverage_is_rejected_atomically) ... ok
2026-09-24T02:53:35.2122038Z test_human_context_quotes_paths_without_terminal_control_execution (test_continuity_change_paths.ChangePathAdmissionTests.test_human_context_quotes_paths_without_terminal_control_execution) ... ok
2026-09-24T02:53:35.3948573Z test_installed_cli_reports_safe_exact_and_partial_admission (test_continuity_change_paths.ChangePathAdmissionTests.test_installed_cli_reports_safe_exact_and_partial_admission) ... ok
2026-09-24T02:53:35.4781562Z test_large_changes_keep_bounded_whole_paths_and_explicit_coverage (test_continuity_change_paths.ChangePathAdmissionTests.test_large_changes_keep_bounded_whole_paths_and_explicit_coverage) ... ok
2026-09-24T02:53:35.5129571Z test_unavailable_tree_is_not_presented_as_observed_empty_change (test_continuity_change_paths.ChangePathAdmissionTests.test_unavailable_tree_is_not_presented_as_observed_empty_change) ... ok
2026-09-24T02:53:35.6916386Z test_unknown_legacy_coverage_extension_cannot_crash_context (test_continuity_change_paths.ChangePathAdmissionTests.test_unknown_legacy_coverage_extension_cannot_crash_context) ... ok
2026-09-24T02:53:35.7285381Z test_unrepresentable_names_are_omitted_whole_without_relabeling (test_continuity_change_paths.ChangePathAdmissionTests.test_unrepresentable_names_are_omitted_whole_without_relabeling) ... ok
2026-09-24T02:53:35.7655321Z test_untrusted_commit_hint_cannot_be_a_git_option (test_continuity_change_paths.ChangePathAdmissionTests.test_untrusted_commit_hint_cannot_be_a_git_option) ... ok
2026-09-24T02:53:35.8173504Z test_whole_path_byte_budget_keeps_the_original_event_limit (test_continuity_change_paths.ChangePathAdmissionTests.test_whole_path_byte_budget_keeps_the_original_event_limit) ... ok
2026-09-24T02:53:35.9512124Z test_append_after_validation_is_visible_on_next_context (test_continuity_context_cache.ContinuityContextCacheTests.test_append_after_validation_is_visible_on_next_context) ... ok
2026-09-24T02:53:36.0104360Z test_concurrent_rebuild_cannot_inherit_another_snapshot_digest (test_continuity_context_cache.ContinuityContextCacheTests.test_concurrent_rebuild_cannot_inherit_another_snapshot_digest) ... ok
2026-09-24T02:53:36.1246022Z test_corruption_after_validation_never_becomes_a_trusted_cache_anchor (test_continuity_context_cache.ContinuityContextCacheTests.test_corruption_after_validation_never_becomes_a_trusted_cache_anchor) ... ok
2026-09-24T02:53:36.1871756Z test_hot_cache_detects_historical_tampering_before_serving_context (test_continuity_context_cache.ContinuityContextCacheTests.test_hot_cache_detects_historical_tampering_before_serving_context) ... ok
2026-09-24T02:53:36.2278117Z test_legacy_unvalidated_digest_is_not_trusted_after_upgrade (test_continuity_context_cache.ContinuityContextCacheTests.test_legacy_unvalidated_digest_is_not_trusted_after_upgrade) ... ok
2026-09-24T02:53:36.2978045Z test_legitimate_append_invalidates_cache_and_rebuilds_strictly (test_continuity_context_cache.ContinuityContextCacheTests.test_legitimate_append_invalidates_cache_and_rebuilds_strictly) ... ok
2026-09-24T02:53:36.3375950Z test_rebuilt_state_digest_belongs_to_the_bytes_that_were_validated (test_continuity_context_cache.ContinuityContextCacheTests.test_rebuilt_state_digest_belongs_to_the_bytes_that_were_validated) ... ok
2026-09-24T02:53:36.3809332Z test_unchanged_cache_does_not_reparse_the_journal (test_continuity_context_cache.ContinuityContextCacheTests.test_unchanged_cache_does_not_reparse_the_journal) ... ok
2026-09-24T02:53:36.4748257Z test_citation_tracks_the_exact_assertion_not_the_latest_journal_head (test_continuity_context_sources.ContextSourceTests.test_citation_tracks_the_exact_assertion_not_the_latest_journal_head) ... ok
2026-09-24T02:53:36.5399891Z test_confirmation_cites_its_review_separately_from_the_assertion (test_continuity_context_sources.ContextSourceTests.test_confirmation_cites_its_review_separately_from_the_assertion) ... ok
2026-09-24T02:53:36.6115660Z test_inconsistent_assertion_status_or_details_cannot_be_cited (test_continuity_context_sources.ContextSourceTests.test_inconsistent_assertion_status_or_details_cannot_be_cited) ... ok
2026-09-24T02:53:36.6588204Z test_missing_assertion_row_cannot_produce_a_fabricated_citation (test_continuity_context_sources.ContextSourceTests.test_missing_assertion_row_cannot_produce_a_fabricated_citation) ... ok
2026-09-24T02:53:36.7149865Z test_packet_anchor_and_citations_share_a_read_snapshot (test_continuity_context_sources.ContextSourceTests.test_packet_anchor_and_citations_share_a_read_snapshot) ... ok
2026-09-24T02:53:36.8365395Z test_stale_source_pointer_with_identical_assertions_is_rejected (test_continuity_context_sources.ContextSourceTests.test_stale_source_pointer_with_identical_assertions_is_rejected) ... ok
2026-09-24T02:53:36.8368375Z test_contract_covers_concepts_without_renaming_historical_wire_kinds (test_continuity_contract.ContinuityContractTests.test_contract_covers_concepts_without_renaming_historical_wire_kinds) ... ok
2026-09-24T02:53:36.8381787Z test_discovery_preserves_the_existing_human_relation_boundary (test_continuity_contract.ContinuityContractTests.test_discovery_preserves_the_existing_human_relation_boundary) ... ok
2026-09-24T02:53:36.8387726Z test_exported_metadata_cannot_mutate_live_contract_rules (test_continuity_contract.ContinuityContractTests.test_exported_metadata_cannot_mutate_live_contract_rules) ... ok
2026-09-24T02:53:36.8722287Z test_legacy_extensions_and_projection_lifecycle_survive_reconstruction (test_continuity_contract.ContinuityContractTests.test_legacy_extensions_and_projection_lifecycle_survive_reconstruction) ... ok
2026-09-24T02:53:37.0061517Z test_public_json_discovery_is_repository_independent_read_only_and_language_stable (test_continuity_contract.ContinuityContractTests.test_public_json_discovery_is_repository_independent_read_only_and_language_stable) ... ok
2026-09-24T02:53:37.0408337Z test_corrupt_debt_ledger_never_becomes_project_history (test_continuity_debt_bridge.ContinuityDebtBridgeTests.test_corrupt_debt_ledger_never_becomes_project_history) ... ok
2026-09-24T02:53:37.1270491Z test_full_ledger_lifecycle_projects_idempotently (test_continuity_debt_bridge.ContinuityDebtBridgeTests.test_full_ledger_lifecycle_projects_idempotently) ... ok
2026-09-24T02:53:37.1593245Z test_only_exact_available_base_and_well_formed_tree_can_identify_a_change (test_continuity_debt_bridge.ContinuityDebtBridgeTests.test_only_exact_available_base_and_well_formed_tree_can_identify_a_change) ... ok
2026-09-24T02:53:37.2092447Z test_option_like_historical_report_retains_debt_without_invented_change_link (test_continuity_debt_bridge.ContinuityDebtBridgeTests.test_option_like_historical_report_retains_debt_without_invented_change_link) ... ok
2026-09-24T02:53:37.2218654Z test_both_readers_reject_profile_mismatch_even_with_valid_hashes (test_continuity_declaration_profile.DeclarationProfileTests.test_both_readers_reject_profile_mismatch_even_with_valid_hashes) ... ok
2026-09-24T02:53:37.2520547Z test_cache_from_json_only_validation_cannot_skip_profile_admission (test_continuity_declaration_profile.DeclarationProfileTests.test_cache_from_json_only_validation_cannot_skip_profile_admission) ... ok
2026-09-24T02:53:37.2649577Z test_descriptor_exposes_opt_in_profile_without_claiming_proof_authority (test_continuity_declaration_profile.DeclarationProfileTests.test_descriptor_exposes_opt_in_profile_without_claiming_proof_authority) ... ok
2026-09-24T02:53:37.3540633Z test_invalid_profile_batch_fails_before_any_append (test_continuity_declaration_profile.DeclarationProfileTests.test_invalid_profile_batch_fails_before_any_append) ... ok
2026-09-24T02:53:37.3812954Z test_legacy_extensions_and_typed_events_share_history_without_rewriting (test_continuity_declaration_profile.DeclarationProfileTests.test_legacy_extensions_and_typed_events_share_history_without_rewriting) ... ok
2026-09-24T02:53:37.4605595Z test_native_commands_adopt_profile_and_keep_declared_authority (test_continuity_declaration_profile.DeclarationProfileTests.test_native_commands_adopt_profile_and_keep_declared_authority) ... ok
2026-09-24T02:53:37.5160574Z test_ambiguous_and_nonfinite_source_json_fails_before_append (test_continuity_envelope_admission.EnvelopeAdmissionTests.test_ambiguous_and_nonfinite_source_json_fails_before_append) ... ok
2026-09-24T02:53:37.5972588Z test_legacy_absence_and_idempotency_remain_compatible (test_continuity_envelope_admission.EnvelopeAdmissionTests.test_legacy_absence_and_idempotency_remain_compatible) ... ok
2026-09-24T02:53:37.6999270Z test_malformed_containers_fail_with_controlled_errors (test_continuity_envelope_admission.EnvelopeAdmissionTests.test_malformed_containers_fail_with_controlled_errors) ... ok
2026-09-24T02:53:37.8233124Z test_native_builder_output_remains_importable_and_observed (test_continuity_envelope_admission.EnvelopeAdmissionTests.test_native_builder_output_remains_importable_and_observed) ... ok
2026-09-24T02:53:37.9644110Z test_public_cli_rejects_string_false_without_writing_history (test_continuity_envelope_admission.EnvelopeAdmissionTests.test_public_cli_rejects_string_false_without_writing_history) ... ok
2026-09-24T02:53:38.0275494Z test_valid_false_zero_and_nullable_budget_keep_exact_meaning (test_continuity_envelope_admission.EnvelopeAdmissionTests.test_valid_false_zero_and_nullable_budget_keep_exact_meaning) ... ok
2026-09-24T02:53:38.1304127Z test_wrong_summary_scalars_fail_atomically (test_continuity_envelope_admission.EnvelopeAdmissionTests.test_wrong_summary_scalars_fail_atomically) ... ok
2026-09-24T02:53:38.1714436Z test_conflicting_object_and_path_are_rejected_without_append (test_continuity_envelope_snapshot.EnvelopeSnapshotTests.test_conflicting_object_and_path_are_rejected_without_append) ... ok
2026-09-24T02:53:38.2253535Z test_direct_object_has_no_invented_file_digest (test_continuity_envelope_snapshot.EnvelopeSnapshotTests.test_direct_object_has_no_invented_file_digest) ... ok
2026-09-24T02:53:38.3559828Z test_matching_dual_input_preserves_raw_unicode_and_line_endings (test_continuity_envelope_snapshot.EnvelopeSnapshotTests.test_matching_dual_input_preserves_raw_unicode_and_line_endings) ... ok
2026-09-24T02:53:38.4256532Z test_replacement_or_deletion_after_parse_keeps_parsed_snapshot_digest (test_continuity_envelope_snapshot.EnvelopeSnapshotTests.test_replacement_or_deletion_after_parse_keeps_parsed_snapshot_digest) ... ok
2026-09-24T02:53:38.4692390Z test_supplied_object_cannot_bypass_invalid_or_missing_source (test_continuity_envelope_snapshot.EnvelopeSnapshotTests.test_supplied_object_cannot_bypass_invalid_or_missing_source) ... ok
2026-09-24T02:53:38.5347711Z test_all_branches_include_merge_parents_and_disconnected_roots_without_proof (test_continuity_git_branches.GitBranchHistoryTests.test_all_branches_include_merge_parents_and_disconnected_roots_without_proof) ... Switched to a new branch 'unrelated'
2026-09-24T02:53:38.6334429Z ok
2026-09-24T02:53:38.6985880Z test_cli_resumption_hint_keeps_explicit_message_policy (test_continuity_git_branches.GitBranchHistoryTests.test_cli_resumption_hint_keeps_explicit_message_policy) ... Switched to a new branch 'unrelated'
2026-09-24T02:53:38.8269297Z ok
2026-09-24T02:53:38.8921480Z test_consistent_cursor_cannot_claim_unimported_messages (test_continuity_git_branches.GitBranchHistoryTests.test_consistent_cursor_cannot_claim_unimported_messages) ... Switched to a new branch 'unrelated'
2026-09-24T02:53:38.9434472Z ok
2026-09-24T02:53:39.0083685Z test_consistent_cursor_cannot_skip_unimported_commits (test_continuity_git_branches.GitBranchHistoryTests.test_consistent_cursor_cannot_skip_unimported_commits) ... Switched to a new branch 'unrelated'
2026-09-24T02:53:39.0787864Z ok
2026-09-24T02:53:39.1445818Z test_cursor_prefix_rechecks_corrupt_journal_bytes_with_preserved_size_and_time (test_continuity_git_branches.GitBranchHistoryTests.test_cursor_prefix_rechecks_corrupt_journal_bytes_with_preserved_size_and_time) ... Switched to a new branch 'unrelated'
2026-09-24T02:53:39.1925842Z ok
2026-09-24T02:53:39.2588489Z test_cursor_rejects_invalid_typed_fields_even_with_recomputed_checksum (test_continuity_git_branches.GitBranchHistoryTests.test_cursor_rejects_invalid_typed_fields_even_with_recomputed_checksum) ... Switched to a new branch 'unrelated'
2026-09-24T02:53:39.3114578Z ok
2026-09-24T02:53:39.3762891Z test_declared_messages_remain_opt_in_and_cannot_change_cursor_policy (test_continuity_git_branches.GitBranchHistoryTests.test_declared_messages_remain_opt_in_and_cannot_change_cursor_policy) ... Switched to a new branch 'unrelated'
2026-09-24T02:53:39.4268964Z ok
2026-09-24T02:53:39.4914473Z test_empty_sha256_and_localized_cli_preserve_compatible_modes (test_continuity_git_branches.GitBranchHistoryTests.test_empty_sha256_and_localized_cli_preserve_compatible_modes) ... Switched to a new branch 'unrelated'
2026-09-24T02:53:39.7336129Z ok
2026-09-24T02:53:39.7988058Z test_interruption_and_concurrent_page_imports_retain_journal_integrity (test_continuity_git_branches.GitBranchHistoryTests.test_interruption_and_concurrent_page_imports_retain_journal_integrity) ... Switched to a new branch 'unrelated'
2026-09-24T02:53:39.9229918Z ok
2026-09-24T02:53:39.9897628Z test_invalid_options_and_corrupted_cursor_fail_without_appending (test_continuity_git_branches.GitBranchHistoryTests.test_invalid_options_and_corrupted_cursor_fail_without_appending) ... Switched to a new branch 'unrelated'
2026-09-24T02:53:40.0401457Z ok
2026-09-24T02:53:40.1084646Z test_missing_non_first_parent_and_excessive_branch_capture_fail_before_append (test_continuity_git_branches.GitBranchHistoryTests.test_missing_non_first_parent_and_excessive_branch_capture_fail_before_append) ... Switched to a new branch 'unrelated'
2026-09-24T02:53:40.1810193Z ok
2026-09-24T02:53:40.2469451Z test_remote_tracking_tips_are_included_but_tag_only_history_is_explicitly_outside_scope (test_continuity_git_branches.GitBranchHistoryTests.test_remote_tracking_tips_are_included_but_tag_only_history_is_explicitly_outside_scope) ... Switched to a new branch 'unrelated'
2026-09-24T02:53:40.3661507Z ok
2026-09-24T02:53:40.4317263Z test_shallow_and_grafted_parent_lists_never_claim_complete_history (test_continuity_git_branches.GitBranchHistoryTests.test_shallow_and_grafted_parent_lists_never_claim_complete_history) ... Switched to a new branch 'unrelated'
2026-09-24T02:53:40.5685412Z ok
2026-09-24T02:53:40.6367795Z test_small_pages_retry_idempotently_and_keep_the_captured_tips_after_ref_movement (test_continuity_git_branches.GitBranchHistoryTests.test_small_pages_retry_idempotently_and_keep_the_captured_tips_after_ref_movement) ... Switched to a new branch 'unrelated'
2026-09-24T02:53:40.8615827Z ok
2026-09-24T02:53:41.0982596Z test_blocking_child_is_terminated_at_the_command_deadline (test_continuity_git_history.GitHistoryTests.test_blocking_child_is_terminated_at_the_command_deadline) ... ok
2026-09-24T02:53:41.2463719Z test_cli_rejects_bad_limit_and_imports_unicode_paths (test_continuity_git_history.GitHistoryTests.test_cli_rejects_bad_limit_and_imports_unicode_paths) ... ok
2026-09-24T02:53:41.2908532Z test_corrupt_commit_and_bounded_git_output_fail_before_append (test_continuity_git_history.GitHistoryTests.test_corrupt_commit_and_bounded_git_output_fail_before_append) ... ok
2026-09-24T02:53:41.3682108Z test_empty_and_sha256_repositories_are_supported (test_continuity_git_history.GitHistoryTests.test_empty_and_sha256_repositories_are_supported) ... ok
2026-09-24T02:53:41.4459037Z test_head_advance_and_replacement_objects_cannot_relabel_captured_commit (test_continuity_git_history.GitHistoryTests.test_head_advance_and_replacement_objects_cannot_relabel_captured_commit) ... ok
2026-09-24T02:53:41.5356582Z test_message_truncation_and_path_omission_are_explicit (test_continuity_git_history.GitHistoryTests.test_message_truncation_and_path_omission_are_explicit) ... ok
2026-09-24T02:53:41.6589241Z test_messages_are_separate_declared_opt_in_and_do_not_replace_commit_authority (test_continuity_git_history.GitHistoryTests.test_messages_are_separate_declared_opt_in_and_do_not_replace_commit_authority) ... ok
2026-09-24T02:53:41.7131118Z test_non_utf8_message_retains_only_digest_and_explicit_coverage (test_continuity_git_history.GitHistoryTests.test_non_utf8_message_retains_only_digest_and_explicit_coverage) ... ok
2026-09-24T02:53:41.7616615Z test_oversized_object_and_invalid_ref_cannot_partially_import_a_page (test_continuity_git_history.GitHistoryTests.test_oversized_object_and_invalid_ref_cannot_partially_import_a_page) ... ok
2026-09-24T02:53:41.8707365Z test_page_resumption_is_idempotent_and_excludes_dirty_bytes_and_private_headers (test_continuity_git_history.GitHistoryTests.test_page_resumption_is_idempotent_and_excludes_dirty_bytes_and_private_headers) ... ok
2026-09-24T02:53:41.9562576Z test_preappend_interruption_leaves_page_retryable (test_continuity_git_history.GitHistoryTests.test_preappend_interruption_leaves_page_retryable) ... ok
2026-09-24T02:53:42.0424192Z test_profile_cannot_promote_messages_or_invent_unbound_paths (test_continuity_git_history.GitHistoryTests.test_profile_cannot_promote_messages_or_invent_unbound_paths) ... ok
2026-09-24T02:53:42.1514447Z test_root_and_merge_observe_first_parent_diff_without_importing_side_branch (test_continuity_git_history.GitHistoryTests.test_root_and_merge_observe_first_parent_diff_without_importing_side_branch) ... ok
2026-09-24T02:53:42.2908061Z test_shallow_boundary_is_explicit_and_resumes_after_deepening (test_continuity_git_history.GitHistoryTests.test_shallow_boundary_is_explicit_and_resumes_after_deepening) ... ok
2026-09-24T02:53:42.3975638Z test_corrupt_tree_and_blob_bytes_are_rechecked_after_successful_import (test_continuity_git_lineage.GitLineageTests.test_corrupt_tree_and_blob_bytes_are_rechecked_after_successful_import) ... ok
2026-09-24T02:53:42.5121511Z test_cursor_policy_is_compatible_and_forged_opt_in_cannot_skip_assessments (test_continuity_git_lineage.GitLineageTests.test_cursor_policy_is_compatible_and_forged_opt_in_cannot_skip_assessments) ... ok
2026-09-24T02:53:42.6841310Z test_duplicate_content_copy_edit_and_mode_changes_are_not_silent_identity_merges (test_continuity_git_lineage.GitLineageTests.test_duplicate_content_copy_edit_and_mode_changes_are_not_silent_identity_merges) ... ok
2026-09-24T02:53:42.7393997Z test_excluded_regular_names_still_prevent_false_unique_matches (test_continuity_git_lineage.GitLineageTests.test_excluded_regular_names_still_prevent_false_unique_matches) ... ok
2026-09-24T02:53:42.8183113Z test_existing_assertion_authority_stays_bound_to_its_original_entity (test_continuity_git_lineage.GitLineageTests.test_existing_assertion_authority_stays_bound_to_its_original_entity) ... ok
2026-09-24T02:53:43.0814183Z test_limits_and_preappend_interruption_preserve_atomic_retry (test_continuity_git_lineage.GitLineageTests.test_limits_and_preappend_interruption_preserve_atomic_retry) ... ok
2026-09-24T02:53:43.1350124Z test_nonregular_replacement_is_not_a_removed_path (test_continuity_git_lineage.GitLineageTests.test_nonregular_replacement_is_not_a_removed_path) ... ok
2026-09-24T02:53:43.2763746Z test_opt_in_persists_inferred_relocation_with_exact_binding_and_no_proof_transfer (test_continuity_git_lineage.GitLineageTests.test_opt_in_persists_inferred_relocation_with_exact_binding_and_no_proof_transfer) ... ok
2026-09-24T02:53:43.3568762Z test_profile_rejects_promoted_authority_unbound_paths_and_altered_relations (test_continuity_git_lineage.GitLineageTests.test_profile_rejects_promoted_authority_unbound_paths_and_altered_relations) ... ok
2026-09-24T02:53:43.4167145Z test_profile_validation_has_specific_causes_independent_of_dedupe (test_continuity_git_lineage.GitLineageTests.test_profile_validation_has_specific_causes_independent_of_dedupe) ... ok
2026-09-24T02:53:43.5100401Z test_query_limits_exact_citations_and_journal_corruption (test_continuity_git_lineage.GitLineageTests.test_query_limits_exact_citations_and_journal_corruption) ... ok
2026-09-24T02:53:43.7469809Z test_real_pair_budget_rejects_whole_page_and_deadline_rejects_without_append (test_continuity_git_lineage.GitLineageTests.test_real_pair_budget_rejects_whole_page_and_deadline_rejects_without_append) ... ok
2026-09-24T02:53:44.0254064Z test_rename_back_and_branch_divergence_retain_distinct_cited_observations (test_continuity_git_lineage.GitLineageTests.test_rename_back_and_branch_divergence_retain_distinct_cited_observations) ... ok
2026-09-24T02:53:44.2385327Z test_sha256_root_merge_and_shallow_boundary_preserve_original_meaning (test_continuity_git_lineage.GitLineageTests.test_sha256_root_merge_and_shallow_boundary_preserve_original_meaning) ... ok
2026-09-24T02:53:44.2885704Z test_valid_hash_does_not_admit_malformed_or_unsafe_tree_structure (test_continuity_git_lineage.GitLineageTests.test_valid_hash_does_not_admit_malformed_or_unsafe_tree_structure) ... ok
2026-09-24T02:53:46.0988212Z test_guard_then_codex_stop_same_tree_keeps_current_proof_coherent (test_continuity_guard_native_reverification.GuardNativeReverificationTests.test_guard_then_codex_stop_same_tree_keeps_current_proof_coherent) ... ok
2026-09-24T02:53:46.1561939Z test_bounds_cycles_unknown_nodes_and_repeated_calls_are_deterministic (test_continuity_history.MemoryNavigationTests.test_bounds_cycles_unknown_nodes_and_repeated_calls_are_deterministic) ... ok
2026-09-24T02:53:46.1874417Z test_corrupt_journal_cannot_supply_history_or_reasons (test_continuity_history.MemoryNavigationTests.test_corrupt_journal_cannot_supply_history_or_reasons) ... ok
2026-09-24T02:53:46.2538889Z test_cursor_rejects_wrong_identity_truncation_and_valid_divergent_prefix (test_continuity_history.MemoryNavigationTests.test_cursor_rejects_wrong_identity_truncation_and_valid_divergent_prefix) ... ok
2026-09-24T02:53:46.2978961Z test_depth_and_reason_truncation_are_explicit (test_continuity_history.MemoryNavigationTests.test_depth_and_reason_truncation_are_explicit) ... ok
2026-09-24T02:53:46.3250139Z test_empty_history_and_unknown_identity_are_explicit_without_persistence (test_continuity_history.MemoryNavigationTests.test_empty_history_and_unknown_identity_are_explicit_without_persistence) ... ok
2026-09-24T02:53:46.3676602Z test_exact_citation_opens_original_event_and_rejects_wrong_hash_or_missing_id (test_continuity_history.MemoryNavigationTests.test_exact_citation_opens_original_event_and_rejects_wrong_hash_or_missing_id) ... ok
2026-09-24T02:53:46.4829453Z test_history_byte_bound_preserves_whole_events_and_all_pages (test_continuity_history.MemoryNavigationTests.test_history_byte_bound_preserves_whole_events_and_all_pages) ... ok
2026-09-24T02:53:46.5452477Z test_history_retains_exact_events_and_pages_a_stable_prefix_across_appends (test_continuity_history.MemoryNavigationTests.test_history_retains_exact_events_and_pages_a_stable_prefix_across_appends) ... ok
2026-09-24T02:53:46.5936244Z test_latest_edge_is_selected_with_its_own_source_and_old_event_remains_in_history (test_continuity_history.MemoryNavigationTests.test_latest_edge_is_selected_with_its_own_source_and_old_event_remains_in_history) ... ok
2026-09-24T02:53:46.6464397Z test_public_cli_json_and_french_text_are_read_only_and_escape_recorded_controls (test_continuity_history.MemoryNavigationTests.test_public_cli_json_and_french_text_are_read_only_and_escape_recorded_controls) ... ok
2026-09-24T02:53:46.6728560Z test_public_cli_rejects_non_repository_without_traceback_or_files (test_continuity_history.MemoryNavigationTests.test_public_cli_rejects_non_repository_without_traceback_or_files) ... ok
2026-09-24T02:53:46.7310767Z test_review_does_not_replace_assertion_and_inactive_memory_stays_explicit (test_continuity_history.MemoryNavigationTests.test_review_does_not_replace_assertion_and_inactive_memory_stays_explicit) ... ok
2026-09-24T02:53:46.7868721Z test_why_traverses_both_directions_and_preserves_separate_authorities_and_reasons (test_continuity_history.MemoryNavigationTests.test_why_traverses_both_directions_and_preserves_separate_authorities_and_reasons) ... ok
2026-09-24T02:53:46.9215627Z test_actual_git_delta_is_durable_cited_bidirectional_and_not_proof (test_continuity_impact.ImpactTests.test_actual_git_delta_is_durable_cited_bidirectional_and_not_proof) ... ok
2026-09-24T02:53:47.0601476Z test_actual_partial_path_coverage_keeps_unobserved_expectations_unknown (test_continuity_impact.ImpactTests.test_actual_partial_path_coverage_keeps_unobserved_expectations_unknown) ... ok
2026-09-24T02:53:47.1471839Z test_actual_unavailable_git_tree_and_exact_cited_memory (test_continuity_impact.ImpactTests.test_actual_unavailable_git_tree_and_exact_cited_memory) ... ok
2026-09-24T02:53:47.2577754Z test_dirty_plan_uses_exact_worktree_without_mutating_user_index (test_continuity_impact.ImpactTests.test_dirty_plan_uses_exact_worktree_without_mutating_user_index) ... ok
2026-09-24T02:53:47.3521379Z test_import_rejects_forged_delta_reference_hash_and_authority (test_continuity_impact.ImpactTests.test_import_rejects_forged_delta_reference_hash_and_authority) ... ok
2026-09-24T02:53:47.4183241Z test_invalid_inputs_fail_before_journal_write_and_no_path_aliases (test_continuity_impact.ImpactTests.test_invalid_inputs_fail_before_journal_write_and_no_path_aliases) ... ok
2026-09-24T02:53:47.4967948Z test_missing_git_objects_produce_unknown_not_false_absence (test_continuity_impact.ImpactTests.test_missing_git_objects_produce_unknown_not_false_absence) ... ok
2026-09-24T02:53:47.9760641Z test_real_cli_french_english_show_is_read_only_and_help_has_no_effects (test_continuity_impact.ImpactTests.test_real_cli_french_english_show_is_read_only_and_help_has_no_effects) ... ok
2026-09-24T02:53:48.0588443Z test_recording_plan_after_observed_change_is_not_anticipation (test_continuity_impact.ImpactTests.test_recording_plan_after_observed_change_is_not_anticipation) ... ok
2026-09-24T02:53:48.1415614Z test_unanticipated_path_and_partial_scope_are_explicit (test_continuity_impact.ImpactTests.test_unanticipated_path_and_partial_scope_are_explicit) ... ok
2026-09-24T02:53:48.2434588Z test_append_and_corruption_after_snapshot_never_stamp_unvalidated_bytes (test_continuity_incremental.IncrementalStateTests.test_append_and_corruption_after_snapshot_never_stamp_unvalidated_bytes) ... ok
2026-09-24T02:53:48.2989457Z test_append_checks_old_event_shape_once_and_batch_references_still_reject_atomically (test_continuity_incremental.IncrementalStateTests.test_append_checks_old_event_shape_once_and_batch_references_still_reject_atomically) ... ok
2026-09-24T02:53:48.3528416Z test_append_projects_only_suffix_with_one_validated_snapshot (test_continuity_incremental.IncrementalStateTests.test_append_projects_only_suffix_with_one_validated_snapshot) ... ok
2026-09-24T02:53:48.4117412Z test_busy_sqlite_writer_is_not_replaced_or_silently_rebuilt (test_continuity_incremental.IncrementalStateTests.test_busy_sqlite_writer_is_not_replaced_or_silently_rebuilt) ... ok
2026-09-24T02:53:48.4569553Z test_existing_reader_snapshot_remains_coherent_across_suffix_commit (test_continuity_incremental.IncrementalStateTests.test_existing_reader_snapshot_remains_coherent_across_suffix_commit) ... ok
2026-09-24T02:53:48.5088761Z test_hash_valid_invalid_prefix_reference_rejects_update_and_append (test_continuity_incremental.IncrementalStateTests.test_hash_valid_invalid_prefix_reference_rejects_update_and_append) ... ok
2026-09-24T02:53:48.6692141Z test_legacy_framing_and_duplicate_conflicts_preserve_exact_bytes (test_continuity_incremental.IncrementalStateTests.test_legacy_framing_and_duplicate_conflicts_preserve_exact_bytes) ... ok
2026-09-24T02:53:48.8753480Z test_materializers_and_explicit_rebuild_serialize_before_reading_journal (test_continuity_incremental.IncrementalStateTests.test_materializers_and_explicit_rebuild_serialize_before_reading_journal) ... ok
2026-09-24T02:53:49.0318914Z test_mixed_history_and_citations_match_rebuild_without_reprojecting_prefix (test_continuity_incremental.IncrementalStateTests.test_mixed_history_and_citations_match_rebuild_without_reprojecting_prefix) ... ok
2026-09-24T02:53:49.0798677Z test_same_size_same_mtime_prefix_corruption_is_rejected_and_preserves_state (test_continuity_incremental.IncrementalStateTests.test_same_size_same_mtime_prefix_corruption_is_rejected_and_preserves_state) ... ok
2026-09-24T02:53:49.1404450Z test_suffix_failure_rolls_back_rows_head_digest_and_retry_converges (test_continuity_incremental.IncrementalStateTests.test_suffix_failure_rolls_back_rows_head_digest_and_retry_converges) ... ok
2026-09-24T02:53:49.4411350Z test_truncation_divergence_missing_anchor_and_event_row_damage_reconstruct (test_continuity_incremental.IncrementalStateTests.test_truncation_divergence_missing_anchor_and_event_row_damage_reconstruct) ... ok
2026-09-24T02:53:49.5071575Z test_changed_payload_removes_stale_terms_but_inherited_label_remains_searchable (test_continuity_indexed_context.IndexedContextTests.test_changed_payload_removes_stale_terms_but_inherited_label_remains_searchable) ... ok
2026-09-24T02:53:49.5546849Z test_complete_two_hop_graph_critical_and_component_seeds_survive_selection (test_continuity_indexed_context.IndexedContextTests.test_complete_two_hop_graph_critical_and_component_seeds_survive_selection) ... ok
2026-09-24T02:53:49.5920947Z test_exact_short_id_and_short_component_seed_do_not_depend_on_lexical_tokens (test_continuity_indexed_context.IndexedContextTests.test_exact_short_id_and_short_component_seed_do_not_depend_on_lexical_tokens) ... ok
2026-09-24T02:53:49.7007625Z test_indexed_retrieval_matches_full_scan_on_mixed_graph (test_continuity_indexed_context.IndexedContextTests.test_indexed_retrieval_matches_full_scan_on_mixed_graph) ... ok
2026-09-24T02:53:50.0010441Z test_selective_query_does_not_decode_thousands_of_unrelated_entities (test_continuity_indexed_context.IndexedContextTests.test_selective_query_does_not_decode_thousands_of_unrelated_entities) ... ok
2026-09-24T02:53:50.0362232Z test_cache_from_permissive_parser_cannot_bypass_strict_validation (test_continuity_json_contract.ContinuityJSONContractTests.test_cache_from_permissive_parser_cannot_bypass_strict_validation) ... ok
2026-09-24T02:53:50.0534768Z test_duplicate_members_are_rejected_at_every_nesting_level (test_continuity_json_contract.ContinuityJSONContractTests.test_duplicate_members_are_rejected_at_every_nesting_level) ... ok
2026-09-24T02:53:50.0895761Z test_invalid_checkpoint_does_not_rewrite_local_journal (test_continuity_json_contract.ContinuityJSONContractTests.test_invalid_checkpoint_does_not_rewrite_local_journal) ... ok
2026-09-24T02:53:50.1071630Z test_legacy_non_finite_history_is_rejected_even_with_valid_old_hashes (test_continuity_json_contract.ContinuityJSONContractTests.test_legacy_non_finite_history_is_rejected_even_with_valid_old_hashes) ... ok
2026-09-24T02:53:50.1359538Z test_non_finite_writer_rejects_entire_batch_before_append (test_continuity_json_contract.ContinuityJSONContractTests.test_non_finite_writer_rejects_entire_batch_before_append) ... ok
2026-09-24T02:53:50.1573207Z test_unicode_line_separators_inside_strings_do_not_split_events (test_continuity_json_contract.ContinuityJSONContractTests.test_unicode_line_separators_inside_strings_do_not_split_events) ... ok
2026-09-24T02:53:50.2427302Z test_valid_history_keeps_exact_bytes_identifiers_and_reconstruction (test_continuity_json_contract.ContinuityJSONContractTests.test_valid_history_keeps_exact_bytes_identifiers_and_reconstruction) ... ok
2026-09-24T02:53:50.2429876Z test_component_identity_is_provider_neutral_and_path_safe (test_continuity_kernel.ContinuityKernelTests.test_component_identity_is_provider_neutral_and_path_safe) ... ok
2026-09-24T02:53:50.4045345Z test_context_compiler_joins_human_memory_structure_and_change_evidence (test_continuity_kernel.ContinuityKernelTests.test_context_compiler_joins_human_memory_structure_and_change_evidence) ... ok
2026-09-24T02:53:50.4615526Z test_event_and_state_do_not_store_raw_diff_or_prompt_fields (test_continuity_kernel.ContinuityKernelTests.test_event_and_state_do_not_store_raw_diff_or_prompt_fields) ... ok
2026-09-24T02:53:50.5489813Z test_manual_envelope_cannot_self_promote_proof_to_verified (test_continuity_kernel.ContinuityKernelTests.test_manual_envelope_cannot_self_promote_proof_to_verified) ... ok
2026-09-24T02:53:50.5781754Z test_project_event_log_is_hash_chained_and_tamper_evident (test_continuity_kernel.ContinuityKernelTests.test_project_event_log_is_hash_chained_and_tamper_evident) ... ok
2026-09-24T02:53:50.6106772Z test_python_structure_separates_observed_from_inferred (test_continuity_kernel.ContinuityKernelTests.test_python_structure_separates_observed_from_inferred) ... ok
2026-09-24T02:53:50.6673063Z test_state_db_is_disposable_and_rebuilt_from_events (test_continuity_kernel.ContinuityKernelTests.test_state_db_is_disposable_and_rebuilt_from_events) ... ok
2026-09-24T02:53:50.7218538Z test_accented_query_matches_plain_label_and_french_ligatures (test_continuity_language_retrieval.LanguageRetrievalTests.test_accented_query_matches_plain_label_and_french_ligatures) ... ok
2026-09-24T02:53:50.7364487Z test_ascii_token_behavior_is_preserved (test_continuity_language_retrieval.LanguageRetrievalTests.test_ascii_token_behavior_is_preserved) ... ok
2026-09-24T02:53:50.8393342Z test_compatibility_forms_match_memory_in_both_directions (test_continuity_language_retrieval.LanguageRetrievalTests.test_compatibility_forms_match_memory_in_both_directions) ... ok
2026-09-24T02:53:50.9472758Z test_french_accents_and_canonical_unicode_forms_recall_exact_assertion (test_continuity_language_retrieval.LanguageRetrievalTests.test_french_accents_and_canonical_unicode_forms_recall_exact_assertion) ... ok
2026-09-24T02:53:50.9984422Z test_legacy_index_rebuilds_without_changing_the_journal (test_continuity_language_retrieval.LanguageRetrievalTests.test_legacy_index_rebuilds_without_changing_the_journal) ... ok
2026-09-24T02:53:51.0435282Z test_normalized_terms_do_not_merge_distinct_identities_or_authorities (test_continuity_language_retrieval.LanguageRetrievalTests.test_normalized_terms_do_not_merge_distinct_identities_or_authorities) ... ok
2026-09-24T02:53:51.0840123Z test_query_is_not_persisted_and_unrelated_query_has_no_match (test_continuity_language_retrieval.LanguageRetrievalTests.test_query_is_not_persisted_and_unrelated_query_has_no_match) ... ok
2026-09-24T02:53:51.1490729Z test_replacement_removes_old_normalized_payload_terms (test_continuity_language_retrieval.LanguageRetrievalTests.test_replacement_removes_old_normalized_payload_terms) ... ok
2026-09-24T02:53:51.2093801Z test_retired_memory_is_not_revived_by_normalization (test_continuity_language_retrieval.LanguageRetrievalTests.test_retired_memory_is_not_revived_by_normalization) ... ok
2026-09-24T02:53:51.2550173Z test_short_exact_id_keeps_literal_matching (test_continuity_language_retrieval.LanguageRetrievalTests.test_short_exact_id_keeps_literal_matching) ... ok
2026-09-24T02:53:51.2857716Z test_contract_exposes_both_profiles_without_proof_authority (test_continuity_lifecycle_profiles.LifecycleProfileTests.test_contract_exposes_both_profiles_without_proof_authority) ... ok
2026-09-24T02:53:51.3959435Z test_invalid_profiled_ledger_batch_cannot_append_or_promote_authority (test_continuity_lifecycle_profiles.LifecycleProfileTests.test_invalid_profiled_ledger_batch_cannot_append_or_promote_authority) ... ok
2026-09-24T02:53:51.4759384Z test_malformed_consumed_ledger_values_are_rejected_before_projection (test_continuity_lifecycle_profiles.LifecycleProfileTests.test_malformed_consumed_ledger_values_are_rejected_before_projection) ... ok
2026-09-24T02:53:51.5134714Z test_missing_historical_git_object_and_zero_points_preserve_absence (test_continuity_lifecycle_profiles.LifecycleProfileTests.test_missing_historical_git_object_and_zero_points_preserve_absence) ... ok
2026-09-24T02:53:51.6162615Z test_native_legacy_ledger_reimport_preserves_every_original_byte (test_continuity_lifecycle_profiles.LifecycleProfileTests.test_native_legacy_ledger_reimport_preserves_every_original_byte) ... ok
2026-09-24T02:53:51.6900451Z test_native_legacy_relation_reimport_is_immutable (test_continuity_lifecycle_profiles.LifecycleProfileTests.test_native_legacy_relation_reimport_is_immutable) ... ok
2026-09-24T02:53:51.7511608Z test_profile_adoption_does_not_mask_real_ledger_or_relation_conflicts (test_continuity_lifecycle_profiles.LifecycleProfileTests.test_profile_adoption_does_not_mask_real_ledger_or_relation_conflicts) ... ok
2026-09-24T02:53:51.8519373Z test_public_relation_preserves_source_authority_and_payload (test_continuity_lifecycle_profiles.LifecycleProfileTests.test_public_relation_preserves_source_authority_and_payload) ... ok
2026-09-24T02:53:51.9097221Z test_readers_checkpoints_and_old_cache_reject_hash_valid_invalid_profile (test_continuity_lifecycle_profiles.LifecycleProfileTests.test_readers_checkpoints_and_old_cache_reject_hash_valid_invalid_profile) ... ok
2026-09-24T02:53:52.0003102Z test_real_six_state_lifecycle_is_profiled_idempotent_and_replayable (test_continuity_lifecycle_profiles.LifecycleProfileTests.test_real_six_state_lifecycle_is_profiled_idempotent_and_replayable) ... ok
2026-09-24T02:53:52.0709951Z test_relation_profile_rejects_promotion_missing_provenance_and_invalid_edges (test_continuity_lifecycle_profiles.LifecycleProfileTests.test_relation_profile_rejects_promotion_missing_provenance_and_invalid_edges) ... ok
2026-09-24T02:53:52.0891620Z test_denial_followed_by_live_owner_does_not_authorize_entry (test_continuity_lock.EventLockTests.test_denial_followed_by_live_owner_does_not_authorize_entry) ... ok
2026-09-24T02:53:52.1065230Z test_non_windows_permission_denial_is_not_retried (test_continuity_lock.EventLockTests.test_non_windows_permission_denial_is_not_retried) ... ok
2026-09-24T02:53:52.1239036Z test_persistent_denial_cannot_enter_mutate_or_remove_foreign_lock (test_continuity_lock.EventLockTests.test_persistent_denial_cannot_enter_mutate_or_remove_foreign_lock) ... ok
2026-09-24T02:53:52.1978408Z test_transient_windows_create_denial_retries_exclusively_before_append (test_continuity_lock.EventLockTests.test_transient_windows_create_denial_retries_exclusively_before_append) ... ok
2026-09-24T02:53:52.2324454Z test_debt_refresh_never_promotes_replacement_measurement (test_continuity_memory_authority.MemoryAuthorityTests.test_debt_refresh_never_promotes_replacement_measurement) ... ok
2026-09-24T02:53:52.3209115Z test_legacy_materialization_is_rebuilt_without_journal_mutation (test_continuity_memory_authority.MemoryAuthorityTests.test_legacy_materialization_is_rebuilt_without_journal_mutation) ... ok
2026-09-24T02:53:53.2851575Z test_real_proof_cannot_certify_a_later_public_cli_declaration (test_continuity_memory_authority.MemoryAuthorityTests.test_real_proof_cannot_certify_a_later_public_cli_declaration) ... ok
2026-09-24T02:53:53.3265585Z test_relation_only_event_does_not_replace_source_entity (test_continuity_memory_authority.MemoryAuthorityTests.test_relation_only_event_does_not_replace_source_entity) ... ok
2026-09-24T02:53:53.3601121Z test_relation_update_never_inherits_authority_for_new_metadata (test_continuity_memory_authority.MemoryAuthorityTests.test_relation_update_never_inherits_authority_for_new_metadata) ... ok
2026-09-24T02:53:53.4666180Z test_replacement_facts_carry_their_own_authority_and_provenance (test_continuity_memory_authority.MemoryAuthorityTests.test_replacement_facts_carry_their_own_authority_and_provenance) ... ok
2026-09-24T02:53:53.5125992Z test_batch_write_failure_preserves_existing_database_and_all_journal_bytes (test_continuity_projection_batches.ProjectionBatchTests.test_batch_write_failure_preserves_existing_database_and_all_journal_bytes) ... ok
2026-09-24T02:53:54.3482876Z test_bounded_batches_equal_sequential_projection_across_updates_and_lifecycle (test_continuity_projection_batches.ProjectionBatchTests.test_bounded_batches_equal_sequential_projection_across_updates_and_lifecycle) ... ok
2026-09-24T02:53:54.7340472Z test_actual_cli_bilingual_json_is_identical_and_help_has_no_writes (test_continuity_questions.MemoryQuestionTests.test_actual_cli_bilingual_json_is_identical_and_help_has_no_writes) ... ok
2026-09-24T02:53:54.7946027Z test_ambiguous_dependency_targets_abstain_unless_literal_identity_is_given (test_continuity_questions.MemoryQuestionTests.test_ambiguous_dependency_targets_abstain_unless_literal_identity_is_given) ... ok
2026-09-24T02:53:54.8525902Z test_bounds_determinism_literal_entity_and_corrupt_journal_fail_closed (test_continuity_questions.MemoryQuestionTests.test_bounds_determinism_literal_entity_and_corrupt_journal_fail_closed) ... ok
2026-09-24T02:53:54.8992338Z test_changes_require_all_search_terms_not_a_shared_generic_word (test_continuity_questions.MemoryQuestionTests.test_changes_require_all_search_terms_not_a_shared_generic_word) ... ok
2026-09-24T02:53:54.9694655Z test_compact_fiscal_and_quarter_periods_never_become_path_terms (test_continuity_questions.MemoryQuestionTests.test_compact_fiscal_and_quarter_periods_never_become_path_terms) ... 
2026-09-24T02:53:54.9696734Z   test_compact_fiscal_and_quarter_periods_never_become_path_terms (test_continuity_questions.MemoryQuestionTests.test_compact_fiscal_and_quarter_periods_never_become_path_terms) (period='FY2026', options={}) ... FAIL
2026-09-24T02:53:54.9757483Z   test_compact_fiscal_and_quarter_periods_never_become_path_terms (test_continuity_questions.MemoryQuestionTests.test_compact_fiscal_and_quarter_periods_never_become_path_terms) (period='FY2026', options={'until': '2027-01-01'}) ... FAIL
2026-09-24T02:53:54.9812765Z   test_compact_fiscal_and_quarter_periods_never_become_path_terms (test_continuity_questions.MemoryQuestionTests.test_compact_fiscal_and_quarter_periods_never_become_path_terms) (period='FY26', options={}) ... FAIL
2026-09-24T02:53:54.9867689Z   test_compact_fiscal_and_quarter_periods_never_become_path_terms (test_continuity_questions.MemoryQuestionTests.test_compact_fiscal_and_quarter_periods_never_become_path_terms) (period='FY26', options={'until': '2027-01-01'}) ... FAIL
2026-09-24T02:53:54.9920220Z   test_compact_fiscal_and_quarter_periods_never_become_path_terms (test_continuity_questions.MemoryQuestionTests.test_compact_fiscal_and_quarter_periods_never_become_path_terms) (period='2026Q1', options={}) ... FAIL
2026-09-24T02:53:54.9973334Z   test_compact_fiscal_and_quarter_periods_never_become_path_terms (test_continuity_questions.MemoryQuestionTests.test_compact_fiscal_and_quarter_periods_never_become_path_terms) (period='2026Q1', options={'until': '2027-01-01'}) ... FAIL
2026-09-24T02:53:55.0025218Z   test_compact_fiscal_and_quarter_periods_never_become_path_terms (test_continuity_questions.MemoryQuestionTests.test_compact_fiscal_and_quarter_periods_never_become_path_terms) (period='Q12026', options={}) ... FAIL
2026-09-24T02:53:55.0078486Z   test_compact_fiscal_and_quarter_periods_never_become_path_terms (test_continuity_questions.MemoryQuestionTests.test_compact_fiscal_and_quarter_periods_never_become_path_terms) (period='Q12026', options={'until': '2027-01-01'}) ... FAIL
2026-09-24T02:53:55.0131813Z   test_compact_fiscal_and_quarter_periods_never_become_path_terms (test_continuity_questions.MemoryQuestionTests.test_compact_fiscal_and_quarter_periods_never_become_path_terms) (period='2026H1', options={}) ... FAIL
2026-09-24T02:53:55.0185246Z   test_compact_fiscal_and_quarter_periods_never_become_path_terms (test_continuity_questions.MemoryQuestionTests.test_compact_fiscal_and_quarter_periods_never_become_path_terms) (period='2026H1', options={'until': '2027-01-01'}) ... FAIL
2026-09-24T02:53:55.0237632Z   test_compact_fiscal_and_quarter_periods_never_become_path_terms (test_continuity_questions.MemoryQuestionTests.test_compact_fiscal_and_quarter_periods_never_become_path_terms) (period='H12026', options={}) ... FAIL
2026-09-24T02:53:55.0291370Z   test_compact_fiscal_and_quarter_periods_never_become_path_terms (test_continuity_questions.MemoryQuestionTests.test_compact_fiscal_and_quarter_periods_never_become_path_terms) (period='H12026', options={'until': '2027-01-01'}) ... FAIL
2026-09-24T02:53:55.0346659Z   test_compact_fiscal_and_quarter_periods_never_become_path_terms (test_continuity_questions.MemoryQuestionTests.test_compact_fiscal_and_quarter_periods_never_become_path_terms) (period='AF2026', options={}) ... FAIL
2026-09-24T02:53:55.0399475Z   test_compact_fiscal_and_quarter_periods_never_become_path_terms (test_continuity_questions.MemoryQuestionTests.test_compact_fiscal_and_quarter_periods_never_become_path_terms) (period='AF2026', options={'until': '2027-01-01'}) ... FAIL
2026-09-24T02:53:55.0451520Z   test_compact_fiscal_and_quarter_periods_never_become_path_terms (test_continuity_questions.MemoryQuestionTests.test_compact_fiscal_and_quarter_periods_never_become_path_terms) (period='AF26', options={}) ... FAIL
2026-09-24T02:53:55.0503321Z   test_compact_fiscal_and_quarter_periods_never_become_path_terms (test_continuity_questions.MemoryQuestionTests.test_compact_fiscal_and_quarter_periods_never_become_path_terms) (period='AF26', options={'until': '2027-01-01'}) ... FAIL
2026-09-24T02:53:55.0556833Z   test_compact_fiscal_and_quarter_periods_never_become_path_terms (test_continuity_questions.MemoryQuestionTests.test_compact_fiscal_and_quarter_periods_never_become_path_terms) (period='２０２６Ｑ１', options={}) ... FAIL
2026-09-24T02:53:55.0612538Z   test_compact_fiscal_and_quarter_periods_never_become_path_terms (test_continuity_questions.MemoryQuestionTests.test_compact_fiscal_and_quarter_periods_never_become_path_terms) (period='２０２６Ｑ１', options={'until': '2027-01-01'}) ... FAIL
2026-09-24T02:53:55.1112004Z test_compound_dependency_questions_do_not_ignore_outgoing_clause (test_continuity_questions.MemoryQuestionTests.test_compound_dependency_questions_do_not_ignore_outgoing_clause) ... ok
2026-09-24T02:53:55.1708343Z test_dependency_target_uses_all_distinguishing_terms (test_continuity_questions.MemoryQuestionTests.test_dependency_target_uses_all_distinguishing_terms) ... ok
2026-09-24T02:53:55.2217967Z test_explicit_bound_does_not_erase_question_side_time_constraints (test_continuity_questions.MemoryQuestionTests.test_explicit_bound_does_not_erase_question_side_time_constraints) ... ok
2026-09-24T02:53:55.5187195Z test_extreme_timezone_bounds_have_bounded_cli_rejection (test_continuity_questions.MemoryQuestionTests.test_extreme_timezone_bounds_have_bounded_cli_rejection) ... ok
2026-09-24T02:53:55.5662553Z test_french_english_why_cite_exact_reason_without_promoting_it (test_continuity_questions.MemoryQuestionTests.test_french_english_why_cite_exact_reason_without_promoting_it) ... ok
2026-09-24T02:53:55.6135645Z test_inactive_edge_cannot_make_an_active_unknown_target_ambiguous (test_continuity_questions.MemoryQuestionTests.test_inactive_edge_cannot_make_an_active_unknown_target_ambiguous) ... ok
2026-09-24T02:53:55.6602266Z test_inactive_source_cannot_name_an_unknown_target_for_an_active_edge (test_continuity_questions.MemoryQuestionTests.test_inactive_source_cannot_name_an_unknown_target_for_an_active_edge) ... ok
2026-09-24T02:53:55.7233600Z test_incoming_dependencies_have_exact_relation_source_and_direction (test_continuity_questions.MemoryQuestionTests.test_incoming_dependencies_have_exact_relation_source_and_direction) ... ok
2026-09-24T02:53:55.7783480Z test_missing_reason_unrelated_question_and_ambiguous_dates_abstain (test_continuity_questions.MemoryQuestionTests.test_missing_reason_unrelated_question_and_ambiguous_dates_abstain) ... ok
2026-09-24T02:53:55.8619147Z test_mixed_intents_never_choose_one_partial_answer (test_continuity_questions.MemoryQuestionTests.test_mixed_intents_never_choose_one_partial_answer) ... ok
2026-09-24T02:53:55.9083750Z test_natural_date_with_time_qualification_never_becomes_midnight (test_continuity_questions.MemoryQuestionTests.test_natural_date_with_time_qualification_never_becomes_midnight) ... ok
2026-09-24T02:53:55.9552428Z test_outgoing_dependency_wording_abstains_in_both_languages (test_continuity_questions.MemoryQuestionTests.test_outgoing_dependency_wording_abstains_in_both_languages) ... ok
2026-09-24T02:53:56.0841813Z test_oversized_context_refuses_instead_of_cutting_reason_or_citation (test_continuity_questions.MemoryQuestionTests.test_oversized_context_refuses_instead_of_cutting_reason_or_citation) ... ok
2026-09-24T02:53:56.1129389Z test_punctuation_bearing_technology_names_remain_distinct (test_continuity_questions.MemoryQuestionTests.test_punctuation_bearing_technology_names_remain_distinct) ... FAIL
2026-09-24T02:53:56.1793270Z test_quarters_and_unqualified_years_never_match_path_years_as_time (test_continuity_questions.MemoryQuestionTests.test_quarters_and_unqualified_years_never_match_path_years_as_time) ... ok
2026-09-24T02:53:56.2196777Z test_query_and_recorded_instructions_remain_data_without_side_effects (test_continuity_questions.MemoryQuestionTests.test_query_and_recorded_instructions_remain_data_without_side_effects) ... ok
2026-09-24T02:53:56.2714729Z test_relative_constraints_are_checked_for_every_question_kind (test_continuity_questions.MemoryQuestionTests.test_relative_constraints_are_checked_for_every_question_kind) ... ok
2026-09-24T02:53:56.3499615Z test_relative_time_phrases_do_not_return_all_changes (test_continuity_questions.MemoryQuestionTests.test_relative_time_phrases_do_not_return_all_changes) ... ok
2026-09-24T02:53:56.4184063Z test_resolved_unknown_target_keeps_every_active_incoming_edge (test_continuity_questions.MemoryQuestionTests.test_resolved_unknown_target_keeps_every_active_incoming_edge) ... ok
2026-09-24T02:53:56.4681796Z test_retired_assertion_is_not_current_answer_and_confirmed_source_is_cited (test_continuity_questions.MemoryQuestionTests.test_retired_assertion_is_not_current_answer_and_confirmed_source_is_cited) ... ok
2026-09-24T02:53:56.5277111Z test_short_query_terms_distinguish_versions_and_single_letter_names (test_continuity_questions.MemoryQuestionTests.test_short_query_terms_distinguish_versions_and_single_letter_names) ... ok
2026-09-24T02:53:56.5786817Z test_temporal_changes_use_recorded_instants_and_preserve_unknown_coverage (test_continuity_questions.MemoryQuestionTests.test_temporal_changes_use_recorded_instants_and_preserve_unknown_coverage) ... ok
2026-09-24T02:53:56.6262404Z test_unicode_query_terms_are_not_silently_discarded (test_continuity_questions.MemoryQuestionTests.test_unicode_query_terms_are_not_silently_discarded) ... ok
2026-09-24T02:53:56.6739095Z test_why_requires_all_search_terms_not_a_shared_generic_word (test_continuity_questions.MemoryQuestionTests.test_why_requires_all_search_terms_not_a_shared_generic_word) ... ok
2026-09-24T02:53:56.7154684Z test_year_only_from_bound_cannot_match_a_year_in_recorded_paths (test_continuity_questions.MemoryQuestionTests.test_year_only_from_bound_cannot_match_a_year_in_recorded_paths) ... ok
2026-09-24T02:53:56.7586937Z test_fallback_keeps_its_minimum_term_length (test_continuity_related_changes.ContinuityRelatedChangeTests.test_fallback_keeps_its_minimum_term_length) ... ok
2026-09-24T02:53:57.0771178Z test_french_ligatures_match_recorded_file_names_in_both_directions (test_continuity_related_changes.ContinuityRelatedChangeTests.test_french_ligatures_match_recorded_file_names_in_both_directions) ... ok
2026-09-24T02:53:57.1226610Z test_human_calcul_query_recovers_verified_calculator_change (test_continuity_related_changes.ContinuityRelatedChangeTests.test_human_calcul_query_recovers_verified_calculator_change) ... ok
2026-09-24T02:53:57.1677936Z test_unrelated_query_does_not_return_recent_change_just_because_it_is_recent (test_continuity_related_changes.ContinuityRelatedChangeTests.test_unrelated_query_does_not_return_recent_change_just_because_it_is_recent) ... ok
2026-09-24T02:53:57.2146788Z test_bridge_reverification_keeps_one_change_and_advances_current_proof (test_continuity_reverification.ContinuityReverificationTests.test_bridge_reverification_keeps_one_change_and_advances_current_proof) ... ok
2026-09-24T02:53:57.2527810Z test_same_tree_change_accepts_new_certificate_despite_new_snapshot_shas (test_continuity_reverification.ContinuityReverificationTests.test_same_tree_change_accepts_new_certificate_despite_new_snapshot_shas) ... ok
2026-09-24T02:53:57.2561857Z test_deferred_indexes_keep_constraints_and_exact_final_schema (test_continuity_schema_transaction.SchemaTransactionTests.test_deferred_indexes_keep_constraints_and_exact_final_schema) ... ok
2026-09-24T02:53:57.3118048Z test_failed_rebuild_preserves_old_state_and_cleans_temporary_database (test_continuity_schema_transaction.SchemaTransactionTests.test_failed_rebuild_preserves_old_state_and_cleans_temporary_database) ... ok
2026-09-24T02:53:57.3685789Z test_late_index_failure_keeps_previous_projection_and_journal (test_continuity_schema_transaction.SchemaTransactionTests.test_late_index_failure_keeps_previous_projection_and_journal) ... ok
2026-09-24T02:53:57.3701044Z test_schema_and_rows_can_be_rolled_back_together (test_continuity_schema_transaction.SchemaTransactionTests.test_schema_and_rows_can_be_rolled_back_together) ... ok
2026-09-24T02:53:57.4181335Z test_v8_lexical_table_rebuild_preserves_terms_and_journal (test_continuity_schema_transaction.SchemaTransactionTests.test_v8_lexical_table_rebuild_preserves_terms_and_journal) ... ok
2026-09-24T02:53:57.4198046Z test_classification_is_conservative_and_state_is_outside_project (test_continuity_task_session.ContinuityTaskSessionTests.test_classification_is_conservative_and_state_is_outside_project) ... ok
2026-09-24T02:53:57.4216476Z test_short_followup_keeps_anchor_and_task_identity (test_continuity_task_session.ContinuityTaskSessionTests.test_short_followup_keeps_anchor_and_task_identity) ... ok
2026-09-24T02:53:57.4241603Z test_substantive_focus_stays_inside_task_until_explicit_pivot (test_continuity_task_session.ContinuityTaskSessionTests.test_substantive_focus_stays_inside_task_until_explicit_pivot) ... ok
2026-09-24T02:53:57.4246206Z test_task_id_has_frozen_cross_runtime_vector (test_continuity_task_session.ContinuityTaskSessionTests.test_task_id_has_frozen_cross_runtime_vector) ... ok
2026-09-24T02:53:57.5632173Z test_boundary_participation_keeps_pivots_and_excludes_other_sessions_and_boundaries (test_continuity_tasks.DurableTaskTests.test_boundary_participation_keeps_pivots_and_excludes_other_sessions_and_boundaries) ... ok
2026-09-24T02:53:58.0177085Z test_explicit_task_cli_description_link_and_history_retrieval (test_continuity_tasks.DurableTaskTests.test_explicit_task_cli_description_link_and_history_retrieval) ... ok
2026-09-24T02:53:58.0930420Z test_hash_valid_broken_references_are_rejected_by_readers_checkpoints_and_old_cache (test_continuity_tasks.DurableTaskTests.test_hash_valid_broken_references_are_rejected_by_readers_checkpoints_and_old_cache) ... ok
2026-09-24T02:53:59.0750197Z test_installed_guided_technical_french_and_english_context_show_declared_task (test_continuity_tasks.DurableTaskTests.test_installed_guided_technical_french_and_english_context_show_declared_task) ... ok
2026-09-24T02:53:59.1910077Z test_invalid_or_cross_task_reference_aborts_whole_envelope_batch (test_continuity_tasks.DurableTaskTests.test_invalid_or_cross_task_reference_aborts_whole_envelope_batch) ... ok
2026-09-24T02:53:59.2819443Z test_lost_native_participant_stays_degraded_after_a_later_successful_prompt (test_continuity_tasks.DurableTaskTests.test_lost_native_participant_stays_degraded_after_a_later_successful_prompt) ... ok
2026-09-24T02:53:59.4076708Z test_native_link_is_atomic_idempotent_observed_and_survives_session_cleanup (test_continuity_tasks.DurableTaskTests.test_native_link_is_atomic_idempotent_observed_and_survives_session_cleanup) ... ok
2026-09-24T02:53:59.7090921Z test_native_link_rejects_extra_text_and_preserves_description (test_continuity_tasks.DurableTaskTests.test_native_link_rejects_extra_text_and_preserves_description) ... ok
2026-09-24T02:53:59.7808680Z test_native_prompt_persists_stable_identity_without_raw_prompt_or_session (test_continuity_tasks.DurableTaskTests.test_native_prompt_persists_stable_identity_without_raw_prompt_or_session) ... ok
2026-09-24T02:54:00.0373642Z test_native_task_can_be_explicitly_described_without_reimport_conflict (test_continuity_tasks.DurableTaskTests.test_native_task_can_be_explicitly_described_without_reimport_conflict) ... ok
2026-09-24T02:54:00.0996953Z test_profile_rejects_raw_prompt_extensions_and_authority_promotion (test_continuity_tasks.DurableTaskTests.test_profile_rejects_raw_prompt_extensions_and_authority_promotion) ... ok
2026-09-24T02:54:00.3714028Z test_task_cli_unknown_links_fail_without_changing_history (test_continuity_tasks.DurableTaskTests.test_task_cli_unknown_links_fail_without_changing_history) ... ok
2026-09-24T02:54:00.4839815Z test_task_identity_cannot_replace_existing_entity_and_unprofiled_extensions_keep_projection (test_continuity_tasks.DurableTaskTests.test_task_identity_cannot_replace_existing_entity_and_unprofiled_extensions_keep_projection) ... ok
2026-09-24T02:54:00.5445393Z test_checkpoint_is_idempotent_and_never_moves_head (test_continuity_transport.ContinuityTransportTests.test_checkpoint_is_idempotent_and_never_moves_head) ... ok
2026-09-24T02:54:00.7798078Z test_concurrent_remote_update_is_never_force_overwritten (test_continuity_transport.ContinuityTransportTests.test_concurrent_remote_update_is_never_force_overwritten) ... ok
2026-09-24T02:54:01.0280445Z test_divergent_project_histories_fail_closed (test_continuity_transport.ContinuityTransportTests.test_divergent_project_histories_fail_closed) ... ok
2026-09-24T02:54:01.1632794Z test_push_then_fresh_clone_pull_restores_exact_history_without_touching_code_head (test_continuity_transport.ContinuityTransportTests.test_push_then_fresh_clone_pull_restores_exact_history_without_touching_code_head) ... ok
2026-09-24T02:54:01.1635813Z test_action_binds_policy_to_base_revision_not_candidate_config (test_debt_action.DebtActionContractTests.test_action_binds_policy_to_base_revision_not_candidate_config) ... ok
2026-09-24T02:54:01.1638127Z test_action_exposes_proof_and_debt_outputs (test_debt_action.DebtActionContractTests.test_action_exposes_proof_and_debt_outputs) ... ok
2026-09-24T02:54:01.1640299Z test_action_restores_but_never_pushes_cumulative_ledger (test_debt_action.DebtActionContractTests.test_action_restores_but_never_pushes_cumulative_ledger) ... ok
2026-09-24T02:54:01.1664572Z test_existing_lineage_is_not_double_counted (test_debt_budget.DebtBudgetTests.test_existing_lineage_is_not_double_counted) ... ok
2026-09-24T02:54:01.1686678Z test_total_change_and_category_limits (test_debt_budget.DebtBudgetTests.test_total_change_and_category_limits) ... ok
2026-09-24T02:54:01.1711644Z test_explicit_accounting_can_record_a_real_over_budget_change (test_debt_budget_transaction.DebtBudgetTransactionTests.test_explicit_accounting_can_record_a_real_over_budget_change) ... ok
2026-09-24T02:54:01.1721764Z test_read_only_atomic_budget_check_does_not_mutate (test_debt_budget_transaction.DebtBudgetTransactionTests.test_read_only_atomic_budget_check_does_not_mutate) ... ok
2026-09-24T02:54:01.1751768Z test_two_stale_agents_cannot_both_consume_the_same_remaining_budget (test_debt_budget_transaction.DebtBudgetTransactionTests.test_two_stale_agents_cannot_both_consume_the_same_remaining_budget) ... ok
2026-09-24T02:54:01.2059796Z test_assurance_certificate_must_be_content_addressed_and_tree_bound (test_debt_certificate.DebtCertificateTests.test_assurance_certificate_must_be_content_addressed_and_tree_bound) ... ok
2026-09-24T02:54:01.2277267Z test_noop_certificate_is_rehashed_and_requires_candidate_binding (test_debt_certificate.DebtCertificateTests.test_noop_certificate_is_rehashed_and_requires_candidate_binding) ... ok
2026-09-24T02:54:01.3031119Z test_acceptance_requires_reason_and_remains_visible (test_debt_cli.DebtCliTests.test_acceptance_requires_reason_and_remains_visible) ... ok
2026-09-24T02:54:01.3576842Z test_debt_records_local_git_ledger_and_plan_surfaces_it (test_debt_cli.DebtCliTests.test_debt_records_local_git_ledger_and_plan_surfaces_it) ... ok
2026-09-24T02:54:01.3917002Z test_forged_certificate_cannot_waive_change_debt (test_debt_cli.DebtCliTests.test_forged_certificate_cannot_waive_change_debt) ... ok
2026-09-24T02:54:01.4570907Z test_health_trend_and_ledger_show_are_human_readable (test_debt_cli.DebtCliTests.test_health_trend_and_ledger_show_are_human_readable) ... ok
2026-09-24T02:54:01.4588050Z test_nested_diffwitness_debt_supported (test_debt_config.DebtConfigTests.test_nested_diffwitness_debt_supported) ... ok
2026-09-24T02:54:01.4605954Z test_top_level_debt_and_category_tables_normalize (test_debt_config.DebtConfigTests.test_top_level_debt_and_category_tables_normalize) ... ok
2026-09-24T02:54:01.4611079Z test_unknown_debt_key_fails_closed (test_debt_config.DebtConfigTests.test_unknown_debt_key_fails_closed) ... ok
2026-09-24T02:54:01.4954325Z test_tampered_certificate_fails_before_accounting (test_debt_entry.DebtEntryTests.test_tampered_certificate_fails_before_accounting) ... ok
2026-09-24T02:54:01.4998502Z test_trend_reconstructs_prior_balance_from_events (test_debt_history.DebtHistoryTests.test_trend_reconstructs_prior_balance_from_events) ... ok
2026-09-24T02:54:01.5365215Z test_health_does_not_count_duplicate_blocks_only_in_test_fixtures (test_debt_integrity.DebtIntegrityTests.test_health_does_not_count_duplicate_blocks_only_in_test_fixtures) ... ok
2026-09-24T02:54:01.5797560Z test_health_filters_function_local_python_cycle_but_keeps_real_import_cycle (test_debt_integrity.DebtIntegrityTests.test_health_filters_function_local_python_cycle_but_keeps_real_import_cycle) ... ok
2026-09-24T02:54:01.6276738Z test_health_scan_is_bound_to_the_dirty_worktree_it_actually_reads (test_debt_integrity.DebtIntegrityTests.test_health_scan_is_bound_to_the_dirty_worktree_it_actually_reads) ... ok
2026-09-24T02:54:01.7498280Z test_mutation_recheck_cleans_control_run_side_effects_before_counterfactual (test_debt_integrity.DebtIntegrityTests.test_mutation_recheck_cleans_control_run_side_effects_before_counterfactual) ... ok
2026-09-24T02:54:01.7500260Z test_dedupe_keeps_strongest_same_lineage (test_debt_models.DebtModelTests.test_dedupe_keeps_strongest_same_lineage) ... ok
2026-09-24T02:54:01.7501589Z test_report_is_additive_and_explicit (test_debt_models.DebtModelTests.test_report_is_additive_and_explicit) ... ok
2026-09-24T02:54:01.7502885Z test_stable_identity_ignores_explanation_and_points (test_debt_models.DebtModelTests.test_stable_identity_ignores_explanation_and_points) ... ok
2026-09-24T02:54:01.7726815Z test_plan_separates_automatic_repayment_from_manual_review (test_debt_planning.DebtPlanningTests.test_plan_separates_automatic_repayment_from_manual_review) ... ok
2026-09-24T02:54:01.7949963Z test_repay_all_ignores_manual_backlog_instead_of_promising_closure (test_debt_planning.DebtPlanningTests.test_repay_all_ignores_manual_backlog_instead_of_promising_closure) ... ok
2026-09-24T02:54:01.8159569Z test_repay_refuses_lineage_without_automatic_closure_adapter (test_debt_planning.DebtPlanningTests.test_repay_refuses_lineage_without_automatic_closure_adapter) ... ok
2026-09-24T02:54:01.8478567Z test_change_only_rules_are_not_mislabeled_as_project_replay (test_debt_scan.DebtScanTests.test_change_only_rules_are_not_mislabeled_as_project_replay) ... ok
2026-09-24T02:54:01.8764258Z test_change_security_scan_ignores_added_python_string_literal (test_debt_scan.DebtScanTests.test_change_security_scan_ignores_added_python_string_literal) ... ok
2026-09-24T02:54:01.9076560Z test_non_probative_certificate_cannot_hide_unverified_change (test_debt_scan.DebtScanTests.test_non_probative_certificate_cannot_hide_unverified_change) ... ok
2026-09-24T02:54:01.9400414Z test_preservation_certificate_prevents_fake_test_debt_but_not_security_review (test_debt_scan.DebtScanTests.test_preservation_certificate_prevents_fake_test_debt_but_not_security_review) ... ok
2026-09-24T02:54:01.9633593Z test_project_scan_finds_one_duplicate_region_and_local_cycle (test_debt_scan.DebtScanTests.test_project_scan_finds_one_duplicate_region_and_local_cycle) ... ok
2026-09-24T02:54:01.9836794Z test_python_security_scan_detects_structural_call_keywords (test_debt_scan.DebtScanTests.test_python_security_scan_detects_structural_call_keywords) ... ok
2026-09-24T02:54:02.0057141Z test_python_security_scan_ignores_signature_strings_and_comments (test_debt_scan.DebtScanTests.test_python_security_scan_ignores_signature_strings_and_comments) ... ok
2026-09-24T02:54:02.0398839Z test_security_rule_has_same_identity_in_change_and_project_scan (test_debt_scan.DebtScanTests.test_security_rule_has_same_identity_in_change_and_project_scan) ... ok
2026-09-24T02:54:02.0699816Z test_unverified_change_and_no_changed_test_surface_are_explicit (test_debt_scan.DebtScanTests.test_unverified_change_and_no_changed_test_surface_are_explicit) ... ok
2026-09-24T02:54:02.1042723Z test_structurally_unrelated_function_is_not_flagged (test_debt_sensor_precision.SemanticRedundancyPrecisionTests.test_structurally_unrelated_function_is_not_flagged) ... ok
2026-09-24T02:54:02.1447027Z test_accounting_boundary_enriches_report_but_zero_point_sensor_cannot_break_budget (test_debt_sensors.SemanticRedundancySensorTests.test_accounting_boundary_enriches_report_but_zero_point_sensor_cannot_break_budget) ... ok
2026-09-24T02:54:02.1854610Z test_change_and_project_modes_keep_same_debt_identity (test_debt_sensors.SemanticRedundancySensorTests.test_change_and_project_modes_keep_same_debt_identity) ... ok
2026-09-24T02:54:02.2190515Z test_change_sensor_finds_renamed_reimplementation_without_exporting_source (test_debt_sensors.SemanticRedundancySensorTests.test_change_sensor_finds_renamed_reimplementation_without_exporting_source) ... ok
2026-09-24T02:54:02.2515244Z test_exact_source_copy_is_left_to_existing_deterministic_duplicate_rule (test_debt_sensors.SemanticRedundancySensorTests.test_exact_source_copy_is_left_to_existing_deterministic_duplicate_rule) ... ok
2026-09-24T02:54:02.2809325Z test_sensor_can_be_disabled_at_accounting_boundary (test_debt_sensors.SemanticRedundancySensorTests.test_sensor_can_be_disabled_at_accounting_boundary) ... ok
2026-09-24T02:54:02.4811424Z test_historical_test_debt_resolves_when_current_tests_discriminate_origin (test_debt_verify.DebtVerifyTests.test_historical_test_debt_resolves_when_current_tests_discriminate_origin) ... ok
2026-09-24T02:54:02.8132337Z test_mutation_debt_resolves_when_current_tests_make_it_necessary (test_debt_verify.DebtVerifyTests.test_mutation_debt_resolves_when_current_tests_make_it_necessary) ... ok
2026-09-24T02:54:02.8134446Z test_binary_change_is_never_misrepresented_as_line_hunk (test_diff_edgecases.DiffEdgeCaseTests.test_binary_change_is_never_misrepresented_as_line_hunk) ... ok
2026-09-24T02:54:02.8136919Z test_documentation_new_file_does_not_enter_executable_causal_surface (test_diff_edgecases.DiffEdgeCaseTests.test_documentation_new_file_does_not_enter_executable_causal_surface) ... ok
2026-09-24T02:54:02.8150084Z test_new_production_file_is_conservative_structural_mutation (test_diff_edgecases.DiffEdgeCaseTests.test_new_production_file_is_conservative_structural_mutation) ... ok
2026-09-24T02:54:02.8152208Z test_path_with_spaces_remains_one_hunk_mutation (test_diff_edgecases.DiffEdgeCaseTests.test_path_with_spaces_remains_one_hunk_mutation) ... ok
2026-09-24T02:54:02.8154317Z test_rename_is_file_level_even_with_text_hunk (test_diff_edgecases.DiffEdgeCaseTests.test_rename_is_file_level_even_with_text_hunk) ... ok
2026-09-24T02:54:02.8156233Z test_documentation_classifier_is_narrow (test_diffing.DiffingTests.test_documentation_classifier_is_narrow) ... ok
2026-09-24T02:54:02.8158048Z test_documentation_hunks_are_excluded_by_default_but_can_be_included (test_diffing.DiffingTests.test_documentation_hunks_are_excluded_by_default_but_can_be_included) ... ok
2026-09-24T02:54:02.8159935Z test_hunk_ranges_become_annotation_lines (test_diffing.DiffingTests.test_hunk_ranges_become_annotation_lines) ... ok
2026-09-24T02:54:02.8161201Z test_test_path_detection (test_diffing.DiffingTests.test_test_path_detection) ... ok
2026-09-24T02:54:05.6049491Z test_real_no_proof_fresh_drift_clean_stale_and_failed_attempt (test_doctor_proof_truthfulness.DoctorProofTruthfulnessTests.test_real_no_proof_fresh_drift_clean_stale_and_failed_attempt) ... DiffWitness Gate rejected: candidate is not stably green
2026-09-24T02:54:05.6050577Z 
2026-09-24T02:54:05.6050693Z DiffWitness Guard: PROOF REJECTED
2026-09-24T02:54:06.2149328Z ok
2026-09-24T02:54:06.2151216Z test_engine_command_is_argv_not_shell_text (test_engine_config.EngineConfigTests.test_engine_command_is_argv_not_shell_text) ... ok
2026-09-24T02:54:06.2153197Z test_required_engine_needs_command (test_engine_config.EngineConfigTests.test_required_engine_needs_command) ... ok
2026-09-24T02:54:06.2160219Z test_top_level_engine_table_loads_without_relaxing_unknown_keys (test_engine_config.EngineConfigTests.test_top_level_engine_table_loads_without_relaxing_unknown_keys) ... ok
2026-09-24T02:54:06.2642004Z test_capability_preflight_accepts_compatible_bounded_engine (test_engine_doctor.EngineDoctorTests.test_capability_preflight_accepts_compatible_bounded_engine) ... ok
2026-09-24T02:54:06.2959156Z test_capability_preflight_rejects_ambiguous_json (test_engine_doctor.EngineDoctorTests.test_capability_preflight_rejects_ambiguous_json) ... ok
2026-09-24T02:54:06.3761755Z test_capability_preflight_rejects_protocol_or_authority_drift (test_engine_doctor.EngineDoctorTests.test_capability_preflight_rejects_protocol_or_authority_drift) ... ok
2026-09-24T02:54:06.4441335Z test_dw_doctor_fails_preflight_for_incompatible_required_engine (test_engine_doctor.EngineDoctorTests.test_dw_doctor_fails_preflight_for_incompatible_required_engine) ... ok
2026-09-24T02:54:06.4806196Z test_dw_doctor_keeps_community_only_onboarding_clean (test_engine_doctor.EngineDoctorTests.test_dw_doctor_keeps_community_only_onboarding_clean) ... ok
2026-09-24T02:54:06.5493159Z test_dw_doctor_reports_compatible_required_private_engine (test_engine_doctor.EngineDoctorTests.test_dw_doctor_reports_compatible_required_private_engine) ... ok
2026-09-24T02:54:06.5692742Z test_committed_project_engine_wins_over_machine_local_profile (test_engine_local.LocalEngineTests.test_committed_project_engine_wins_over_machine_local_profile) ... ok
2026-09-24T02:54:06.5985878Z test_corrupt_machine_local_profile_fails_closed (test_engine_local.LocalEngineTests.test_corrupt_machine_local_profile_fails_closed) ... ok
2026-09-24T02:54:06.7658203Z test_dw_engine_enable_status_doctor_disable_is_git_local (test_engine_local.LocalEngineTests.test_dw_engine_enable_status_doctor_disable_is_git_local) ... ok
2026-09-24T02:54:07.2896170Z test_real_gate_consumes_git_local_private_plan_but_public_runner_owns_verdict (test_engine_local_gate.LocalEngineGateTests.test_real_gate_consumes_git_local_private_plan_but_public_runner_owns_verdict) ... ok
2026-09-24T02:54:07.3501884Z test_ambiguous_engine_json_is_rejected_before_plan_validation (test_engine_protocol.EngineProtocolTests.test_ambiguous_engine_json_is_rejected_before_plan_validation) ... ok
2026-09-24T02:54:07.3505419Z test_canonical_compat_vector_has_frozen_request_id_and_digest (test_engine_protocol.EngineProtocolTests.test_canonical_compat_vector_has_frozen_request_id_and_digest) ... ok
2026-09-24T02:54:07.3508002Z test_change_identity_depends_on_repository_and_git_trees (test_engine_protocol.EngineProtocolTests.test_change_identity_depends_on_repository_and_git_trees) ... ok
2026-09-24T02:54:07.3775333Z test_non_finite_planning_budget_is_rejected_before_request_hashing (test_engine_protocol.EngineProtocolTests.test_non_finite_planning_budget_is_rejected_before_request_hashing) ... ok
2026-09-24T02:54:07.4376409Z test_optional_engine_failure_degrades_but_required_engine_fails_closed (test_engine_protocol.EngineProtocolTests.test_optional_engine_failure_degrades_but_required_engine_fails_closed) ... ok
2026-09-24T02:54:07.4686359Z test_plan_must_be_exactly_bound_and_cover_every_mutation_once (test_engine_protocol.EngineProtocolTests.test_plan_must_be_exactly_bound_and_cover_every_mutation_once) ... ok
2026-09-24T02:54:07.5293796Z test_real_subprocess_plan_is_validated_before_use (test_engine_protocol.EngineProtocolTests.test_real_subprocess_plan_is_validated_before_use) ... ok
2026-09-24T02:54:07.5594272Z test_request_is_content_bound_without_embedding_test_command_or_patch (test_engine_protocol.EngineProtocolTests.test_request_is_content_bound_without_embedding_test_command_or_patch) ... ok
2026-09-24T02:54:07.5733668Z test_code_change_does_not_get_noop_preflight (test_entry.EntryTests.test_code_change_does_not_get_noop_preflight) ... DiffWitness proof dw0_3663eed3ba3385770e7c attached to ed220eabbd57 via refs/notes/diffwitness.
2026-09-24T02:54:07.5735565Z Publish it with: git push origin refs/notes/diffwitness
2026-09-24T02:54:07.5736187Z Invariant INV-IMPACT: Keep identity
2026-09-24T02:54:07.5736763Z Objective OBJ-REFUNDS: Support partial refunds safely
2026-09-24T02:54:07.5737219Z Decision DEC-IDEMPOTENCY: Keep refund operations idempotent
2026-09-24T02:54:07.5737754Z Invariant INV-CAPTURE-LIMIT: Refund total must never exceed captured payment
2026-09-24T02:54:07.5738320Z Failed approach FAIL-DIRECT-CHARGE: Mutating charge rows directly
2026-09-24T02:54:07.6011923Z DiffWitness: No evidence command could be detected. Run `dw doctor`, pass --test, or create .diffwitness.toml.
2026-09-24T02:54:07.6026655Z ok
2026-09-24T02:54:07.6444739Z test_docs_only_prove_succeeds_without_test_command_and_writes_noop_certificate (test_entry.EntryTests.test_docs_only_prove_succeeds_without_test_command_and_writes_noop_certificate) ... ok
2026-09-24T02:54:07.6447152Z test_public_version_options_bypass_friendly_unknown_router (test_entry.EntryTests.test_public_version_options_bypass_friendly_unknown_router) ... ok
2026-09-24T02:54:07.6587014Z test_unknown_test_only_surface_without_evidence_never_becomes_noop_success (test_fail_closed.FailClosedTests.test_unknown_test_only_surface_without_evidence_never_becomes_noop_success) ... DiffWitness: proof not required (dw0_449da061c98e55cd2466); no executable causal mutation detected.
2026-09-24T02:54:07.6861504Z DiffWitness: this change contains tests but DiffWitness cannot determine how to execute evidence. Failing closed: pass --test or configure [diffwitness].test.
2026-09-24T02:54:07.6877552Z ok
2026-09-24T02:54:08.2882655Z test_auto_routes_surplus_patch_to_adaptive_and_rejects_it (test_gate.GateTests.test_auto_routes_surplus_patch_to_adaptive_and_rejects_it) ... DiffWitness Gate rejected: Adaptive Core found 1 mutation(s) removable while preserving the selected stable evidence
2026-09-24T02:54:08.2905690Z ok
2026-09-24T02:54:08.3054472Z test_docs_only_gate_becomes_formal_proof_not_required (test_gate.GateTests.test_docs_only_gate_becomes_formal_proof_not_required) ... DiffWitness Gate: causal contrast proven; adaptive strategy for 2 production mutation(s) under balanced policy (899.8s proof budget remaining)
2026-09-24T02:54:08.3056808Z DiffWitness Adaptive Core
2026-09-24T02:54:08.3057246Z contrast:    PROVEN
2026-09-24T02:54:08.3057668Z mutations:   2 original
2026-09-24T02:54:08.3058116Z core:        1 retained
2026-09-24T02:54:08.3058589Z removable:   1 observed removable
2026-09-24T02:54:08.3059060Z experiments: 3/10
2026-09-24T02:54:08.3059746Z 1-minimal:   yes
2026-09-24T02:54:08.3060157Z certificate: dwac1_bcb680bf2cba36be7418
2026-09-24T02:54:08.3060512Z 
2026-09-24T02:54:08.3060655Z Causal core:
2026-09-24T02:54:08.3061031Z   KEEP    calc.py hunk 1/2
2026-09-24T02:54:08.3061302Z 
2026-09-24T02:54:08.3061508Z Evidence-removable surface:
2026-09-24T02:54:08.3062384Z   REVIEW  calc.py hunk 2/2 — def add(a, b):
2026-09-24T02:54:08.3831813Z ok
2026-09-24T02:54:08.3986396Z test_explicit_nondefault_config_supplies_evidence_command (test_gate.GateTests.test_explicit_nondefault_config_supplies_evidence_command) ... DiffWitness: proof not required (dw0_7f7710fae3000126310a); no executable causal mutation detected.
2026-09-24T02:54:08.3988176Z Project continuity: 2 new change event(s) · dwchg_be640ec589d1afcf19297a2a
2026-09-24T02:54:08.6004562Z DiffWitness Gate: causal contrast proven; exhaustive strategy for 1 production mutation(s) under strict policy (899.8s proof budget remaining)
2026-09-24T02:54:08.9777068Z ok
2026-09-24T02:54:08.9916936Z test_small_proven_fix_uses_exhaustive_gate_and_writes_certificate (test_gate.GateTests.test_small_proven_fix_uses_exhaustive_gate_and_writes_certificate) ... DiffWitness 0.4.0a1 - counterfactual patch evidence
2026-09-24T02:54:08.9926816Z repo:      /tmp/tmpqc5id08o/repo
2026-09-24T02:54:08.9927206Z base:      ca5b3685cb0606b42d3708b9b62ab42b4e1d1de7 (ca5b3685cb06)
2026-09-24T02:54:08.9927707Z candidate: 7e1bb881e7d2ec7e803267b28b7df0a12622d1c1 (7e1bb881e7d2)
2026-09-24T02:54:08.9928534Z evidence:  "/opt/hostedtoolcache/Python/3.13.15/x64/bin/python" -m unittest discover -s tests -q
2026-09-24T02:54:08.9929071Z stability: 1 run(s) per variant
2026-09-24T02:54:08.9929365Z budget:    899.846s total; 300s per command
2026-09-24T02:54:08.9930031Z changes:   1 analyzed mutation(s); 1 changed test file(s)
2026-09-24T02:54:08.9930498Z 
2026-09-24T02:54:08.9930776Z contrast:  BASE STABLE-FAIL -> CANDIDATE STABLE-PASS
2026-09-24T02:54:08.9931224Z 
2026-09-24T02:54:08.9931495Z WITNESSED         +1/-1  calc.py hunk 1/1  [stable-fail]
2026-09-24T02:54:08.9931954Z 
2026-09-24T02:54:08.9932200Z summary: 1 witnessed, 0 unwitnessed, 0 inconclusive
2026-09-24T02:54:08.9932800Z core:    1 minimal sufficient set(s) of 1 hunk(s)
2026-09-24T02:54:08.9933133Z cert:    dw2_6f89d743585a8ecb10e9
2026-09-24T02:54:08.9933443Z DiffWitness Gate accepted (dw2_6f89d743585a8ecb10e9)
2026-09-24T02:54:08.9934334Z Project continuity: 2 new change event(s) · dwchg_7d0bf6fbb628895aa111badd
2026-09-24T02:54:09.1955348Z DiffWitness Gate: causal contrast proven; exhaustive strategy for 1 production mutation(s) under strict policy (899.8s proof budget remaining)
2026-09-24T02:54:09.5782892Z ok
2026-09-24T02:54:09.5783998Z test_unwitnessed_hunk_becomes_file_warning (test_github_actions.GitHubActionTests.test_unwitnessed_hunk_becomes_file_warning) ... ok
2026-09-24T02:54:09.5975375Z test_clean_worktree_reuses_head_exactly (test_gitops_snapshot_fastpath.SnapshotFastPathTests.test_clean_worktree_reuses_head_exactly) ... ok
2026-09-24T02:54:09.6277130Z test_meaningful_untracked_file_forces_exact_snapshot (test_gitops_snapshot_fastpath.SnapshotFastPathTests.test_meaningful_untracked_file_forces_exact_snapshot) ... ok
2026-09-24T02:54:09.6472945Z test_only_known_untracked_runtime_artifacts_still_reuse_head (test_gitops_snapshot_fastpath.SnapshotFastPathTests.test_only_known_untracked_runtime_artifacts_still_reuse_head) ... ok
2026-09-24T02:54:09.6789574Z test_staged_change_is_not_mistaken_for_clean_state (test_gitops_snapshot_fastpath.SnapshotFastPathTests.test_staged_change_is_not_mistaken_for_clean_state) ... ok
2026-09-24T02:54:09.7162624Z test_tracked_cache_like_file_is_never_filtered (test_gitops_snapshot_fastpath.SnapshotFastPathTests.test_tracked_cache_like_file_is_never_filtered) ... ok
2026-09-24T02:54:09.7461690Z test_tracked_worktree_change_forces_exact_snapshot (test_gitops_snapshot_fastpath.SnapshotFastPathTests.test_tracked_worktree_change_forces_exact_snapshot) ... ok
2026-09-24T02:54:09.7592928Z test_public_guard_delegates_proven_agent_patch_to_gate (test_guard.PublicGuardTests.test_public_guard_delegates_proven_agent_patch_to_gate) ... DiffWitness 0.4.0a1 - counterfactual patch evidence
2026-09-24T02:54:09.7594106Z repo:      /tmp/tmpu0kuhewh
2026-09-24T02:54:09.7594450Z base:      ca5b3685cb0606b42d3708b9b62ab42b4e1d1de7 (ca5b3685cb06)
2026-09-24T02:54:09.7594916Z candidate: edeac9173603b58b855076fd1b57fd8ba8c6e95e (edeac9173603)
2026-09-24T02:54:09.7595902Z evidence:  "/opt/hostedtoolcache/Python/3.13.15/x64/bin/python" -m unittest discover -s tests -q
2026-09-24T02:54:09.7596405Z stability: 1 run(s) per variant
2026-09-24T02:54:09.7596696Z budget:    899.84s total; 300s per command
2026-09-24T02:54:09.7597043Z changes:   1 analyzed mutation(s); 1 changed test file(s)
2026-09-24T02:54:09.7597292Z 
2026-09-24T02:54:09.7597444Z contrast:  BASE STABLE-FAIL -> CANDIDATE STABLE-PASS
2026-09-24T02:54:09.7597682Z 
2026-09-24T02:54:09.7597828Z WITNESSED         +1/-1  calc.py hunk 1/1  [stable-fail]
2026-09-24T02:54:09.7598061Z 
2026-09-24T02:54:09.7598207Z summary: 1 witnessed, 0 unwitnessed, 0 inconclusive
2026-09-24T02:54:09.7598562Z core:    1 minimal sufficient set(s) of 1 hunk(s)
2026-09-24T02:54:09.7598879Z cert:    dw2_8c23faac5f64fd683220
2026-09-24T02:54:09.7599198Z DiffWitness Gate accepted (dw2_8c23faac5f64fd683220)
2026-09-24T02:54:09.7599918Z Project continuity: 2 new change event(s) · dwchg_7d0bf6fbb628895aa111badd
2026-09-24T02:54:09.9888029Z DiffWitness Guard armed at 2803863f17ab
2026-09-24T02:54:09.9889721Z Agent:    /opt/hostedtoolcache/Python/3.13.15/x64/bin/python -c from pathlib import Path; Path('calc.py').write_text('def add(a, b):\n    return a + b\n', encoding='utf-8'); Path('tests').mkdir(exist_ok=True); Path('tests/test_calc.py').write_text("import unittest\nfrom calc import add\n\nclass T(unittest.TestCase):\n    def test_add(self):\n        self.assertEqual(add(2, 3), 5)\n", encoding='utf-8')
2026-09-24T02:54:09.9891604Z Policy:   strict
2026-09-24T02:54:09.9891836Z Strategy: auto
2026-09-24T02:54:09.9892097Z Proof budget: 900s after agent exit
2026-09-24T02:54:09.9892302Z 
2026-09-24T02:54:09.9892793Z DiffWitness Gate: causal contrast proven; exhaustive strategy for 1 production mutation(s) under strict policy (899.8s proof budget remaining)
2026-09-24T02:54:10.3846525Z ok
2026-09-24T02:54:10.3972787Z test_public_guard_preserves_agent_failure_code_without_claiming_proof (test_guard.PublicGuardTests.test_public_guard_preserves_agent_failure_code_without_claiming_proof) ... DiffWitness 0.4.0a1 - counterfactual patch evidence
2026-09-24T02:54:10.3973864Z repo:      /tmp/tmp9pmozzhn
2026-09-24T02:54:10.3974450Z base:      2803863f17ab70d68b63f33d29dda47650b65bcd (2803863f17ab)
2026-09-24T02:54:10.3975214Z candidate: 6be51bedcce61d72cf1543aa3b0bac98b5daf3c0 (6be51bedcce6)
2026-09-24T02:54:10.3976243Z evidence:  "/opt/hostedtoolcache/Python/3.13.15/x64/bin/python" -m unittest discover -s tests -q
2026-09-24T02:54:10.3976939Z stability: 1 run(s) per variant
2026-09-24T02:54:10.3977242Z budget:    899.843s total; 300s per command
2026-09-24T02:54:10.3977616Z changes:   1 analyzed mutation(s); 1 changed test file(s)
2026-09-24T02:54:10.3977881Z 
2026-09-24T02:54:10.3978033Z contrast:  BASE STABLE-FAIL -> CANDIDATE STABLE-PASS
2026-09-24T02:54:10.3978283Z 
2026-09-24T02:54:10.3978437Z WITNESSED         +1/-1  calc.py hunk 1/1  [stable-fail]
2026-09-24T02:54:10.3978676Z 
2026-09-24T02:54:10.3978823Z summary: 1 witnessed, 0 unwitnessed, 0 inconclusive
2026-09-24T02:54:10.3979185Z core:    1 minimal sufficient set(s) of 1 hunk(s)
2026-09-24T02:54:10.3979512Z cert:    dw2_0e2e4eedad8a95bc7838
2026-09-24T02:54:10.3979836Z DiffWitness Gate accepted (dw2_0e2e4eedad8a95bc7838)
2026-09-24T02:54:10.3980081Z 
2026-09-24T02:54:10.3980189Z DiffWitness Guard: PROOF ACCEPTED
2026-09-24T02:54:10.3980374Z 
2026-09-24T02:54:10.3980460Z CHANGE DEBT
2026-09-24T02:54:10.3980697Z +0 point(s) / 0 obligation(s)
2026-09-24T02:54:10.3981238Z Debt budget: PASS — projected total 0; new 0
2026-09-24T02:54:10.3981594Z Debt Ledger: +0 introduced, 0 reopened, 0 refreshed
2026-09-24T02:54:10.3982299Z IdleProof explanation: /tmp/tmp9pmozzhn/.git/diffwitness/idleproof-explanation.json
2026-09-24T02:54:10.3983027Z Change envelope: /tmp/tmp9pmozzhn/.git/diffwitness/change-envelope.json
2026-09-24T02:54:10.3983865Z Project continuity: 3 new change event(s) · dwchg_46b02795ce36505823770d5c
2026-09-24T02:54:10.4249940Z DiffWitness Guard: agent exited with code 7; proof was not attempted.
2026-09-24T02:54:10.4321730Z ok
2026-09-24T02:54:10.4454137Z test_guard_records_agent_provenance_after_proof (test_guard_debt.GuardDebtTests.test_guard_records_agent_provenance_after_proof) ... DiffWitness Guard armed at 52eb762f0eeb
2026-09-24T02:54:10.4455992Z Agent:    /opt/hostedtoolcache/Python/3.13.15/x64/bin/python -c raise SystemExit(7)
2026-09-24T02:54:10.4456759Z Policy:   config/default
2026-09-24T02:54:10.4457113Z Strategy: config/default
2026-09-24T02:54:10.4457376Z Proof budget: 900s after agent exit
2026-09-24T02:54:10.4457567Z 
2026-09-24T02:54:10.6721710Z DiffWitness Guard armed at f7b190da9fef
2026-09-24T02:54:10.6724532Z Agent:    /opt/hostedtoolcache/Python/3.13.15/x64/bin/python -c from pathlib import Path; p=Path('auth/session.py'); p.write_text('def add(a, b):\n    return a + b\n', encoding='utf-8'); t=Path('tests/test_session.py'); t.parent.mkdir(exist_ok=True); t.write_text("import unittest\nfrom auth.session import add\n\nclass T(unittest.TestCase):\n    def test_add(self):\n        self.assertEqual(add(2, 3), 5)\n", encoding='utf-8')
2026-09-24T02:54:10.6726530Z Policy:   strict
2026-09-24T02:54:10.6726774Z Strategy: config/default
2026-09-24T02:54:10.6727050Z Proof budget: 900s after agent exit
2026-09-24T02:54:10.6727240Z 
2026-09-24T02:54:10.6727701Z DiffWitness Gate: causal contrast proven; exhaustive strategy for 1 production mutation(s) under strict policy (899.8s proof budget remaining)
2026-09-24T02:54:11.0836045Z ok
2026-09-24T02:54:11.0967200Z test_guard_rejects_over_budget_patch_without_admitting_rejected_debt (test_guard_debt.GuardDebtTests.test_guard_rejects_over_budget_patch_without_admitting_rejected_debt) ... DiffWitness 0.4.0a1 - counterfactual patch evidence
2026-09-24T02:54:11.0968605Z repo:      /tmp/tmp__gim2wr
2026-09-24T02:54:11.0969354Z base:      f7b190da9fefc881ff15eb18cded8e9738e58aa5 (f7b190da9fef)
2026-09-24T02:54:11.0970250Z candidate: 581809f5822e77ce5421d6356e5fbfc7dc8f31a5 (581809f5822e)
2026-09-24T02:54:11.0971356Z evidence:  "/opt/hostedtoolcache/Python/3.13.15/x64/bin/python" -m unittest discover -s tests -q
2026-09-24T02:54:11.0972238Z stability: 1 run(s) per variant
2026-09-24T02:54:11.0972718Z budget:    899.845s total; 300s per command
2026-09-24T02:54:11.0973592Z changes:   1 analyzed mutation(s); 1 changed test file(s)
2026-09-24T02:54:11.0974051Z 
2026-09-24T02:54:11.0974296Z contrast:  BASE STABLE-FAIL -> CANDIDATE STABLE-PASS
2026-09-24T02:54:11.0974704Z 
2026-09-24T02:54:11.0975233Z WITNESSED         +1/-1  auth/session.py hunk 1/1  [stable-fail]
2026-09-24T02:54:11.0975783Z 
2026-09-24T02:54:11.0976022Z summary: 1 witnessed, 0 unwitnessed, 0 inconclusive
2026-09-24T02:54:11.0976663Z core:    1 minimal sufficient set(s) of 1 hunk(s)
2026-09-24T02:54:11.0977218Z cert:    dw2_44bc4eed3d747949599b
2026-09-24T02:54:11.0977763Z DiffWitness Gate accepted (dw2_44bc4eed3d747949599b)
2026-09-24T02:54:11.0978174Z 
2026-09-24T02:54:11.0978367Z DiffWitness Guard: PROOF ACCEPTED
2026-09-24T02:54:11.0978682Z 
2026-09-24T02:54:11.0978820Z CHANGE DEBT
2026-09-24T02:54:11.0979178Z +1 point(s) / 1 obligation(s)
2026-09-24T02:54:11.0979611Z   security           +1
2026-09-24T02:54:11.0980595Z   DW-F90AD233C569 +1 security/heuristic — Security-sensitive surface changed
2026-09-24T02:54:11.0981483Z Debt budget: PASS — projected total 1; new 1
2026-09-24T02:54:11.0982079Z Debt Ledger: +1 introduced, 0 reopened, 0 refreshed
2026-09-24T02:54:11.0982895Z IdleProof explanation: /tmp/tmp__gim2wr/.git/diffwitness/idleproof-explanation.json
2026-09-24T02:54:11.0983439Z Change envelope: /tmp/tmp__gim2wr/.git/diffwitness/change-envelope.json
2026-09-24T02:54:11.0984261Z Project continuity: 4 new change event(s) · dwchg_1cf17bd83f09ad2486850394
2026-09-24T02:54:11.0984729Z Project continuity: 1 Debt Ledger lifecycle event(s) projected
2026-09-24T02:54:11.3296952Z DiffWitness Guard armed at 7d13ad16c724
2026-09-24T02:54:11.3299849Z Agent:    /opt/hostedtoolcache/Python/3.13.15/x64/bin/python -c from pathlib import Path; p=Path('auth/session.py'); p.write_text('def add(a, b):\n    return a + b\n', encoding='utf-8'); t=Path('tests/test_session.py'); t.parent.mkdir(exist_ok=True); t.write_text("import unittest\nfrom auth.session import add\n\nclass T(unittest.TestCase):\n    def test_add(self):\n        self.assertEqual(add(2, 3), 5)\n", encoding='utf-8')
2026-09-24T02:54:11.3302649Z Policy:   strict
2026-09-24T02:54:11.3303065Z Strategy: config/default
2026-09-24T02:54:11.3303530Z Proof budget: 900s after agent exit
2026-09-24T02:54:11.3303942Z 
2026-09-24T02:54:11.3304789Z DiffWitness Gate: causal contrast proven; exhaustive strategy for 1 production mutation(s) under strict policy (899.8s proof budget remaining)
2026-09-24T02:54:11.6930850Z DiffWitness Guard: DEBT BUDGET REJECTED
2026-09-24T02:54:11.7285475Z ok
2026-09-24T02:54:11.7528634Z test_default_guided_root_help_is_a_bounded_onboarding_surface (test_ht001_guided_first_run.GuidedFirstRunDensityTests.test_default_guided_root_help_is_a_bounded_onboarding_surface) ... ok
2026-09-24T02:54:11.7684138Z test_french_guided_root_help_has_the_same_bounded_information_shape (test_ht001_guided_first_run.GuidedFirstRunDensityTests.test_french_guided_root_help_has_the_same_bounded_information_shape) ... ok
2026-09-24T02:54:11.7881630Z test_technical_help_keeps_the_complete_engineering_surface (test_ht001_guided_first_run.GuidedFirstRunDensityTests.test_technical_help_keeps_the_complete_engineering_surface) ... ok
2026-09-24T02:54:11.7902784Z test_default_guided_english_explains_how_to_reach_a_valid_doctor_context (test_ht002_doctor_outside_git.DoctorOutsideGitActionabilityTests.test_default_guided_english_explains_how_to_reach_a_valid_doctor_context) ... ok
2026-09-24T02:54:11.7922979Z test_guided_french_has_the_same_actionable_failure_shape (test_ht002_doctor_outside_git.DoctorOutsideGitActionabilityTests.test_guided_french_has_the_same_actionable_failure_shape) ... ok
2026-09-24T02:54:11.7943090Z test_json_outside_git_preserves_raw_failure_contract (test_ht002_doctor_outside_git.DoctorOutsideGitActionabilityTests.test_json_outside_git_preserves_raw_failure_contract) ... ok
2026-09-24T02:54:11.7954004Z test_other_git_failures_do_not_get_outside_repository_advice (test_ht002_doctor_outside_git.DoctorOutsideGitActionabilityTests.test_other_git_failures_do_not_get_outside_repository_advice) ... ok
2026-09-24T02:54:11.7973830Z test_technical_outside_git_still_fails_without_inventing_readiness (test_ht002_doctor_outside_git.DoctorOutsideGitActionabilityTests.test_technical_outside_git_still_fails_without_inventing_readiness) ... ok
2026-09-24T02:54:11.7977065Z test_every_diffwitness_owned_sidecar_diagnostic_has_a_guided_rendering (test_ht004_guided_vocabulary.HT004GuidedVocabularyTests.test_every_diffwitness_owned_sidecar_diagnostic_has_a_guided_rendering) ... ok
2026-09-24T02:54:12.3737945Z test_guided_setup_hides_internal_sidecar_term_without_changing_machine_or_technical_detail (test_ht004_guided_vocabulary.HT004GuidedVocabularyTests.test_guided_setup_hides_internal_sidecar_term_without_changing_machine_or_technical_detail) ... ok
2026-09-24T02:54:12.4689857Z test_idleproof_help_does_not_expose_internal_sidecar_architecture (test_ht004_guided_vocabulary.HT004GuidedVocabularyTests.test_idleproof_help_does_not_expose_internal_sidecar_architecture) ... ok
2026-09-24T02:54:12.5509640Z test_frontend_error_public_export_remains_available_on_demand (test_ht006_cli_startup.HT006CliStartupTests.test_frontend_error_public_export_remains_available_on_demand) ... ok
2026-09-24T02:54:12.5809599Z test_importing_public_entry_does_not_eagerly_load_full_frontend (test_ht006_cli_startup.HT006CliStartupTests.test_importing_public_entry_does_not_eagerly_load_full_frontend) ... ok
2026-09-24T02:54:12.5815675Z test_version_fast_path_does_not_run_git (test_ht006_cli_startup.HT006CliStartupTests.test_version_fast_path_does_not_run_git) ... ok
2026-09-24T02:54:12.5817406Z test_version_output_contract_remains_exact (test_ht006_cli_startup.HT006CliStartupTests.test_version_output_contract_remains_exact) ... ok
2026-09-24T02:54:12.5818687Z test_explicit_codex_setup_bounds_protect_scope_when_claude_is_detectable (test_ht007_provider_scope.HT007ProviderScopeQualificationTests.test_explicit_codex_setup_bounds_protect_scope_when_claude_is_detectable)
2026-09-24T02:54:13.4299000Z Public setup scope must win over broader provider auto-detection in Protect. ... ok
2026-09-24T02:54:14.8368112Z test_claude_hooks_use_exec_form_and_complete_native_change (test_human_blocker_regressions.HumanBlockerRegressionTests.test_claude_hooks_use_exec_form_and_complete_native_change) ... ok
2026-09-24T02:54:16.0055225Z test_manual_gate_persists_current_worktree_verification (test_human_blocker_regressions.HumanBlockerRegressionTests.test_manual_gate_persists_current_worktree_verification) ... ok
2026-09-24T02:54:16.0484895Z test_continuity_projection_failure_is_durable_degradation_and_recovery_clears_it (test_ide_handoff_fail_closed.IdeHandoffFailClosedTests.test_continuity_projection_failure_is_durable_degradation_and_recovery_clears_it) ... ok
2026-09-24T02:54:16.0497062Z test_exhausted_continuation_budget_never_becomes_approval (test_ide_handoff_fail_closed.IdeHandoffFailClosedTests.test_exhausted_continuation_budget_never_becomes_approval) ... ok
2026-09-24T02:54:16.0672445Z test_missing_or_invalid_native_start_capture_terminates_unverified_without_a_loop (test_ide_handoff_fail_closed.IdeHandoffFailClosedTests.test_missing_or_invalid_native_start_capture_terminates_unverified_without_a_loop) ... ok
2026-09-24T02:54:16.0677814Z test_session_model_receives_evidence_first_policy_and_optional_soul (test_idleproof_agent_session.IdleProofAgentSessionTests.test_session_model_receives_evidence_first_policy_and_optional_soul) ... ok
2026-09-24T02:54:16.0680237Z test_session_policy_does_not_require_soul_or_any_provider (test_idleproof_agent_session.IdleProofAgentSessionTests.test_session_policy_does_not_require_soul_or_any_provider) ... ok
2026-09-24T02:54:16.1086333Z test_authoritative_proof_path_has_no_model_or_http_client_dependency (test_idleproof_architecture_invariants.IdleProofArchitectureInvariantTests.test_authoritative_proof_path_has_no_model_or_http_client_dependency) ... ok
2026-09-24T02:54:16.1089531Z test_guard_may_emit_deterministic_idleproof_but_not_call_optional_inference (test_idleproof_architecture_invariants.IdleProofArchitectureInvariantTests.test_guard_may_emit_deterministic_idleproof_but_not_call_optional_inference) ... ok
2026-09-24T02:54:16.5333081Z test_optional_user_inference_never_flows_back_into_proof_debt_or_continuity_modules (test_idleproof_architecture_invariants.IdleProofArchitectureInvariantTests.test_optional_user_inference_never_flows_back_into_proof_debt_or_continuity_modules) ... ok
2026-09-24T02:54:16.5337706Z test_user_owned_cache_stays_in_git_metadata_not_project_source (test_idleproof_architecture_invariants.IdleProofArchitectureInvariantTests.test_user_owned_cache_stays_in_git_metadata_not_project_source) ... ok
2026-09-24T02:54:16.5341328Z test_binary_change_is_explained_conservatively (test_idleproof_explanation.DeterministicExplanationTests.test_binary_change_is_explained_conservatively) ... ok
2026-09-24T02:54:16.5343620Z test_empty_change_still_has_an_explicit_result (test_idleproof_explanation.DeterministicExplanationTests.test_empty_change_still_has_an_explicit_result) ... ok
2026-09-24T02:54:16.5345805Z test_heuristic_sensor_never_becomes_a_verified_fact (test_idleproof_explanation.DeterministicExplanationTests.test_heuristic_sensor_never_becomes_a_verified_fact) ... ok
2026-09-24T02:54:16.5347618Z test_renderer_is_useful_without_network_or_llm (test_idleproof_explanation.DeterministicExplanationTests.test_renderer_is_useful_without_network_or_llm) ... ok
2026-09-24T02:54:16.5349652Z test_unaccepted_proof_is_never_described_as_proven (test_idleproof_explanation.DeterministicExplanationTests.test_unaccepted_proof_is_never_described_as_proven) ... ok
2026-09-24T02:54:16.5351287Z test_builder_quota_is_exactly_500 (test_idleproof_explanation.ManagedInferencePolicyTests.test_builder_quota_is_exactly_500) ... ok
2026-09-24T02:54:16.5353685Z test_free_alpha_and_unknown_plans_can_never_use_diffwitness_managed_inference (test_idleproof_explanation.ManagedInferencePolicyTests.test_free_alpha_and_unknown_plans_can_never_use_diffwitness_managed_inference) ... ok
2026-09-24T02:54:16.5355864Z test_managed_quota_exhaustion_falls_back_to_deterministic_not_another_paid_route (test_idleproof_explanation.ManagedInferencePolicyTests.test_managed_quota_exhaustion_falls_back_to_deterministic_not_another_paid_route) ... ok
2026-09-24T02:54:16.5357195Z test_pro_quota_is_exactly_1200 (test_idleproof_explanation.ManagedInferencePolicyTests.test_pro_quota_is_exactly_1200) ... ok
2026-09-24T02:54:16.5358305Z test_team_and_enterprise_are_finite_in_shared_policy (test_idleproof_explanation.ManagedInferencePolicyTests.test_team_and_enterprise_are_finite_in_shared_policy) ... ok
2026-09-24T02:54:16.5359574Z test_user_owned_compute_remains_available_on_free (test_idleproof_explanation.ManagedInferencePolicyTests.test_user_owned_compute_remains_available_on_free) ... ok
2026-09-24T02:54:16.5360780Z test_llm_context_contains_only_bounded_facts_and_style (test_idleproof_explanation.SoulAndLlmContextTests.test_llm_context_contains_only_bounded_facts_and_style) ... ok
2026-09-24T02:54:16.5361901Z test_local_soul_is_style_only_and_bounded (test_idleproof_explanation.SoulAndLlmContextTests.test_local_soul_is_style_only_and_bounded) ... ok
2026-09-24T02:54:16.6076289Z test_historical_accepted_proof_cannot_claim_drifted_worktree_is_verified (test_idleproof_freshness.IdleProofFreshnessTests.test_historical_accepted_proof_cannot_claim_drifted_worktree_is_verified) ... ok
2026-09-24T02:54:16.6266336Z test_snapshot_omits_invalid_local_protection_projection (test_idleproof_protect_projection.IdleProofProtectProjectionTests.test_snapshot_omits_invalid_local_protection_projection) ... ok
2026-09-24T02:54:16.6453565Z test_snapshot_projects_only_bounded_aggregate_protection (test_idleproof_protect_projection.IdleProofProtectProjectionTests.test_snapshot_projects_only_bounded_aggregate_protection) ... ok
2026-09-24T02:54:16.6658539Z test_auto_installs_only_detected_project_providers (test_idleproof_sidecar.IntegrationTests.test_auto_installs_only_detected_project_providers) ... ok
2026-09-24T02:54:16.6802831Z test_auto_without_a_detected_provider_is_actionable_and_non_mutating (test_idleproof_sidecar.IntegrationTests.test_auto_without_a_detected_provider_is_actionable_and_non_mutating) ... ok
2026-09-24T02:54:16.7003331Z test_install_migrates_provider_neutral_hooks_without_double_execution (test_idleproof_sidecar.IntegrationTests.test_install_migrates_provider_neutral_hooks_without_double_execution) ... ok
2026-09-24T02:54:16.7273422Z test_install_status_and_uninstall_are_non_destructive (test_idleproof_sidecar.IntegrationTests.test_install_status_and_uninstall_are_non_destructive) ... ok
2026-09-24T02:54:16.7464284Z test_local_project_identity_is_stable_and_repo_bound (test_idleproof_sidecar.IntegrationTests.test_local_project_identity_is_stable_and_repo_bound) ... ok
2026-09-24T02:54:16.7603871Z test_assurance_bridge_rejects_envelope_that_violates_privacy_boundary (test_idleproof_sidecar.PortalSidecarTests.test_assurance_bridge_rejects_envelope_that_violates_privacy_boundary) ... ok
2026-09-24T02:54:16.7862707Z test_dry_run_needs_no_token_and_exposes_bounded_snapshot (test_idleproof_sidecar.PortalSidecarTests.test_dry_run_needs_no_token_and_exposes_bounded_snapshot) ... ok
2026-09-24T02:54:16.8039739Z test_endpoint_policy_and_token_is_never_persisted (test_idleproof_sidecar.PortalSidecarTests.test_endpoint_policy_and_token_is_never_persisted) ... ok
2026-09-24T02:54:17.3869967Z test_real_local_http_sync_sends_only_bounded_snapshot_and_uses_env_token (test_idleproof_sidecar.PortalSidecarTests.test_real_local_http_sync_sends_only_bounded_snapshot_and_uses_env_token) ... ok
2026-09-24T02:54:17.4137164Z test_snapshot_is_bounded_deterministic_and_preserves_inconclusive_proof (test_idleproof_sidecar.PortalSidecarTests.test_snapshot_is_bounded_deterministic_and_preserves_inconclusive_proof) ... ok
2026-09-24T02:54:17.4441469Z test_tracked_soul_remains_part_of_the_software_tree (test_idleproof_soul_snapshot.IdleProofSoulSnapshotTests.test_tracked_soul_remains_part_of_the_software_tree) ... ok
2026-09-24T02:54:17.4652114Z test_untracked_soul_preferences_do_not_change_candidate_tree (test_idleproof_soul_snapshot.IdleProofSoulSnapshotTests.test_untracked_soul_preferences_do_not_change_candidate_tree) ... ok
2026-09-24T02:54:17.4654695Z test_api_key_cannot_be_sent_over_plain_http_except_loopback (test_idleproof_user_inference.IdleProofUserInferenceTests.test_api_key_cannot_be_sent_over_plain_http_except_loopback) ... ok
2026-09-24T02:54:17.4830614Z test_cache_is_content_addressed_by_context_endpoint_and_model (test_idleproof_user_inference.IdleProofUserInferenceTests.test_cache_is_content_addressed_by_context_endpoint_and_model) ... ok
2026-09-24T02:54:17.5118693Z test_default_dw_explain_never_builds_a_network_opener (test_idleproof_user_inference.IdleProofUserInferenceTests.test_default_dw_explain_never_builds_a_network_opener) ... ok
2026-09-24T02:54:17.5121208Z test_human_output_always_shows_deterministic_original_before_labelled_ai_wording (test_idleproof_user_inference.IdleProofUserInferenceTests.test_human_output_always_shows_deterministic_original_before_labelled_ai_wording) ... ok
2026-09-24T02:54:17.5501750Z test_managed_engine_is_impossible_from_oss_cli_and_falls_back (test_idleproof_user_inference.IdleProofUserInferenceTests.test_managed_engine_is_impossible_from_oss_cli_and_falls_back) ... ok
2026-09-24T02:54:17.6001283Z test_openrouter_uses_only_user_key_and_cache_prevents_second_provider_call (test_idleproof_user_inference.IdleProofUserInferenceTests.test_openrouter_uses_only_user_key_and_cache_prevents_second_provider_call) ... ok
2026-09-24T02:54:17.6005936Z test_provider_control_characters_are_neutralized_before_display_or_cache (test_idleproof_user_inference.IdleProofUserInferenceTests.test_provider_control_characters_are_neutralized_before_display_or_cache) ... ok
2026-09-24T02:54:17.6010305Z test_slots_presentation_units_serialize_and_provider_rewrites_only_existing_ids (test_idleproof_user_inference.IdleProofUserInferenceTests.test_slots_presentation_units_serialize_and_provider_rewrites_only_existing_ids) ... ok
2026-09-24T02:54:19.6163050Z test_minimal_sufficient_core_and_surplus_hunk (test_integration.IntegrationTests.test_minimal_sufficient_core_and_surplus_hunk) ... ok
2026-09-24T02:54:20.2001719Z test_mutual_backup_pair_is_detected (test_integration.IntegrationTests.test_mutual_backup_pair_is_detected) ... ok
2026-09-24T02:54:20.2331359Z test_snapshot_ignores_untracked_runtime_caches_but_keeps_untracked_source (test_integration.IntegrationTests.test_snapshot_ignores_untracked_runtime_caches_but_keeps_untracked_source) ... ok
2026-09-24T02:54:20.2612742Z test_tracked_cache_named_file_is_never_silently_hidden (test_integration.IntegrationTests.test_tracked_cache_named_file_is_never_silently_hidden) ... ok
2026-09-24T02:54:20.2866851Z test_worktree_snapshot_does_not_require_persistent_git_identity (test_integration.IntegrationTests.test_worktree_snapshot_does_not_require_persistent_git_identity) ... ok
2026-09-24T02:54:20.4297818Z test_explicit_french_and_precedence_preserve_view_and_never_leak (test_language.LanguageTests.test_explicit_french_and_precedence_preserve_view_and_never_leak) ... ok
2026-09-24T02:54:20.6798268Z test_french_environment_defaults_to_english_without_persisting_language (test_language.LanguageTests.test_french_environment_defaults_to_english_without_persisting_language) ... ok
2026-09-24T02:54:21.4372516Z test_french_human_surfaces_and_json_are_language_and_view_invariant (test_language.LanguageTests.test_french_human_surfaces_and_json_are_language_and_view_invariant) ... ok
2026-09-24T02:54:21.4449263Z test_invalid_choice_and_missing_repo_do_not_save_or_leak (test_language.LanguageTests.test_invalid_choice_and_missing_repo_do_not_save_or_leak) ... ok
2026-09-24T02:54:21.4562994Z test_native_protocol_and_agent_arguments_do_not_inherit_ui_language (test_language.LanguageTests.test_native_protocol_and_agent_arguments_do_not_inherit_ui_language) ... ok
2026-09-24T02:54:21.8382855Z test_same_executed_evidence_produces_identical_certificates_in_both_languages (test_language.LanguageTests.test_same_executed_evidence_produces_identical_certificates_in_both_languages) ... ok
2026-09-24T02:54:21.8449456Z test_event_sourced_lifecycle_and_reopen (test_ledger.LedgerTests.test_event_sourced_lifecycle_and_reopen) ... ok
2026-09-24T02:54:21.8473378Z test_hash_valid_but_invalid_transition_fails_closed (test_ledger.LedgerTests.test_hash_valid_but_invalid_transition_fails_closed) ... ok
2026-09-24T02:54:21.8525544Z test_project_reconciliation_only_closes_project_rules (test_ledger.LedgerTests.test_project_reconciliation_only_closes_project_rules) ... ok
2026-09-24T02:54:21.8526904Z test_semantic_identity_mismatch_fails_closed_on_load (test_ledger.LedgerTests.test_semantic_identity_mismatch_fails_closed_on_load)
2026-09-24T02:54:21.8557723Z A hash-valid imported event cannot relabel a signal under another DW id. ... ok
2026-09-24T02:54:21.8628668Z test_stale_accept_cannot_accept_debt_resolved_by_another_process (test_ledger.LedgerTests.test_stale_accept_cannot_accept_debt_resolved_by_another_process) ... ok
2026-09-24T02:54:21.8671227Z test_stale_instances_append_without_losing_events (test_ledger.LedgerTests.test_stale_instances_append_without_losing_events)
2026-09-24T02:54:21.8672208Z Two agents that loaded the same ledger must not overwrite each other. ... ok
2026-09-24T02:54:21.8673246Z test_stale_instances_do_not_double_introduce_same_debt (test_ledger.LedgerTests.test_stale_instances_do_not_double_introduce_same_debt)
2026-09-24T02:54:21.8701396Z The state decision and append must share the same lock, not only the disk write. ... ok
2026-09-24T02:54:21.8728711Z test_stale_persist_cannot_overwrite_newer_history (test_ledger.LedgerTests.test_stale_persist_cannot_overwrite_newer_history) ... ok
2026-09-24T02:54:21.8777280Z test_tampering_breaks_integrity (test_ledger.LedgerTests.test_tampering_breaks_integrity) ... ok
2026-09-24T02:54:21.8780557Z test_unknown_event_type_is_rejected (test_ledger.LedgerTests.test_unknown_event_type_is_rejected) ... ok
2026-09-24T02:54:21.9478502Z test_checkpoint_and_status_are_exposed_through_dw (test_ledger_cli.LedgerCliTests.test_checkpoint_and_status_are_exposed_through_dw) ... ok
2026-09-24T02:54:21.9605785Z test_missing_remote_is_reported_as_cli_error_not_traceback (test_ledger_cli.LedgerCliTests.test_missing_remote_is_reported_as_cli_error_not_traceback) ... DiffWitness 0.4.0a1 - counterfactual patch evidence
2026-09-24T02:54:21.9607106Z repo:      /tmp/tmp53npsgxv
2026-09-24T02:54:21.9607697Z base:      7d13ad16c724f58948290bf6f6997e4715142865 (7d13ad16c724)
2026-09-24T02:54:21.9608362Z candidate: edd8747215fc46425edf96c0d2d46aaadab3064a (edd8747215fc)
2026-09-24T02:54:21.9608963Z evidence:  "/opt/hostedtoolcache/Python/3.13.15/x64/bin/python" -m unittest discover -s tests -q
2026-09-24T02:54:21.9609470Z stability: 1 run(s) per variant
2026-09-24T02:54:21.9609748Z budget:    899.841s total; 300s per command
2026-09-24T02:54:21.9610107Z changes:   1 analyzed mutation(s); 1 changed test file(s)
2026-09-24T02:54:21.9610364Z 
2026-09-24T02:54:21.9610513Z contrast:  BASE STABLE-FAIL -> CANDIDATE STABLE-PASS
2026-09-24T02:54:21.9610777Z 
2026-09-24T02:54:21.9610955Z WITNESSED         +1/-1  auth/session.py hunk 1/1  [stable-fail]
2026-09-24T02:54:21.9611217Z 
2026-09-24T02:54:21.9611358Z summary: 1 witnessed, 0 unwitnessed, 0 inconclusive
2026-09-24T02:54:21.9611710Z core:    1 minimal sufficient set(s) of 1 hunk(s)
2026-09-24T02:54:21.9612024Z cert:    dw2_4b28e131f77124aa4df2
2026-09-24T02:54:21.9612548Z DiffWitness Gate accepted (dw2_4b28e131f77124aa4df2)
2026-09-24T02:54:21.9612787Z 
2026-09-24T02:54:21.9612893Z DiffWitness Guard: PROOF ACCEPTED
2026-09-24T02:54:21.9613083Z 
2026-09-24T02:54:21.9613164Z CHANGE DEBT
2026-09-24T02:54:21.9613374Z +1 point(s) / 1 obligation(s)
2026-09-24T02:54:21.9613640Z   security           +1
2026-09-24T02:54:21.9614252Z   DW-F90AD233C569 +1 security/heuristic — Security-sensitive surface changed
2026-09-24T02:54:21.9614732Z Debt budget: EXCEEDED — projected total 1; new 1
2026-09-24T02:54:21.9615339Z   ! new debt 1 exceeds per-change budget 0
2026-09-24T02:54:21.9615727Z Debt Ledger: rejected change was not admitted to the durable ledger.
2026-09-24T02:54:21.9616249Z IdleProof explanation: /tmp/tmp53npsgxv/.git/diffwitness/idleproof-explanation.json
2026-09-24T02:54:21.9616783Z Change envelope: /tmp/tmp53npsgxv/.git/diffwitness/change-envelope.json
2026-09-24T02:54:21.9617356Z Project continuity: 4 new change event(s) · dwchg_43240080d635d52657dc74ec
2026-09-24T02:54:21.9820301Z ok
2026-09-24T02:54:21.9826027Z test_non_object_jsonl_record_fails_closed (test_ledger_corruption.LedgerCorruptionTests.test_non_object_jsonl_record_fails_closed) ... ok
2026-09-24T02:54:21.9872493Z test_truncated_jsonl_tail_fails_closed_and_is_not_repaired_silently (test_ledger_corruption.LedgerCorruptionTests.test_truncated_jsonl_tail_fails_closed_and_is_not_repaired_silently) ... ok
2026-09-24T02:54:22.0359672Z test_checkpoint_history_is_fast_forward_only (test_ledger_transport.LedgerTransportTests.test_checkpoint_history_is_fast_forward_only) ... ok
2026-09-24T02:54:22.0681002Z test_checkpoint_is_idempotent_for_unchanged_ledger (test_ledger_transport.LedgerTransportTests.test_checkpoint_is_idempotent_for_unchanged_ledger) ... ok
2026-09-24T02:54:22.1030839Z test_checkpoint_restores_into_empty_clone_state_without_touching_head (test_ledger_transport.LedgerTransportTests.test_checkpoint_restores_into_empty_clone_state_without_touching_head) ... ok
2026-09-24T02:54:22.1302842Z test_checkpoint_tree_and_blob_are_platform_canonical (test_ledger_transport.LedgerTransportTests.test_checkpoint_tree_and_blob_are_platform_canonical) ... ok
2026-09-24T02:54:22.2258443Z test_missing_remote_ref_cannot_reuse_stale_tracking_ref (test_ledger_transport.LedgerTransportTests.test_missing_remote_ref_cannot_reuse_stale_tracking_ref) ... ok
2026-09-24T02:54:22.3846052Z test_remote_concurrent_update_never_force_overwrites (test_ledger_transport.LedgerTransportTests.test_remote_concurrent_update_never_force_overwrites) ... ok
2026-09-24T02:54:22.4747287Z test_remote_push_and_fresh_pull_round_trip (test_ledger_transport.LedgerTransportTests.test_remote_push_and_fresh_pull_round_trip) ... ok
2026-09-24T02:54:22.5118912Z test_exhausted_failed_proof_terminates_unverified (test_legacy_stop_contract.LegacyStopContractTests.test_exhausted_failed_proof_terminates_unverified) ... ok
2026-09-24T02:54:22.5329755Z test_missing_or_invalid_start_state_terminates_unverified_without_a_loop (test_legacy_stop_contract.LegacyStopContractTests.test_missing_or_invalid_start_state_terminates_unverified_without_a_loop) ... ok
2026-09-24T02:54:22.5627970Z test_no_change_success_omits_decision (test_legacy_stop_contract.LegacyStopContractTests.test_no_change_success_omits_decision) ... ok
2026-09-24T02:54:22.5629501Z test_payload_contract_reserves_decision_for_blocks (test_legacy_stop_contract.LegacyStopContractTests.test_payload_contract_reserves_decision_for_blocks) ... ok
2026-09-24T02:54:23.0664829Z test_native_proof_debt_understand_and_status_use_real_worktree_metadata (test_linked_worktree_product.LinkedWorktreeProductTests.test_native_proof_debt_understand_and_status_use_real_worktree_metadata) ... ok
2026-09-24T02:54:23.0854325Z test_damaged_or_duplicate_marker_blocks_fail_closed_without_rewriting_user_rules (test_local_git_state.LocalGitStateTests.test_damaged_or_duplicate_marker_blocks_fail_closed_without_rewriting_user_rules) ... ok
2026-09-24T02:54:23.1287958Z test_local_excludes_are_idempotent_preserve_user_rules_and_keep_tracked_files_visible (test_local_git_state.LocalGitStateTests.test_local_excludes_are_idempotent_preserve_user_rules_and_keep_tracked_files_visible) ... ok
2026-09-24T02:54:23.1463708Z test_setup_install_fails_before_sidecar_if_git_metadata_cannot_be_prepared (test_local_git_state.LocalGitStateTests.test_setup_install_fails_before_sidecar_if_git_metadata_cannot_be_prepared) ... ok
2026-09-24T02:54:23.1829707Z test_setup_install_prepares_local_excludes_before_sidecar_runs (test_local_git_state.LocalGitStateTests.test_setup_install_prepares_local_excludes_before_sidecar_runs) ... ok
2026-09-24T02:54:25.3629168Z test_all_kinds_nonascii_and_fr_en_keep_same_citations (test_memory_code.MemoryCodeTests.test_all_kinds_nonascii_and_fr_en_keep_same_citations) ... ok
2026-09-24T02:54:26.1032086Z test_code_drift_revalidation_keeps_authorities_and_index (test_memory_code.MemoryCodeTests.test_code_drift_revalidation_keeps_authorities_and_index) ... ok
2026-09-24T02:54:26.6606393Z test_deleted_and_explicitly_moved_reference (test_memory_code.MemoryCodeTests.test_deleted_and_explicitly_moved_reference) ... ok
2026-09-24T02:54:27.2699541Z test_deleted_role_can_be_explicitly_cleared_but_not_both_roles (test_memory_code.MemoryCodeTests.test_deleted_role_can_be_explicitly_cleared_but_not_both_roles) ... ok
2026-09-24T02:54:27.3508807Z test_forged_git_digest_cannot_be_reported_as_unchanged (test_memory_code.MemoryCodeTests.test_forged_git_digest_cannot_be_reported_as_unchanged) ... ok
2026-09-24T02:54:27.4862368Z test_forged_source_reference_rejected_on_all_readers (test_memory_code.MemoryCodeTests.test_forged_source_reference_rejected_on_all_readers) ... ok
2026-09-24T02:54:28.0055976Z test_invalid_selections_and_inactive_memory_do_not_append (test_memory_code.MemoryCodeTests.test_invalid_selections_and_inactive_memory_do_not_append) ... ok
2026-09-24T02:54:28.1864191Z test_missing_baseline_object_and_corrupt_bytes_fail_closed (test_memory_code.MemoryCodeTests.test_missing_baseline_object_and_corrupt_bytes_fail_closed) ... ok
2026-09-24T02:54:28.2678485Z test_schema_authority_and_subject_collision_rejected (test_memory_code.MemoryCodeTests.test_schema_authority_and_subject_collision_rejected) ... ok
2026-09-24T02:54:28.7614264Z test_stale_binding_and_memory_revision_fail_atomically (test_memory_code.MemoryCodeTests.test_stale_binding_and_memory_revision_fail_atomically) ... ok
2026-09-24T02:54:28.9600424Z test_types_and_budgets_fail_without_false_unchanged (test_memory_code.MemoryCodeTests.test_types_and_budgets_fail_without_false_unchanged) ... ok
2026-09-24T02:54:31.0253057Z test_all_four_kinds_confirm_retire_and_reconsider_preserve_assertion (test_memory_lifecycle.MemoryLifecycleTests.test_all_four_kinds_confirm_retire_and_reconsider_preserve_assertion) ... ok
2026-09-24T02:54:31.1655304Z test_confirmation_does_not_promote_or_replace_original_assertion_authority (test_memory_lifecycle.MemoryLifecycleTests.test_confirmation_does_not_promote_or_replace_original_assertion_authority) ... ok
2026-09-24T02:54:31.3026353Z test_hash_valid_invalid_revision_is_rejected_by_checkpoint_and_old_cache (test_memory_lifecycle.MemoryLifecycleTests.test_hash_valid_invalid_revision_is_rejected_by_checkpoint_and_old_cache) ... ok
2026-09-24T02:54:32.3479520Z test_installed_presentations_retain_failed_approaches_and_distinct_review_authority (test_memory_lifecycle.MemoryLifecycleTests.test_installed_presentations_retain_failed_approaches_and_distinct_review_authority) ... ok
2026-09-24T02:54:32.8695169Z test_invalid_replacements_and_unknown_kind_fail_without_partial_history (test_memory_lifecycle.MemoryLifecycleTests.test_invalid_replacements_and_unknown_kind_fail_without_partial_history) ... ok
2026-09-24T02:54:32.9125799Z test_profile_cannot_promote_judgment_or_smuggle_replacement_relations (test_memory_lifecycle.MemoryLifecycleTests.test_profile_cannot_promote_judgment_or_smuggle_replacement_relations) ... ok
2026-09-24T02:54:33.1140829Z test_public_redeclaration_of_managed_identity_is_a_controlled_rejection (test_memory_lifecycle.MemoryLifecycleTests.test_public_redeclaration_of_managed_identity_is_a_controlled_rejection) ... ok
2026-09-24T02:54:33.4371590Z test_rejected_memory_and_edges_do_not_seed_context_but_history_remains (test_memory_lifecycle.MemoryLifecycleTests.test_rejected_memory_and_edges_do_not_seed_context_but_history_remains) ... ok
2026-09-24T02:54:33.5680174Z test_stale_revision_is_rejected_atomically_and_source_cannot_be_overwritten (test_memory_lifecycle.MemoryLifecycleTests.test_stale_revision_is_rejected_atomically_and_source_cannot_be_overwritten) ... ok
2026-09-24T02:54:34.0157831Z test_supersession_is_immutable_and_bidirectional_with_exact_replacement_reference (test_memory_lifecycle.MemoryLifecycleTests.test_supersession_is_immutable_and_bidirectional_with_exact_replacement_reference) ... ok
2026-09-24T02:54:34.0429745Z test_codex_configuration_never_implies_provider_trust (test_native_activation.NativeActivationTests.test_codex_configuration_never_implies_provider_trust) ... ok
2026-09-24T02:54:34.3188783Z test_concurrent_provider_observations_do_not_lose_updates (test_native_activation.NativeActivationTests.test_concurrent_provider_observations_do_not_lose_updates) ... ok
2026-09-24T02:54:34.3515239Z test_linked_worktree_uses_real_git_metadata_and_keeps_activation_local (test_native_activation.NativeActivationTests.test_linked_worktree_uses_real_git_metadata_and_keeps_activation_local) ... ok
2026-09-24T02:54:34.3719742Z test_start_cause_cannot_be_mistaken_for_a_provider (test_native_activation.NativeActivationTests.test_start_cause_cannot_be_mistaken_for_a_provider) ... ok
2026-09-24T02:54:34.3977692Z test_successful_provider_session_start_records_real_observation (test_native_activation.NativeActivationTests.test_successful_provider_session_start_records_real_observation) ... ok
2026-09-24T02:54:34.4126215Z test_unknown_source_cannot_fabricate_native_provider_observation (test_native_activation.NativeActivationTests.test_unknown_source_cannot_fabricate_native_provider_observation) ... ok
2026-09-24T02:54:34.4592910Z test_native_prompt_context_never_tells_active_agent_to_launch_guard (test_native_hook_contracts.NativeHookContractTests.test_native_prompt_context_never_tells_active_agent_to_launch_guard) ... ok
2026-09-24T02:54:34.4981743Z test_native_prompt_without_session_start_does_not_spawn_fallback_agent (test_native_hook_contracts.NativeHookContractTests.test_native_prompt_without_session_start_does_not_spawn_fallback_agent) ... ok
2026-09-24T02:54:34.4983333Z test_stop_block_preserves_block_and_reason (test_native_hook_contracts.NativeHookContractTests.test_stop_block_preserves_block_and_reason) ... ok
2026-09-24T02:54:34.4984854Z test_stop_success_omits_unsupported_approve_decision (test_native_hook_contracts.NativeHookContractTests.test_stop_success_omits_unsupported_approve_decision) ... ok
2026-09-24T02:54:34.4986545Z test_terminal_stop_failure_never_requests_another_agent_turn (test_native_hook_contracts.NativeHookContractTests.test_terminal_stop_failure_never_requests_another_agent_turn) ... ok
2026-09-24T02:54:34.5501539Z test_committed_patch_round_trip_preserves_mixed_endings_and_utf8_context (test_native_patch_bytes.NativePatchBytesTests.test_committed_patch_round_trip_preserves_mixed_endings_and_utf8_context) ... ok
2026-09-24T02:54:36.1246004Z test_native_staged_unborn_counterfactual_uses_exact_lf_and_crlf_bytes (test_native_patch_bytes.NativePatchBytesTests.test_native_staged_unborn_counterfactual_uses_exact_lf_and_crlf_bytes) ... ok
2026-09-24T02:54:36.1463230Z test_a_new_scope_never_reuses_a_previous_git_resolution (test_native_prompt_resolution.NativeResolutionTests.test_a_new_scope_never_reuses_a_previous_git_resolution) ... ok
2026-09-24T02:54:36.2031975Z test_historical_corruption_between_prompts_cannot_reuse_advisory_memory (test_native_prompt_resolution.NativeResolutionTests.test_historical_corruption_between_prompts_cannot_reuse_advisory_memory) ... ok
2026-09-24T02:54:36.2228319Z test_linked_worktree_roots_are_distinct_but_journal_is_shared (test_native_prompt_resolution.NativeResolutionTests.test_linked_worktree_roots_are_distinct_but_journal_is_shared) ... Preparing worktree (detached HEAD 43deeb8)
2026-09-24T02:54:36.2340892Z ok
2026-09-24T02:54:36.3088241Z test_native_prompt_reuses_only_repository_paths_within_one_invocation (test_native_prompt_resolution.NativeResolutionTests.test_native_prompt_reuses_only_repository_paths_within_one_invocation) ... ok
2026-09-24T02:54:36.3377719Z test_scoped_paths_are_discarded_on_exit_and_exception (test_native_prompt_resolution.NativeResolutionTests.test_scoped_paths_are_discarded_on_exit_and_exception) ... ok
2026-09-24T02:54:42.8516402Z test_generated_hooks_complete_all_guided_and_technical_provider_journeys (test_native_setup_journeys.NativeSetupJourneyTests.test_generated_hooks_complete_all_guided_and_technical_provider_journeys) ... ok
2026-09-24T02:54:42.8643436Z test_invalid_bytes_are_not_reinterpreted_as_locale_text (test_native_utf8_protocol.NativeUtf8ProtocolTests.test_invalid_bytes_are_not_reinterpreted_as_locale_text) ... ok
2026-09-24T02:54:43.2300339Z test_real_adapters_ignore_locale_for_native_utf8_input_and_output (test_native_utf8_protocol.NativeUtf8ProtocolTests.test_real_adapters_ignore_locale_for_native_utf8_input_and_output) ... ok
2026-09-24T02:54:43.2303360Z test_text_streams_and_non_object_payloads_keep_existing_contract (test_native_utf8_protocol.NativeUtf8ProtocolTests.test_text_streams_and_non_object_payloads_keep_existing_contract) ... ok
2026-09-24T02:54:43.2521922Z test_nested_idleproof_and_agent_hook_state_are_not_software_changes (test_nested_idleproof_plumbing.NestedLocalToolArtifactsTests.test_nested_idleproof_and_agent_hook_state_are_not_software_changes) ... ok
2026-09-24T02:54:43.2524119Z test_distinct_invalid_bytes_are_rejected_before_identity (test_patch_encoding_boundary.PatchEncodingBoundaryTests.test_distinct_invalid_bytes_are_rejected_before_identity) ... ok
2026-09-24T02:54:43.3322407Z test_real_prove_rejects_non_utf8_before_analysis_or_outputs (test_patch_encoding_boundary.PatchEncodingBoundaryTests.test_real_prove_rejects_non_utf8_before_analysis_or_outputs) ... ok
2026-09-24T02:54:44.0108845Z test_utf8_prove_persists_certificate_and_exact_crlf_reduction (test_patch_encoding_boundary.PatchEncodingBoundaryTests.test_utf8_prove_persists_certificate_and_exact_crlf_reduction) ... ok
2026-09-24T02:54:44.0492314Z test_native_handoff_blocks_an_intact_but_canonically_unaccepted_proof_before_debt_or_continuity (test_plugin_context_hook.PluginContextHookTests.test_native_handoff_blocks_an_intact_but_canonically_unaccepted_proof_before_debt_or_continuity) ... ok
2026-09-24T02:54:45.0422059Z test_native_session_stop_converges_on_proof_debt_envelope_and_continuity_without_guard_wrapper (test_plugin_context_hook.PluginContextHookTests.test_native_session_stop_converges_on_proof_debt_envelope_and_continuity_without_guard_wrapper) ... ok
2026-09-24T02:54:45.1502023Z test_prompt_submit_fails_open_outside_git_repository (test_plugin_context_hook.PluginContextHookTests.test_prompt_submit_fails_open_outside_git_repository) ... ok
2026-09-24T02:54:45.3574436Z test_prompt_submit_injects_bounded_epistemic_context_without_persisting_prompt (test_plugin_context_hook.PluginContextHookTests.test_prompt_submit_injects_bounded_epistemic_context_without_persisting_prompt) ... ok
2026-09-24T02:54:45.4803976Z test_prompt_submit_without_text_is_noop (test_plugin_context_hook.PluginContextHookTests.test_prompt_submit_without_text_is_noop) ... ok
2026-09-24T02:54:45.4806028Z test_help_exposes_only_diffwitness_commands (test_portal_proxy.PortalProxyTests.test_help_exposes_only_diffwitness_commands) ... ok
2026-09-24T02:54:45.4812168Z test_local_git_exclude_failure_blocks_state_creating_commands (test_portal_proxy.PortalProxyTests.test_local_git_exclude_failure_blocks_state_creating_commands) ... ok
2026-09-24T02:54:45.4819383Z test_missing_sidecar_is_actionable (test_portal_proxy.PortalProxyTests.test_missing_sidecar_is_actionable) ... ok
2026-09-24T02:54:45.4828238Z test_proxy_forwards_argv_without_shell_or_token_rewriting (test_portal_proxy.PortalProxyTests.test_proxy_forwards_argv_without_shell_or_token_rewriting) ... ok
2026-09-24T02:54:45.4840932Z test_snapshot_is_local_and_does_not_require_sidecar_or_portal_config (test_portal_proxy.PortalProxyTests.test_snapshot_is_local_and_does_not_require_sidecar_or_portal_config) ... ok
2026-09-24T02:54:45.4847077Z test_snapshot_rejects_unknown_options_without_network_or_sidecar (test_portal_proxy.PortalProxyTests.test_snapshot_rejects_unknown_options_without_network_or_sidecar) ... ok
2026-09-24T02:54:45.4854876Z test_start_failure_does_not_expose_internal_sidecar_term (test_portal_proxy.PortalProxyTests.test_start_failure_does_not_expose_internal_sidecar_term) ... ok
2026-09-24T02:54:45.4856956Z test_unknown_sidecar_surface_is_rejected (test_portal_proxy.PortalProxyTests.test_unknown_sidecar_surface_is_rejected) ... ok
2026-09-24T02:54:45.4858094Z test_balanced_and_strict_policies_are_distinct (test_proof_cli.ProofCliTests.test_balanced_and_strict_policies_are_distinct) ... ok
2026-09-24T02:54:45.4938222Z test_doctor_explains_default_detection (test_proof_cli.ProofCliTests.test_doctor_explains_default_detection) ... ok
2026-09-24T02:54:45.7962250Z test_guard_adaptive_accepts_one_hunk_proven_fix (test_proof_cli.ProofCliTests.test_guard_adaptive_accepts_one_hunk_proven_fix) ... ok
2026-09-24T02:54:46.2626499Z test_guard_auto_routes_large_enough_patch_to_adaptive_and_rejects_surplus (test_proof_cli.ProofCliTests.test_guard_auto_routes_large_enough_patch_to_adaptive_and_rejects_surplus) ... 
2026-09-24T02:54:46.2627704Z DiffWitness Guard: PROOF REJECTED - Adaptive Core found 1 mutation(s) removable while preserving the selected stable evidence
2026-09-24T02:54:46.2649296Z ok
2026-09-24T02:54:46.3277585Z test_guard_captures_pre_agent_state_and_accepts_proven_fix (test_proof_cli.ProofCliTests.test_guard_captures_pre_agent_state_and_accepts_proven_fix) ... DiffWitness Guard armed at 12d6b39c7e01
2026-09-24T02:54:46.3279997Z Evidence: "/opt/hostedtoolcache/Python/3.13.15/x64/bin/python" -m unittest discover -s tests -q
2026-09-24T02:54:46.3281050Z Policy:   strict
2026-09-24T02:54:46.3281543Z Strategy: adaptive
2026-09-24T02:54:46.3282040Z Budget:   900s proof wall clock
2026-09-24T02:54:46.3282422Z 
2026-09-24T02:54:46.3282903Z DiffWitness Guard selected adaptive proof for 1 production mutation(s).
2026-09-24T02:54:46.3283809Z DiffWitness Adaptive Core
2026-09-24T02:54:46.3284255Z contrast:    PROVEN
2026-09-24T02:54:46.3284654Z mutations:   1 original
2026-09-24T02:54:46.3285408Z core:        1 retained
2026-09-24T02:54:46.3285848Z removable:   0 observed removable
2026-09-24T02:54:46.3286342Z experiments: 1/40
2026-09-24T02:54:46.3286717Z 1-minimal:   yes
2026-09-24T02:54:46.3287455Z certificate: dwac1_a52ab9a82191462ed4f6
2026-09-24T02:54:46.3287860Z 
2026-09-24T02:54:46.3288010Z Causal core:
2026-09-24T02:54:46.3288392Z   KEEP    calc.py hunk 1/1
2026-09-24T02:54:46.3288682Z 
2026-09-24T02:54:46.3289006Z DiffWitness Guard: PROOF ACCEPTED (dwac1_a52ab9a82191462ed4f6)
2026-09-24T02:54:46.3289696Z DiffWitness Guard armed at 1bbf3607fb36
2026-09-24T02:54:46.3290603Z Evidence: "/opt/hostedtoolcache/Python/3.13.15/x64/bin/python" -m unittest discover -s tests -q
2026-09-24T02:54:46.3291482Z Policy:   balanced
2026-09-24T02:54:46.3291861Z Strategy: auto
2026-09-24T02:54:46.3292256Z Budget:   900s proof wall clock
2026-09-24T02:54:46.3292562Z 
2026-09-24T02:54:46.3292951Z DiffWitness Guard selected adaptive proof for 2 production mutation(s).
2026-09-24T02:54:46.3293707Z DiffWitness Adaptive Core
2026-09-24T02:54:46.3294153Z contrast:    PROVEN
2026-09-24T02:54:46.3294548Z mutations:   2 original
2026-09-24T02:54:46.3295163Z core:        1 retained
2026-09-24T02:54:46.3295633Z removable:   1 observed removable
2026-09-24T02:54:46.3296116Z experiments: 3/10
2026-09-24T02:54:46.3296501Z 1-minimal:   yes
2026-09-24T02:54:46.3296914Z certificate: dwac1_8e61782528af3e2041ec
2026-09-24T02:54:46.3297262Z 
2026-09-24T02:54:46.3297413Z Causal core:
2026-09-24T02:54:46.3297786Z   KEEP    calc.py hunk 1/2
2026-09-24T02:54:46.3298062Z 
2026-09-24T02:54:46.3298221Z Evidence-removable surface:
2026-09-24T02:54:46.3299285Z   REVIEW  calc.py hunk 2/2 — def add(a, b):
2026-09-24T02:54:46.3299831Z DiffWitness Guard armed at f5143a997582
2026-09-24T02:54:46.3300672Z Evidence: "/opt/hostedtoolcache/Python/3.13.15/x64/bin/python" -m unittest discover -s tests -q
2026-09-24T02:54:46.3301522Z Policy:   strict
2026-09-24T02:54:46.3301899Z Strategy: auto
2026-09-24T02:54:46.3302285Z Budget:   900s proof wall clock
2026-09-24T02:54:46.3302540Z 
2026-09-24T02:54:46.3302765Z DiffWitness Guard selected exhaustive proof for 1 production mutation(s).
2026-09-24T02:54:46.6688802Z ok
2026-09-24T02:54:46.7298125Z test_guard_rejects_scope_creep_under_strict_policy (test_proof_cli.ProofCliTests.test_guard_rejects_scope_creep_under_strict_policy) ... DiffWitness 0.4.0a1 - counterfactual patch evidence
2026-09-24T02:54:46.7298976Z repo:      /tmp/tmpa8yugb4u
2026-09-24T02:54:46.7299314Z base:      f5143a997582452965ed2b553da223f7f59ba0a5 (f5143a997582)
2026-09-24T02:54:46.7299762Z candidate: ed87ac6b06fdd94f0c02355552726b15ad4a358c (ed87ac6b06fd)
2026-09-24T02:54:46.7300337Z evidence:  "/opt/hostedtoolcache/Python/3.13.15/x64/bin/python" -m unittest discover -s tests -q
2026-09-24T02:54:46.7300822Z stability: 1 run(s) per variant
2026-09-24T02:54:46.7301092Z budget:    900s total; 300s per command
2026-09-24T02:54:46.7301428Z changes:   1 analyzed mutation(s); 1 changed test file(s)
2026-09-24T02:54:46.7301676Z 
2026-09-24T02:54:46.7301825Z contrast:  BASE STABLE-FAIL -> CANDIDATE STABLE-PASS
2026-09-24T02:54:46.7302063Z 
2026-09-24T02:54:46.7302206Z WITNESSED         +1/-1  calc.py hunk 1/1  [stable-fail]
2026-09-24T02:54:46.7302440Z 
2026-09-24T02:54:46.7302586Z summary: 1 witnessed, 0 unwitnessed, 0 inconclusive
2026-09-24T02:54:46.7302933Z core:    1 minimal sufficient set(s) of 1 hunk(s)
2026-09-24T02:54:46.7303241Z cert:    dw2_e6c833378f0ca3c2d735
2026-09-24T02:54:46.7303405Z 
2026-09-24T02:54:46.7303578Z DiffWitness Guard: PROOF ACCEPTED (dw2_e6c833378f0ca3c2d735)
2026-09-24T02:54:46.7303935Z DiffWitness Guard armed at c83660c496bc
2026-09-24T02:54:46.7304415Z Evidence: "/opt/hostedtoolcache/Python/3.13.15/x64/bin/python" -m unittest discover -s tests -q
2026-09-24T02:54:46.7304881Z Policy:   strict
2026-09-24T02:54:46.7305344Z Strategy: auto
2026-09-24T02:54:46.7305574Z Budget:   900s proof wall clock
2026-09-24T02:54:46.7305737Z 
2026-09-24T02:54:46.7305955Z DiffWitness Guard selected exhaustive proof for 2 production mutation(s).
2026-09-24T02:54:47.2205166Z 
2026-09-24T02:54:47.2205871Z DiffWitness Guard: PROOF REJECTED - 1 strong surplus candidate hunk(s) were found
2026-09-24T02:54:47.2228887Z ok
2026-09-24T02:54:50.0236196Z test_all_real_public_producers_verify_then_feed_debt_unchanged (test_proof_debt_families.ProofDebtFamilyTests.test_all_real_public_producers_verify_then_feed_debt_unchanged) ... ok
2026-09-24T02:54:51.6696746Z test_binding_conflicts_and_unknown_schemas_are_refused_by_both_readers (test_proof_debt_families.ProofDebtFamilyTests.test_binding_conflicts_and_unknown_schemas_are_refused_by_both_readers) ... ok
2026-09-24T02:54:53.9175384Z test_wrong_base_is_refused_before_measurement_for_every_real_family (test_proof_debt_families.ProofDebtFamilyTests.test_wrong_base_is_refused_before_measurement_for_every_real_family) ... ok
2026-09-24T02:54:55.5139006Z test_reference_semantics_all_hold (test_proofbench.ProofBenchTests.test_reference_semantics_all_hold) ... ok
2026-09-24T02:54:55.5444292Z test_codex_requires_live_activation_then_becomes_ready_after_observed_hook (test_protect.ProtectTests.test_codex_requires_live_activation_then_becomes_ready_after_observed_hook) ... ok
2026-09-24T02:54:55.5784024Z test_codex_safe_live_hook_promotes_readiness_without_a_risk_finding (test_protect.ProtectTests.test_codex_safe_live_hook_promotes_readiness_without_a_risk_finding) ... ok
2026-09-24T02:54:55.5873691Z test_default_is_off_and_never_gates (test_protect.ProtectTests.test_default_is_off_and_never_gates) ... ok
2026-09-24T02:54:55.6000284Z test_external_harness_marker_delegates_without_force (test_protect.ProtectTests.test_external_harness_marker_delegates_without_force) ... ok
2026-09-24T02:54:55.6240464Z test_force_builtin_merges_and_disable_preserves_foreign_hooks (test_protect.ProtectTests.test_force_builtin_merges_and_disable_preserves_foreign_hooks) ... ok
2026-09-24T02:54:55.6385148Z test_no_detected_adapter_does_not_create_provider_scaffolds (test_protect.ProtectTests.test_no_detected_adapter_does_not_create_provider_scaffolds) ... ok
2026-09-24T02:54:55.6595948Z test_observe_policy_records_but_does_not_block (test_protect.ProtectTests.test_observe_policy_records_but_does_not_block) ... ok
2026-09-24T02:54:55.8676546Z test_parallel_first_codex_hooks_record_one_durable_activation (test_protect.ProtectTests.test_parallel_first_codex_hooks_record_one_durable_activation) ... ok
2026-09-24T02:54:56.0673421Z test_parallel_receipt_appends_preserve_one_valid_chain (test_protect.ProtectTests.test_parallel_receipt_appends_preserve_one_valid_chain) ... ok
2026-09-24T02:54:56.0872093Z test_post_tool_reports_invalid_json_as_observed (test_protect.ProtectTests.test_post_tool_reports_invalid_json_as_observed) ... ok
2026-09-24T02:54:56.1088891Z test_receipt_integrity_detects_tampering (test_protect.ProtectTests.test_receipt_integrity_detects_tampering) ... ok
2026-09-24T02:54:56.1278661Z test_secret_is_blocked_but_secret_value_is_not_persisted (test_protect.ProtectTests.test_secret_is_blocked_but_secret_value_is_not_persisted) ... ok
2026-09-24T02:54:56.1469567Z test_standard_blocks_destructive_git_without_recording_raw_command (test_protect.ProtectTests.test_standard_blocks_destructive_git_without_recording_raw_command) ... ok
2026-09-24T02:54:56.1537373Z test_status_is_bounded_and_contains_no_raw_agent_data (test_protect.ProtectTests.test_status_is_bounded_and_contains_no_raw_agent_data) ... ok
2026-09-24T02:54:56.1795345Z test_strict_dependency_install_blocks_on_current_codex_adapter (test_protect.ProtectTests.test_strict_dependency_install_blocks_on_current_codex_adapter) ... ok
2026-09-24T02:54:56.2048297Z test_strict_dependency_install_requests_confirmation_for_claude (test_protect.ProtectTests.test_strict_dependency_install_requests_confirmation_for_claude) ... ok
2026-09-24T02:54:56.2166065Z test_tampered_tail_cannot_be_silently_extended (test_protect.ProtectTests.test_tampered_tail_cannot_be_silently_extended) ... ok
2026-09-24T02:54:56.2358722Z test_write_outside_repository_is_blocked (test_protect.ProtectTests.test_write_outside_repository_is_blocked) ... ok
2026-09-24T02:54:56.2686328Z test_claude_protect_uses_exec_form_and_preserves_native_hooks (test_protect_claude_exec_hooks.ProtectClaudeExecHookTests.test_claude_protect_uses_exec_form_and_preserves_native_hooks) ... ok
2026-09-24T02:54:56.2909179Z test_dry_run_clean_is_not_misclassified_as_forced (test_protect_command_normalization.ProtectCommandNormalizationTests.test_dry_run_clean_is_not_misclassified_as_forced) ... ok
2026-09-24T02:54:56.3459241Z test_git_global_options_cannot_bypass_forced_clean (test_protect_command_normalization.ProtectCommandNormalizationTests.test_git_global_options_cannot_bypass_forced_clean) ... ok
2026-09-24T02:54:56.3943528Z test_global_options_are_normalized_for_other_destructive_git_subcommands (test_protect_command_normalization.ProtectCommandNormalizationTests.test_global_options_are_normalized_for_other_destructive_git_subcommands) ... ok
2026-09-24T02:54:56.4094010Z test_protect_honors_explicit_setup_adapter_scope (test_protect_command_normalization.ProtectCommandNormalizationTests.test_protect_honors_explicit_setup_adapter_scope) ... ok
2026-09-24T02:54:56.4571042Z test_forced_git_clean_is_denied_before_execution_and_never_mints_proof (test_protect_destructive_end_to_end.ProtectDestructiveEndToEndTests.test_forced_git_clean_is_denied_before_execution_and_never_mints_proof) ... ok
2026-09-24T02:54:56.4577563Z test_block_maps_to_provider_deny_without_allow_override (test_protect_ide_bridge.ProtectIdeBridgeTests.test_block_maps_to_provider_deny_without_allow_override) ... ok
2026-09-24T02:54:56.4582291Z test_clean_action_emits_no_permission_decision (test_protect_ide_bridge.ProtectIdeBridgeTests.test_clean_action_emits_no_permission_decision) ... ok
2026-09-24T02:54:56.4587586Z test_post_tool_feedback_is_explicitly_observed (test_protect_ide_bridge.ProtectIdeBridgeTests.test_post_tool_feedback_is_explicitly_observed) ... ok
2026-09-24T02:54:56.4595935Z test_pre_tool_bridge_failure_fails_closed (test_protect_ide_bridge.ProtectIdeBridgeTests.test_pre_tool_bridge_failure_fails_closed) ... ok
2026-09-24T02:54:56.4600867Z test_strict_confirmation_maps_to_provider_ask (test_protect_ide_bridge.ProtectIdeBridgeTests.test_strict_confirmation_maps_to_provider_ask) ... ok
2026-09-24T02:54:56.6079936Z test_codex_reenable_waits_for_observation_without_inventing_trust_state (test_provider_trust_readiness.ProviderTrustReadinessTests.test_codex_reenable_waits_for_observation_without_inventing_trust_state) ... ok
2026-09-24T02:54:56.6135499Z test_missing_native_observation_does_not_prove_pending_approval (test_provider_trust_readiness.ProviderTrustReadinessTests.test_missing_native_observation_does_not_prove_pending_approval) ... ok
2026-09-24T02:54:56.6137770Z test_entry_resolves_to_v03_package_frontend (test_public_frontend.PublicFrontendTests.test_entry_resolves_to_v03_package_frontend) ... ok
2026-09-24T02:54:56.6283580Z test_preservation_certificate_is_integrity_and_tree_verifiable (test_public_frontend.PublicFrontendTests.test_preservation_certificate_is_integrity_and_tree_verifiable) ... DiffWitness 0.4.0a1 - counterfactual patch evidence
2026-09-24T02:54:56.6287054Z repo:      /tmp/tmpezgl4fug
2026-09-24T02:54:56.6287784Z base:      c83660c496bc0c2d64c8aa7e5af6b6dd1a0a59f1 (c83660c496bc)
2026-09-24T02:54:56.6288599Z candidate: c828921f72b90d784323d2449274d2abf78009cf (c828921f72b9)
2026-09-24T02:54:56.6289626Z evidence:  "/opt/hostedtoolcache/Python/3.13.15/x64/bin/python" -m unittest discover -s tests -q
2026-09-24T02:54:56.6290520Z stability: 1 run(s) per variant
2026-09-24T02:54:56.6290998Z budget:    900s total; 300s per command
2026-09-24T02:54:56.6291628Z changes:   2 analyzed mutation(s); 1 changed test file(s)
2026-09-24T02:54:56.6292070Z 
2026-09-24T02:54:56.6292321Z contrast:  BASE STABLE-FAIL -> CANDIDATE STABLE-PASS
2026-09-24T02:54:56.6292752Z 
2026-09-24T02:54:56.6293015Z WITNESSED         +1/-1  calc.py hunk 1/2  [stable-fail]
2026-09-24T02:54:56.6294096Z UNWITNESSED       +1/-1  calc.py hunk 2/2 — def add(a, b):  [stable-pass]
2026-09-24T02:54:56.6294614Z 
2026-09-24T02:54:56.6294857Z summary: 1 witnessed, 1 unwitnessed, 0 inconclusive
2026-09-24T02:54:56.6295772Z core:    1 minimal sufficient set(s) of 1 hunk(s)
2026-09-24T02:54:56.6296610Z surplus: 1 strong surplus candidate hunk(s)
2026-09-24T02:54:56.6297212Z cert:    dw2_b77af6498452f2e059e9
2026-09-24T02:54:56.8638406Z DiffWitness Gate: preservation-evidence under balanced policy (dwa1_53c1ee3184fae11e2ecd)
2026-09-24T02:54:56.8639592Z DiffWitness Gate accepted: balanced policy accepts stable preservation assurance
2026-09-24T02:54:56.8640686Z Project continuity: 2 new change event(s) · dwchg_c953ffab057aecc17f51f919
2026-09-24T02:54:56.8847282Z ok
2026-09-24T02:54:57.0020928Z test_current_proof_staleness_is_independent_of_native_readiness (test_readiness.ReadinessTests.test_current_proof_staleness_is_independent_of_native_readiness) ... ok
2026-09-24T02:54:57.0373633Z test_historical_observation_does_not_hide_missing_hook_or_executable (test_readiness.ReadinessTests.test_historical_observation_does_not_hide_missing_hook_or_executable) ... ok
2026-09-24T02:54:57.2094394Z test_ht005_missing_hooks_preserves_configured_but_repairs_in_every_view (test_readiness.ReadinessTests.test_ht005_missing_hooks_preserves_configured_but_repairs_in_every_view) ... ok
2026-09-24T02:54:57.4023880Z test_ht012_unobserved_then_observed_is_independent_of_provider_trust_and_proof (test_readiness.ReadinessTests.test_ht012_unobserved_then_observed_is_independent_of_provider_trust_and_proof) ... ok
2026-09-24T02:54:57.4489030Z test_mixed_adapters_do_not_hide_the_unobserved_one (test_readiness.ReadinessTests.test_mixed_adapters_do_not_hide_the_unobserved_one) ... ok
2026-09-24T02:54:57.5473649Z test_protect_optional_delegated_and_pending_are_separate_from_proof (test_readiness.ReadinessTests.test_protect_optional_delegated_and_pending_are_separate_from_proof) ... ok
2026-09-24T02:54:57.5791801Z test_verification_preflight_does_not_run_the_command (test_readiness.ReadinessTests.test_verification_preflight_does_not_run_the_command) ... ok
2026-09-24T02:54:57.5799764Z test_all_canonical_release_gates_requalify_main_merges (test_release_metadata.ReleaseMetadataTests.test_all_canonical_release_gates_requalify_main_merges) ... ok
2026-09-24T02:54:57.5812224Z test_distributed_hook_locations_match_local_desktop_and_cli_contracts (test_release_metadata.ReleaseMetadataTests.test_distributed_hook_locations_match_local_desktop_and_cli_contracts) ... ok
2026-09-24T02:54:57.5821714Z test_launch_docs_keep_native_agents_primary_and_guided_first (test_release_metadata.ReleaseMetadataTests.test_launch_docs_keep_native_agents_primary_and_guided_first) ... ok
2026-09-24T02:54:57.5832622Z test_python_and_plugin_versions_describe_the_same_release (test_release_metadata.ReleaseMetadataTests.test_python_and_plugin_versions_describe_the_same_release) ... ok
2026-09-24T02:54:57.5835201Z test_release_blocks_publication_until_exact_tag_consumer_passes (test_release_metadata.ReleaseMetadataTests.test_release_blocks_publication_until_exact_tag_consumer_passes) ... ok
2026-09-24T02:54:57.6322253Z test_repay_closes_historical_test_debt_only_after_discriminating_replay (test_repay_flow.RepayFlowTests.test_repay_closes_historical_test_debt_only_after_discriminating_replay) ... certificate: dwa1_53c1ee3184fae11e2ecd
2026-09-24T02:54:57.6323979Z integrity:   valid
2026-09-24T02:54:57.6324412Z freshness:   fresh against WORKTREE
2026-09-24T02:54:57.6324934Z candidate:   embedded-tree
2026-09-24T02:54:57.6325688Z base:        embedded-tree
2026-09-24T02:54:57.6326104Z verdict:     VALID
2026-09-24T02:54:57.6326548Z Debt impact: +8 point(s) across 2 obligation(s)
2026-09-24T02:54:57.6327127Z   unverified_change  +5
2026-09-24T02:54:57.6327530Z   test               +3
2026-09-24T02:54:57.6327777Z 
2026-09-24T02:54:57.6328868Z DW-64E1EF703827  + 5  unverified_change/deterministic — Executable change lacks accepted DiffWitness behavioral evidence
2026-09-24T02:54:57.6330402Z DW-CD7523693881  + 3  test/deterministic — Production change has no changed test surface
2026-09-24T02:54:57.6331044Z 
2026-09-24T02:54:57.6331353Z Budget: PASS — projected total 8; new 8
2026-09-24T02:54:57.6331918Z Ledger: +2 introduced, 0 reopened, 0 refreshed
2026-09-24T02:54:57.6827249Z DiffWitness Repay: 1 obligation(s), 3 point(s)
2026-09-24T02:54:57.6828591Z Agent: /opt/hostedtoolcache/Python/3.13.15/x64/bin/python -c from pathlib import Path; t=Path('tests/test_app.py'); t.parent.mkdir(exist_ok=True); t.write_text("import unittest\nfrom app import add\n\nclass T(unittest.TestCase):\n    def test_add(self):\n        self.assertEqual(add(2, 3), 5)\n", encoding='utf-8')
2026-09-24T02:54:58.0259972Z ok
2026-09-24T02:54:58.0538000Z test_saved_guided_view_applies_to_doctor_explain_context_and_protect (test_rr007_guided_surface.GuidedSurfaceContractTests.test_saved_guided_view_applies_to_doctor_explain_context_and_protect) ... ok
2026-09-24T02:54:58.0539946Z test_classifies_stability (test_runner.RunnerTests.test_classifies_stability) ... ok
2026-09-24T02:54:58.0541778Z test_non_finite_command_and_proof_budgets_fail_closed (test_runner.RunnerTests.test_non_finite_command_and_proof_budgets_fail_closed) ... ok
2026-09-24T02:54:58.1926517Z test_prepare_is_recreated_before_every_repetition (test_runner.RunnerTests.test_prepare_is_recreated_before_every_repetition) ... ok
2026-09-24T02:54:58.2831131Z test_proof_repetitions_remove_ignored_state_between_runs (test_runner.RunnerTests.test_proof_repetitions_remove_ignored_state_between_runs) ... ok
2026-09-24T02:54:58.2832923Z test_timeout_terminates_descendant_processes (test_runner.RunnerTests.test_timeout_terminates_descendant_processes)
2026-09-24T02:54:59.7866721Z A timed-out evidence command must not leak workers into later proof variants. ... ok
2026-09-24T02:54:59.7868697Z test_wall_clock_budget_caps_nested_evidence_command (test_runner.RunnerTests.test_wall_clock_budget_caps_nested_evidence_command)
2026-09-24T02:54:59.9896214Z A proof-wide deadline must cap commands even when their local timeout is much larger. ... ok
2026-09-24T02:54:59.9911164Z test_explicit_launcher_wins_over_other_installation_on_path (test_runtime_executable.RuntimeExecutableTests.test_explicit_launcher_wins_over_other_installation_on_path) ... ok
2026-09-24T02:54:59.9927242Z test_explicit_override_is_resolved_once_and_not_treated_as_shell_text (test_runtime_executable.RuntimeExecutableTests.test_explicit_override_is_resolved_once_and_not_treated_as_shell_text) ... ok
2026-09-24T02:54:59.9937433Z test_frozen_binary_uses_bootloader_not_argv_or_extraction_dir (test_runtime_executable.RuntimeExecutableTests.test_frozen_binary_uses_bootloader_not_argv_or_extraction_dir) ... ok
2026-09-24T02:54:59.9947326Z test_frozen_setup_requires_explicit_sidecar_instead_of_path (test_runtime_executable.RuntimeExecutableTests.test_frozen_setup_requires_explicit_sidecar_instead_of_path) ... ok
2026-09-24T02:54:59.9961591Z test_metadata_for_another_loaded_distribution_is_rejected (test_runtime_executable.RuntimeExecutableTests.test_metadata_for_another_loaded_distribution_is_rejected) ... ok
2026-09-24T02:55:00.0226449Z test_missing_override_does_not_remove_existing_hooks (test_runtime_executable.RuntimeExecutableTests.test_missing_override_does_not_remove_existing_hooks) ... ok
2026-09-24T02:55:00.0237871Z test_symlink_freezes_the_actual_installation (test_runtime_executable.RuntimeExecutableTests.test_symlink_freezes_the_actual_installation) ... ok
2026-09-24T02:55:00.0249510Z test_unknown_programmatic_entry_cannot_fall_back_to_path (test_runtime_executable.RuntimeExecutableTests.test_unknown_programmatic_entry_cannot_fall_back_to_path) ... ok
2026-09-24T02:55:00.0260516Z test_windows_console_launcher_recovers_stripped_exe_suffix (test_runtime_executable.RuntimeExecutableTests.test_windows_console_launcher_recovers_stripped_exe_suffix) ... ok
2026-09-24T02:55:00.5448904Z test_changed_lines_and_detection_keep_native_paths (test_sensor_native_paths.SensorNativePathTests.test_changed_lines_and_detection_keep_native_paths) ... ok
2026-09-24T02:55:00.5701490Z test_enumeration_is_exact_independent_of_git_quote_configuration (test_sensor_native_paths.SensorNativePathTests.test_enumeration_is_exact_independent_of_git_quote_configuration) ... ok
2026-09-24T02:55:00.6233906Z test_exact_move_is_not_new_code_and_edited_move_keeps_native_destination (test_sensor_native_paths.SensorNativePathTests.test_exact_move_is_not_new_code_and_edited_move_keeps_native_destination) ... ok
2026-09-24T02:55:00.6434008Z test_limit_is_visible_in_actual_sensor_coverage (test_sensor_native_paths.SensorNativePathTests.test_limit_is_visible_in_actual_sensor_coverage) ... ok
2026-09-24T02:55:00.6703945Z test_non_utf8_git_identity_is_explicitly_unsupported_without_an_alias (test_sensor_native_paths.SensorNativePathTests.test_non_utf8_git_identity_is_explicitly_unsupported_without_an_alias) ... ok
2026-09-24T02:55:00.7132513Z test_real_sensor_preserves_unicode_identity_and_advisory_authority (test_sensor_native_paths.SensorNativePathTests.test_real_sensor_preserves_unicode_identity_and_advisory_authority) ... ok
2026-09-24T02:55:00.7287522Z test_exact_inventory_rejects_extras_omissions_and_byte_changes (test_source_distribution_smoke.SourceDistributionInventoryTests.test_exact_inventory_rejects_extras_omissions_and_byte_changes) ... ok
2026-09-24T02:55:01.7151921Z test_real_accepted_proof_becomes_historical_after_failing_worktree_drift (test_stale_proof_end_to_end.StaleProofEndToEndTests.test_real_accepted_proof_becomes_historical_after_failing_worktree_drift) ... DiffWitness Gate rejected: candidate is not stably green
2026-09-24T02:55:01.7337265Z ok
2026-09-24T02:55:01.7619383Z test_clean_repo_preserves_v1_navigation_contract (test_status_cli.ProjectStatusTests.test_clean_repo_preserves_v1_navigation_contract) ... ok
2026-09-24T02:55:01.7897094Z test_configured_evidence_with_missing_executable_is_not_ready (test_status_cli.ProjectStatusTests.test_configured_evidence_with_missing_executable_is_not_ready) ... ok
2026-09-24T02:55:01.8179779Z test_dirty_repo_points_to_executable_gate_with_explicit_base (test_status_cli.ProjectStatusTests.test_dirty_repo_points_to_executable_gate_with_explicit_base) ... ok
2026-09-24T02:55:01.8466732Z test_guided_and_technical_views_share_exact_same_status_model (test_status_cli.ProjectStatusTests.test_guided_and_technical_views_share_exact_same_status_model) ... ok
2026-09-24T02:55:01.8973218Z test_json_cli_is_machine_readable_non_mutating_and_view_invariant (test_status_cli.ProjectStatusTests.test_json_cli_is_machine_readable_non_mutating_and_view_invariant) ... ok
2026-09-24T02:55:01.9258122Z test_native_scope_alone_requires_repair_before_normal_agent_use (test_status_cli.ProjectStatusTests.test_native_scope_alone_requires_repair_before_normal_agent_use) ... ok
2026-09-24T02:55:01.9540920Z test_untracked_python_cache_is_navigation_noise_not_user_change (test_status_cli.ProjectStatusTests.test_untracked_python_cache_is_navigation_noise_not_user_change) ... ok
2026-09-24T02:55:01.9645950Z test_concurrent_documents_and_rejections_remain_independent (test_strict_json_decoder.StrictDecoderTests.test_concurrent_documents_and_rejections_remain_independent) ... ok
2026-09-24T02:55:01.9650125Z test_documents_and_failed_parses_do_not_share_mutable_state (test_strict_json_decoder.StrictDecoderTests.test_documents_and_failed_parses_do_not_share_mutable_state) ... ok
2026-09-24T02:55:01.9653964Z test_encoding_and_type_compatibility (test_strict_json_decoder.StrictDecoderTests.test_encoding_and_type_compatibility) ... ok
2026-09-24T02:55:01.9664543Z test_contract_rejects_path_digest_authority_and_invalid_positions (test_structure_contract.StructureContractTests.test_contract_rejects_path_digest_authority_and_invalid_positions) ... ok
2026-09-24T02:55:02.0072638Z test_invalid_provider_result_cannot_delete_previous_index (test_structure_contract.StructureContractTests.test_invalid_provider_result_cannot_delete_previous_index) ... ok
2026-09-24T02:55:02.0076257Z test_line_positions_accept_python_universal_newlines (test_structure_contract.StructureContractTests.test_line_positions_accept_python_universal_newlines) ... ok
2026-09-24T02:55:02.0477284Z test_missing_extraction_contract_stamp_forces_refresh_at_same_tree (test_structure_contract.StructureContractTests.test_missing_extraction_contract_stamp_forces_refresh_at_same_tree) ... ok
2026-09-24T02:55:02.0479821Z test_parse_failure_has_no_symbol_or_relation_claims (test_structure_contract.StructureContractTests.test_parse_failure_has_no_symbol_or_relation_claims) ... ok
2026-09-24T02:55:02.0483491Z test_python_provider_exposes_source_bound_typed_facts_and_existing_names (test_structure_contract.StructureContractTests.test_python_provider_exposes_source_bound_typed_facts_and_existing_names) ... ok
2026-09-24T02:55:02.0486203Z test_actual_transport_hash_authority_positions_and_no_values (test_structure_data.DataSyntaxTests.test_actual_transport_hash_authority_positions_and_no_values) ... skipped 'actual optional SQL/config grammars not installed'
2026-09-24T02:55:02.0487771Z test_decoded_keys_positions_and_invalid_surrogates (test_structure_data.DataSyntaxTests.test_decoded_keys_positions_and_invalid_surrogates) ... skipped 'actual optional SQL/config grammars not installed'
2026-09-24T02:55:02.0489371Z test_duplicates_invalid_encodings_and_unsupported_sql_form_fail_closed (test_structure_data.DataSyntaxTests.test_duplicates_invalid_encodings_and_unsupported_sql_form_fail_closed) ... skipped 'actual optional SQL/config grammars not installed'
2026-09-24T02:55:02.0491038Z test_immutable_tree_index_keeps_keys_and_ddl_without_dirty_values (test_structure_data.DataSyntaxTests.test_immutable_tree_index_keeps_keys_and_ddl_without_dirty_values) ... skipped 'actual optional SQL/config grammars not installed'
2026-09-24T02:55:02.0492764Z test_json_keys_are_unambiguous_and_array_items_distinct (test_structure_data.DataSyntaxTests.test_json_keys_are_unambiguous_and_array_items_distinct) ... skipped 'actual optional SQL/config grammars not installed'
2026-09-24T02:55:02.0494884Z test_missing_grammars_remain_recognized_empty (test_structure_data.DataSyntaxTests.test_missing_grammars_remain_recognized_empty) ... ok
2026-09-24T02:55:02.0497317Z test_overflowing_json_values_fail_closed_at_every_nesting_level (test_structure_data.DataSyntaxTests.test_overflowing_json_values_fail_closed_at_every_nesting_level) ... skipped 'actual optional SQL/config grammars not installed'
2026-09-24T02:55:02.0498982Z test_sql_only_top_level_ddl_names_not_query_or_literal_decoys (test_structure_data.DataSyntaxTests.test_sql_only_top_level_ddl_names_not_query_or_literal_decoys) ... skipped 'actual optional SQL/config grammars not installed'
2026-09-24T02:55:02.0500356Z test_toml_tables_and_nested_array_table_scopes (test_structure_data.DataSyntaxTests.test_toml_tables_and_nested_array_table_scopes) ... skipped 'actual optional SQL/config grammars not installed'
2026-09-24T02:55:02.0502114Z test_yaml_document_scopes_without_alias_or_tag_execution (test_structure_data.DataSyntaxTests.test_yaml_document_scopes_without_alias_or_tag_execution) ... skipped 'actual optional SQL/config grammars not installed'
2026-09-24T02:55:02.0504888Z test_absolute_and_sequential_namespaces_and_unresolved_receivers (test_structure_dynamic.DynamicSyntaxTests.test_absolute_and_sequential_namespaces_and_unresolved_receivers) ... skipped 'actual optional Ruby/PHP grammars not installed'
2026-09-24T02:55:02.0507092Z test_actual_transport_source_and_authority (test_structure_dynamic.DynamicSyntaxTests.test_actual_transport_source_and_authority) ... skipped 'actual optional Ruby/PHP grammars not installed'
2026-09-24T02:55:02.0508551Z test_heredoc_decoys_dynamic_paths_and_actual_interpolation_calls (test_structure_dynamic.DynamicSyntaxTests.test_heredoc_decoys_dynamic_paths_and_actual_interpolation_calls) ... skipped 'actual optional Ruby/PHP grammars not installed'
2026-09-24T02:55:02.0510045Z test_immutable_git_tree_index_ignores_dirty_sources (test_structure_dynamic.DynamicSyntaxTests.test_immutable_git_tree_index_ignores_dirty_sources) ... skipped 'actual optional Ruby/PHP grammars not installed'
2026-09-24T02:55:02.0511482Z test_invalid_utf8_syntax_and_reopened_identity_fail_closed (test_structure_dynamic.DynamicSyntaxTests.test_invalid_utf8_syntax_and_reopened_identity_fail_closed) ... skipped 'actual optional Ruby/PHP grammars not installed'
2026-09-24T02:55:02.0512848Z test_missing_grammars_are_recognized_empty (test_structure_dynamic.DynamicSyntaxTests.test_missing_grammars_are_recognized_empty) ... ok
2026-09-24T02:55:02.0514080Z test_php_namespace_calls_do_not_bind_to_an_arbitrary_same_name (test_structure_dynamic.DynamicSyntaxTests.test_php_namespace_calls_do_not_bind_to_an_arbitrary_same_name) ... skipped 'actual optional Ruby/PHP grammars not installed'
2026-09-24T02:55:02.0515805Z test_php_namespace_types_signatures_and_grouped_use (test_structure_dynamic.DynamicSyntaxTests.test_php_namespace_types_signatures_and_grouped_use) ... skipped 'actual optional Ruby/PHP grammars not installed'
2026-09-24T02:55:02.0517402Z test_php_parenthesized_static_include_paths_keep_edges_without_dynamic_guesses (test_structure_dynamic.DynamicSyntaxTests.test_php_parenthesized_static_include_paths_keep_edges_without_dynamic_guesses) ... skipped 'actual optional Ruby/PHP grammars not installed'
2026-09-24T02:55:02.0518981Z test_ruby_lexical_types_methods_and_literal_require (test_structure_dynamic.DynamicSyntaxTests.test_ruby_lexical_types_methods_and_literal_require) ... skipped 'actual optional Ruby/PHP grammars not installed'
2026-09-24T02:55:02.0520519Z test_comments_parentheses_templates_and_import_options_have_exact_spans (test_structure_import_calls.ImportCallTests.test_comments_parentheses_templates_and_import_options_have_exact_spans) ... skipped 'actual JS/TS optional grammars not installed'
2026-09-24T02:55:02.0522219Z test_decoys_dynamic_and_loader_members_do_not_become_targets (test_structure_import_calls.ImportCallTests.test_decoys_dynamic_and_loader_members_do_not_become_targets) ... skipped 'actual JS/TS optional grammars not installed'
2026-09-24T02:55:02.0523620Z test_escaped_direct_eval_is_an_ambiguity_barrier (test_structure_import_calls.ImportCallTests.test_escaped_direct_eval_is_an_ambiguity_barrier) ... skipped 'actual JS/TS optional grammars not installed'
2026-09-24T02:55:02.0525168Z test_invalid_source_stays_completely_unparsed (test_structure_import_calls.ImportCallTests.test_invalid_source_stays_completely_unparsed) ... skipped 'actual JS/TS optional grammars not installed'
2026-09-24T02:55:02.0526715Z test_nested_literal_keyword_reference_and_transport_authority_are_preserved (test_structure_import_calls.ImportCallTests.test_nested_literal_keyword_reference_and_transport_authority_are_preserved) ... skipped 'actual JS/TS optional grammars not installed'
2026-09-24T02:55:02.0528449Z test_shadowing_and_writes_suppress_commonjs_candidates_but_keep_keyword_import (test_structure_import_calls.ImportCallTests.test_shadowing_and_writes_suppress_commonjs_candidates_but_keep_keyword_import) ... skipped 'actual JS/TS optional grammars not installed'
2026-09-24T02:55:02.0530083Z test_static_commonjs_and_import_keyword_reuse_each_js_ts_grammar (test_structure_import_calls.ImportCallTests.test_static_commonjs_and_import_keyword_reuse_each_js_ts_grammar) ... skipped 'actual JS/TS optional grammars not installed'
2026-09-24T02:55:02.0531627Z test_typescript_function_signatures_are_require_binding_barriers (test_structure_import_calls.ImportCallTests.test_typescript_function_signatures_are_require_binding_barriers) ... skipped 'actual JS/TS optional grammars not installed'
2026-09-24T02:55:02.0533174Z test_actual_syntax_import_positions_reuse_every_adapter (test_structure_import_references.ImportReferenceTests.test_actual_syntax_import_positions_reuse_every_adapter) ... skipped 'optional actual syntax grammars not installed'
2026-09-24T02:55:02.0933242Z test_immutable_index_never_picks_ambiguous_or_outside_relative_modules (test_structure_import_references.ImportReferenceTests.test_immutable_index_never_picks_ambiguous_or_outside_relative_modules) ... ok
2026-09-24T02:55:02.0937243Z test_import_detail_admission_rejects_invalid_positions_and_members (test_structure_import_references.ImportReferenceTests.test_import_detail_admission_rejects_invalid_positions_and_members) ... ok
2026-09-24T02:55:02.0942639Z test_outside_package_relative_imports_never_become_absolute_names (test_structure_import_references.ImportReferenceTests.test_outside_package_relative_imports_never_become_absolute_names) ... ok
2026-09-24T02:55:02.0945616Z test_package_initializer_retains_base_members_and_source_positions (test_structure_import_references.ImportReferenceTests.test_package_initializer_retains_base_members_and_source_positions) ... ok
2026-09-24T02:55:02.0948322Z test_python_aliases_crlf_and_decoys_preserve_only_import_syntax (test_structure_import_references.ImportReferenceTests.test_python_aliases_crlf_and_decoys_preserve_only_import_syntax) ... ok
2026-09-24T02:55:02.0950778Z test_v1_field_shape_is_preserved_and_v2_is_explicit (test_structure_import_references.ImportReferenceTests.test_v1_field_shape_is_preserved_and_v2_is_explicit) ... ok
2026-09-24T02:55:02.0953322Z test_actual_transport_source_binding_and_authority (test_structure_managed.ManagedSyntaxTests.test_actual_transport_source_binding_and_authority) ... skipped 'actual optional Java/Kotlin/C# grammars not installed'
2026-09-24T02:55:02.0969728Z test_csharp_file_namespace_nested_members_and_aliases (test_structure_managed.ManagedSyntaxTests.test_csharp_file_namespace_nested_members_and_aliases) ... skipped 'actual optional Java/Kotlin/C# grammars not installed'
2026-09-24T02:55:02.0971348Z test_errors_and_ambiguous_overloads_do_not_supply_partial_facts (test_structure_managed.ManagedSyntaxTests.test_errors_and_ambiguous_overloads_do_not_supply_partial_facts) ... skipped 'actual optional Java/Kotlin/C# grammars not installed'
2026-09-24T02:55:02.0973112Z test_immutable_tree_index_uses_all_three_shared_providers (test_structure_managed.ManagedSyntaxTests.test_immutable_tree_index_uses_all_three_shared_providers) ... skipped 'actual optional Java/Kotlin/C# grammars not installed'
2026-09-24T02:55:02.0974627Z test_java_package_types_nested_members_and_static_imports (test_structure_managed.ManagedSyntaxTests.test_java_package_types_nested_members_and_static_imports) ... skipped 'actual optional Java/Kotlin/C# grammars not installed'
2026-09-24T02:55:02.0976387Z test_kotlin_package_named_objects_aliases_and_decoys (test_structure_managed.ManagedSyntaxTests.test_kotlin_package_named_objects_aliases_and_decoys) ... skipped 'actual optional Java/Kotlin/C# grammars not installed'
2026-09-24T02:55:02.0977908Z test_kotlin_type_kinds_signatures_and_comment_free_import_paths (test_structure_managed.ManagedSyntaxTests.test_kotlin_type_kinds_signatures_and_comment_free_import_paths) ... skipped 'actual optional Java/Kotlin/C# grammars not installed'
2026-09-24T02:55:02.0979203Z test_missing_grammar_remains_recognized_empty (test_structure_managed.ManagedSyntaxTests.test_missing_grammar_remains_recognized_empty) ... ok
2026-09-24T02:55:02.0980589Z test_raw_strings_do_not_create_declarations_but_interpolation_keeps_real_calls (test_structure_managed.ManagedSyntaxTests.test_raw_strings_do_not_create_declarations_but_interpolation_keeps_real_calls) ... skipped 'actual optional Java/Kotlin/C# grammars not installed'
2026-09-24T02:55:02.0982270Z test_comments_inside_rust_paths_do_not_become_names_or_dependencies (test_structure_native.NativeSyntaxTests.test_comments_inside_rust_paths_do_not_become_names_or_dependencies) ... skipped 'optional actual Go/Rust grammars not installed'
2026-09-24T02:55:02.0983750Z test_go_functions_receivers_types_and_grouped_imports (test_structure_native.NativeSyntaxTests.test_go_functions_receivers_types_and_grouped_imports) ... skipped 'optional actual Go/Rust grammars not installed'
2026-09-24T02:55:02.0985361Z test_index_binds_go_and_rust_facts_to_captured_tree (test_structure_native.NativeSyntaxTests.test_index_binds_go_and_rust_facts_to_captured_tree) ... skipped 'optional actual Go/Rust grammars not installed'
2026-09-24T02:55:02.0986771Z test_malformed_syntax_encoding_and_transport_source_binding (test_structure_native.NativeSyntaxTests.test_malformed_syntax_encoding_and_transport_source_binding) ... skipped 'optional actual Go/Rust grammars not installed'
2026-09-24T02:55:02.0988279Z test_missing_grammars_preserve_recognized_empty_unparsed_coverage (test_structure_native.NativeSyntaxTests.test_missing_grammars_preserve_recognized_empty_unparsed_coverage) ... ok
2026-09-24T02:55:02.0989531Z test_new_suffixes_cannot_forge_javascript_local_import_resolution (test_structure_native.NativeSyntaxTests.test_new_suffixes_cannot_forge_javascript_local_import_resolution) ... ok
2026-09-24T02:55:02.0991037Z test_parenthesized_named_receivers_preserve_methods_without_guessing_tuple_types (test_structure_native.NativeSyntaxTests.test_parenthesized_named_receivers_preserve_methods_without_guessing_tuple_types) ... skipped 'optional actual Go/Rust grammars not installed'
2026-09-24T02:55:02.0992688Z test_qualified_rust_impl_and_trait_names_preserve_owner_scope (test_structure_native.NativeSyntaxTests.test_qualified_rust_impl_and_trait_names_preserve_owner_scope) ... skipped 'optional actual Go/Rust grammars not installed'
2026-09-24T02:55:02.0994085Z test_rust_scopes_import_groups_and_macro_decoys (test_structure_native.NativeSyntaxTests.test_rust_scopes_import_groups_and_macro_decoys) ... skipped 'optional actual Go/Rust grammars not installed'
2026-09-24T02:55:02.1806418Z test_bounded_coverage_and_parse_failures_are_visible_in_context (test_structure_snapshot.StructureSnapshotTests.test_bounded_coverage_and_parse_failures_are_visible_in_context) ... ok
2026-09-24T02:55:02.2214549Z test_corrupt_blob_response_cannot_replace_existing_index (test_structure_snapshot.StructureSnapshotTests.test_corrupt_blob_response_cannot_replace_existing_index) ... ok
2026-09-24T02:55:02.2740152Z test_dirty_untracked_and_deleted_working_files_cannot_change_head_bound_facts (test_structure_snapshot.StructureSnapshotTests.test_dirty_untracked_and_deleted_working_files_cannot_change_head_bound_facts) ... ok
2026-09-24T02:55:02.3158202Z test_git_symlink_mode_is_excluded_even_if_worktree_is_a_regular_python_file (test_structure_snapshot.StructureSnapshotTests.test_git_symlink_mode_is_excluded_even_if_worktree_is_a_regular_python_file) ... ok
2026-09-24T02:55:02.3787151Z test_head_advance_during_refresh_keeps_one_tree_and_next_refresh_updates (test_structure_snapshot.StructureSnapshotTests.test_head_advance_during_refresh_keeps_one_tree_and_next_refresh_updates) ... ok
2026-09-24T02:55:02.4365835Z test_old_tree_stamp_cannot_preserve_mutable_file_projection (test_structure_snapshot.StructureSnapshotTests.test_old_tree_stamp_cannot_preserve_mutable_file_projection) ... ok
2026-09-24T02:55:02.4558116Z test_total_byte_budget_omits_whole_blobs_and_reports_partial_coverage (test_structure_snapshot.StructureSnapshotTests.test_total_byte_budget_omits_whole_blobs_and_reports_partial_coverage) ... ok
2026-09-24T02:55:02.4567319Z test_ambient_typescript_declarations_are_observed_syntax (test_structure_syntax.StructureSyntaxTests.test_ambient_typescript_declarations_are_observed_syntax) ... skipped 'optional actual JS/TS parsers not installed'
2026-09-24T02:55:02.4569531Z test_dotted_basename_import_resolves_only_one_supported_source (test_structure_syntax.StructureSyntaxTests.test_dotted_basename_import_resolves_only_one_supported_source) ... ok
2026-09-24T02:55:02.4571544Z test_index_uses_immutable_tree_and_refreshes_provider_profile (test_structure_syntax.StructureSyntaxTests.test_index_uses_immutable_tree_and_refreshes_provider_profile) ... skipped 'optional actual JS/TS parsers not installed'
2026-09-24T02:55:02.4573124Z test_javascript_uses_syntax_not_strings_comments_or_template_text (test_structure_syntax.StructureSyntaxTests.test_javascript_uses_syntax_not_strings_comments_or_template_text) ... skipped 'optional actual JS/TS parsers not installed'
2026-09-24T02:55:02.4574628Z test_malformed_encoding_syntax_and_bounds_fail_empty (test_structure_syntax.StructureSyntaxTests.test_malformed_encoding_syntax_and_bounds_fail_empty) ... skipped 'optional actual JS/TS parsers not installed'
2026-09-24T02:55:02.4576355Z test_missing_optional_package_is_unparsed_not_heuristic_facts (test_structure_syntax.StructureSyntaxTests.test_missing_optional_package_is_unparsed_not_heuristic_facts) ... ok
2026-09-24T02:55:02.4577786Z test_python_and_unknown_fallback_keep_existing_contract (test_structure_syntax.StructureSyntaxTests.test_python_and_unknown_fallback_keep_existing_contract) ... ok
2026-09-24T02:55:02.4579151Z test_syntax_authority_admission_and_ambiguous_import_resolution (test_structure_syntax.StructureSyntaxTests.test_syntax_authority_admission_and_ambiguous_import_resolution) ... skipped 'optional actual JS/TS parsers not installed'
2026-09-24T02:55:02.4580725Z test_typescript_declarations_and_jsx_tsx_have_real_syntax_coverage (test_structure_syntax.StructureSyntaxTests.test_typescript_declarations_and_jsx_tsx_have_real_syntax_coverage) ... skipped 'optional actual JS/TS parsers not installed'
2026-09-24T02:55:02.7401344Z test_extraction_stays_independent_of_journal_proof_and_debt_services (test_structure_transport.StructureTransportTests.test_extraction_stays_independent_of_journal_proof_and_debt_services) ... ok
2026-09-24T02:55:03.6802218Z test_malformed_json_path_base64_schema_and_duplicate_paths_fail_atomically (test_structure_transport.StructureTransportTests.test_malformed_json_path_base64_schema_and_duplicate_paths_fail_atomically) ... ok
2026-09-24T02:55:03.9337363Z test_nonpython_extraction_loads_only_selected_provider_implementation (test_structure_transport.StructureTransportTests.test_nonpython_extraction_loads_only_selected_provider_implementation) ... ok
2026-09-24T02:55:03.9363786Z test_public_entry_never_discovers_repository_or_reads_language_preferences (test_structure_transport.StructureTransportTests.test_public_entry_never_discovers_repository_or_reads_language_preferences) ... ok
2026-09-24T02:55:04.0553603Z test_python_only_extraction_does_not_initialize_optional_distribution_metadata (test_structure_transport.StructureTransportTests.test_python_only_extraction_does_not_initialize_optional_distribution_metadata) ... ok
2026-09-24T02:55:04.1741412Z test_real_cli_outside_git_preserves_python_provider_and_french_json (test_structure_transport.StructureTransportTests.test_real_cli_outside_git_preserves_python_provider_and_french_json) ... ok
2026-09-24T02:55:04.1744476Z test_results_are_detached_and_empty_batch_is_valid (test_structure_transport.StructureTransportTests.test_results_are_detached_and_empty_batch_is_valid) ... ok
2026-09-24T02:55:04.3431205Z test_selected_extraction_parser_preserves_argument_rejections_and_help (test_structure_transport.StructureTransportTests.test_selected_extraction_parser_preserves_argument_rejections_and_help) ... ok
2026-09-24T02:55:04.3955321Z test_transport_limits_and_binary_or_invalid_python_have_explicit_coverage (test_structure_transport.StructureTransportTests.test_transport_limits_and_binary_or_invalid_python_have_explicit_coverage) ... ok
2026-09-24T02:55:04.3958433Z test_wire_bounds_reject_before_emitting_any_partial_response (test_structure_transport.StructureTransportTests.test_wire_bounds_reject_before_emitting_any_partial_response) ... ok
2026-09-24T02:55:04.5167467Z test_concurrent_first_identity_callers_agree (test_unborn_repository.UnbornRepositoryTests.test_concurrent_first_identity_callers_agree) ... ok
2026-09-24T02:55:04.5268041Z test_corrupt_head_is_never_silently_replaced_by_empty_base (test_unborn_repository.UnbornRepositoryTests.test_corrupt_head_is_never_silently_replaced_by_empty_base) ... ok
2026-09-24T02:55:04.5456570Z test_corrupt_local_identity_is_preserved_and_rejected (test_unborn_repository.UnbornRepositoryTests.test_corrupt_local_identity_is_preserved_and_rejected) ... ok
2026-09-24T02:55:04.5838304Z test_empty_base_is_deterministic_unreachable_and_not_an_ordinary_ref (test_unborn_repository.UnbornRepositoryTests.test_empty_base_is_deterministic_unreachable_and_not_an_ordinary_ref) ... ok
2026-09-24T02:55:04.6391392Z test_empty_native_session_does_not_manufacture_proof (test_unborn_repository.UnbornRepositoryTests.test_empty_native_session_does_not_manufacture_proof) ... ok
2026-09-24T02:55:04.6956931Z test_initial_snapshot_preserves_staging_and_excludes_only_owned_transients (test_unborn_repository.UnbornRepositoryTests.test_initial_snapshot_preserves_staging_and_excludes_only_owned_transients) ... ok
2026-09-24T02:55:04.7323929Z test_old_provisional_envelope_cannot_be_reingested_as_new_lineage (test_unborn_repository.UnbornRepositoryTests.test_old_provisional_envelope_cannot_be_reingested_as_new_lineage) ... ok
2026-09-24T02:55:04.7408211Z test_portal_cannot_send_provisional_identity (test_unborn_repository.UnbornRepositoryTests.test_portal_cannot_send_provisional_identity) ... ok
2026-09-24T02:55:04.7831742Z test_provisional_identity_is_distinct_durable_and_becomes_normal_root_lineage (test_unborn_repository.UnbornRepositoryTests.test_provisional_identity_is_distinct_durable_and_becomes_normal_root_lineage) ... ok
2026-09-24T02:55:05.1813280Z test_setup_and_status_are_useful_without_commits_or_evidence (test_unborn_repository.UnbornRepositoryTests.test_setup_and_status_are_useful_without_commits_or_evidence) ... ok
2026-09-24T02:55:05.1959437Z test_failing_test_only_diff_is_rejected (test_validation.ValidationOnlyTests.test_failing_test_only_diff_is_rejected) ... DiffWitness: validation-only stable-pass (dwv1_f4fa03d91b91c3651e20)
2026-09-24T02:55:05.1960836Z Project continuity: 2 new change event(s) · dwchg_63748bcba4acf1329a14390c
2026-09-24T02:55:05.1961195Z 
2026-09-24T02:55:05.1961391Z Repayment verification: 1/1 selected obligation(s) resolved
2026-09-24T02:55:05.1962171Z   DW-CD7523693881: resolved — current tests now discriminate the introducing candidate from its historical base
2026-09-24T02:55:05.1963026Z DiffWitness Repay: ACCEPTED
2026-09-24T02:55:05.1963396Z Project continuity: 3 Debt Ledger lifecycle event(s) projected
2026-09-24T02:55:05.2977465Z ok
2026-09-24T02:55:05.3126407Z test_test_only_diff_runs_evidence_and_is_attestable (test_validation.ValidationOnlyTests.test_test_only_diff_runs_evidence_and_is_attestable) ... DiffWitness: validation-only stable-fail (dwv1_b2f598a673304281ecaf)
2026-09-24T02:55:05.5197349Z DiffWitness: validation-only stable-pass (dwv1_2b533f7bb0a98ba08114)
2026-09-24T02:55:05.5198665Z Project continuity: 2 new change event(s) · dwchg_a288c2c860a84dda00166be6
2026-09-24T02:55:05.5409822Z ok
2026-09-24T02:55:05.5607029Z test_cli_can_switch_both_directions_and_report_machine_state (test_view_mode.ViewModeTests.test_cli_can_switch_both_directions_and_report_machine_state) ... ok
2026-09-24T02:55:05.5747339Z test_defaults_to_guided_for_first_run (test_view_mode.ViewModeTests.test_defaults_to_guided_for_first_run) ... ok
2026-09-24T02:55:05.5890421Z test_invalid_stored_preference_fails_soft_to_guided (test_view_mode.ViewModeTests.test_invalid_stored_preference_fails_soft_to_guided) ... ok
2026-09-24T02:55:05.6151768Z test_root_help_is_guided_first_but_technical_is_one_command_away (test_view_mode.ViewModeTests.test_root_help_is_guided_first_but_technical_is_one_command_away) ... ok
2026-09-24T02:55:05.6412612Z test_switch_persists_inside_git_metadata_without_dirtying_repository (test_view_mode.ViewModeTests.test_switch_persists_inside_git_metadata_without_dirtying_repository) ... ok
2026-09-24T02:55:05.6417428Z test_health_semantic_sensor_reads_utf8_git_blob_without_degrading (test_windows_health_utf8_git_blob.WindowsUtf8SubprocessBoundaryTests.test_health_semantic_sensor_reads_utf8_git_blob_without_degrading) ... skipped 'Windows legacy-codepage regression'
2026-09-24T02:55:05.6421369Z test_proof_runner_keeps_non_utf8_diagnostics_json_safe (test_windows_health_utf8_git_blob.WindowsUtf8SubprocessBoundaryTests.test_proof_runner_keeps_non_utf8_diagnostics_json_safe) ... skipped 'Windows legacy-codepage regression'
2026-09-24T02:55:05.6424224Z test_proof_runner_preserves_utf8_stdout_and_stderr (test_windows_health_utf8_git_blob.WindowsUtf8SubprocessBoundaryTests.test_proof_runner_preserves_utf8_stdout_and_stderr) ... skipped 'Windows legacy-codepage regression'
2026-09-24T02:55:05.6427359Z test_acceptance_runner_decodes_utf8_child_output_without_locale_loss (test_windows_subprocess_utf8_reader.WindowsSubprocessUtf8ReaderRegressionTests.test_acceptance_runner_decodes_utf8_child_output_without_locale_loss)
2026-09-24T02:55:05.6429775Z A UTF-8 child must not be decoded through the host's legacy Windows code page. ... skipped 'Windows legacy-codepage reproduction'
2026-09-24T02:55:05.6430633Z 
2026-09-24T02:55:05.6431149Z ======================================================================
2026-09-24T02:55:05.6432684Z FAIL: test_compact_fiscal_and_quarter_periods_never_become_path_terms (test_continuity_questions.MemoryQuestionTests.test_compact_fiscal_and_quarter_periods_never_become_path_terms) (period='FY2026', options={})
2026-09-24T02:55:05.6434192Z ----------------------------------------------------------------------
2026-09-24T02:55:05.6434758Z Traceback (most recent call last):
2026-09-24T02:55:05.6444237Z   File "/home/runner/work/tooltest/tooltest/tests/test_continuity_questions.py", line 425, in test_compact_fiscal_and_quarter_periods_never_become_path_terms
2026-09-24T02:55:05.6445792Z     self.assertEqual(result['status'],'abstained')
2026-09-24T02:55:05.6446304Z     ~~~~~~~~~~~~~~~~^^^^^^^^^^^^^^^^^^^^^^^^^^^^^^
2026-09-24T02:55:05.6446813Z AssertionError: 'cited-records' != 'abstained'
2026-09-24T02:55:05.6447272Z - cited-records
2026-09-24T02:55:05.6447579Z + abstained
2026-09-24T02:55:05.6447739Z 
2026-09-24T02:55:05.6447745Z 
2026-09-24T02:55:05.6447935Z ======================================================================
2026-09-24T02:55:05.6449465Z FAIL: test_compact_fiscal_and_quarter_periods_never_become_path_terms (test_continuity_questions.MemoryQuestionTests.test_compact_fiscal_and_quarter_periods_never_become_path_terms) (period='FY2026', options={'until': '2027-01-01'})
2026-09-24T02:55:05.6451295Z ----------------------------------------------------------------------
2026-09-24T02:55:05.6451821Z Traceback (most recent call last):
2026-09-24T02:55:05.6452968Z   File "/home/runner/work/tooltest/tooltest/tests/test_continuity_questions.py", line 425, in test_compact_fiscal_and_quarter_periods_never_become_path_terms
2026-09-24T02:55:05.6454084Z     self.assertEqual(result['status'],'abstained')
2026-09-24T02:55:05.6454568Z     ~~~~~~~~~~~~~~~~^^^^^^^^^^^^^^^^^^^^^^^^^^^^^^
2026-09-24T02:55:05.6455500Z AssertionError: 'cited-records' != 'abstained'
2026-09-24T02:55:05.6455967Z - cited-records
2026-09-24T02:55:05.6456270Z + abstained
2026-09-24T02:55:05.6456439Z 
2026-09-24T02:55:05.6456446Z 
2026-09-24T02:55:05.6456618Z ======================================================================
2026-09-24T02:55:05.6457991Z FAIL: test_compact_fiscal_and_quarter_periods_never_become_path_terms (test_continuity_questions.MemoryQuestionTests.test_compact_fiscal_and_quarter_periods_never_become_path_terms) (period='FY26', options={})
2026-09-24T02:55:05.6459443Z ----------------------------------------------------------------------
2026-09-24T02:55:05.6459956Z Traceback (most recent call last):
2026-09-24T02:55:05.6461070Z   File "/home/runner/work/tooltest/tooltest/tests/test_continuity_questions.py", line 425, in test_compact_fiscal_and_quarter_periods_never_become_path_terms
2026-09-24T02:55:05.6462173Z     self.assertEqual(result['status'],'abstained')
2026-09-24T02:55:05.6462645Z     ~~~~~~~~~~~~~~~~^^^^^^^^^^^^^^^^^^^^^^^^^^^^^^
2026-09-24T02:55:05.6463106Z AssertionError: 'cited-records' != 'abstained'
2026-09-24T02:55:05.6463543Z - cited-records
2026-09-24T02:55:05.6463830Z + abstained
2026-09-24T02:55:05.6463993Z 
2026-09-24T02:55:05.6463999Z 
2026-09-24T02:55:05.6464172Z ======================================================================
2026-09-24T02:55:05.6465917Z FAIL: test_compact_fiscal_and_quarter_periods_never_become_path_terms (test_continuity_questions.MemoryQuestionTests.test_compact_fiscal_and_quarter_periods_never_become_path_terms) (period='FY26', options={'until': '2027-01-01'})
2026-09-24T02:55:05.6467461Z ----------------------------------------------------------------------
2026-09-24T02:55:05.6467986Z Traceback (most recent call last):
2026-09-24T02:55:05.6469301Z   File "/home/runner/work/tooltest/tooltest/tests/test_continuity_questions.py", line 425, in test_compact_fiscal_and_quarter_periods_never_become_path_terms
2026-09-24T02:55:05.6470402Z     self.assertEqual(result['status'],'abstained')
2026-09-24T02:55:05.6470878Z     ~~~~~~~~~~~~~~~~^^^^^^^^^^^^^^^^^^^^^^^^^^^^^^
2026-09-24T02:55:05.6471338Z AssertionError: 'cited-records' != 'abstained'
2026-09-24T02:55:05.6471775Z - cited-records
2026-09-24T02:55:05.6472072Z + abstained
2026-09-24T02:55:05.6472242Z 
2026-09-24T02:55:05.6472257Z 
2026-09-24T02:55:05.6472422Z ======================================================================
2026-09-24T02:55:05.6473784Z FAIL: test_compact_fiscal_and_quarter_periods_never_become_path_terms (test_continuity_questions.MemoryQuestionTests.test_compact_fiscal_and_quarter_periods_never_become_path_terms) (period='2026Q1', options={})
2026-09-24T02:55:05.6475465Z ----------------------------------------------------------------------
2026-09-24T02:55:05.6475970Z Traceback (most recent call last):
2026-09-24T02:55:05.6477059Z   File "/home/runner/work/tooltest/tooltest/tests/test_continuity_questions.py", line 425, in test_compact_fiscal_and_quarter_periods_never_become_path_terms
2026-09-24T02:55:05.6478129Z     self.assertEqual(result['status'],'abstained')
2026-09-24T02:55:05.6478593Z     ~~~~~~~~~~~~~~~~^^^^^^^^^^^^^^^^^^^^^^^^^^^^^^
2026-09-24T02:55:05.6479056Z AssertionError: 'cited-records' != 'abstained'
2026-09-24T02:55:05.6479484Z - cited-records
2026-09-24T02:55:05.6479994Z + abstained
2026-09-24T02:55:05.6480152Z 
2026-09-24T02:55:05.6480158Z 
2026-09-24T02:55:05.6480330Z ======================================================================
2026-09-24T02:55:05.6481809Z FAIL: test_compact_fiscal_and_quarter_periods_never_become_path_terms (test_continuity_questions.MemoryQuestionTests.test_compact_fiscal_and_quarter_periods_never_become_path_terms) (period='2026Q1', options={'until': '2027-01-01'})
2026-09-24T02:55:05.6483346Z ----------------------------------------------------------------------
2026-09-24T02:55:05.6483856Z Traceback (most recent call last):
2026-09-24T02:55:05.6485181Z   File "/home/runner/work/tooltest/tooltest/tests/test_continuity_questions.py", line 425, in test_compact_fiscal_and_quarter_periods_never_become_path_terms
2026-09-24T02:55:05.6486338Z     self.assertEqual(result['status'],'abstained')
2026-09-24T02:55:05.6486841Z     ~~~~~~~~~~~~~~~~^^^^^^^^^^^^^^^^^^^^^^^^^^^^^^
2026-09-24T02:55:05.6487326Z AssertionError: 'cited-records' != 'abstained'
2026-09-24T02:55:05.6487800Z - cited-records
2026-09-24T02:55:05.6488108Z + abstained
2026-09-24T02:55:05.6488278Z 
2026-09-24T02:55:05.6488284Z 
2026-09-24T02:55:05.6488462Z ======================================================================
2026-09-24T02:55:05.6489903Z FAIL: test_compact_fiscal_and_quarter_periods_never_become_path_terms (test_continuity_questions.MemoryQuestionTests.test_compact_fiscal_and_quarter_periods_never_become_path_terms) (period='Q12026', options={})
2026-09-24T02:55:05.6491376Z ----------------------------------------------------------------------
2026-09-24T02:55:05.6491896Z Traceback (most recent call last):
2026-09-24T02:55:05.6493011Z   File "/home/runner/work/tooltest/tooltest/tests/test_continuity_questions.py", line 425, in test_compact_fiscal_and_quarter_periods_never_become_path_terms
2026-09-24T02:55:05.6494089Z     self.assertEqual(result['status'],'abstained')
2026-09-24T02:55:05.6494566Z     ~~~~~~~~~~~~~~~~^^^^^^^^^^^^^^^^^^^^^^^^^^^^^^
2026-09-24T02:55:05.6495245Z AssertionError: 'cited-records' != 'abstained'
2026-09-24T02:55:05.6495702Z - cited-records
2026-09-24T02:55:05.6495995Z + abstained
2026-09-24T02:55:05.6496152Z 
2026-09-24T02:55:05.6496158Z 
2026-09-24T02:55:05.6496339Z ======================================================================
2026-09-24T02:55:05.6497906Z FAIL: test_compact_fiscal_and_quarter_periods_never_become_path_terms (test_continuity_questions.MemoryQuestionTests.test_compact_fiscal_and_quarter_periods_never_become_path_terms) (period='Q12026', options={'until': '2027-01-01'})
2026-09-24T02:55:05.6499675Z ----------------------------------------------------------------------
2026-09-24T02:55:05.6500221Z Traceback (most recent call last):
2026-09-24T02:55:05.6501344Z   File "/home/runner/work/tooltest/tooltest/tests/test_continuity_questions.py", line 425, in test_compact_fiscal_and_quarter_periods_never_become_path_terms
2026-09-24T02:55:05.6502433Z     self.assertEqual(result['status'],'abstained')
2026-09-24T02:55:05.6502909Z     ~~~~~~~~~~~~~~~~^^^^^^^^^^^^^^^^^^^^^^^^^^^^^^
2026-09-24T02:55:05.6503387Z AssertionError: 'cited-records' != 'abstained'
2026-09-24T02:55:05.6503832Z - cited-records
2026-09-24T02:55:05.6504127Z + abstained
2026-09-24T02:55:05.6504282Z 
2026-09-24T02:55:05.6504288Z 
2026-09-24T02:55:05.6504461Z ======================================================================
2026-09-24T02:55:05.6506095Z FAIL: test_compact_fiscal_and_quarter_periods_never_become_path_terms (test_continuity_questions.MemoryQuestionTests.test_compact_fiscal_and_quarter_periods_never_become_path_terms) (period='2026H1', options={})
2026-09-24T02:55:05.6507563Z ----------------------------------------------------------------------
2026-09-24T02:55:05.6508086Z Traceback (most recent call last):
2026-09-24T02:55:05.6509218Z   File "/home/runner/work/tooltest/tooltest/tests/test_continuity_questions.py", line 425, in test_compact_fiscal_and_quarter_periods_never_become_path_terms
2026-09-24T02:55:05.6510308Z     self.assertEqual(result['status'],'abstained')
2026-09-24T02:55:05.6510997Z     ~~~~~~~~~~~~~~~~^^^^^^^^^^^^^^^^^^^^^^^^^^^^^^
2026-09-24T02:55:05.6511461Z AssertionError: 'cited-records' != 'abstained'
2026-09-24T02:55:05.6511889Z - cited-records
2026-09-24T02:55:05.6512184Z + abstained
2026-09-24T02:55:05.6512348Z 
2026-09-24T02:55:05.6512354Z 
2026-09-24T02:55:05.6512518Z ======================================================================
2026-09-24T02:55:05.6514016Z FAIL: test_compact_fiscal_and_quarter_periods_never_become_path_terms (test_continuity_questions.MemoryQuestionTests.test_compact_fiscal_and_quarter_periods_never_become_path_terms) (period='2026H1', options={'until': '2027-01-01'})
2026-09-24T02:55:05.6515744Z ----------------------------------------------------------------------
2026-09-24T02:55:05.6516248Z Traceback (most recent call last):
2026-09-24T02:55:05.6517330Z   File "/home/runner/work/tooltest/tooltest/tests/test_continuity_questions.py", line 425, in test_compact_fiscal_and_quarter_periods_never_become_path_terms
2026-09-24T02:55:05.6518419Z     self.assertEqual(result['status'],'abstained')
2026-09-24T02:55:05.6518889Z     ~~~~~~~~~~~~~~~~^^^^^^^^^^^^^^^^^^^^^^^^^^^^^^
2026-09-24T02:55:05.6519367Z AssertionError: 'cited-records' != 'abstained'
2026-09-24T02:55:05.6519802Z - cited-records
2026-09-24T02:55:05.6520164Z + abstained
2026-09-24T02:55:05.6520320Z 
2026-09-24T02:55:05.6520327Z 
2026-09-24T02:55:05.6520495Z ======================================================================
2026-09-24T02:55:05.6521919Z FAIL: test_compact_fiscal_and_quarter_periods_never_become_path_terms (test_continuity_questions.MemoryQuestionTests.test_compact_fiscal_and_quarter_periods_never_become_path_terms) (period='H12026', options={})
2026-09-24T02:55:05.6523405Z ----------------------------------------------------------------------
2026-09-24T02:55:05.6523936Z Traceback (most recent call last):
2026-09-24T02:55:05.6525268Z   File "/home/runner/work/tooltest/tooltest/tests/test_continuity_questions.py", line 425, in test_compact_fiscal_and_quarter_periods_never_become_path_terms
2026-09-24T02:55:05.6526397Z     self.assertEqual(result['status'],'abstained')
2026-09-24T02:55:05.6526865Z     ~~~~~~~~~~~~~~~~^^^^^^^^^^^^^^^^^^^^^^^^^^^^^^
2026-09-24T02:55:05.6527340Z AssertionError: 'cited-records' != 'abstained'
2026-09-24T02:55:05.6527775Z - cited-records
2026-09-24T02:55:05.6528060Z + abstained
2026-09-24T02:55:05.6528221Z 
2026-09-24T02:55:05.6528228Z 
2026-09-24T02:55:05.6528390Z ======================================================================
2026-09-24T02:55:05.6530127Z FAIL: test_compact_fiscal_and_quarter_periods_never_become_path_terms (test_continuity_questions.MemoryQuestionTests.test_compact_fiscal_and_quarter_periods_never_become_path_terms) (period='H12026', options={'until': '2027-01-01'})
2026-09-24T02:55:05.6531724Z ----------------------------------------------------------------------
2026-09-24T02:55:05.6532248Z Traceback (most recent call last):
2026-09-24T02:55:05.6533372Z   File "/home/runner/work/tooltest/tooltest/tests/test_continuity_questions.py", line 425, in test_compact_fiscal_and_quarter_periods_never_become_path_terms
2026-09-24T02:55:05.6534485Z     self.assertEqual(result['status'],'abstained')
2026-09-24T02:55:05.6535184Z     ~~~~~~~~~~~~~~~~^^^^^^^^^^^^^^^^^^^^^^^^^^^^^^
2026-09-24T02:55:05.6535758Z AssertionError: 'cited-records' != 'abstained'
2026-09-24T02:55:05.6536181Z - cited-records
2026-09-24T02:55:05.6536462Z + abstained
2026-09-24T02:55:05.6536619Z 
2026-09-24T02:55:05.6536624Z 
2026-09-24T02:55:05.6536783Z ======================================================================
2026-09-24T02:55:05.6538098Z FAIL: test_compact_fiscal_and_quarter_periods_never_become_path_terms (test_continuity_questions.MemoryQuestionTests.test_compact_fiscal_and_quarter_periods_never_become_path_terms) (period='AF2026', options={})
2026-09-24T02:55:05.6539439Z ----------------------------------------------------------------------
2026-09-24T02:55:05.6539953Z Traceback (most recent call last):
2026-09-24T02:55:05.6541374Z   File "/home/runner/work/tooltest/tooltest/tests/test_continuity_questions.py", line 425, in test_compact_fiscal_and_quarter_periods_never_become_path_terms
2026-09-24T02:55:05.6542502Z     self.assertEqual(result['status'],'abstained')
2026-09-24T02:55:05.6543034Z     ~~~~~~~~~~~~~~~~^^^^^^^^^^^^^^^^^^^^^^^^^^^^^^
2026-09-24T02:55:05.6543490Z AssertionError: 'cited-records' != 'abstained'
2026-09-24T02:55:05.6543925Z - cited-records
2026-09-24T02:55:05.6544210Z + abstained
2026-09-24T02:55:05.6544379Z 
2026-09-24T02:55:05.6544387Z 
2026-09-24T02:55:05.6544582Z ======================================================================
2026-09-24T02:55:05.6546477Z FAIL: test_compact_fiscal_and_quarter_periods_never_become_path_terms (test_continuity_questions.MemoryQuestionTests.test_compact_fiscal_and_quarter_periods_never_become_path_terms) (period='AF2026', options={'until': '2027-01-01'})
2026-09-24T02:55:05.6548063Z ----------------------------------------------------------------------
2026-09-24T02:55:05.6548613Z Traceback (most recent call last):
2026-09-24T02:55:05.6549855Z   File "/home/runner/work/tooltest/tooltest/tests/test_continuity_questions.py", line 425, in test_compact_fiscal_and_quarter_periods_never_become_path_terms
2026-09-24T02:55:05.6551040Z     self.assertEqual(result['status'],'abstained')
2026-09-24T02:55:05.6551526Z     ~~~~~~~~~~~~~~~~^^^^^^^^^^^^^^^^^^^^^^^^^^^^^^
2026-09-24T02:55:05.6552016Z AssertionError: 'cited-records' != 'abstained'
2026-09-24T02:55:05.6552463Z - cited-records
2026-09-24T02:55:05.6552762Z + abstained
2026-09-24T02:55:05.6552931Z 
2026-09-24T02:55:05.6552937Z 
2026-09-24T02:55:05.6553115Z ======================================================================
2026-09-24T02:55:05.6554597Z FAIL: test_compact_fiscal_and_quarter_periods_never_become_path_terms (test_continuity_questions.MemoryQuestionTests.test_compact_fiscal_and_quarter_periods_never_become_path_terms) (period='AF26', options={})
2026-09-24T02:55:05.6556313Z ----------------------------------------------------------------------
2026-09-24T02:55:05.6556879Z Traceback (most recent call last):
2026-09-24T02:55:05.6558011Z   File "/home/runner/work/tooltest/tooltest/tests/test_continuity_questions.py", line 425, in test_compact_fiscal_and_quarter_periods_never_become_path_terms
2026-09-24T02:55:05.6559139Z     self.assertEqual(result['status'],'abstained')
2026-09-24T02:55:05.6559627Z     ~~~~~~~~~~~~~~~~^^^^^^^^^^^^^^^^^^^^^^^^^^^^^^
2026-09-24T02:55:05.6560094Z AssertionError: 'cited-records' != 'abstained'
2026-09-24T02:55:05.6560548Z - cited-records
2026-09-24T02:55:05.6560845Z + abstained
2026-09-24T02:55:05.6561209Z 
2026-09-24T02:55:05.6561220Z 
2026-09-24T02:55:05.6561402Z ======================================================================
2026-09-24T02:55:05.6562913Z FAIL: test_compact_fiscal_and_quarter_periods_never_become_path_terms (test_continuity_questions.MemoryQuestionTests.test_compact_fiscal_and_quarter_periods_never_become_path_terms) (period='AF26', options={'until': '2027-01-01'})
2026-09-24T02:55:05.6564566Z ----------------------------------------------------------------------
2026-09-24T02:55:05.6565313Z Traceback (most recent call last):
2026-09-24T02:55:05.6566452Z   File "/home/runner/work/tooltest/tooltest/tests/test_continuity_questions.py", line 425, in test_compact_fiscal_and_quarter_periods_never_become_path_terms
2026-09-24T02:55:05.6567574Z     self.assertEqual(result['status'],'abstained')
2026-09-24T02:55:05.6568069Z     ~~~~~~~~~~~~~~~~^^^^^^^^^^^^^^^^^^^^^^^^^^^^^^
2026-09-24T02:55:05.6568526Z AssertionError: 'cited-records' != 'abstained'
2026-09-24T02:55:05.6568984Z - cited-records
2026-09-24T02:55:05.6569285Z + abstained
2026-09-24T02:55:05.6569446Z 
2026-09-24T02:55:05.6569453Z 
2026-09-24T02:55:05.6569624Z ======================================================================
2026-09-24T02:55:05.6571481Z FAIL: test_compact_fiscal_and_quarter_periods_never_become_path_terms (test_continuity_questions.MemoryQuestionTests.test_compact_fiscal_and_quarter_periods_never_become_path_terms) (period='２０２６Ｑ１', options={})
2026-09-24T02:55:05.6573163Z ----------------------------------------------------------------------
2026-09-24T02:55:05.6573687Z Traceback (most recent call last):
2026-09-24T02:55:05.6574778Z   File "/home/runner/work/tooltest/tooltest/tests/test_continuity_questions.py", line 425, in test_compact_fiscal_and_quarter_periods_never_become_path_terms
2026-09-24T02:55:05.6576063Z     self.assertEqual(result['status'],'abstained')
2026-09-24T02:55:05.6576543Z     ~~~~~~~~~~~~~~~~^^^^^^^^^^^^^^^^^^^^^^^^^^^^^^
2026-09-24T02:55:05.6577014Z AssertionError: 'cited-records' != 'abstained'
2026-09-24T02:55:05.6577445Z - cited-records
2026-09-24T02:55:05.6577760Z + abstained
2026-09-24T02:55:05.6577918Z 
2026-09-24T02:55:05.6577925Z 
2026-09-24T02:55:05.6578101Z ======================================================================
2026-09-24T02:55:05.6579909Z FAIL: test_compact_fiscal_and_quarter_periods_never_become_path_terms (test_continuity_questions.MemoryQuestionTests.test_compact_fiscal_and_quarter_periods_never_become_path_terms) (period='２０２６Ｑ１', options={'until': '2027-01-01'})
2026-09-24T02:55:05.6581591Z ----------------------------------------------------------------------
2026-09-24T02:55:05.6582176Z Traceback (most recent call last):
2026-09-24T02:55:05.6583352Z   File "/home/runner/work/tooltest/tooltest/tests/test_continuity_questions.py", line 425, in test_compact_fiscal_and_quarter_periods_never_become_path_terms
2026-09-24T02:55:05.6584573Z     self.assertEqual(result['status'],'abstained')
2026-09-24T02:55:05.6585305Z     ~~~~~~~~~~~~~~~~^^^^^^^^^^^^^^^^^^^^^^^^^^^^^^
2026-09-24T02:55:05.6585793Z AssertionError: 'cited-records' != 'abstained'
2026-09-24T02:55:05.6586251Z - cited-records
2026-09-24T02:55:05.6586559Z + abstained
2026-09-24T02:55:05.6586746Z 
2026-09-24T02:55:05.6586753Z 
2026-09-24T02:55:05.6586939Z ======================================================================
2026-09-24T02:55:05.6588274Z FAIL: test_punctuation_bearing_technology_names_remain_distinct (test_continuity_questions.MemoryQuestionTests.test_punctuation_bearing_technology_names_remain_distinct)
2026-09-24T02:55:05.6589689Z ----------------------------------------------------------------------
2026-09-24T02:55:05.6590272Z Traceback (most recent call last):
2026-09-24T02:55:05.6591466Z   File "/home/runner/work/tooltest/tooltest/tests/test_continuity_questions.py", line 402, in test_punctuation_bearing_technology_names_remain_distinct
2026-09-24T02:55:05.6592663Z     self.assertEqual(before['status'],'abstained')
2026-09-24T02:55:05.6593381Z     ~~~~~~~~~~~~~~~~^^^^^^^^^^^^^^^^^^^^^^^^^^^^^^
2026-09-24T02:55:05.6593930Z AssertionError: 'cited-records' != 'abstained'
2026-09-24T02:55:05.6594422Z - cited-records
2026-09-24T02:55:05.6594752Z + abstained
2026-09-24T02:55:05.6595156Z 
2026-09-24T02:55:05.6595164Z 
2026-09-24T02:55:05.6595424Z ----------------------------------------------------------------------
2026-09-24T02:55:05.6595989Z Ran 774 tests in 101.398s
2026-09-24T02:55:05.6596236Z 
2026-09-24T02:55:05.6596410Z FAILED (failures=19, skipped=52)
2026-09-24T02:55:05.6596863Z certificate: dwv1_2b533f7bb0a98ba08114
2026-09-24T02:55:05.6597318Z integrity:   valid
2026-09-24T02:55:05.6597697Z freshness:   fresh against WORKTREE
2026-09-24T02:55:05.6598133Z candidate:   embedded-tree
2026-09-24T02:55:05.6598504Z base:        embedded-tree
2026-09-24T02:55:05.6598861Z verdict:     VALID
2026-09-24T02:55:05.6853624Z ##[error]Process completed with exit code 1.
2026-09-24T02:55:05.7593098Z ##[group]Run actions/upload-artifact@v6
2026-09-24T02:55:05.7593421Z with:
2026-09-24T02:55:05.7593654Z   name: unittest-Linux-py3.13
2026-09-24T02:55:05.7593922Z   path: unittest.log
2026-09-24T02:55:05.7594154Z   if-no-files-found: error
2026-09-24T02:55:05.7594394Z   retention-days: 7
2026-09-24T02:55:05.7594611Z   compression-level: 6
2026-09-24T02:55:05.7594835Z   overwrite: false
2026-09-24T02:55:05.7595399Z   include-hidden-files: false
2026-09-24T02:55:05.7595652Z env:
2026-09-24T02:55:05.7596127Z   pythonLocation: /opt/hostedtoolcache/Python/3.13.15/x64
2026-09-24T02:55:05.7596578Z   PKG_CONFIG_PATH: /opt/hostedtoolcache/Python/3.13.15/x64/lib/pkgconfig
2026-09-24T02:55:05.7597007Z   Python_ROOT_DIR: /opt/hostedtoolcache/Python/3.13.15/x64
2026-09-24T02:55:05.7597396Z   Python2_ROOT_DIR: /opt/hostedtoolcache/Python/3.13.15/x64
2026-09-24T02:55:05.7597787Z   Python3_ROOT_DIR: /opt/hostedtoolcache/Python/3.13.15/x64
2026-09-24T02:55:05.7598230Z   LD_LIBRARY_PATH: /opt/hostedtoolcache/Python/3.13.15/x64/lib
2026-09-24T02:55:05.7598565Z ##[endgroup]
2026-09-24T02:55:05.9263550Z With the provided path, there will be 1 file uploaded
2026-09-24T02:55:05.9265875Z Artifact name is valid!
2026-09-24T02:55:05.9266769Z Root directory input is valid!
2026-09-24T02:55:06.2476955Z Beginning upload of artifact content to blob storage
2026-09-24T02:55:06.5274719Z Uploaded bytes 29803
2026-09-24T02:55:06.5839234Z Finished uploading artifact content to blob storage!
2026-09-24T02:55:06.5840717Z SHA256 digest of uploaded artifact zip is 9c3bf701cd0f032e4c44c19053445922733fd14b7dd36e7c646b27fa7312869e
2026-09-24T02:55:06.5842054Z Finalizing artifact upload
2026-09-24T02:55:06.9667297Z Artifact unittest-Linux-py3.13.zip successfully finalized. Artifact ID 10788065921
2026-09-24T02:55:06.9668401Z Artifact unittest-Linux-py3.13 has been successfully uploaded! Final size is 29803 bytes. Artifact ID is 10788065921
2026-09-24T02:55:06.9672655Z Artifact download URL: https://github.com/TFourniax/tooltest/actions/runs/35949081790/artifacts/10788065921
2026-09-24T02:55:06.9907507Z Post job cleanup.
2026-09-24T02:55:07.0772745Z [command]/usr/bin/git version
2026-09-24T02:55:07.0814583Z git version 2.55.0
2026-09-24T02:55:07.0853571Z Temporarily overriding HOME='/home/runner/work/_temp/05c27373-5339-4e3f-9b0b-46bc4c8295f2' before making global git config changes
2026-09-24T02:55:07.0855147Z Adding repository directory to the temporary git global config as a safe directory
2026-09-24T02:55:07.0860525Z [command]/usr/bin/git config --global --add safe.directory /home/runner/work/tooltest/tooltest
2026-09-24T02:55:07.0896574Z Removing SSH command configuration
2026-09-24T02:55:07.0903357Z [command]/usr/bin/git config --local --name-only --get-regexp core\.sshCommand
2026-09-24T02:55:07.0942849Z [command]/usr/bin/git submodule foreach --recursive sh -c "git config --local --name-only --get-regexp 'core\.sshCommand' && git config --local --unset-all 'core.sshCommand' || :"
2026-09-24T02:55:07.1213005Z Removing HTTP extra header
2026-09-24T02:55:07.1220094Z [command]/usr/bin/git config --local --name-only --get-regexp http\.https\:\/\/github\.com\/\.extraheader
2026-09-24T02:55:07.1268754Z [command]/usr/bin/git submodule foreach --recursive sh -c "git config --local --name-only --get-regexp 'http\.https\:\/\/github\.com\/\.extraheader' && git config --local --unset-all 'http.https://github.com/.extraheader' || :"
2026-09-24T02:55:07.1546575Z Removing includeIf entries pointing to credentials config files
2026-09-24T02:55:07.1547560Z [command]/usr/bin/git config --local --name-only --get-regexp ^includeIf\.gitdir:
2026-09-24T02:55:07.1612042Z includeif.gitdir:/home/runner/work/tooltest/tooltest/.git.path
2026-09-24T02:55:07.1613277Z includeif.gitdir:/home/runner/work/tooltest/tooltest/.git/worktrees/*.path
2026-09-24T02:55:07.1614288Z includeif.gitdir:/github/workspace/.git.path
2026-09-24T02:55:07.1615359Z includeif.gitdir:/github/workspace/.git/worktrees/*.path
2026-09-24T02:55:07.1624612Z [command]/usr/bin/git config --local --get-all includeif.gitdir:/home/runner/work/tooltest/tooltest/.git.path
2026-09-24T02:55:07.1667463Z /home/runner/work/_temp/git-credentials-79544123-28b0-415b-b2a4-22e932af8d2c.config
2026-09-24T02:55:07.1708406Z [command]/usr/bin/git config --local --unset includeif.gitdir:/home/runner/work/tooltest/tooltest/.git.path \/home\/runner\/work\/_temp\/git\-credentials\-79544123\-28b0\-415b\-b2a4\-22e932af8d2c\.config
2026-09-24T02:55:07.1729423Z [command]/usr/bin/git config --local --get-all includeif.gitdir:/home/runner/work/tooltest/tooltest/.git/worktrees/*.path
2026-09-24T02:55:07.1764518Z /home/runner/work/_temp/git-credentials-79544123-28b0-415b-b2a4-22e932af8d2c.config
2026-09-24T02:55:07.1807653Z [command]/usr/bin/git config --local --unset includeif.gitdir:/home/runner/work/tooltest/tooltest/.git/worktrees/*.path \/home\/runner\/work\/_temp\/git\-credentials\-79544123\-28b0\-415b\-b2a4\-22e932af8d2c\.config
2026-09-24T02:55:07.1829577Z [command]/usr/bin/git config --local --get-all includeif.gitdir:/github/workspace/.git.path
2026-09-24T02:55:07.1860089Z /github/runner_temp/git-credentials-79544123-28b0-415b-b2a4-22e932af8d2c.config
2026-09-24T02:55:07.1869614Z [command]/usr/bin/git config --local --unset includeif.gitdir:/github/workspace/.git.path \/github\/runner_temp\/git\-credentials\-79544123\-28b0\-415b\-b2a4\-22e932af8d2c\.config
2026-09-24T02:55:07.1916763Z [command]/usr/bin/git config --local --get-all includeif.gitdir:/github/workspace/.git/worktrees/*.path
2026-09-24T02:55:07.1946624Z /github/runner_temp/git-credentials-79544123-28b0-415b-b2a4-22e932af8d2c.config
2026-09-24T02:55:07.1957199Z [command]/usr/bin/git config --local --unset includeif.gitdir:/github/workspace/.git/worktrees/*.path \/github\/runner_temp\/git\-credentials\-79544123\-28b0\-415b\-b2a4\-22e932af8d2c\.config
2026-09-24T02:55:07.2002097Z [command]/usr/bin/git submodule foreach --recursive git config --local --show-origin --name-only --get-regexp remote.origin.url
2026-09-24T02:55:07.2261612Z Removing credentials config '/home/runner/work/_temp/git-credentials-79544123-28b0-415b-b2a4-22e932af8d2c.config'
2026-09-24T02:55:07.2424274Z Cleaning up orphan processes
