2026-09-24T06:01:07.4794471Z Current runner version: '2.337.0'
2026-09-24T06:01:07.4819734Z ##[group]Runner Image Provisioner
2026-09-24T06:01:07.4820610Z Hosted Compute Agent
2026-09-24T06:01:07.4821278Z Version: 20260828.587
2026-09-24T06:01:07.4821959Z Commit: abac92662cab4cc7352de4f9f9d2e2419aad9c29
2026-09-24T06:01:07.4822665Z Build Date: 2026-08-28T16:44:25Z
2026-09-24T06:01:07.4823419Z Worker ID: {626acb6f-0870-44e9-bb70-6af30dd7a391}
2026-09-24T06:01:07.4824143Z Azure Region: northcentralus
2026-09-24T06:01:07.4824778Z ##[endgroup]
2026-09-24T06:01:07.4826265Z ##[group]Operating System
2026-09-24T06:01:07.4826899Z Ubuntu
2026-09-24T06:01:07.4827886Z 24.04.5
2026-09-24T06:01:07.4829022Z LTS
2026-09-24T06:01:07.4830067Z ##[endgroup]
2026-09-24T06:01:07.4831150Z ##[group]Runner Image
2026-09-24T06:01:07.4832262Z Image: ubuntu-24.04
2026-09-24T06:01:07.4833384Z Version: 20260907.300.1
2026-09-24T06:01:07.4835593Z Included Software: https://github.com/actions/runner-images/blob/ubuntu24/20260907.300/images/ubuntu/Ubuntu2404-Readme.md
2026-09-24T06:01:07.4838886Z Image Release: https://github.com/actions/runner-images/releases/tag/ubuntu24%2F20260907.300
2026-09-24T06:01:07.4840652Z ##[endgroup]
2026-09-24T06:01:07.4842710Z ##[group]GITHUB_TOKEN Permissions
2026-09-24T06:01:07.4845212Z Contents: read
2026-09-24T06:01:07.4846088Z Metadata: read
2026-09-24T06:01:07.4846654Z ##[endgroup]
2026-09-24T06:01:07.4849049Z Secret source: Actions
2026-09-24T06:01:07.4850139Z Cache mode: write
2026-09-24T06:01:07.4850868Z Prepare workflow directory
2026-09-24T06:01:07.5321940Z Prepare all required actions
2026-09-24T06:01:07.5392160Z Getting action download info
2026-09-24T06:01:07.8084681Z Download action repository 'actions/checkout@v7' (SHA:3d3c42e5aac5ba805825da76410c181273ba90b1)
2026-09-24T06:01:07.9123571Z Download action repository 'actions/setup-python@v7' (SHA:5fda3b95a4ea91299a34e894583c3862153e4b97)
2026-09-24T06:01:08.0508547Z Download action repository 'actions/upload-artifact@v6' (SHA:b7c566a772e6b6bfb58ed0dc250532a479d7789f)
2026-09-24T06:01:08.3178433Z Complete job name: test (ubuntu-latest, 3.11)
2026-09-24T06:01:08.3993168Z ##[group]Run actions/checkout@v7
2026-09-24T06:01:08.3994077Z with:
2026-09-24T06:01:08.3994549Z   repository: TFourniax/tooltest
2026-09-24T06:01:08.3998825Z   token: ***
2026-09-24T06:01:08.3999275Z   ssh-strict: true
2026-09-24T06:01:08.3999728Z   ssh-user: git
2026-09-24T06:01:08.4000192Z   persist-credentials: true
2026-09-24T06:01:08.4000712Z   clean: true
2026-09-24T06:01:08.4001175Z   sparse-checkout-cone-mode: true
2026-09-24T06:01:08.4001717Z   fetch-depth: 1
2026-09-24T06:01:08.4002159Z   fetch-tags: false
2026-09-24T06:01:08.4002623Z   show-progress: true
2026-09-24T06:01:08.4003082Z   lfs: false
2026-09-24T06:01:08.4003517Z   submodules: false
2026-09-24T06:01:08.4003984Z   set-safe-directory: true
2026-09-24T06:01:08.4004502Z   allow-unsafe-pr-checkout: false
2026-09-24T06:01:08.4005325Z ##[endgroup]
2026-09-24T06:01:08.5057607Z Syncing repository: TFourniax/tooltest
2026-09-24T06:01:08.5060690Z ##[group]Getting Git version info
2026-09-24T06:01:08.5062156Z Working directory is '/home/runner/work/tooltest/tooltest'
2026-09-24T06:01:08.5064227Z [command]/usr/bin/git version
2026-09-24T06:01:08.5129443Z git version 2.55.0
2026-09-24T06:01:08.5161805Z ##[endgroup]
2026-09-24T06:01:08.5189850Z Temporarily overriding HOME='/home/runner/work/_temp/1d7a92cc-402d-4074-8ca4-8b6fb27d514e' before making global git config changes
2026-09-24T06:01:08.5193259Z Adding repository directory to the temporary git global config as a safe directory
2026-09-24T06:01:08.5195771Z [command]/usr/bin/git config --global --add safe.directory /home/runner/work/tooltest/tooltest
2026-09-24T06:01:08.5268566Z Deleting the contents of '/home/runner/work/tooltest/tooltest'
2026-09-24T06:01:08.5270962Z ##[group]Determining repository object format
2026-09-24T06:01:08.5272863Z ##[endgroup]
2026-09-24T06:01:08.5274489Z ##[group]Initializing the repository
2026-09-24T06:01:08.5278921Z [command]/usr/bin/git init /home/runner/work/tooltest/tooltest
2026-09-24T06:01:08.5395859Z hint: Using 'master' as the name for the initial branch. This default branch name
2026-09-24T06:01:08.5399775Z hint: will change to "main" in Git 3.0. To configure the initial branch name
2026-09-24T06:01:08.5401904Z hint: to use in all of your new repositories, which will suppress this warning,
2026-09-24T06:01:08.5405340Z hint: call:
2026-09-24T06:01:08.5406482Z hint:
2026-09-24T06:01:08.5407747Z hint: 	git config --global init.defaultBranch <name>
2026-09-24T06:01:08.5409425Z hint:
2026-09-24T06:01:08.5410923Z hint: Names commonly chosen instead of 'master' are 'main', 'trunk' and
2026-09-24T06:01:08.5413373Z hint: 'development'. The just-created branch can be renamed via this command:
2026-09-24T06:01:08.5445113Z hint:
2026-09-24T06:01:08.5446365Z hint: 	git branch -m <name>
2026-09-24T06:01:08.5447657Z hint:
2026-09-24T06:01:08.5449753Z hint: Disable this message with "git config set advice.defaultBranchName false"
2026-09-24T06:01:08.5452301Z Initialized empty Git repository in /home/runner/work/tooltest/tooltest/.git/
2026-09-24T06:01:08.5457145Z [command]/usr/bin/git remote add origin https://github.com/TFourniax/tooltest
2026-09-24T06:01:08.5592282Z ##[endgroup]
2026-09-24T06:01:08.5599744Z ##[group]Disabling automatic garbage collection
2026-09-24T06:01:08.5601463Z [command]/usr/bin/git config --local gc.auto 0
2026-09-24T06:01:08.5605819Z ##[endgroup]
2026-09-24T06:01:08.5608924Z ##[group]Setting up auth
2026-09-24T06:01:08.5610181Z Removing SSH command configuration
2026-09-24T06:01:08.5612168Z [command]/usr/bin/git config --local --name-only --get-regexp core\.sshCommand
2026-09-24T06:01:08.5617090Z [command]/usr/bin/git submodule foreach --recursive sh -c "git config --local --name-only --get-regexp 'core\.sshCommand' && git config --local --unset-all 'core.sshCommand' || :"
2026-09-24T06:01:08.5968560Z Removing HTTP extra header
2026-09-24T06:01:08.5974871Z [command]/usr/bin/git config --local --name-only --get-regexp http\.https\:\/\/github\.com\/\.extraheader
2026-09-24T06:01:08.6017527Z [command]/usr/bin/git submodule foreach --recursive sh -c "git config --local --name-only --get-regexp 'http\.https\:\/\/github\.com\/\.extraheader' && git config --local --unset-all 'http.https://github.com/.extraheader' || :"
2026-09-24T06:01:08.6245484Z Removing includeIf entries pointing to credentials config files
2026-09-24T06:01:08.6250298Z [command]/usr/bin/git config --local --name-only --get-regexp ^includeIf\.gitdir:
2026-09-24T06:01:08.6287698Z [command]/usr/bin/git submodule foreach --recursive git config --local --show-origin --name-only --get-regexp remote.origin.url
2026-09-24T06:01:08.6530621Z [command]/usr/bin/git config --file /home/runner/work/_temp/git-credentials-dba56fa2-905e-41ad-bbb7-68e5862b4d2c.config http.https://github.com/.extraheader AUTHORIZATION: basic ***
2026-09-24T06:01:08.6571912Z [command]/usr/bin/git config --local includeIf.gitdir:/home/runner/work/tooltest/tooltest/.git.path /home/runner/work/_temp/git-credentials-dba56fa2-905e-41ad-bbb7-68e5862b4d2c.config
2026-09-24T06:01:08.6604904Z [command]/usr/bin/git config --local includeIf.gitdir:/home/runner/work/tooltest/tooltest/.git/worktrees/*.path /home/runner/work/_temp/git-credentials-dba56fa2-905e-41ad-bbb7-68e5862b4d2c.config
2026-09-24T06:01:08.6641723Z [command]/usr/bin/git config --local includeIf.gitdir:/github/workspace/.git.path /github/runner_temp/git-credentials-dba56fa2-905e-41ad-bbb7-68e5862b4d2c.config
2026-09-24T06:01:08.6677337Z [command]/usr/bin/git config --local includeIf.gitdir:/github/workspace/.git/worktrees/*.path /github/runner_temp/git-credentials-dba56fa2-905e-41ad-bbb7-68e5862b4d2c.config
2026-09-24T06:01:08.6708650Z ##[endgroup]
2026-09-24T06:01:08.6709626Z ##[group]Fetching the repository
2026-09-24T06:01:08.6716642Z [command]/usr/bin/git -c protocol.version=2 fetch --no-tags --prune --no-recurse-submodules --depth=1 origin +8fea59a7b9cf3e57c3fd495bb67d9dfc7989196a:refs/remotes/pull/128/merge
2026-09-24T06:01:09.1965138Z From https://github.com/TFourniax/tooltest
2026-09-24T06:01:09.1969468Z  * [new ref]         8fea59a7b9cf3e57c3fd495bb67d9dfc7989196a -> pull/128/merge
2026-09-24T06:01:09.1976272Z ##[endgroup]
2026-09-24T06:01:09.1977772Z ##[group]Determining the checkout info
2026-09-24T06:01:09.1980291Z ##[endgroup]
2026-09-24T06:01:09.1981739Z [command]/usr/bin/git sparse-checkout disable
2026-09-24T06:01:09.2029346Z [command]/usr/bin/git config --local --unset-all extensions.worktreeConfig
2026-09-24T06:01:09.2063394Z ##[group]Checking out the ref
2026-09-24T06:01:09.2066883Z [command]/usr/bin/git checkout --progress --force refs/remotes/pull/128/merge
2026-09-24T06:01:09.2849936Z Note: switching to 'refs/remotes/pull/128/merge'.
2026-09-24T06:01:09.2852011Z 
2026-09-24T06:01:09.2853155Z You are in 'detached HEAD' state. You can look around, make experimental
2026-09-24T06:01:09.2855522Z changes and commit them, and you can discard any commits you make in this
2026-09-24T06:01:09.2857717Z state without impacting any branches by switching back to a branch.
2026-09-24T06:01:09.2859748Z 
2026-09-24T06:01:09.2860924Z If you want to create a new branch to retain commits you create, you may
2026-09-24T06:01:09.2863459Z do so (now or later) by using -c with the switch command. Example:
2026-09-24T06:01:09.2865061Z 
2026-09-24T06:01:09.2865753Z   git switch -c <new-branch-name>
2026-09-24T06:01:09.2866949Z 
2026-09-24T06:01:09.2867794Z Or undo this operation with:
2026-09-24T06:01:09.2869364Z 
2026-09-24T06:01:09.2870171Z   git switch -
2026-09-24T06:01:09.2871323Z 
2026-09-24T06:01:09.2872955Z Turn off this advice by setting config variable advice.detachedHead to false
2026-09-24T06:01:09.2874949Z 
2026-09-24T06:01:09.2877331Z HEAD is now at 8fea59a Merge 855a850fddad2f26a1c08d6f322dded0af155a5a into c03164e75e805ff1df976e55cdf6d86073e89b04
2026-09-24T06:01:09.2884640Z ##[endgroup]
2026-09-24T06:01:09.2919377Z [command]/usr/bin/git log -1 --format=%H
2026-09-24T06:01:09.2947876Z 8fea59a7b9cf3e57c3fd495bb67d9dfc7989196a
2026-09-24T06:01:09.3348908Z ##[group]Run actions/setup-python@v7
2026-09-24T06:01:09.3350198Z with:
2026-09-24T06:01:09.3351096Z   python-version: 3.11
2026-09-24T06:01:09.3352115Z   check-latest: false
2026-09-24T06:01:09.3363240Z   token: ***
2026-09-24T06:01:09.3364206Z   update-environment: true
2026-09-24T06:01:09.3365321Z   allow-prereleases: false
2026-09-24T06:01:09.3366427Z   freethreaded: false
2026-09-24T06:01:09.3367418Z ##[endgroup]
2026-09-24T06:01:09.4564369Z ##[group]Installed versions
2026-09-24T06:01:09.4660406Z Successfully set up CPython (3.11.16)
2026-09-24T06:01:09.4663204Z ##[endgroup]
2026-09-24T06:01:09.4856034Z ##[group]Run python -m pip install -e .
2026-09-24T06:01:09.4857494Z [36;1mpython -m pip install -e .[0m
2026-09-24T06:01:09.4929284Z shell: /usr/bin/bash -e {0}
2026-09-24T06:01:09.4931143Z env:
2026-09-24T06:01:09.4932388Z   pythonLocation: /opt/hostedtoolcache/Python/3.11.16/x64
2026-09-24T06:01:09.4934544Z   PKG_CONFIG_PATH: /opt/hostedtoolcache/Python/3.11.16/x64/lib/pkgconfig
2026-09-24T06:01:09.4936494Z   Python_ROOT_DIR: /opt/hostedtoolcache/Python/3.11.16/x64
2026-09-24T06:01:09.4938559Z   Python2_ROOT_DIR: /opt/hostedtoolcache/Python/3.11.16/x64
2026-09-24T06:01:09.4940335Z   Python3_ROOT_DIR: /opt/hostedtoolcache/Python/3.11.16/x64
2026-09-24T06:01:09.4942104Z   LD_LIBRARY_PATH: /opt/hostedtoolcache/Python/3.11.16/x64/lib
2026-09-24T06:01:09.4943595Z ##[endgroup]
2026-09-24T06:01:10.2518445Z Obtaining file:///home/runner/work/tooltest/tooltest
2026-09-24T06:01:10.2535211Z   Installing build dependencies: started
2026-09-24T06:01:10.9378608Z   Installing build dependencies: finished with status 'done'
2026-09-24T06:01:10.9384077Z   Checking if build backend supports build_editable: started
2026-09-24T06:01:11.2321758Z   Checking if build backend supports build_editable: finished with status 'done'
2026-09-24T06:01:11.2330496Z   Getting requirements to build editable: started
2026-09-24T06:01:11.5536503Z   Getting requirements to build editable: finished with status 'done'
2026-09-24T06:01:11.5545827Z   Preparing editable metadata (pyproject.toml): started
2026-09-24T06:01:11.7546727Z   Preparing editable metadata (pyproject.toml): finished with status 'done'
2026-09-24T06:01:11.7602612Z Building wheels for collected packages: diffwitness
2026-09-24T06:01:11.7611879Z   Building editable for diffwitness (pyproject.toml): started
2026-09-24T06:01:11.9888881Z   Building editable for diffwitness (pyproject.toml): finished with status 'done'
2026-09-24T06:01:11.9895446Z   Created wheel for diffwitness: filename=diffwitness-0.4.0a1-0.editable-py3-none-any.whl size=13332 sha256=79e3bd069f537ebb72deeeeea215fa8a0c18ff28c2815541e3b672ad13aab008
2026-09-24T06:01:11.9897864Z   Stored in directory: /tmp/pip-ephem-wheel-cache-171clb5i/wheels/1d/e2/0c/8df4c5f7ed0b68981a66a62e05333067f34d74dcef53b2c7d9
2026-09-24T06:01:11.9930324Z Successfully built diffwitness
2026-09-24T06:01:12.0081993Z Installing collected packages: diffwitness
2026-09-24T06:01:12.0158387Z Successfully installed diffwitness-0.4.0a1
2026-09-24T06:01:12.0705978Z ##[group]Run python -m pip check
2026-09-24T06:01:12.0706381Z [36;1mpython -m pip check[0m
2026-09-24T06:01:12.0743181Z shell: /usr/bin/bash -e {0}
2026-09-24T06:01:12.0743444Z env:
2026-09-24T06:01:12.0743721Z   pythonLocation: /opt/hostedtoolcache/Python/3.11.16/x64
2026-09-24T06:01:12.0744179Z   PKG_CONFIG_PATH: /opt/hostedtoolcache/Python/3.11.16/x64/lib/pkgconfig
2026-09-24T06:01:12.0744624Z   Python_ROOT_DIR: /opt/hostedtoolcache/Python/3.11.16/x64
2026-09-24T06:01:12.0745023Z   Python2_ROOT_DIR: /opt/hostedtoolcache/Python/3.11.16/x64
2026-09-24T06:01:12.0745437Z   Python3_ROOT_DIR: /opt/hostedtoolcache/Python/3.11.16/x64
2026-09-24T06:01:12.0745839Z   LD_LIBRARY_PATH: /opt/hostedtoolcache/Python/3.11.16/x64/lib
2026-09-24T06:01:12.0746172Z ##[endgroup]
2026-09-24T06:01:12.2595863Z No broken requirements found.
2026-09-24T06:01:12.2862559Z ##[group]Run python -m compileall -q src integrations scripts
2026-09-24T06:01:12.2863545Z [36;1mpython -m compileall -q src integrations scripts[0m
2026-09-24T06:01:12.2918775Z shell: /usr/bin/bash -e {0}
2026-09-24T06:01:12.2919242Z env:
2026-09-24T06:01:12.2919724Z   pythonLocation: /opt/hostedtoolcache/Python/3.11.16/x64
2026-09-24T06:01:12.2920545Z   PKG_CONFIG_PATH: /opt/hostedtoolcache/Python/3.11.16/x64/lib/pkgconfig
2026-09-24T06:01:12.2921359Z   Python_ROOT_DIR: /opt/hostedtoolcache/Python/3.11.16/x64
2026-09-24T06:01:12.2922069Z   Python2_ROOT_DIR: /opt/hostedtoolcache/Python/3.11.16/x64
2026-09-24T06:01:12.2922800Z   Python3_ROOT_DIR: /opt/hostedtoolcache/Python/3.11.16/x64
2026-09-24T06:01:12.2923530Z   LD_LIBRARY_PATH: /opt/hostedtoolcache/Python/3.11.16/x64/lib
2026-09-24T06:01:12.2924143Z ##[endgroup]
2026-09-24T06:01:12.6171448Z ##[group]Run set +e
2026-09-24T06:01:12.6171746Z [36;1mset +e[0m
2026-09-24T06:01:12.6172070Z [36;1mpython -m unittest discover -s tests -v 2>&1 | tee unittest.log[0m
2026-09-24T06:01:12.6172464Z [36;1mrc=${PIPESTATUS[0]}[0m
2026-09-24T06:01:12.6172761Z [36;1mecho "return_code=$rc" >> "$GITHUB_OUTPUT"[0m
2026-09-24T06:01:12.6173055Z [36;1mexit "$rc"[0m
2026-09-24T06:01:12.6210519Z shell: /usr/bin/bash --noprofile --norc -e -o pipefail {0}
2026-09-24T06:01:12.6210863Z env:
2026-09-24T06:01:12.6211136Z   pythonLocation: /opt/hostedtoolcache/Python/3.11.16/x64
2026-09-24T06:01:12.6211576Z   PKG_CONFIG_PATH: /opt/hostedtoolcache/Python/3.11.16/x64/lib/pkgconfig
2026-09-24T06:01:12.6212018Z   Python_ROOT_DIR: /opt/hostedtoolcache/Python/3.11.16/x64
2026-09-24T06:01:12.6212398Z   Python2_ROOT_DIR: /opt/hostedtoolcache/Python/3.11.16/x64
2026-09-24T06:01:12.6212789Z   Python3_ROOT_DIR: /opt/hostedtoolcache/Python/3.11.16/x64
2026-09-24T06:01:12.6213224Z   LD_LIBRARY_PATH: /opt/hostedtoolcache/Python/3.11.16/x64/lib
2026-09-24T06:01:12.6213549Z ##[endgroup]
2026-09-24T06:01:13.1553510Z test_acceptance_harnesses_preserve_utf8_subprocess_output (test_acceptance_utf8.AcceptanceEncodingTests.test_acceptance_harnesses_preserve_utf8_subprocess_output) ... ok
2026-09-24T06:01:13.4933262Z test_advisory_partition_can_spend_tiny_budget_but_public_runner_still_proves_removal (test_adaptive.AdaptiveCoreTests.test_advisory_partition_can_spend_tiny_budget_but_public_runner_still_proves_removal) ... ok
2026-09-24T06:01:14.1673680Z test_finds_one_hunk_core_without_testing_every_surplus_hunk (test_adaptive.AdaptiveCoreTests.test_finds_one_hunk_core_without_testing_every_surplus_hunk) ... ok
2026-09-24T06:01:14.1990597Z test_invalid_advisory_plan_fails_before_any_search (test_adaptive.AdaptiveCoreTests.test_invalid_advisory_plan_fails_before_any_search) ... ok
2026-09-24T06:01:14.3502116Z test_behavior_preserving_refactor_gets_preservation_evidence (test_assurance.AssuranceTests.test_behavior_preserving_refactor_gets_preservation_evidence) ... ok
2026-09-24T06:01:14.5440864Z test_changed_tests_that_already_pass_on_base_are_non_discriminating (test_assurance.AssuranceTests.test_changed_tests_that_already_pass_on_base_are_non_discriminating) ... DiffWitness Gate rejected: changed tests do not discriminate the production change from base
2026-09-24T06:01:14.5470165Z ok
2026-09-24T06:01:14.5620676Z test_gate_balanced_accepts_and_public_verify_understands_assurance (test_assurance.AssuranceTests.test_gate_balanced_accepts_and_public_verify_understands_assurance) ... DiffWitness Gate: non-discriminating-change under balanced policy (dwa1_380cf7d9ef6fe4fcd49b)
2026-09-24T06:01:14.7741630Z DiffWitness Gate: preservation-evidence under balanced policy (dwa1_e5a6c0c2d0ecbe26ce11)
2026-09-24T06:01:14.7742784Z DiffWitness Gate accepted: balanced policy accepts stable preservation assurance
2026-09-24T06:01:14.7744143Z Project continuity: 2 new change event(s) · dwchg_84b3f82f4a2ff5befe2d5540
2026-09-24T06:01:14.7932110Z certificate: dwa1_e5a6c0c2d0ecbe26ce11
2026-09-24T06:01:14.7932925Z integrity:   valid
2026-09-24T06:01:14.7933578Z freshness:   fresh against WORKTREE
2026-09-24T06:01:14.7934371Z candidate:   embedded-tree
2026-09-24T06:01:14.7969395Z base:        embedded-tree
2026-09-24T06:01:14.7969922Z verdict:     VALID
2026-09-24T06:01:14.8122541Z certificate: dwa1_e5a6c0c2d0ecbe26ce11
2026-09-24T06:01:14.8123081Z integrity:   valid
2026-09-24T06:01:14.8123390Z freshness:   stale against WORKTREE
2026-09-24T06:01:14.8123684Z candidate:   embedded-tree
2026-09-24T06:01:14.8123940Z base:        embedded-tree
2026-09-24T06:01:14.8124181Z verdict:     INVALID
2026-09-24T06:01:14.9787311Z DiffWitness Gate rejected: candidate is not stably green
2026-09-24T06:01:14.9808158Z ok
2026-09-24T06:01:14.9950791Z test_noop_certificate_is_fresh_then_stale_after_content_changes (test_attest.AttestationTests.test_noop_certificate_is_fresh_then_stale_after_content_changes) ... DiffWitness Gate: candidate-not-stable-green under strict policy (dwa1_4986de79e0db20b34dcf)
2026-09-24T06:01:15.0347002Z DiffWitness: proof not required (dw0_8ea2dbc3b2f8a474db2f); no executable causal mutation detected.
2026-09-24T06:01:15.0679864Z certificate: dw0_8ea2dbc3b2f8a474db2f
2026-09-24T06:01:15.0680233Z integrity:   valid
2026-09-24T06:01:15.0680486Z freshness:   fresh against WORKTREE
2026-09-24T06:01:15.0681000Z candidate:   embedded-tree
2026-09-24T06:01:15.0681417Z base:        embedded-tree
2026-09-24T06:01:15.0681853Z artifacts:   ignored proof.json
2026-09-24T06:01:15.0682249Z verdict:     VALID
2026-09-24T06:01:15.0892524Z ok
2026-09-24T06:01:15.1038533Z test_tree_bound_validation_proof_verifies_in_fresh_clone_without_snapshot_commit (test_attest.AttestationTests.test_tree_bound_validation_proof_verifies_in_fresh_clone_without_snapshot_commit) ... certificate: dw0_8ea2dbc3b2f8a474db2f
2026-09-24T06:01:15.1040515Z integrity:   valid
2026-09-24T06:01:15.1040961Z freshness:   stale against WORKTREE
2026-09-24T06:01:15.1041490Z candidate:   embedded-tree
2026-09-24T06:01:15.1041927Z base:        embedded-tree
2026-09-24T06:01:15.1042387Z artifacts:   ignored proof.json
2026-09-24T06:01:15.1042844Z verdict:     INVALID
2026-09-24T06:01:15.2635696Z DiffWitness: validation-only stable-pass (dwv1_39c8b920dccd2d4b22fb)
2026-09-24T06:01:15.2636773Z Project continuity: 2 new change event(s) · dwchg_e803d9891e370ce5582bd825
2026-09-24T06:01:15.2776831Z ok
2026-09-24T06:01:15.2916208Z test_verified_worktree_proof_can_be_attached_after_identical_commit (test_attest.AttestationTests.test_verified_worktree_proof_can_be_attached_after_identical_commit) ... certificate: dwv1_39c8b920dccd2d4b22fb
2026-09-24T06:01:15.2917108Z integrity:   valid
2026-09-24T06:01:15.2917348Z freshness:   fresh against HEAD
2026-09-24T06:01:15.2917617Z candidate:   embedded-tree
2026-09-24T06:01:15.2917856Z base:        embedded-tree
2026-09-24T06:01:15.2918343Z verdict:     VALID
2026-09-24T06:01:15.3238019Z DiffWitness: proof not required (dw0_b1af78ffed1a71874695); no executable causal mutation detected.
2026-09-24T06:01:15.3411006Z ok
2026-09-24T06:01:15.3417035Z test_detects_pytest_configuration (test_autodetect.AutoDetectTests.test_detects_pytest_configuration) ... ok
2026-09-24T06:01:15.3422688Z test_falls_back_to_unittest_for_plain_tests_directory (test_autodetect.AutoDetectTests.test_falls_back_to_unittest_for_plain_tests_directory) ... ok
2026-09-24T06:01:15.3432059Z test_prefers_declared_pnpm_test_script (test_autodetect.AutoDetectTests.test_prefers_declared_pnpm_test_script) ... ok
2026-09-24T06:01:15.3436969Z test_unified_schema_declares_every_public_certificate_family (test_certificate_schema.CertificateSchemaTests.test_unified_schema_declares_every_public_certificate_family) ... ok
2026-09-24T06:01:15.4084577Z test_binds_proof_debt_and_idleproof_to_one_exact_change (test_change_envelope.ChangeEnvelopeTests.test_binds_proof_debt_and_idleproof_to_one_exact_change) ... ok
2026-09-24T06:01:15.4349846Z test_corrupt_evidence_and_empty_envelope_fail_closed (test_change_envelope.ChangeEnvelopeTests.test_corrupt_evidence_and_empty_envelope_fail_closed) ... ok
2026-09-24T06:01:15.4553266Z test_idleproof_state_and_local_hook_files_do_not_change_diffwitness_worktree_identity (test_change_envelope.ChangeEnvelopeTests.test_idleproof_state_and_local_hook_files_do_not_change_diffwitness_worktree_identity) ... ok
2026-09-24T06:01:15.5222919Z test_mismatched_debt_candidate_tree_fails_closed (test_change_envelope.ChangeEnvelopeTests.test_mismatched_debt_candidate_tree_fails_closed) ... ok
2026-09-24T06:01:15.5864366Z test_mismatched_idleproof_change_fails_closed (test_change_envelope.ChangeEnvelopeTests.test_mismatched_idleproof_change_fails_closed) ... ok
2026-09-24T06:01:15.7435006Z test_init_creates_pinned_workflow_with_explicit_commands (test_cli.CliTests.test_init_creates_pinned_workflow_with_explicit_commands) ... ok
2026-09-24T06:01:16.1219778Z test_prove_writes_v2_certificate_and_markdown (test_cli.CliTests.test_prove_writes_v2_certificate_and_markdown) ... ok
2026-09-24T06:01:16.4012391Z test_direct_frontends_also_parse_before_preflight_or_discovery (test_cli_informational_safety.InformationalSafetyTests.test_direct_frontends_also_parse_before_preflight_or_discovery) ... ok
2026-09-24T06:01:16.8193463Z test_explicit_proof_still_executes_repository_tests (test_cli_informational_safety.InformationalSafetyTests.test_explicit_proof_still_executes_repository_tests) ... ok
2026-09-24T06:01:19.6583859Z test_help_and_version_preserve_repository_and_historical_evidence (test_cli_informational_safety.InformationalSafetyTests.test_help_and_version_preserve_repository_and_historical_evidence) ... ok
2026-09-24T06:01:20.0617326Z test_help_inside_explicit_test_command_still_executes (test_cli_informational_safety.InformationalSafetyTests.test_help_inside_explicit_test_command_still_executes) ... ok
2026-09-24T06:01:20.8142892Z test_invalid_options_fail_before_execution_or_certificate_deletion (test_cli_informational_safety.InformationalSafetyTests.test_invalid_options_fail_before_execution_or_certificate_deletion) ... ok
2026-09-24T06:01:20.8152299Z test_invalid_policy_and_budget_are_rejected (test_config.ConfigTests.test_invalid_policy_and_budget_are_rejected) ... ok
2026-09-24T06:01:20.8170274Z test_non_finite_timeouts_are_rejected_in_core_and_engine_config (test_config.ConfigTests.test_non_finite_timeouts_are_rejected_in_core_and_engine_config) ... ok
2026-09-24T06:01:20.8174572Z test_unknown_key_fails_closed (test_config.ConfigTests.test_unknown_key_fails_closed) ... ok
2026-09-24T06:01:20.8194232Z test_valid_gate_configuration_round_trips (test_config.ConfigTests.test_valid_gate_configuration_round_trips) ... ok
2026-09-24T06:01:20.8515359Z test_context_uses_project_test_configuration_without_private_engine_access (test_context_process_budget.ContextProcessBudgetTests.test_context_uses_project_test_configuration_without_private_engine_access) ... ok
2026-09-24T06:01:20.8679120Z test_failed_committed_history_walk_is_not_an_unborn_fingerprint (test_context_process_budget.ContextProcessBudgetTests.test_failed_committed_history_walk_is_not_an_unborn_fingerprint) ... ok
2026-09-24T06:01:20.8996272Z test_fingerprint_uses_reachable_roots_and_ignores_other_refs (test_context_process_budget.ContextProcessBudgetTests.test_fingerprint_uses_reachable_roots_and_ignores_other_refs) ... ok
2026-09-24T06:01:20.9264431Z test_malformed_project_configuration_still_fails (test_context_process_budget.ContextProcessBudgetTests.test_malformed_project_configuration_still_fails) ... ok
2026-09-24T06:01:20.9779436Z test_warm_context_uses_at_most_five_git_processes (test_context_process_budget.ContextProcessBudgetTests.test_warm_context_uses_at_most_five_git_processes) ... ok
2026-09-24T06:01:21.0508412Z test_bounds_and_repository_eviction_force_complete_validation (test_continuity_append_cache.AppendCacheTests.test_bounds_and_repository_eviction_force_complete_validation) ... ok
2026-09-24T06:01:21.0922855Z test_caller_inputs_and_results_cannot_mutate_cached_history (test_continuity_append_cache.AppendCacheTests.test_caller_inputs_and_results_cannot_mutate_cached_history) ... ok
2026-09-24T06:01:21.2783458Z test_concurrent_calls_have_one_chain_and_dedupe (test_continuity_append_cache.AppendCacheTests.test_concurrent_calls_have_one_chain_and_dedupe) ... ok
2026-09-24T06:01:21.3085674Z test_crt_text_translation_cannot_make_cached_bytes_differ_from_disk (test_continuity_append_cache.AppendCacheTests.test_crt_text_translation_cannot_make_cached_bytes_differ_from_disk) ... ok
2026-09-24T06:01:21.3421276Z test_external_suffix_is_validated_and_invalid_suffix_fails_closed (test_continuity_append_cache.AppendCacheTests.test_external_suffix_is_validated_and_invalid_suffix_fails_closed) ... ok
2026-09-24T06:01:21.3823610Z test_failed_batch_cannot_advance_cached_lifecycle_or_dedupe (test_continuity_append_cache.AppendCacheTests.test_failed_batch_cannot_advance_cached_lifecycle_or_dedupe) ... ok
2026-09-24T06:01:21.4160712Z test_failed_task_reference_cannot_replace_cached_task_identity (test_continuity_append_cache.AppendCacheTests.test_failed_task_reference_cannot_replace_cached_task_identity) ... ok
2026-09-24T06:01:21.4591646Z test_hash_valid_invalid_profile_and_duplicate_json_external_suffix_fail_closed (test_continuity_append_cache.AppendCacheTests.test_hash_valid_invalid_profile_and_duplicate_json_external_suffix_fail_closed) ... ok
2026-09-24T06:01:21.4982316Z test_partial_write_never_publishes_checkpoint (test_continuity_append_cache.AppendCacheTests.test_partial_write_never_publishes_checkpoint) ... ok
2026-09-24T06:01:21.5270442Z test_repeated_append_validates_only_new_suffix_but_public_read_remains_complete (test_continuity_append_cache.AppendCacheTests.test_repeated_append_validates_only_new_suffix_but_public_read_remains_complete) ... ok
2026-09-24T06:01:21.5551397Z test_same_size_timestamp_corruption_is_rejected_before_append (test_continuity_append_cache.AppendCacheTests.test_same_size_timestamp_corruption_is_rejected_before_append) ... ok
2026-09-24T06:01:21.5856010Z test_unterminated_valid_record_gets_separator_without_changing_old_bytes (test_continuity_append_cache.AppendCacheTests.test_unterminated_valid_record_gets_separator_without_changing_old_bytes) ... ok
2026-09-24T06:01:21.6311390Z test_valid_rewrite_truncation_and_crlf_unicode_keep_chain_truth (test_continuity_append_cache.AppendCacheTests.test_valid_rewrite_truncation_and_crlf_unicode_keep_chain_truth) ... ok
2026-09-24T06:01:21.7177389Z test_authoritative_flag_consistency_preserves_existing_runner_boundary (test_continuity_artifact_profile.ArtifactProfileTests.test_authoritative_flag_consistency_preserves_existing_runner_boundary) ... ok
2026-09-24T06:01:21.7838706Z test_compatible_legacy_reimport_preserves_original_events_and_bytes (test_continuity_artifact_profile.ArtifactProfileTests.test_compatible_legacy_reimport_preserves_original_events_and_bytes) ... ok
2026-09-24T06:01:21.8707956Z test_consumed_input_types_are_checked_before_projection (test_continuity_artifact_profile.ArtifactProfileTests.test_consumed_input_types_are_checked_before_projection) ... ok
2026-09-24T06:01:21.9304803Z test_declaration_and_relation_json_conflicts_fail_atomically (test_continuity_artifact_profile.ArtifactProfileTests.test_declaration_and_relation_json_conflicts_fail_atomically) ... ok
2026-09-24T06:01:21.9709972Z test_descriptor_advertises_profile_without_new_proof_authority (test_continuity_artifact_profile.ArtifactProfileTests.test_descriptor_advertises_profile_without_new_proof_authority) ... ok
2026-09-24T06:01:22.0355712Z test_invalid_legacy_cannot_gain_profile_compatibility_via_ignored_fields (test_continuity_artifact_profile.ArtifactProfileTests.test_invalid_legacy_cannot_gain_profile_compatibility_via_ignored_fields) ... ok
2026-09-24T06:01:22.2373907Z test_json_type_conflicts_are_not_silently_deduped (test_continuity_artifact_profile.ArtifactProfileTests.test_json_type_conflicts_are_not_silently_deduped) ... ok
2026-09-24T06:01:22.2905350Z test_legacy_digest_and_ephemeral_sha_exceptions_survive_profile_adoption (test_continuity_artifact_profile.ArtifactProfileTests.test_legacy_digest_and_ephemeral_sha_exceptions_survive_profile_adoption) ... ok
2026-09-24T06:01:22.4499708Z test_malformed_profile_batches_are_atomic (test_continuity_artifact_profile.ArtifactProfileTests.test_malformed_profile_batches_are_atomic) ... ok
2026-09-24T06:01:22.5070641Z test_mixed_history_replay_and_checkpoint_preserve_legacy_extensions (test_continuity_artifact_profile.ArtifactProfileTests.test_mixed_history_replay_and_checkpoint_preserve_legacy_extensions) ... ok
2026-09-24T06:01:22.5729624Z test_native_producer_profiles_all_five_types_without_promoting_imports (test_continuity_artifact_profile.ArtifactProfileTests.test_native_producer_profiles_all_five_types_without_promoting_imports) ... ok
2026-09-24T06:01:22.6338929Z test_native_reimport_adopts_legacy_without_rewriting_it (test_continuity_artifact_profile.ArtifactProfileTests.test_native_reimport_adopts_legacy_without_rewriting_it) ... ok
2026-09-24T06:01:22.7029939Z test_profile_does_not_hide_real_conflicts_or_other_profiles (test_continuity_artifact_profile.ArtifactProfileTests.test_profile_does_not_hide_real_conflicts_or_other_profiles) ... ok
2026-09-24T06:01:22.7677118Z test_readers_and_old_cache_cannot_bypass_typed_validation (test_continuity_artifact_profile.ArtifactProfileTests.test_readers_and_old_cache_cannot_bypass_typed_validation) ... ok
2026-09-24T06:01:22.8167188Z test_canonical_bytes_match_independent_reference_for_extensions_and_unicode (test_continuity_canonical_integrity.CanonicalIntegrityTests.test_canonical_bytes_match_independent_reference_for_extensions_and_unicode) ... ok
2026-09-24T06:01:22.8174109Z test_corruption_of_any_integrity_input_remains_visible (test_continuity_canonical_integrity.CanonicalIntegrityTests.test_corruption_of_any_integrity_input_remains_visible) ... ok
2026-09-24T06:01:22.8178745Z test_finite_json_and_circular_reference_checks_remain_active (test_continuity_canonical_integrity.CanonicalIntegrityTests.test_finite_json_and_circular_reference_checks_remain_active) ... ok
2026-09-24T06:01:22.8184891Z test_full_validator_encodes_nested_payload_only_once (test_continuity_canonical_integrity.CanonicalIntegrityTests.test_full_validator_encodes_nested_payload_only_once) ... ok
2026-09-24T06:01:22.8205467Z test_missing_or_malformed_identity_still_rejects_and_matches_reference (test_continuity_canonical_integrity.CanonicalIntegrityTests.test_missing_or_malformed_identity_still_rejects_and_matches_reference) ... ok
2026-09-24T06:01:22.8220962Z test_nested_identity_lookalikes_and_missing_actor_match_reference (test_continuity_canonical_integrity.CanonicalIntegrityTests.test_nested_identity_lookalikes_and_missing_actor_match_reference) ... ok
2026-09-24T06:01:22.8224371Z test_nonstandard_python_mapping_keeps_reference_encoding (test_continuity_canonical_integrity.CanonicalIntegrityTests.test_nonstandard_python_mapping_keeps_reference_encoding) ... ok
2026-09-24T06:01:22.8229408Z test_ordinary_validation_needs_one_complete_canonical_encoding (test_continuity_canonical_integrity.CanonicalIntegrityTests.test_ordinary_validation_needs_one_complete_canonical_encoding) ... ok
2026-09-24T06:01:22.8232784Z test_size_limit_counts_utf8_and_hash_member_exactly (test_continuity_canonical_integrity.CanonicalIntegrityTests.test_size_limit_counts_utf8_and_hash_member_exactly) ... ok
2026-09-24T06:01:22.8249697Z test_stream_rejection_closes_file_after_earlier_valid_events (test_continuity_canonical_integrity.CanonicalIntegrityTests.test_stream_rejection_closes_file_after_earlier_valid_events) ... ok
2026-09-24T06:01:22.8776102Z test_byte_budget_counts_utf8_bytes_instead_of_characters (test_continuity_change_paths.ChangePathAdmissionTests.test_byte_budget_counts_utf8_bytes_instead_of_characters) ... ok
2026-09-24T06:01:22.9158578Z test_exact_unicode_whitespace_control_and_backslash_paths (test_continuity_change_paths.ChangePathAdmissionTests.test_exact_unicode_whitespace_control_and_backslash_paths) ... ok
2026-09-24T06:01:22.9705205Z test_file_facts_use_change_identity_trees_not_unrelated_or_missing_commit_hints (test_continuity_change_paths.ChangePathAdmissionTests.test_file_facts_use_change_identity_trees_not_unrelated_or_missing_commit_hints) ... ok
2026-09-24T06:01:23.0569276Z test_forged_coverage_is_rejected_atomically (test_continuity_change_paths.ChangePathAdmissionTests.test_forged_coverage_is_rejected_atomically) ... ok
2026-09-24T06:01:23.1167285Z test_human_context_quotes_paths_without_terminal_control_execution (test_continuity_change_paths.ChangePathAdmissionTests.test_human_context_quotes_paths_without_terminal_control_execution) ... ok
2026-09-24T06:01:23.2718965Z test_installed_cli_reports_safe_exact_and_partial_admission (test_continuity_change_paths.ChangePathAdmissionTests.test_installed_cli_reports_safe_exact_and_partial_admission) ... ok
2026-09-24T06:01:23.3510687Z test_large_changes_keep_bounded_whole_paths_and_explicit_coverage (test_continuity_change_paths.ChangePathAdmissionTests.test_large_changes_keep_bounded_whole_paths_and_explicit_coverage) ... ok
2026-09-24T06:01:23.3851483Z test_unavailable_tree_is_not_presented_as_observed_empty_change (test_continuity_change_paths.ChangePathAdmissionTests.test_unavailable_tree_is_not_presented_as_observed_empty_change) ... ok
2026-09-24T06:01:23.5489185Z test_unknown_legacy_coverage_extension_cannot_crash_context (test_continuity_change_paths.ChangePathAdmissionTests.test_unknown_legacy_coverage_extension_cannot_crash_context) ... ok
2026-09-24T06:01:23.5849490Z test_unrepresentable_names_are_omitted_whole_without_relabeling (test_continuity_change_paths.ChangePathAdmissionTests.test_unrepresentable_names_are_omitted_whole_without_relabeling) ... ok
2026-09-24T06:01:23.6205345Z test_untrusted_commit_hint_cannot_be_a_git_option (test_continuity_change_paths.ChangePathAdmissionTests.test_untrusted_commit_hint_cannot_be_a_git_option) ... ok
2026-09-24T06:01:23.6738516Z test_whole_path_byte_budget_keeps_the_original_event_limit (test_continuity_change_paths.ChangePathAdmissionTests.test_whole_path_byte_budget_keeps_the_original_event_limit) ... ok
2026-09-24T06:01:23.8081322Z test_append_after_validation_is_visible_on_next_context (test_continuity_context_cache.ContinuityContextCacheTests.test_append_after_validation_is_visible_on_next_context) ... ok
2026-09-24T06:01:23.8683761Z test_concurrent_rebuild_cannot_inherit_another_snapshot_digest (test_continuity_context_cache.ContinuityContextCacheTests.test_concurrent_rebuild_cannot_inherit_another_snapshot_digest) ... ok
2026-09-24T06:01:23.9860471Z test_corruption_after_validation_never_becomes_a_trusted_cache_anchor (test_continuity_context_cache.ContinuityContextCacheTests.test_corruption_after_validation_never_becomes_a_trusted_cache_anchor) ... ok
2026-09-24T06:01:24.0473991Z test_hot_cache_detects_historical_tampering_before_serving_context (test_continuity_context_cache.ContinuityContextCacheTests.test_hot_cache_detects_historical_tampering_before_serving_context) ... ok
2026-09-24T06:01:24.0887880Z test_legacy_unvalidated_digest_is_not_trusted_after_upgrade (test_continuity_context_cache.ContinuityContextCacheTests.test_legacy_unvalidated_digest_is_not_trusted_after_upgrade) ... ok
2026-09-24T06:01:24.1600662Z test_legitimate_append_invalidates_cache_and_rebuilds_strictly (test_continuity_context_cache.ContinuityContextCacheTests.test_legitimate_append_invalidates_cache_and_rebuilds_strictly) ... ok
2026-09-24T06:01:24.1994481Z test_rebuilt_state_digest_belongs_to_the_bytes_that_were_validated (test_continuity_context_cache.ContinuityContextCacheTests.test_rebuilt_state_digest_belongs_to_the_bytes_that_were_validated) ... ok
2026-09-24T06:01:24.2470576Z test_unchanged_cache_does_not_reparse_the_journal (test_continuity_context_cache.ContinuityContextCacheTests.test_unchanged_cache_does_not_reparse_the_journal) ... ok
2026-09-24T06:01:24.3392766Z test_citation_tracks_the_exact_assertion_not_the_latest_journal_head (test_continuity_context_sources.ContextSourceTests.test_citation_tracks_the_exact_assertion_not_the_latest_journal_head) ... ok
2026-09-24T06:01:24.3987065Z test_confirmation_cites_its_review_separately_from_the_assertion (test_continuity_context_sources.ContextSourceTests.test_confirmation_cites_its_review_separately_from_the_assertion) ... ok
2026-09-24T06:01:24.4669969Z test_inconsistent_assertion_status_or_details_cannot_be_cited (test_continuity_context_sources.ContextSourceTests.test_inconsistent_assertion_status_or_details_cannot_be_cited) ... ok
2026-09-24T06:01:24.5120312Z test_missing_assertion_row_cannot_produce_a_fabricated_citation (test_continuity_context_sources.ContextSourceTests.test_missing_assertion_row_cannot_produce_a_fabricated_citation) ... ok
2026-09-24T06:01:24.5692146Z test_packet_anchor_and_citations_share_a_read_snapshot (test_continuity_context_sources.ContextSourceTests.test_packet_anchor_and_citations_share_a_read_snapshot) ... ok
2026-09-24T06:01:24.6843975Z test_stale_source_pointer_with_identical_assertions_is_rejected (test_continuity_context_sources.ContextSourceTests.test_stale_source_pointer_with_identical_assertions_is_rejected) ... ok
2026-09-24T06:01:24.6846942Z test_contract_covers_concepts_without_renaming_historical_wire_kinds (test_continuity_contract.ContinuityContractTests.test_contract_covers_concepts_without_renaming_historical_wire_kinds) ... ok
2026-09-24T06:01:24.6866060Z test_discovery_preserves_the_existing_human_relation_boundary (test_continuity_contract.ContinuityContractTests.test_discovery_preserves_the_existing_human_relation_boundary) ... ok
2026-09-24T06:01:24.6871551Z test_exported_metadata_cannot_mutate_live_contract_rules (test_continuity_contract.ContinuityContractTests.test_exported_metadata_cannot_mutate_live_contract_rules) ... ok
2026-09-24T06:01:24.7200211Z test_legacy_extensions_and_projection_lifecycle_survive_reconstruction (test_continuity_contract.ContinuityContractTests.test_legacy_extensions_and_projection_lifecycle_survive_reconstruction) ... ok
2026-09-24T06:01:24.8433318Z test_public_json_discovery_is_repository_independent_read_only_and_language_stable (test_continuity_contract.ContinuityContractTests.test_public_json_discovery_is_repository_independent_read_only_and_language_stable) ... ok
2026-09-24T06:01:24.8779245Z test_corrupt_debt_ledger_never_becomes_project_history (test_continuity_debt_bridge.ContinuityDebtBridgeTests.test_corrupt_debt_ledger_never_becomes_project_history) ... ok
2026-09-24T06:01:24.9765933Z test_full_ledger_lifecycle_projects_idempotently (test_continuity_debt_bridge.ContinuityDebtBridgeTests.test_full_ledger_lifecycle_projects_idempotently) ... ok
2026-09-24T06:01:25.0154493Z test_only_exact_available_base_and_well_formed_tree_can_identify_a_change (test_continuity_debt_bridge.ContinuityDebtBridgeTests.test_only_exact_available_base_and_well_formed_tree_can_identify_a_change) ... ok
2026-09-24T06:01:25.2484236Z test_option_like_historical_report_retains_debt_without_invented_change_link (test_continuity_debt_bridge.ContinuityDebtBridgeTests.test_option_like_historical_report_retains_debt_without_invented_change_link) ... ok
2026-09-24T06:01:25.5920325Z test_both_readers_reject_profile_mismatch_even_with_valid_hashes (test_continuity_declaration_profile.DeclarationProfileTests.test_both_readers_reject_profile_mismatch_even_with_valid_hashes) ... ok
2026-09-24T06:01:26.1071862Z test_cache_from_json_only_validation_cannot_skip_profile_admission (test_continuity_declaration_profile.DeclarationProfileTests.test_cache_from_json_only_validation_cannot_skip_profile_admission) ... ok
2026-09-24T06:01:26.1198051Z test_descriptor_exposes_opt_in_profile_without_claiming_proof_authority (test_continuity_declaration_profile.DeclarationProfileTests.test_descriptor_exposes_opt_in_profile_without_claiming_proof_authority) ... ok
2026-09-24T06:01:26.2054003Z test_invalid_profile_batch_fails_before_any_append (test_continuity_declaration_profile.DeclarationProfileTests.test_invalid_profile_batch_fails_before_any_append) ... ok
2026-09-24T06:01:26.2322307Z test_legacy_extensions_and_typed_events_share_history_without_rewriting (test_continuity_declaration_profile.DeclarationProfileTests.test_legacy_extensions_and_typed_events_share_history_without_rewriting) ... ok
2026-09-24T06:01:26.3132707Z test_native_commands_adopt_profile_and_keep_declared_authority (test_continuity_declaration_profile.DeclarationProfileTests.test_native_commands_adopt_profile_and_keep_declared_authority) ... ok
2026-09-24T06:01:26.3672027Z test_ambiguous_and_nonfinite_source_json_fails_before_append (test_continuity_envelope_admission.EnvelopeAdmissionTests.test_ambiguous_and_nonfinite_source_json_fails_before_append) ... ok
2026-09-24T06:01:26.4467315Z test_legacy_absence_and_idempotency_remain_compatible (test_continuity_envelope_admission.EnvelopeAdmissionTests.test_legacy_absence_and_idempotency_remain_compatible) ... ok
2026-09-24T06:01:26.5464327Z test_malformed_containers_fail_with_controlled_errors (test_continuity_envelope_admission.EnvelopeAdmissionTests.test_malformed_containers_fail_with_controlled_errors) ... ok
2026-09-24T06:01:26.6660435Z test_native_builder_output_remains_importable_and_observed (test_continuity_envelope_admission.EnvelopeAdmissionTests.test_native_builder_output_remains_importable_and_observed) ... ok
2026-09-24T06:01:26.7942077Z test_public_cli_rejects_string_false_without_writing_history (test_continuity_envelope_admission.EnvelopeAdmissionTests.test_public_cli_rejects_string_false_without_writing_history) ... ok
2026-09-24T06:01:26.8565738Z test_valid_false_zero_and_nullable_budget_keep_exact_meaning (test_continuity_envelope_admission.EnvelopeAdmissionTests.test_valid_false_zero_and_nullable_budget_keep_exact_meaning) ... ok
2026-09-24T06:01:26.9609942Z test_wrong_summary_scalars_fail_atomically (test_continuity_envelope_admission.EnvelopeAdmissionTests.test_wrong_summary_scalars_fail_atomically) ... ok
2026-09-24T06:01:27.0027083Z test_conflicting_object_and_path_are_rejected_without_append (test_continuity_envelope_snapshot.EnvelopeSnapshotTests.test_conflicting_object_and_path_are_rejected_without_append) ... ok
2026-09-24T06:01:27.0544626Z test_direct_object_has_no_invented_file_digest (test_continuity_envelope_snapshot.EnvelopeSnapshotTests.test_direct_object_has_no_invented_file_digest) ... ok
2026-09-24T06:01:27.1794772Z test_matching_dual_input_preserves_raw_unicode_and_line_endings (test_continuity_envelope_snapshot.EnvelopeSnapshotTests.test_matching_dual_input_preserves_raw_unicode_and_line_endings) ... ok
2026-09-24T06:01:27.2485399Z test_replacement_or_deletion_after_parse_keeps_parsed_snapshot_digest (test_continuity_envelope_snapshot.EnvelopeSnapshotTests.test_replacement_or_deletion_after_parse_keeps_parsed_snapshot_digest) ... ok
2026-09-24T06:01:27.2924581Z test_supplied_object_cannot_bypass_invalid_or_missing_source (test_continuity_envelope_snapshot.EnvelopeSnapshotTests.test_supplied_object_cannot_bypass_invalid_or_missing_source) ... ok
2026-09-24T06:01:27.3567679Z test_all_branches_include_merge_parents_and_disconnected_roots_without_proof (test_continuity_git_branches.GitBranchHistoryTests.test_all_branches_include_merge_parents_and_disconnected_roots_without_proof) ... Switched to a new branch 'unrelated'
2026-09-24T06:01:27.4528660Z ok
2026-09-24T06:01:27.5162504Z test_cli_resumption_hint_keeps_explicit_message_policy (test_continuity_git_branches.GitBranchHistoryTests.test_cli_resumption_hint_keeps_explicit_message_policy) ... Switched to a new branch 'unrelated'
2026-09-24T06:01:27.6328475Z ok
2026-09-24T06:01:27.6966264Z test_consistent_cursor_cannot_claim_unimported_messages (test_continuity_git_branches.GitBranchHistoryTests.test_consistent_cursor_cannot_claim_unimported_messages) ... Switched to a new branch 'unrelated'
2026-09-24T06:01:27.7460716Z ok
2026-09-24T06:01:27.8087061Z test_consistent_cursor_cannot_skip_unimported_commits (test_continuity_git_branches.GitBranchHistoryTests.test_consistent_cursor_cannot_skip_unimported_commits) ... Switched to a new branch 'unrelated'
2026-09-24T06:01:27.8563764Z ok
2026-09-24T06:01:27.9191767Z test_cursor_prefix_rechecks_corrupt_journal_bytes_with_preserved_size_and_time (test_continuity_git_branches.GitBranchHistoryTests.test_cursor_prefix_rechecks_corrupt_journal_bytes_with_preserved_size_and_time) ... Switched to a new branch 'unrelated'
2026-09-24T06:01:27.9644614Z ok
2026-09-24T06:01:28.0268761Z test_cursor_rejects_invalid_typed_fields_even_with_recomputed_checksum (test_continuity_git_branches.GitBranchHistoryTests.test_cursor_rejects_invalid_typed_fields_even_with_recomputed_checksum) ... Switched to a new branch 'unrelated'
2026-09-24T06:01:28.0783670Z ok
2026-09-24T06:01:28.1409764Z test_declared_messages_remain_opt_in_and_cannot_change_cursor_policy (test_continuity_git_branches.GitBranchHistoryTests.test_declared_messages_remain_opt_in_and_cannot_change_cursor_policy) ... Switched to a new branch 'unrelated'
2026-09-24T06:01:28.1897600Z ok
2026-09-24T06:01:28.2524628Z test_empty_sha256_and_localized_cli_preserve_compatible_modes (test_continuity_git_branches.GitBranchHistoryTests.test_empty_sha256_and_localized_cli_preserve_compatible_modes) ... Switched to a new branch 'unrelated'
2026-09-24T06:01:28.4811786Z ok
2026-09-24T06:01:28.5447381Z test_interruption_and_concurrent_page_imports_retain_journal_integrity (test_continuity_git_branches.GitBranchHistoryTests.test_interruption_and_concurrent_page_imports_retain_journal_integrity) ... Switched to a new branch 'unrelated'
2026-09-24T06:01:28.6661488Z ok
2026-09-24T06:01:28.7309320Z test_invalid_options_and_corrupted_cursor_fail_without_appending (test_continuity_git_branches.GitBranchHistoryTests.test_invalid_options_and_corrupted_cursor_fail_without_appending) ... Switched to a new branch 'unrelated'
2026-09-24T06:01:28.7793004Z ok
2026-09-24T06:01:28.8436768Z test_missing_non_first_parent_and_excessive_branch_capture_fail_before_append (test_continuity_git_branches.GitBranchHistoryTests.test_missing_non_first_parent_and_excessive_branch_capture_fail_before_append) ... Switched to a new branch 'unrelated'
2026-09-24T06:01:28.9133812Z ok
2026-09-24T06:01:28.9763691Z test_remote_tracking_tips_are_included_but_tag_only_history_is_explicitly_outside_scope (test_continuity_git_branches.GitBranchHistoryTests.test_remote_tracking_tips_are_included_but_tag_only_history_is_explicitly_outside_scope) ... Switched to a new branch 'unrelated'
2026-09-24T06:01:29.0910614Z ok
2026-09-24T06:01:29.1544368Z test_shallow_and_grafted_parent_lists_never_claim_complete_history (test_continuity_git_branches.GitBranchHistoryTests.test_shallow_and_grafted_parent_lists_never_claim_complete_history) ... Switched to a new branch 'unrelated'
2026-09-24T06:01:29.2965873Z ok
2026-09-24T06:01:29.3606320Z test_small_pages_retry_idempotently_and_keep_the_captured_tips_after_ref_movement (test_continuity_git_branches.GitBranchHistoryTests.test_small_pages_retry_idempotently_and_keep_the_captured_tips_after_ref_movement) ... Switched to a new branch 'unrelated'
2026-09-24T06:01:29.5759561Z ok
2026-09-24T06:01:29.8115465Z test_blocking_child_is_terminated_at_the_command_deadline (test_continuity_git_history.GitHistoryTests.test_blocking_child_is_terminated_at_the_command_deadline) ... ok
2026-09-24T06:01:29.9488174Z test_cli_rejects_bad_limit_and_imports_unicode_paths (test_continuity_git_history.GitHistoryTests.test_cli_rejects_bad_limit_and_imports_unicode_paths) ... ok
2026-09-24T06:01:29.9917923Z test_corrupt_commit_and_bounded_git_output_fail_before_append (test_continuity_git_history.GitHistoryTests.test_corrupt_commit_and_bounded_git_output_fail_before_append) ... ok
2026-09-24T06:01:30.0671811Z test_empty_and_sha256_repositories_are_supported (test_continuity_git_history.GitHistoryTests.test_empty_and_sha256_repositories_are_supported) ... ok
2026-09-24T06:01:30.1443452Z test_head_advance_and_replacement_objects_cannot_relabel_captured_commit (test_continuity_git_history.GitHistoryTests.test_head_advance_and_replacement_objects_cannot_relabel_captured_commit) ... ok
2026-09-24T06:01:30.2312597Z test_message_truncation_and_path_omission_are_explicit (test_continuity_git_history.GitHistoryTests.test_message_truncation_and_path_omission_are_explicit) ... ok
2026-09-24T06:01:30.3517972Z test_messages_are_separate_declared_opt_in_and_do_not_replace_commit_authority (test_continuity_git_history.GitHistoryTests.test_messages_are_separate_declared_opt_in_and_do_not_replace_commit_authority) ... ok
2026-09-24T06:01:30.4050048Z test_non_utf8_message_retains_only_digest_and_explicit_coverage (test_continuity_git_history.GitHistoryTests.test_non_utf8_message_retains_only_digest_and_explicit_coverage) ... ok
2026-09-24T06:01:30.4534439Z test_oversized_object_and_invalid_ref_cannot_partially_import_a_page (test_continuity_git_history.GitHistoryTests.test_oversized_object_and_invalid_ref_cannot_partially_import_a_page) ... ok
2026-09-24T06:01:30.5614577Z test_page_resumption_is_idempotent_and_excludes_dirty_bytes_and_private_headers (test_continuity_git_history.GitHistoryTests.test_page_resumption_is_idempotent_and_excludes_dirty_bytes_and_private_headers) ... ok
2026-09-24T06:01:30.6460931Z test_preappend_interruption_leaves_page_retryable (test_continuity_git_history.GitHistoryTests.test_preappend_interruption_leaves_page_retryable) ... ok
2026-09-24T06:01:30.7322828Z test_profile_cannot_promote_messages_or_invent_unbound_paths (test_continuity_git_history.GitHistoryTests.test_profile_cannot_promote_messages_or_invent_unbound_paths) ... ok
2026-09-24T06:01:30.8417816Z test_root_and_merge_observe_first_parent_diff_without_importing_side_branch (test_continuity_git_history.GitHistoryTests.test_root_and_merge_observe_first_parent_diff_without_importing_side_branch) ... ok
2026-09-24T06:01:30.9779937Z test_shallow_boundary_is_explicit_and_resumes_after_deepening (test_continuity_git_history.GitHistoryTests.test_shallow_boundary_is_explicit_and_resumes_after_deepening) ... ok
2026-09-24T06:01:31.0909784Z test_corrupt_tree_and_blob_bytes_are_rechecked_after_successful_import (test_continuity_git_lineage.GitLineageTests.test_corrupt_tree_and_blob_bytes_are_rechecked_after_successful_import) ... ok
2026-09-24T06:01:31.2170919Z test_cursor_policy_is_compatible_and_forged_opt_in_cannot_skip_assessments (test_continuity_git_lineage.GitLineageTests.test_cursor_policy_is_compatible_and_forged_opt_in_cannot_skip_assessments) ... ok
2026-09-24T06:01:31.3875324Z test_duplicate_content_copy_edit_and_mode_changes_are_not_silent_identity_merges (test_continuity_git_lineage.GitLineageTests.test_duplicate_content_copy_edit_and_mode_changes_are_not_silent_identity_merges) ... ok
2026-09-24T06:01:31.4425066Z test_excluded_regular_names_still_prevent_false_unique_matches (test_continuity_git_lineage.GitLineageTests.test_excluded_regular_names_still_prevent_false_unique_matches) ... ok
2026-09-24T06:01:31.5210447Z test_existing_assertion_authority_stays_bound_to_its_original_entity (test_continuity_git_lineage.GitLineageTests.test_existing_assertion_authority_stays_bound_to_its_original_entity) ... ok
2026-09-24T06:01:31.7832029Z test_limits_and_preappend_interruption_preserve_atomic_retry (test_continuity_git_lineage.GitLineageTests.test_limits_and_preappend_interruption_preserve_atomic_retry) ... ok
2026-09-24T06:01:31.8369596Z test_nonregular_replacement_is_not_a_removed_path (test_continuity_git_lineage.GitLineageTests.test_nonregular_replacement_is_not_a_removed_path) ... ok
2026-09-24T06:01:31.9766193Z test_opt_in_persists_inferred_relocation_with_exact_binding_and_no_proof_transfer (test_continuity_git_lineage.GitLineageTests.test_opt_in_persists_inferred_relocation_with_exact_binding_and_no_proof_transfer) ... ok
2026-09-24T06:01:32.0557297Z test_profile_rejects_promoted_authority_unbound_paths_and_altered_relations (test_continuity_git_lineage.GitLineageTests.test_profile_rejects_promoted_authority_unbound_paths_and_altered_relations) ... ok
2026-09-24T06:01:32.1140688Z test_profile_validation_has_specific_causes_independent_of_dedupe (test_continuity_git_lineage.GitLineageTests.test_profile_validation_has_specific_causes_independent_of_dedupe) ... ok
2026-09-24T06:01:32.2035094Z test_query_limits_exact_citations_and_journal_corruption (test_continuity_git_lineage.GitLineageTests.test_query_limits_exact_citations_and_journal_corruption) ... ok
2026-09-24T06:01:32.4319821Z test_real_pair_budget_rejects_whole_page_and_deadline_rejects_without_append (test_continuity_git_lineage.GitLineageTests.test_real_pair_budget_rejects_whole_page_and_deadline_rejects_without_append) ... ok
2026-09-24T06:01:32.6957166Z test_rename_back_and_branch_divergence_retain_distinct_cited_observations (test_continuity_git_lineage.GitLineageTests.test_rename_back_and_branch_divergence_retain_distinct_cited_observations) ... ok
2026-09-24T06:01:32.9052829Z test_sha256_root_merge_and_shallow_boundary_preserve_original_meaning (test_continuity_git_lineage.GitLineageTests.test_sha256_root_merge_and_shallow_boundary_preserve_original_meaning) ... ok
2026-09-24T06:01:32.9544163Z test_valid_hash_does_not_admit_malformed_or_unsafe_tree_structure (test_continuity_git_lineage.GitLineageTests.test_valid_hash_does_not_admit_malformed_or_unsafe_tree_structure) ... ok
2026-09-24T06:01:34.5975477Z test_guard_then_codex_stop_same_tree_keeps_current_proof_coherent (test_continuity_guard_native_reverification.GuardNativeReverificationTests.test_guard_then_codex_stop_same_tree_keeps_current_proof_coherent) ... ok
2026-09-24T06:01:34.6553799Z test_bounds_cycles_unknown_nodes_and_repeated_calls_are_deterministic (test_continuity_history.MemoryNavigationTests.test_bounds_cycles_unknown_nodes_and_repeated_calls_are_deterministic) ... ok
2026-09-24T06:01:34.6975535Z test_corrupt_journal_cannot_supply_history_or_reasons (test_continuity_history.MemoryNavigationTests.test_corrupt_journal_cannot_supply_history_or_reasons) ... ok
2026-09-24T06:01:34.7607811Z test_cursor_rejects_wrong_identity_truncation_and_valid_divergent_prefix (test_continuity_history.MemoryNavigationTests.test_cursor_rejects_wrong_identity_truncation_and_valid_divergent_prefix) ... ok
2026-09-24T06:01:34.8052613Z test_depth_and_reason_truncation_are_explicit (test_continuity_history.MemoryNavigationTests.test_depth_and_reason_truncation_are_explicit) ... ok
2026-09-24T06:01:34.8306014Z test_empty_history_and_unknown_identity_are_explicit_without_persistence (test_continuity_history.MemoryNavigationTests.test_empty_history_and_unknown_identity_are_explicit_without_persistence) ... ok
2026-09-24T06:01:34.8747012Z test_exact_citation_opens_original_event_and_rejects_wrong_hash_or_missing_id (test_continuity_history.MemoryNavigationTests.test_exact_citation_opens_original_event_and_rejects_wrong_hash_or_missing_id) ... ok
2026-09-24T06:01:34.9932040Z test_history_byte_bound_preserves_whole_events_and_all_pages (test_continuity_history.MemoryNavigationTests.test_history_byte_bound_preserves_whole_events_and_all_pages) ... ok
2026-09-24T06:01:35.0527347Z test_history_retains_exact_events_and_pages_a_stable_prefix_across_appends (test_continuity_history.MemoryNavigationTests.test_history_retains_exact_events_and_pages_a_stable_prefix_across_appends) ... ok
2026-09-24T06:01:35.1013990Z test_latest_edge_is_selected_with_its_own_source_and_old_event_remains_in_history (test_continuity_history.MemoryNavigationTests.test_latest_edge_is_selected_with_its_own_source_and_old_event_remains_in_history) ... ok
2026-09-24T06:01:35.1636051Z test_public_cli_json_and_french_text_are_read_only_and_escape_recorded_controls (test_continuity_history.MemoryNavigationTests.test_public_cli_json_and_french_text_are_read_only_and_escape_recorded_controls) ... ok
2026-09-24T06:01:35.1900801Z test_public_cli_rejects_non_repository_without_traceback_or_files (test_continuity_history.MemoryNavigationTests.test_public_cli_rejects_non_repository_without_traceback_or_files) ... ok
2026-09-24T06:01:35.2438666Z test_review_does_not_replace_assertion_and_inactive_memory_stays_explicit (test_continuity_history.MemoryNavigationTests.test_review_does_not_replace_assertion_and_inactive_memory_stays_explicit) ... ok
2026-09-24T06:01:35.2981454Z test_why_traverses_both_directions_and_preserves_separate_authorities_and_reasons (test_continuity_history.MemoryNavigationTests.test_why_traverses_both_directions_and_preserves_separate_authorities_and_reasons) ... ok
2026-09-24T06:01:35.4264011Z test_actual_git_delta_is_durable_cited_bidirectional_and_not_proof (test_continuity_impact.ImpactTests.test_actual_git_delta_is_durable_cited_bidirectional_and_not_proof) ... ok
2026-09-24T06:01:35.5532162Z test_actual_partial_path_coverage_keeps_unobserved_expectations_unknown (test_continuity_impact.ImpactTests.test_actual_partial_path_coverage_keeps_unobserved_expectations_unknown) ... ok
2026-09-24T06:01:35.6359620Z test_actual_unavailable_git_tree_and_exact_cited_memory (test_continuity_impact.ImpactTests.test_actual_unavailable_git_tree_and_exact_cited_memory) ... ok
2026-09-24T06:01:35.7463560Z test_dirty_plan_uses_exact_worktree_without_mutating_user_index (test_continuity_impact.ImpactTests.test_dirty_plan_uses_exact_worktree_without_mutating_user_index) ... ok
2026-09-24T06:01:35.8407813Z test_import_rejects_forged_delta_reference_hash_and_authority (test_continuity_impact.ImpactTests.test_import_rejects_forged_delta_reference_hash_and_authority) ... ok
2026-09-24T06:01:35.9055968Z test_invalid_inputs_fail_before_journal_write_and_no_path_aliases (test_continuity_impact.ImpactTests.test_invalid_inputs_fail_before_journal_write_and_no_path_aliases) ... ok
2026-09-24T06:01:35.9844698Z test_missing_git_objects_produce_unknown_not_false_absence (test_continuity_impact.ImpactTests.test_missing_git_objects_produce_unknown_not_false_absence) ... ok
2026-09-24T06:01:36.4515480Z test_real_cli_french_english_show_is_read_only_and_help_has_no_effects (test_continuity_impact.ImpactTests.test_real_cli_french_english_show_is_read_only_and_help_has_no_effects) ... ok
2026-09-24T06:01:36.5346326Z test_recording_plan_after_observed_change_is_not_anticipation (test_continuity_impact.ImpactTests.test_recording_plan_after_observed_change_is_not_anticipation) ... ok
2026-09-24T06:01:36.6187728Z test_unanticipated_path_and_partial_scope_are_explicit (test_continuity_impact.ImpactTests.test_unanticipated_path_and_partial_scope_are_explicit) ... ok
2026-09-24T06:01:36.7195758Z test_append_and_corruption_after_snapshot_never_stamp_unvalidated_bytes (test_continuity_incremental.IncrementalStateTests.test_append_and_corruption_after_snapshot_never_stamp_unvalidated_bytes) ... ok
2026-09-24T06:01:36.7653750Z test_append_checks_old_event_shape_once_and_batch_references_still_reject_atomically (test_continuity_incremental.IncrementalStateTests.test_append_checks_old_event_shape_once_and_batch_references_still_reject_atomically) ... ok
2026-09-24T06:01:36.8174870Z test_append_projects_only_suffix_with_one_validated_snapshot (test_continuity_incremental.IncrementalStateTests.test_append_projects_only_suffix_with_one_validated_snapshot) ... ok
2026-09-24T06:01:36.8766110Z test_busy_sqlite_writer_is_not_replaced_or_silently_rebuilt (test_continuity_incremental.IncrementalStateTests.test_busy_sqlite_writer_is_not_replaced_or_silently_rebuilt) ... ok
2026-09-24T06:01:36.9210903Z test_existing_reader_snapshot_remains_coherent_across_suffix_commit (test_continuity_incremental.IncrementalStateTests.test_existing_reader_snapshot_remains_coherent_across_suffix_commit) ... ok
2026-09-24T06:01:36.9704103Z test_hash_valid_invalid_prefix_reference_rejects_update_and_append (test_continuity_incremental.IncrementalStateTests.test_hash_valid_invalid_prefix_reference_rejects_update_and_append) ... ok
2026-09-24T06:01:37.1303078Z test_legacy_framing_and_duplicate_conflicts_preserve_exact_bytes (test_continuity_incremental.IncrementalStateTests.test_legacy_framing_and_duplicate_conflicts_preserve_exact_bytes) ... ok
2026-09-24T06:01:37.3342891Z test_materializers_and_explicit_rebuild_serialize_before_reading_journal (test_continuity_incremental.IncrementalStateTests.test_materializers_and_explicit_rebuild_serialize_before_reading_journal) ... ok
2026-09-24T06:01:37.4907086Z test_mixed_history_and_citations_match_rebuild_without_reprojecting_prefix (test_continuity_incremental.IncrementalStateTests.test_mixed_history_and_citations_match_rebuild_without_reprojecting_prefix) ... ok
2026-09-24T06:01:37.5387623Z test_same_size_same_mtime_prefix_corruption_is_rejected_and_preserves_state (test_continuity_incremental.IncrementalStateTests.test_same_size_same_mtime_prefix_corruption_is_rejected_and_preserves_state) ... ok
2026-09-24T06:01:37.5970522Z test_suffix_failure_rolls_back_rows_head_digest_and_retry_converges (test_continuity_incremental.IncrementalStateTests.test_suffix_failure_rolls_back_rows_head_digest_and_retry_converges) ... ok
2026-09-24T06:01:37.8839814Z test_truncation_divergence_missing_anchor_and_event_row_damage_reconstruct (test_continuity_incremental.IncrementalStateTests.test_truncation_divergence_missing_anchor_and_event_row_damage_reconstruct) ... ok
2026-09-24T06:01:37.9485120Z test_changed_payload_removes_stale_terms_but_inherited_label_remains_searchable (test_continuity_indexed_context.IndexedContextTests.test_changed_payload_removes_stale_terms_but_inherited_label_remains_searchable) ... ok
2026-09-24T06:01:37.9955150Z test_complete_two_hop_graph_critical_and_component_seeds_survive_selection (test_continuity_indexed_context.IndexedContextTests.test_complete_two_hop_graph_critical_and_component_seeds_survive_selection) ... ok
2026-09-24T06:01:38.0330078Z test_exact_short_id_and_short_component_seed_do_not_depend_on_lexical_tokens (test_continuity_indexed_context.IndexedContextTests.test_exact_short_id_and_short_component_seed_do_not_depend_on_lexical_tokens) ... ok
2026-09-24T06:01:38.1383519Z test_indexed_retrieval_matches_full_scan_on_mixed_graph (test_continuity_indexed_context.IndexedContextTests.test_indexed_retrieval_matches_full_scan_on_mixed_graph) ... ok
2026-09-24T06:01:38.4163929Z test_selective_query_does_not_decode_thousands_of_unrelated_entities (test_continuity_indexed_context.IndexedContextTests.test_selective_query_does_not_decode_thousands_of_unrelated_entities) ... ok
2026-09-24T06:01:38.4498020Z test_cache_from_permissive_parser_cannot_bypass_strict_validation (test_continuity_json_contract.ContinuityJSONContractTests.test_cache_from_permissive_parser_cannot_bypass_strict_validation) ... ok
2026-09-24T06:01:38.4662679Z test_duplicate_members_are_rejected_at_every_nesting_level (test_continuity_json_contract.ContinuityJSONContractTests.test_duplicate_members_are_rejected_at_every_nesting_level) ... ok
2026-09-24T06:01:38.5001778Z test_invalid_checkpoint_does_not_rewrite_local_journal (test_continuity_json_contract.ContinuityJSONContractTests.test_invalid_checkpoint_does_not_rewrite_local_journal) ... ok
2026-09-24T06:01:38.5165802Z test_legacy_non_finite_history_is_rejected_even_with_valid_old_hashes (test_continuity_json_contract.ContinuityJSONContractTests.test_legacy_non_finite_history_is_rejected_even_with_valid_old_hashes) ... ok
2026-09-24T06:01:38.5441657Z test_non_finite_writer_rejects_entire_batch_before_append (test_continuity_json_contract.ContinuityJSONContractTests.test_non_finite_writer_rejects_entire_batch_before_append) ... ok
2026-09-24T06:01:38.5648823Z test_unicode_line_separators_inside_strings_do_not_split_events (test_continuity_json_contract.ContinuityJSONContractTests.test_unicode_line_separators_inside_strings_do_not_split_events) ... ok
2026-09-24T06:01:38.6453351Z test_valid_history_keeps_exact_bytes_identifiers_and_reconstruction (test_continuity_json_contract.ContinuityJSONContractTests.test_valid_history_keeps_exact_bytes_identifiers_and_reconstruction) ... ok
2026-09-24T06:01:38.6455961Z test_component_identity_is_provider_neutral_and_path_safe (test_continuity_kernel.ContinuityKernelTests.test_component_identity_is_provider_neutral_and_path_safe) ... ok
2026-09-24T06:01:38.7979968Z test_context_compiler_joins_human_memory_structure_and_change_evidence (test_continuity_kernel.ContinuityKernelTests.test_context_compiler_joins_human_memory_structure_and_change_evidence) ... ok
2026-09-24T06:01:38.8534998Z test_event_and_state_do_not_store_raw_diff_or_prompt_fields (test_continuity_kernel.ContinuityKernelTests.test_event_and_state_do_not_store_raw_diff_or_prompt_fields) ... ok
2026-09-24T06:01:38.9379911Z test_manual_envelope_cannot_self_promote_proof_to_verified (test_continuity_kernel.ContinuityKernelTests.test_manual_envelope_cannot_self_promote_proof_to_verified) ... ok
2026-09-24T06:01:38.9682876Z test_project_event_log_is_hash_chained_and_tamper_evident (test_continuity_kernel.ContinuityKernelTests.test_project_event_log_is_hash_chained_and_tamper_evident) ... ok
2026-09-24T06:01:39.0016864Z test_python_structure_separates_observed_from_inferred (test_continuity_kernel.ContinuityKernelTests.test_python_structure_separates_observed_from_inferred) ... ok
2026-09-24T06:01:39.0563721Z test_state_db_is_disposable_and_rebuilt_from_events (test_continuity_kernel.ContinuityKernelTests.test_state_db_is_disposable_and_rebuilt_from_events) ... ok
2026-09-24T06:01:39.1096124Z test_accented_query_matches_plain_label_and_french_ligatures (test_continuity_language_retrieval.LanguageRetrievalTests.test_accented_query_matches_plain_label_and_french_ligatures) ... ok
2026-09-24T06:01:39.1240217Z test_ascii_token_behavior_is_preserved (test_continuity_language_retrieval.LanguageRetrievalTests.test_ascii_token_behavior_is_preserved) ... ok
2026-09-24T06:01:39.2220186Z test_compatibility_forms_match_memory_in_both_directions (test_continuity_language_retrieval.LanguageRetrievalTests.test_compatibility_forms_match_memory_in_both_directions) ... ok
2026-09-24T06:01:39.3298000Z test_french_accents_and_canonical_unicode_forms_recall_exact_assertion (test_continuity_language_retrieval.LanguageRetrievalTests.test_french_accents_and_canonical_unicode_forms_recall_exact_assertion) ... ok
2026-09-24T06:01:39.3790553Z test_legacy_index_rebuilds_without_changing_the_journal (test_continuity_language_retrieval.LanguageRetrievalTests.test_legacy_index_rebuilds_without_changing_the_journal) ... ok
2026-09-24T06:01:39.4228686Z test_normalized_terms_do_not_merge_distinct_identities_or_authorities (test_continuity_language_retrieval.LanguageRetrievalTests.test_normalized_terms_do_not_merge_distinct_identities_or_authorities) ... ok
2026-09-24T06:01:39.4620152Z test_query_is_not_persisted_and_unrelated_query_has_no_match (test_continuity_language_retrieval.LanguageRetrievalTests.test_query_is_not_persisted_and_unrelated_query_has_no_match) ... ok
2026-09-24T06:01:39.5270490Z test_replacement_removes_old_normalized_payload_terms (test_continuity_language_retrieval.LanguageRetrievalTests.test_replacement_removes_old_normalized_payload_terms) ... ok
2026-09-24T06:01:39.5871378Z test_retired_memory_is_not_revived_by_normalization (test_continuity_language_retrieval.LanguageRetrievalTests.test_retired_memory_is_not_revived_by_normalization) ... ok
2026-09-24T06:01:39.6311253Z test_short_exact_id_keeps_literal_matching (test_continuity_language_retrieval.LanguageRetrievalTests.test_short_exact_id_keeps_literal_matching) ... ok
2026-09-24T06:01:39.6612479Z test_contract_exposes_both_profiles_without_proof_authority (test_continuity_lifecycle_profiles.LifecycleProfileTests.test_contract_exposes_both_profiles_without_proof_authority) ... ok
2026-09-24T06:01:39.7697126Z test_invalid_profiled_ledger_batch_cannot_append_or_promote_authority (test_continuity_lifecycle_profiles.LifecycleProfileTests.test_invalid_profiled_ledger_batch_cannot_append_or_promote_authority) ... ok
2026-09-24T06:01:39.8479798Z test_malformed_consumed_ledger_values_are_rejected_before_projection (test_continuity_lifecycle_profiles.LifecycleProfileTests.test_malformed_consumed_ledger_values_are_rejected_before_projection) ... ok
2026-09-24T06:01:39.8846850Z test_missing_historical_git_object_and_zero_points_preserve_absence (test_continuity_lifecycle_profiles.LifecycleProfileTests.test_missing_historical_git_object_and_zero_points_preserve_absence) ... ok
2026-09-24T06:01:39.9820944Z test_native_legacy_ledger_reimport_preserves_every_original_byte (test_continuity_lifecycle_profiles.LifecycleProfileTests.test_native_legacy_ledger_reimport_preserves_every_original_byte) ... ok
2026-09-24T06:01:40.0529219Z test_native_legacy_relation_reimport_is_immutable (test_continuity_lifecycle_profiles.LifecycleProfileTests.test_native_legacy_relation_reimport_is_immutable) ... ok
2026-09-24T06:01:40.1134275Z test_profile_adoption_does_not_mask_real_ledger_or_relation_conflicts (test_continuity_lifecycle_profiles.LifecycleProfileTests.test_profile_adoption_does_not_mask_real_ledger_or_relation_conflicts) ... ok
2026-09-24T06:01:40.2102337Z test_public_relation_preserves_source_authority_and_payload (test_continuity_lifecycle_profiles.LifecycleProfileTests.test_public_relation_preserves_source_authority_and_payload) ... ok
2026-09-24T06:01:40.2671359Z test_readers_checkpoints_and_old_cache_reject_hash_valid_invalid_profile (test_continuity_lifecycle_profiles.LifecycleProfileTests.test_readers_checkpoints_and_old_cache_reject_hash_valid_invalid_profile) ... ok
2026-09-24T06:01:40.3573411Z test_real_six_state_lifecycle_is_profiled_idempotent_and_replayable (test_continuity_lifecycle_profiles.LifecycleProfileTests.test_real_six_state_lifecycle_is_profiled_idempotent_and_replayable) ... ok
2026-09-24T06:01:40.4259088Z test_relation_profile_rejects_promotion_missing_provenance_and_invalid_edges (test_continuity_lifecycle_profiles.LifecycleProfileTests.test_relation_profile_rejects_promotion_missing_provenance_and_invalid_edges) ... ok
2026-09-24T06:01:40.4441152Z test_denial_followed_by_live_owner_does_not_authorize_entry (test_continuity_lock.EventLockTests.test_denial_followed_by_live_owner_does_not_authorize_entry) ... ok
2026-09-24T06:01:40.4615837Z test_non_windows_permission_denial_is_not_retried (test_continuity_lock.EventLockTests.test_non_windows_permission_denial_is_not_retried) ... ok
2026-09-24T06:01:40.4796785Z test_persistent_denial_cannot_enter_mutate_or_remove_foreign_lock (test_continuity_lock.EventLockTests.test_persistent_denial_cannot_enter_mutate_or_remove_foreign_lock) ... ok
2026-09-24T06:01:40.5530852Z test_transient_windows_create_denial_retries_exclusively_before_append (test_continuity_lock.EventLockTests.test_transient_windows_create_denial_retries_exclusively_before_append) ... ok
2026-09-24T06:01:40.5879680Z test_debt_refresh_never_promotes_replacement_measurement (test_continuity_memory_authority.MemoryAuthorityTests.test_debt_refresh_never_promotes_replacement_measurement) ... ok
2026-09-24T06:01:40.6713879Z test_legacy_materialization_is_rebuilt_without_journal_mutation (test_continuity_memory_authority.MemoryAuthorityTests.test_legacy_materialization_is_rebuilt_without_journal_mutation) ... ok
2026-09-24T06:01:41.5300447Z test_real_proof_cannot_certify_a_later_public_cli_declaration (test_continuity_memory_authority.MemoryAuthorityTests.test_real_proof_cannot_certify_a_later_public_cli_declaration) ... ok
2026-09-24T06:01:41.5700349Z test_relation_only_event_does_not_replace_source_entity (test_continuity_memory_authority.MemoryAuthorityTests.test_relation_only_event_does_not_replace_source_entity) ... ok
2026-09-24T06:01:41.6034234Z test_relation_update_never_inherits_authority_for_new_metadata (test_continuity_memory_authority.MemoryAuthorityTests.test_relation_update_never_inherits_authority_for_new_metadata) ... ok
2026-09-24T06:01:41.7065104Z test_replacement_facts_carry_their_own_authority_and_provenance (test_continuity_memory_authority.MemoryAuthorityTests.test_replacement_facts_carry_their_own_authority_and_provenance) ... ok
2026-09-24T06:01:41.7504006Z test_batch_write_failure_preserves_existing_database_and_all_journal_bytes (test_continuity_projection_batches.ProjectionBatchTests.test_batch_write_failure_preserves_existing_database_and_all_journal_bytes) ... ok
2026-09-24T06:01:42.5448461Z test_bounded_batches_equal_sequential_projection_across_updates_and_lifecycle (test_continuity_projection_batches.ProjectionBatchTests.test_bounded_batches_equal_sequential_projection_across_updates_and_lifecycle) ... ok
2026-09-24T06:01:42.6373237Z test_abbreviated_month_dates_never_become_path_terms (test_continuity_questions.MemoryQuestionTests.test_abbreviated_month_dates_never_become_path_terms) ... ok
2026-09-24T06:01:42.7793778Z test_abbreviated_month_ordinal_dates_never_become_path_terms (test_continuity_questions.MemoryQuestionTests.test_abbreviated_month_ordinal_dates_never_become_path_terms) ... ok
2026-09-24T06:01:43.1639217Z test_actual_cli_bilingual_json_is_identical_and_help_has_no_writes (test_continuity_questions.MemoryQuestionTests.test_actual_cli_bilingual_json_is_identical_and_help_has_no_writes) ... ok
2026-09-24T06:01:43.2327131Z test_adjacent_french_elided_forms_never_disappear_into_names (test_continuity_questions.MemoryQuestionTests.test_adjacent_french_elided_forms_never_disappear_into_names) ... ok
2026-09-24T06:01:43.3344330Z test_adjacent_period_question_clauses_preserve_dotted_names (test_continuity_questions.MemoryQuestionTests.test_adjacent_period_question_clauses_preserve_dotted_names) ... ok
2026-09-24T06:01:43.3913842Z test_ambiguous_dependency_targets_abstain_unless_literal_identity_is_given (test_continuity_questions.MemoryQuestionTests.test_ambiguous_dependency_targets_abstain_unless_literal_identity_is_given) ... ok
2026-09-24T06:01:43.4724759Z test_bare_iso_bound_retains_terminal_sentence_punctuation (test_continuity_questions.MemoryQuestionTests.test_bare_iso_bound_retains_terminal_sentence_punctuation) ... ok
2026-09-24T06:01:43.5294263Z test_bounds_determinism_literal_entity_and_corrupt_journal_fail_closed (test_continuity_questions.MemoryQuestionTests.test_bounds_determinism_literal_entity_and_corrupt_journal_fail_closed) ... ok
2026-09-24T06:01:43.5925109Z test_car_is_allowed_in_incoming_target_names (test_continuity_questions.MemoryQuestionTests.test_car_is_allowed_in_incoming_target_names) ... ok
2026-09-24T06:01:43.6392886Z test_changes_require_all_search_terms_not_a_shared_generic_word (test_continuity_questions.MemoryQuestionTests.test_changes_require_all_search_terms_not_a_shared_generic_word) ... ok
2026-09-24T06:01:43.7153966Z test_clock_qualifiers_do_not_become_matching_path_components (test_continuity_questions.MemoryQuestionTests.test_clock_qualifiers_do_not_become_matching_path_components) ... ok
2026-09-24T06:01:43.7644977Z test_colon_separated_question_forms_abstain_with_literal_entity (test_continuity_questions.MemoryQuestionTests.test_colon_separated_question_forms_abstain_with_literal_entity) ... ok
2026-09-24T06:01:43.9619226Z test_compact_fiscal_and_quarter_periods_never_become_path_terms (test_continuity_questions.MemoryQuestionTests.test_compact_fiscal_and_quarter_periods_never_become_path_terms) ... ok
2026-09-24T06:01:44.0086211Z test_compound_dependency_questions_do_not_ignore_outgoing_clause (test_continuity_questions.MemoryQuestionTests.test_compound_dependency_questions_do_not_ignore_outgoing_clause) ... ok
2026-09-24T06:01:44.0445341Z test_conjoined_remember_is_a_command_not_a_noun_name_suffix (test_continuity_questions.MemoryQuestionTests.test_conjoined_remember_is_a_command_not_a_noun_name_suffix) ... ok
2026-09-24T06:01:44.3297278Z test_conjunctive_names_preserve_intent_words_and_exact_sources (test_continuity_questions.MemoryQuestionTests.test_conjunctive_names_preserve_intent_words_and_exact_sources) ... ok
2026-09-24T06:01:44.4851552Z test_dash_separated_question_clauses_never_become_name_terms (test_continuity_questions.MemoryQuestionTests.test_dash_separated_question_clauses_never_become_name_terms) ... ok
2026-09-24T06:01:44.6182996Z test_dependency_entity_names_do_not_become_other_intents (test_continuity_questions.MemoryQuestionTests.test_dependency_entity_names_do_not_become_other_intents) ... ok
2026-09-24T06:01:44.6751609Z test_dependency_target_uses_all_distinguishing_terms (test_continuity_questions.MemoryQuestionTests.test_dependency_target_uses_all_distinguishing_terms) ... ok
2026-09-24T06:01:44.8831564Z test_dependency_verb_words_in_names_are_not_embedded_clauses (test_continuity_questions.MemoryQuestionTests.test_dependency_verb_words_in_names_are_not_embedded_clauses) ... ok
2026-09-24T06:01:44.9956244Z test_dotted_software_versions_are_not_unintroduced_date_filters (test_continuity_questions.MemoryQuestionTests.test_dotted_software_versions_are_not_unintroduced_date_filters) ... ok
2026-09-24T06:01:45.1774562Z test_entity_intent_words_are_preserved_in_why_and_explicit_memory (test_continuity_questions.MemoryQuestionTests.test_entity_intent_words_are_preserved_in_why_and_explicit_memory) ... ok
2026-09-24T06:01:45.2669371Z test_equal_lexical_terms_keep_all_sources_until_identity_is_selected (test_continuity_questions.MemoryQuestionTests.test_equal_lexical_terms_keep_all_sources_until_identity_is_selected) ... ok
2026-09-24T06:01:45.3164473Z test_explicit_bound_does_not_erase_question_side_time_constraints (test_continuity_questions.MemoryQuestionTests.test_explicit_bound_does_not_erase_question_side_time_constraints) ... ok
2026-09-24T06:01:45.3742993Z test_explicit_dotted_date_constraints_do_not_become_version_terms (test_continuity_questions.MemoryQuestionTests.test_explicit_dotted_date_constraints_do_not_become_version_terms) ... ok
2026-09-24T06:01:45.5281735Z test_explicit_empty_bounds_have_bounded_cli_rejection (test_continuity_questions.MemoryQuestionTests.test_explicit_empty_bounds_have_bounded_cli_rejection) ... ok
2026-09-24T06:01:45.5524332Z test_explicit_empty_bounds_raise_instead_of_becoming_unbounded (test_continuity_questions.MemoryQuestionTests.test_explicit_empty_bounds_raise_instead_of_becoming_unbounded) ... ok
2026-09-24T06:01:45.8356605Z test_extreme_timezone_bounds_have_bounded_cli_rejection (test_continuity_questions.MemoryQuestionTests.test_extreme_timezone_bounds_have_bounded_cli_rejection) ... ok
2026-09-24T06:01:45.8835164Z test_french_english_why_cite_exact_reason_without_promoting_it (test_continuity_questions.MemoryQuestionTests.test_french_english_why_cite_exact_reason_without_promoting_it) ... ok
2026-09-24T06:01:45.9584027Z test_generic_time_zone_clocks_never_become_path_terms (test_continuity_questions.MemoryQuestionTests.test_generic_time_zone_clocks_never_become_path_terms) ... ok
2026-09-24T06:01:46.0075982Z test_import_and_call_questions_cannot_fall_back_to_memory (test_continuity_questions.MemoryQuestionTests.test_import_and_call_questions_cannot_fall_back_to_memory) ... ok
2026-09-24T06:01:46.0534174Z test_inactive_edge_cannot_make_an_active_unknown_target_ambiguous (test_continuity_questions.MemoryQuestionTests.test_inactive_edge_cannot_make_an_active_unknown_target_ambiguous) ... ok
2026-09-24T06:01:46.0994568Z test_inactive_source_cannot_name_an_unknown_target_for_an_active_edge (test_continuity_questions.MemoryQuestionTests.test_inactive_source_cannot_name_an_unknown_target_for_an_active_edge) ... ok
2026-09-24T06:01:46.1620909Z test_incoming_dependencies_have_exact_relation_source_and_direction (test_continuity_questions.MemoryQuestionTests.test_incoming_dependencies_have_exact_relation_source_and_direction) ... ok
2026-09-24T06:01:46.2712818Z test_iso_date_substrings_remain_literal_entity_identifiers (test_continuity_questions.MemoryQuestionTests.test_iso_date_substrings_remain_literal_entity_identifiers) ... ok
2026-09-24T06:01:46.3477413Z test_iso_weekday_dates_never_become_path_terms (test_continuity_questions.MemoryQuestionTests.test_iso_weekday_dates_never_become_path_terms) ... ok
2026-09-24T06:01:46.4208325Z test_literal_entity_does_not_erase_unmatched_question_terms (test_continuity_questions.MemoryQuestionTests.test_literal_entity_does_not_erase_unmatched_question_terms) ... ok
2026-09-24T06:01:46.4755822Z test_missing_reason_unrelated_question_and_ambiguous_dates_abstain (test_continuity_questions.MemoryQuestionTests.test_missing_reason_unrelated_question_and_ambiguous_dates_abstain) ... ok
2026-09-24T06:01:46.5585027Z test_mixed_intents_never_choose_one_partial_answer (test_continuity_questions.MemoryQuestionTests.test_mixed_intents_never_choose_one_partial_answer) ... ok
2026-09-24T06:01:46.6340660Z test_named_zone_clocks_never_become_path_terms (test_continuity_questions.MemoryQuestionTests.test_named_zone_clocks_never_become_path_terms) ... ok
2026-09-24T06:01:46.6790423Z test_natural_date_with_time_qualification_never_becomes_midnight (test_continuity_questions.MemoryQuestionTests.test_natural_date_with_time_qualification_never_becomes_midnight) ... ok
2026-09-24T06:01:46.7377243Z test_non_iso_hyphenated_dates_never_become_path_terms (test_continuity_questions.MemoryQuestionTests.test_non_iso_hyphenated_dates_never_become_path_terms) ... ok
2026-09-24T06:01:46.8704573Z test_numeric_technology_and_compound_identifiers_are_not_year_filters (test_continuity_questions.MemoryQuestionTests.test_numeric_technology_and_compound_identifiers_are_not_year_filters) ... ok
2026-09-24T06:01:46.9168864Z test_outgoing_dependency_wording_abstains_in_both_languages (test_continuity_questions.MemoryQuestionTests.test_outgoing_dependency_wording_abstains_in_both_languages) ... ok
2026-09-24T06:01:47.0611900Z test_oversized_context_refuses_instead_of_cutting_reason_or_citation (test_continuity_questions.MemoryQuestionTests.test_oversized_context_refuses_instead_of_cutting_reason_or_citation) ... ok
2026-09-24T06:01:47.1722844Z test_partial_iso_and_day_constraints_never_become_unbounded_paths (test_continuity_questions.MemoryQuestionTests.test_partial_iso_and_day_constraints_never_become_unbounded_paths) ... ok
2026-09-24T06:01:47.2580236Z test_prefixed_compound_memory_commands_never_become_name_terms (test_continuity_questions.MemoryQuestionTests.test_prefixed_compound_memory_commands_never_become_name_terms) ... ok
2026-09-24T06:01:47.3373274Z test_punctuation_bearing_technology_names_remain_distinct (test_continuity_questions.MemoryQuestionTests.test_punctuation_bearing_technology_names_remain_distinct) ... ok
2026-09-24T06:01:47.3995098Z test_quarters_and_unqualified_years_never_match_path_years_as_time (test_continuity_questions.MemoryQuestionTests.test_quarters_and_unqualified_years_never_match_path_years_as_time) ... ok
2026-09-24T06:01:47.4384167Z test_query_and_recorded_instructions_remain_data_without_side_effects (test_continuity_questions.MemoryQuestionTests.test_query_and_recorded_instructions_remain_data_without_side_effects) ... ok
2026-09-24T06:01:47.4913783Z test_relative_constraints_are_checked_for_every_question_kind (test_continuity_questions.MemoryQuestionTests.test_relative_constraints_are_checked_for_every_question_kind) ... ok
2026-09-24T06:01:47.5672236Z test_relative_time_phrases_do_not_return_all_changes (test_continuity_questions.MemoryQuestionTests.test_relative_time_phrases_do_not_return_all_changes) ... ok
2026-09-24T06:01:47.7674768Z test_remaining_relative_phrases_abstain_with_or_without_entity (test_continuity_questions.MemoryQuestionTests.test_remaining_relative_phrases_abstain_with_or_without_entity) ... ok
2026-09-24T06:01:47.8414754Z test_repeated_same_intent_clauses_abstain_even_with_literal_entity (test_continuity_questions.MemoryQuestionTests.test_repeated_same_intent_clauses_abstain_even_with_literal_entity) ... ok
2026-09-24T06:01:47.9073235Z test_resolved_unknown_target_keeps_every_active_incoming_edge (test_continuity_questions.MemoryQuestionTests.test_resolved_unknown_target_keeps_every_active_incoming_edge) ... ok
2026-09-24T06:01:47.9557961Z test_retired_assertion_is_not_current_answer_and_confirmed_source_is_cited (test_continuity_questions.MemoryQuestionTests.test_retired_assertion_is_not_current_answer_and_confirmed_source_is_cited) ... ok
2026-09-24T06:01:48.0020290Z test_season_named_technology_without_period_qualifier_is_queryable (test_continuity_questions.MemoryQuestionTests.test_season_named_technology_without_period_qualifier_is_queryable) ... ok
2026-09-24T06:01:48.0756305Z test_short_query_terms_distinguish_versions_and_single_letter_names (test_continuity_questions.MemoryQuestionTests.test_short_query_terms_distinguish_versions_and_single_letter_names) ... ok
2026-09-24T06:01:48.2351380Z test_spaced_standard_identifiers_are_not_standalone_years (test_continuity_questions.MemoryQuestionTests.test_spaced_standard_identifiers_are_not_standalone_years) ... ok
2026-09-24T06:01:48.3706156Z test_standalone_three_component_dotted_dates_preserve_versions (test_continuity_questions.MemoryQuestionTests.test_standalone_three_component_dotted_dates_preserve_versions) ... ok
2026-09-24T06:01:48.4186532Z test_temporal_changes_use_recorded_instants_and_preserve_unknown_coverage (test_continuity_questions.MemoryQuestionTests.test_temporal_changes_use_recorded_instants_and_preserve_unknown_coverage) ... ok
2026-09-24T06:01:48.4645157Z test_unicode_query_terms_are_not_silently_discarded (test_continuity_questions.MemoryQuestionTests.test_unicode_query_terms_are_not_silently_discarded) ... ok
2026-09-24T06:01:48.5315095Z test_unknown_auto_intent_abstains_but_explicit_memory_lookup_remains (test_continuity_questions.MemoryQuestionTests.test_unknown_auto_intent_abstains_but_explicit_memory_lookup_remains) ... ok
2026-09-24T06:01:48.5892609Z test_unsupported_named_period_bounds_abstain (test_continuity_questions.MemoryQuestionTests.test_unsupported_named_period_bounds_abstain) ... ok
2026-09-24T06:01:48.6645855Z test_variable_width_year_first_dates_never_become_path_terms (test_continuity_questions.MemoryQuestionTests.test_variable_width_year_first_dates_never_become_path_terms) ... ok
2026-09-24T06:01:48.8712117Z test_weekends_seasons_and_long_relative_periods_abstain (test_continuity_questions.MemoryQuestionTests.test_weekends_seasons_and_long_relative_periods_abstain) ... ok
2026-09-24T06:01:48.9202894Z test_why_requires_all_search_terms_not_a_shared_generic_word (test_continuity_questions.MemoryQuestionTests.test_why_requires_all_search_terms_not_a_shared_generic_word) ... ok
2026-09-24T06:01:49.0223878Z test_word_clock_and_unsupported_at_constraints_abstain (test_continuity_questions.MemoryQuestionTests.test_word_clock_and_unsupported_at_constraints_abstain) ... ok
2026-09-24T06:01:49.0634341Z test_year_only_from_bound_cannot_match_a_year_in_recorded_paths (test_continuity_questions.MemoryQuestionTests.test_year_only_from_bound_cannot_match_a_year_in_recorded_paths) ... ok
2026-09-24T06:01:49.1040414Z test_fallback_keeps_its_minimum_term_length (test_continuity_related_changes.ContinuityRelatedChangeTests.test_fallback_keeps_its_minimum_term_length) ... ok
2026-09-24T06:01:49.4028042Z test_french_ligatures_match_recorded_file_names_in_both_directions (test_continuity_related_changes.ContinuityRelatedChangeTests.test_french_ligatures_match_recorded_file_names_in_both_directions) ... ok
2026-09-24T06:01:49.4455694Z test_human_calcul_query_recovers_verified_calculator_change (test_continuity_related_changes.ContinuityRelatedChangeTests.test_human_calcul_query_recovers_verified_calculator_change) ... ok
2026-09-24T06:01:49.4884657Z test_unrelated_query_does_not_return_recent_change_just_because_it_is_recent (test_continuity_related_changes.ContinuityRelatedChangeTests.test_unrelated_query_does_not_return_recent_change_just_because_it_is_recent) ... ok
2026-09-24T06:01:49.5337364Z test_bridge_reverification_keeps_one_change_and_advances_current_proof (test_continuity_reverification.ContinuityReverificationTests.test_bridge_reverification_keeps_one_change_and_advances_current_proof) ... ok
2026-09-24T06:01:49.5708418Z test_same_tree_change_accepts_new_certificate_despite_new_snapshot_shas (test_continuity_reverification.ContinuityReverificationTests.test_same_tree_change_accepts_new_certificate_despite_new_snapshot_shas) ... ok
2026-09-24T06:01:49.5742790Z test_deferred_indexes_keep_constraints_and_exact_final_schema (test_continuity_schema_transaction.SchemaTransactionTests.test_deferred_indexes_keep_constraints_and_exact_final_schema) ... ok
2026-09-24T06:01:49.6279338Z test_failed_rebuild_preserves_old_state_and_cleans_temporary_database (test_continuity_schema_transaction.SchemaTransactionTests.test_failed_rebuild_preserves_old_state_and_cleans_temporary_database) ... ok
2026-09-24T06:01:49.6815480Z test_late_index_failure_keeps_previous_projection_and_journal (test_continuity_schema_transaction.SchemaTransactionTests.test_late_index_failure_keeps_previous_projection_and_journal) ... ok
2026-09-24T06:01:49.6830701Z test_schema_and_rows_can_be_rolled_back_together (test_continuity_schema_transaction.SchemaTransactionTests.test_schema_and_rows_can_be_rolled_back_together) ... ok
2026-09-24T06:01:49.7268645Z test_v8_lexical_table_rebuild_preserves_terms_and_journal (test_continuity_schema_transaction.SchemaTransactionTests.test_v8_lexical_table_rebuild_preserves_terms_and_journal) ... ok
2026-09-24T06:01:49.7282511Z test_classification_is_conservative_and_state_is_outside_project (test_continuity_task_session.ContinuityTaskSessionTests.test_classification_is_conservative_and_state_is_outside_project) ... ok
2026-09-24T06:01:49.7298692Z test_short_followup_keeps_anchor_and_task_identity (test_continuity_task_session.ContinuityTaskSessionTests.test_short_followup_keeps_anchor_and_task_identity) ... ok
2026-09-24T06:01:49.7326126Z test_substantive_focus_stays_inside_task_until_explicit_pivot (test_continuity_task_session.ContinuityTaskSessionTests.test_substantive_focus_stays_inside_task_until_explicit_pivot) ... ok
2026-09-24T06:01:49.7327973Z test_task_id_has_frozen_cross_runtime_vector (test_continuity_task_session.ContinuityTaskSessionTests.test_task_id_has_frozen_cross_runtime_vector) ... ok
2026-09-24T06:01:49.8616083Z test_boundary_participation_keeps_pivots_and_excludes_other_sessions_and_boundaries (test_continuity_tasks.DurableTaskTests.test_boundary_participation_keeps_pivots_and_excludes_other_sessions_and_boundaries) ... ok
2026-09-24T06:01:50.2792843Z test_explicit_task_cli_description_link_and_history_retrieval (test_continuity_tasks.DurableTaskTests.test_explicit_task_cli_description_link_and_history_retrieval) ... ok
2026-09-24T06:01:50.3509774Z test_hash_valid_broken_references_are_rejected_by_readers_checkpoints_and_old_cache (test_continuity_tasks.DurableTaskTests.test_hash_valid_broken_references_are_rejected_by_readers_checkpoints_and_old_cache) ... ok
2026-09-24T06:01:51.2434086Z test_installed_guided_technical_french_and_english_context_show_declared_task (test_continuity_tasks.DurableTaskTests.test_installed_guided_technical_french_and_english_context_show_declared_task) ... ok
2026-09-24T06:01:51.3528689Z test_invalid_or_cross_task_reference_aborts_whole_envelope_batch (test_continuity_tasks.DurableTaskTests.test_invalid_or_cross_task_reference_aborts_whole_envelope_batch) ... ok
2026-09-24T06:01:51.4416592Z test_lost_native_participant_stays_degraded_after_a_later_successful_prompt (test_continuity_tasks.DurableTaskTests.test_lost_native_participant_stays_degraded_after_a_later_successful_prompt) ... ok
2026-09-24T06:01:51.5608798Z test_native_link_is_atomic_idempotent_observed_and_survives_session_cleanup (test_continuity_tasks.DurableTaskTests.test_native_link_is_atomic_idempotent_observed_and_survives_session_cleanup) ... ok
2026-09-24T06:01:51.8445832Z test_native_link_rejects_extra_text_and_preserves_description (test_continuity_tasks.DurableTaskTests.test_native_link_rejects_extra_text_and_preserves_description) ... ok
2026-09-24T06:01:51.9135574Z test_native_prompt_persists_stable_identity_without_raw_prompt_or_session (test_continuity_tasks.DurableTaskTests.test_native_prompt_persists_stable_identity_without_raw_prompt_or_session) ... ok
2026-09-24T06:01:52.1485173Z test_native_task_can_be_explicitly_described_without_reimport_conflict (test_continuity_tasks.DurableTaskTests.test_native_task_can_be_explicitly_described_without_reimport_conflict) ... ok
2026-09-24T06:01:52.2088869Z test_profile_rejects_raw_prompt_extensions_and_authority_promotion (test_continuity_tasks.DurableTaskTests.test_profile_rejects_raw_prompt_extensions_and_authority_promotion) ... ok
2026-09-24T06:01:52.4586161Z test_task_cli_unknown_links_fail_without_changing_history (test_continuity_tasks.DurableTaskTests.test_task_cli_unknown_links_fail_without_changing_history) ... ok
2026-09-24T06:01:52.5640163Z test_task_identity_cannot_replace_existing_entity_and_unprofiled_extensions_keep_projection (test_continuity_tasks.DurableTaskTests.test_task_identity_cannot_replace_existing_entity_and_unprofiled_extensions_keep_projection) ... ok
2026-09-24T06:01:52.6230132Z test_checkpoint_is_idempotent_and_never_moves_head (test_continuity_transport.ContinuityTransportTests.test_checkpoint_is_idempotent_and_never_moves_head) ... ok
2026-09-24T06:01:52.8524596Z test_concurrent_remote_update_is_never_force_overwritten (test_continuity_transport.ContinuityTransportTests.test_concurrent_remote_update_is_never_force_overwritten) ... ok
2026-09-24T06:01:53.0969597Z test_divergent_project_histories_fail_closed (test_continuity_transport.ContinuityTransportTests.test_divergent_project_histories_fail_closed) ... ok
2026-09-24T06:01:53.2307847Z test_push_then_fresh_clone_pull_restores_exact_history_without_touching_code_head (test_continuity_transport.ContinuityTransportTests.test_push_then_fresh_clone_pull_restores_exact_history_without_touching_code_head) ... ok
2026-09-24T06:01:53.2310912Z test_action_binds_policy_to_base_revision_not_candidate_config (test_debt_action.DebtActionContractTests.test_action_binds_policy_to_base_revision_not_candidate_config) ... ok
2026-09-24T06:01:53.2313017Z test_action_exposes_proof_and_debt_outputs (test_debt_action.DebtActionContractTests.test_action_exposes_proof_and_debt_outputs) ... ok
2026-09-24T06:01:53.2314957Z test_action_restores_but_never_pushes_cumulative_ledger (test_debt_action.DebtActionContractTests.test_action_restores_but_never_pushes_cumulative_ledger) ... ok
2026-09-24T06:01:53.2339709Z test_existing_lineage_is_not_double_counted (test_debt_budget.DebtBudgetTests.test_existing_lineage_is_not_double_counted) ... ok
2026-09-24T06:01:53.2358542Z test_total_change_and_category_limits (test_debt_budget.DebtBudgetTests.test_total_change_and_category_limits) ... ok
2026-09-24T06:01:53.2378409Z test_explicit_accounting_can_record_a_real_over_budget_change (test_debt_budget_transaction.DebtBudgetTransactionTests.test_explicit_accounting_can_record_a_real_over_budget_change) ... ok
2026-09-24T06:01:53.2386165Z test_read_only_atomic_budget_check_does_not_mutate (test_debt_budget_transaction.DebtBudgetTransactionTests.test_read_only_atomic_budget_check_does_not_mutate) ... ok
2026-09-24T06:01:53.2420789Z test_two_stale_agents_cannot_both_consume_the_same_remaining_budget (test_debt_budget_transaction.DebtBudgetTransactionTests.test_two_stale_agents_cannot_both_consume_the_same_remaining_budget) ... ok
2026-09-24T06:01:53.2723695Z test_assurance_certificate_must_be_content_addressed_and_tree_bound (test_debt_certificate.DebtCertificateTests.test_assurance_certificate_must_be_content_addressed_and_tree_bound) ... ok
2026-09-24T06:01:53.2939988Z test_noop_certificate_is_rehashed_and_requires_candidate_binding (test_debt_certificate.DebtCertificateTests.test_noop_certificate_is_rehashed_and_requires_candidate_binding) ... ok
2026-09-24T06:01:53.3676209Z test_acceptance_requires_reason_and_remains_visible (test_debt_cli.DebtCliTests.test_acceptance_requires_reason_and_remains_visible) ... ok
2026-09-24T06:01:53.4204536Z test_debt_records_local_git_ledger_and_plan_surfaces_it (test_debt_cli.DebtCliTests.test_debt_records_local_git_ledger_and_plan_surfaces_it) ... ok
2026-09-24T06:01:53.4542618Z test_forged_certificate_cannot_waive_change_debt (test_debt_cli.DebtCliTests.test_forged_certificate_cannot_waive_change_debt) ... ok
2026-09-24T06:01:53.5189800Z test_health_trend_and_ledger_show_are_human_readable (test_debt_cli.DebtCliTests.test_health_trend_and_ledger_show_are_human_readable) ... ok
2026-09-24T06:01:53.5206402Z test_nested_diffwitness_debt_supported (test_debt_config.DebtConfigTests.test_nested_diffwitness_debt_supported) ... ok
2026-09-24T06:01:53.5223075Z test_top_level_debt_and_category_tables_normalize (test_debt_config.DebtConfigTests.test_top_level_debt_and_category_tables_normalize) ... ok
2026-09-24T06:01:53.5227220Z test_unknown_debt_key_fails_closed (test_debt_config.DebtConfigTests.test_unknown_debt_key_fails_closed) ... ok
2026-09-24T06:01:53.5569780Z test_tampered_certificate_fails_before_accounting (test_debt_entry.DebtEntryTests.test_tampered_certificate_fails_before_accounting) ... ok
2026-09-24T06:01:53.5607815Z test_trend_reconstructs_prior_balance_from_events (test_debt_history.DebtHistoryTests.test_trend_reconstructs_prior_balance_from_events) ... ok
2026-09-24T06:01:53.5962070Z test_health_does_not_count_duplicate_blocks_only_in_test_fixtures (test_debt_integrity.DebtIntegrityTests.test_health_does_not_count_duplicate_blocks_only_in_test_fixtures) ... ok
2026-09-24T06:01:53.6381462Z test_health_filters_function_local_python_cycle_but_keeps_real_import_cycle (test_debt_integrity.DebtIntegrityTests.test_health_filters_function_local_python_cycle_but_keeps_real_import_cycle) ... ok
2026-09-24T06:01:53.6844191Z test_health_scan_is_bound_to_the_dirty_worktree_it_actually_reads (test_debt_integrity.DebtIntegrityTests.test_health_scan_is_bound_to_the_dirty_worktree_it_actually_reads) ... ok
2026-09-24T06:01:53.7973418Z test_mutation_recheck_cleans_control_run_side_effects_before_counterfactual (test_debt_integrity.DebtIntegrityTests.test_mutation_recheck_cleans_control_run_side_effects_before_counterfactual) ... ok
2026-09-24T06:01:53.7975367Z test_dedupe_keeps_strongest_same_lineage (test_debt_models.DebtModelTests.test_dedupe_keeps_strongest_same_lineage) ... ok
2026-09-24T06:01:53.7976833Z test_report_is_additive_and_explicit (test_debt_models.DebtModelTests.test_report_is_additive_and_explicit) ... ok
2026-09-24T06:01:53.7977992Z test_stable_identity_ignores_explanation_and_points (test_debt_models.DebtModelTests.test_stable_identity_ignores_explanation_and_points) ... ok
2026-09-24T06:01:53.8203122Z test_plan_separates_automatic_repayment_from_manual_review (test_debt_planning.DebtPlanningTests.test_plan_separates_automatic_repayment_from_manual_review) ... ok
2026-09-24T06:01:53.8420044Z test_repay_all_ignores_manual_backlog_instead_of_promising_closure (test_debt_planning.DebtPlanningTests.test_repay_all_ignores_manual_backlog_instead_of_promising_closure) ... ok
2026-09-24T06:01:53.8633558Z test_repay_refuses_lineage_without_automatic_closure_adapter (test_debt_planning.DebtPlanningTests.test_repay_refuses_lineage_without_automatic_closure_adapter) ... ok
2026-09-24T06:01:53.8924582Z test_change_only_rules_are_not_mislabeled_as_project_replay (test_debt_scan.DebtScanTests.test_change_only_rules_are_not_mislabeled_as_project_replay) ... ok
2026-09-24T06:01:53.9207890Z test_change_security_scan_ignores_added_python_string_literal (test_debt_scan.DebtScanTests.test_change_security_scan_ignores_added_python_string_literal) ... ok
2026-09-24T06:01:53.9517112Z test_non_probative_certificate_cannot_hide_unverified_change (test_debt_scan.DebtScanTests.test_non_probative_certificate_cannot_hide_unverified_change) ... ok
2026-09-24T06:01:53.9837410Z test_preservation_certificate_prevents_fake_test_debt_but_not_security_review (test_debt_scan.DebtScanTests.test_preservation_certificate_prevents_fake_test_debt_but_not_security_review) ... ok
2026-09-24T06:01:54.0065210Z test_project_scan_finds_one_duplicate_region_and_local_cycle (test_debt_scan.DebtScanTests.test_project_scan_finds_one_duplicate_region_and_local_cycle) ... ok
2026-09-24T06:01:54.0262009Z test_python_security_scan_detects_structural_call_keywords (test_debt_scan.DebtScanTests.test_python_security_scan_detects_structural_call_keywords) ... ok
2026-09-24T06:01:54.0468289Z test_python_security_scan_ignores_signature_strings_and_comments (test_debt_scan.DebtScanTests.test_python_security_scan_ignores_signature_strings_and_comments) ... ok
2026-09-24T06:01:54.0800221Z test_security_rule_has_same_identity_in_change_and_project_scan (test_debt_scan.DebtScanTests.test_security_rule_has_same_identity_in_change_and_project_scan) ... ok
2026-09-24T06:01:54.1087229Z test_unverified_change_and_no_changed_test_surface_are_explicit (test_debt_scan.DebtScanTests.test_unverified_change_and_no_changed_test_surface_are_explicit) ... ok
2026-09-24T06:01:54.1406800Z test_structurally_unrelated_function_is_not_flagged (test_debt_sensor_precision.SemanticRedundancyPrecisionTests.test_structurally_unrelated_function_is_not_flagged) ... ok
2026-09-24T06:01:54.1795765Z test_accounting_boundary_enriches_report_but_zero_point_sensor_cannot_break_budget (test_debt_sensors.SemanticRedundancySensorTests.test_accounting_boundary_enriches_report_but_zero_point_sensor_cannot_break_budget) ... ok
2026-09-24T06:01:54.2192640Z test_change_and_project_modes_keep_same_debt_identity (test_debt_sensors.SemanticRedundancySensorTests.test_change_and_project_modes_keep_same_debt_identity) ... ok
2026-09-24T06:01:54.2522921Z test_change_sensor_finds_renamed_reimplementation_without_exporting_source (test_debt_sensors.SemanticRedundancySensorTests.test_change_sensor_finds_renamed_reimplementation_without_exporting_source) ... ok
2026-09-24T06:01:54.2841525Z test_exact_source_copy_is_left_to_existing_deterministic_duplicate_rule (test_debt_sensors.SemanticRedundancySensorTests.test_exact_source_copy_is_left_to_existing_deterministic_duplicate_rule) ... ok
2026-09-24T06:01:54.3136980Z test_sensor_can_be_disabled_at_accounting_boundary (test_debt_sensors.SemanticRedundancySensorTests.test_sensor_can_be_disabled_at_accounting_boundary) ... ok
2026-09-24T06:01:54.4937214Z test_historical_test_debt_resolves_when_current_tests_discriminate_origin (test_debt_verify.DebtVerifyTests.test_historical_test_debt_resolves_when_current_tests_discriminate_origin) ... ok
2026-09-24T06:01:54.7831482Z test_mutation_debt_resolves_when_current_tests_make_it_necessary (test_debt_verify.DebtVerifyTests.test_mutation_debt_resolves_when_current_tests_make_it_necessary) ... ok
2026-09-24T06:01:54.7833226Z test_binary_change_is_never_misrepresented_as_line_hunk (test_diff_edgecases.DiffEdgeCaseTests.test_binary_change_is_never_misrepresented_as_line_hunk) ... ok
2026-09-24T06:01:54.7834746Z test_documentation_new_file_does_not_enter_executable_causal_surface (test_diff_edgecases.DiffEdgeCaseTests.test_documentation_new_file_does_not_enter_executable_causal_surface) ... ok
2026-09-24T06:01:54.7836335Z test_new_production_file_is_conservative_structural_mutation (test_diff_edgecases.DiffEdgeCaseTests.test_new_production_file_is_conservative_structural_mutation) ... ok
2026-09-24T06:01:54.7837748Z test_path_with_spaces_remains_one_hunk_mutation (test_diff_edgecases.DiffEdgeCaseTests.test_path_with_spaces_remains_one_hunk_mutation) ... ok
2026-09-24T06:01:54.7839769Z test_rename_is_file_level_even_with_text_hunk (test_diff_edgecases.DiffEdgeCaseTests.test_rename_is_file_level_even_with_text_hunk) ... ok
2026-09-24T06:01:54.7841227Z test_documentation_classifier_is_narrow (test_diffing.DiffingTests.test_documentation_classifier_is_narrow) ... ok
2026-09-24T06:01:54.7842520Z test_documentation_hunks_are_excluded_by_default_but_can_be_included (test_diffing.DiffingTests.test_documentation_hunks_are_excluded_by_default_but_can_be_included) ... ok
2026-09-24T06:01:54.7843720Z test_hunk_ranges_become_annotation_lines (test_diffing.DiffingTests.test_hunk_ranges_become_annotation_lines) ... ok
2026-09-24T06:01:54.7845847Z test_test_path_detection (test_diffing.DiffingTests.test_test_path_detection) ... ok
2026-09-24T06:01:57.3737349Z test_real_no_proof_fresh_drift_clean_stale_and_failed_attempt (test_doctor_proof_truthfulness.DoctorProofTruthfulnessTests.test_real_no_proof_fresh_drift_clean_stale_and_failed_attempt) ... DiffWitness Gate rejected: candidate is not stably green
2026-09-24T06:01:57.3738491Z 
2026-09-24T06:01:57.3738610Z DiffWitness Guard: PROOF REJECTED
2026-09-24T06:01:57.9571930Z ok
2026-09-24T06:01:57.9574741Z test_engine_command_is_argv_not_shell_text (test_engine_config.EngineConfigTests.test_engine_command_is_argv_not_shell_text) ... ok
2026-09-24T06:01:57.9576373Z test_required_engine_needs_command (test_engine_config.EngineConfigTests.test_required_engine_needs_command) ... ok
2026-09-24T06:01:57.9582223Z test_top_level_engine_table_loads_without_relaxing_unknown_keys (test_engine_config.EngineConfigTests.test_top_level_engine_table_loads_without_relaxing_unknown_keys) ... ok
2026-09-24T06:01:58.0050323Z test_capability_preflight_accepts_compatible_bounded_engine (test_engine_doctor.EngineDoctorTests.test_capability_preflight_accepts_compatible_bounded_engine) ... ok
2026-09-24T06:01:58.0358664Z test_capability_preflight_rejects_ambiguous_json (test_engine_doctor.EngineDoctorTests.test_capability_preflight_rejects_ambiguous_json) ... ok
2026-09-24T06:01:58.1152694Z test_capability_preflight_rejects_protocol_or_authority_drift (test_engine_doctor.EngineDoctorTests.test_capability_preflight_rejects_protocol_or_authority_drift) ... ok
2026-09-24T06:01:58.1823638Z test_dw_doctor_fails_preflight_for_incompatible_required_engine (test_engine_doctor.EngineDoctorTests.test_dw_doctor_fails_preflight_for_incompatible_required_engine) ... ok
2026-09-24T06:01:58.2177515Z test_dw_doctor_keeps_community_only_onboarding_clean (test_engine_doctor.EngineDoctorTests.test_dw_doctor_keeps_community_only_onboarding_clean) ... ok
2026-09-24T06:01:58.2845953Z test_dw_doctor_reports_compatible_required_private_engine (test_engine_doctor.EngineDoctorTests.test_dw_doctor_reports_compatible_required_private_engine) ... ok
2026-09-24T06:01:58.3039585Z test_committed_project_engine_wins_over_machine_local_profile (test_engine_local.LocalEngineTests.test_committed_project_engine_wins_over_machine_local_profile) ... ok
2026-09-24T06:01:58.3325725Z test_corrupt_machine_local_profile_fails_closed (test_engine_local.LocalEngineTests.test_corrupt_machine_local_profile_fails_closed) ... ok
2026-09-24T06:01:58.4966450Z test_dw_engine_enable_status_doctor_disable_is_git_local (test_engine_local.LocalEngineTests.test_dw_engine_enable_status_doctor_disable_is_git_local) ... ok
2026-09-24T06:01:58.9645326Z test_real_gate_consumes_git_local_private_plan_but_public_runner_owns_verdict (test_engine_local_gate.LocalEngineGateTests.test_real_gate_consumes_git_local_private_plan_but_public_runner_owns_verdict) ... ok
2026-09-24T06:01:59.0249079Z test_ambiguous_engine_json_is_rejected_before_plan_validation (test_engine_protocol.EngineProtocolTests.test_ambiguous_engine_json_is_rejected_before_plan_validation) ... ok
2026-09-24T06:01:59.0251017Z test_canonical_compat_vector_has_frozen_request_id_and_digest (test_engine_protocol.EngineProtocolTests.test_canonical_compat_vector_has_frozen_request_id_and_digest) ... ok
2026-09-24T06:01:59.0252410Z test_change_identity_depends_on_repository_and_git_trees (test_engine_protocol.EngineProtocolTests.test_change_identity_depends_on_repository_and_git_trees) ... ok
2026-09-24T06:01:59.0513373Z test_non_finite_planning_budget_is_rejected_before_request_hashing (test_engine_protocol.EngineProtocolTests.test_non_finite_planning_budget_is_rejected_before_request_hashing) ... ok
2026-09-24T06:01:59.1105536Z test_optional_engine_failure_degrades_but_required_engine_fails_closed (test_engine_protocol.EngineProtocolTests.test_optional_engine_failure_degrades_but_required_engine_fails_closed) ... ok
2026-09-24T06:01:59.1384013Z test_plan_must_be_exactly_bound_and_cover_every_mutation_once (test_engine_protocol.EngineProtocolTests.test_plan_must_be_exactly_bound_and_cover_every_mutation_once) ... ok
2026-09-24T06:01:59.1984084Z test_real_subprocess_plan_is_validated_before_use (test_engine_protocol.EngineProtocolTests.test_real_subprocess_plan_is_validated_before_use) ... ok
2026-09-24T06:01:59.2278764Z test_request_is_content_bound_without_embedding_test_command_or_patch (test_engine_protocol.EngineProtocolTests.test_request_is_content_bound_without_embedding_test_command_or_patch) ... ok
2026-09-24T06:01:59.2419192Z test_code_change_does_not_get_noop_preflight (test_entry.EntryTests.test_code_change_does_not_get_noop_preflight) ... DiffWitness proof dw0_b1af78ffed1a71874695 attached to 021349b07add via refs/notes/diffwitness.
2026-09-24T06:01:59.2420218Z Publish it with: git push origin refs/notes/diffwitness
2026-09-24T06:01:59.2420611Z Invariant INV-IMPACT: Keep identity
2026-09-24T06:01:59.2421063Z Objective OBJ-REFUNDS: Support partial refunds safely
2026-09-24T06:01:59.2421806Z Decision DEC-IDEMPOTENCY: Keep refund operations idempotent
2026-09-24T06:01:59.2422364Z Invariant INV-CAPTURE-LIMIT: Refund total must never exceed captured payment
2026-09-24T06:01:59.2422866Z Failed approach FAIL-DIRECT-CHARGE: Mutating charge rows directly
2026-09-24T06:01:59.2698010Z DiffWitness: No evidence command could be detected. Run `dw doctor`, pass --test, or create .diffwitness.toml.
2026-09-24T06:01:59.2712467Z ok
2026-09-24T06:01:59.3129438Z test_docs_only_prove_succeeds_without_test_command_and_writes_noop_certificate (test_entry.EntryTests.test_docs_only_prove_succeeds_without_test_command_and_writes_noop_certificate) ... ok
2026-09-24T06:01:59.3131009Z test_public_version_options_bypass_friendly_unknown_router (test_entry.EntryTests.test_public_version_options_bypass_friendly_unknown_router) ... ok
2026-09-24T06:01:59.3270063Z test_unknown_test_only_surface_without_evidence_never_becomes_noop_success (test_fail_closed.FailClosedTests.test_unknown_test_only_surface_without_evidence_never_becomes_noop_success) ... DiffWitness: proof not required (dw0_5a0c750dd8b1d732cd13); no executable causal mutation detected.
2026-09-24T06:01:59.3542705Z DiffWitness: this change contains tests but DiffWitness cannot determine how to execute evidence. Failing closed: pass --test or configure [diffwitness].test.
2026-09-24T06:01:59.3558056Z ok
2026-09-24T06:01:59.8895662Z test_auto_routes_surplus_patch_to_adaptive_and_rejects_it (test_gate.GateTests.test_auto_routes_surplus_patch_to_adaptive_and_rejects_it) ... DiffWitness Gate rejected: Adaptive Core found 1 mutation(s) removable while preserving the selected stable evidence
2026-09-24T06:01:59.8917644Z ok
2026-09-24T06:01:59.9059352Z test_docs_only_gate_becomes_formal_proof_not_required (test_gate.GateTests.test_docs_only_gate_becomes_formal_proof_not_required) ... DiffWitness Gate: causal contrast proven; adaptive strategy for 2 production mutation(s) under balanced policy (899.9s proof budget remaining)
2026-09-24T06:01:59.9061624Z DiffWitness Adaptive Core
2026-09-24T06:01:59.9062235Z contrast:    PROVEN
2026-09-24T06:01:59.9062797Z mutations:   2 original
2026-09-24T06:01:59.9063510Z core:        1 retained
2026-09-24T06:01:59.9064048Z removable:   1 observed removable
2026-09-24T06:01:59.9064611Z experiments: 3/10
2026-09-24T06:01:59.9065250Z 1-minimal:   yes
2026-09-24T06:01:59.9065742Z certificate: dwac1_c8429b96261d65985705
2026-09-24T06:01:59.9066088Z 
2026-09-24T06:01:59.9066427Z Causal core:
2026-09-24T06:01:59.9079656Z   KEEP    calc.py hunk 1/2
2026-09-24T06:01:59.9079912Z 
2026-09-24T06:01:59.9080035Z Evidence-removable surface:
2026-09-24T06:01:59.9080569Z   REVIEW  calc.py hunk 2/2 — def add(a, b):
2026-09-24T06:01:59.9822098Z ok
2026-09-24T06:01:59.9965191Z test_explicit_nondefault_config_supplies_evidence_command (test_gate.GateTests.test_explicit_nondefault_config_supplies_evidence_command) ... DiffWitness: proof not required (dw0_88812b2ae3b5368feda5); no executable causal mutation detected.
2026-09-24T06:01:59.9966671Z Project continuity: 2 new change event(s) · dwchg_e8a8f00be7cd42d162834985
2026-09-24T06:02:00.1757914Z DiffWitness Gate: causal contrast proven; exhaustive strategy for 1 production mutation(s) under strict policy (899.9s proof budget remaining)
2026-09-24T06:02:00.5040516Z ok
2026-09-24T06:02:00.5188732Z test_small_proven_fix_uses_exhaustive_gate_and_writes_certificate (test_gate.GateTests.test_small_proven_fix_uses_exhaustive_gate_and_writes_certificate) ... DiffWitness 0.4.0a1 - counterfactual patch evidence
2026-09-24T06:02:00.5189902Z repo:      /tmp/tmppat90c_8/repo
2026-09-24T06:02:00.5190311Z base:      492eaa59cd233fa20789a6fdb693292915b20c67 (492eaa59cd23)
2026-09-24T06:02:00.5190763Z candidate: b9470c680248276e60cf83ce669e757fb81724b8 (b9470c680248)
2026-09-24T06:02:00.5191375Z evidence:  "/opt/hostedtoolcache/Python/3.11.16/x64/bin/python" -m unittest discover -s tests -q
2026-09-24T06:02:00.5191855Z stability: 1 run(s) per variant
2026-09-24T06:02:00.5192130Z budget:    899.869s total; 300s per command
2026-09-24T06:02:00.5192484Z changes:   1 analyzed mutation(s); 1 changed test file(s)
2026-09-24T06:02:00.5192728Z 
2026-09-24T06:02:00.5192873Z contrast:  BASE STABLE-FAIL -> CANDIDATE STABLE-PASS
2026-09-24T06:02:00.5193107Z 
2026-09-24T06:02:00.5193249Z WITNESSED         +1/-1  calc.py hunk 1/1  [stable-fail]
2026-09-24T06:02:00.5193481Z 
2026-09-24T06:02:00.5193614Z summary: 1 witnessed, 0 unwitnessed, 0 inconclusive
2026-09-24T06:02:00.5193955Z core:    1 minimal sufficient set(s) of 1 hunk(s)
2026-09-24T06:02:00.5194260Z cert:    dw2_8bcfc4396214bd700316
2026-09-24T06:02:00.5194683Z DiffWitness Gate accepted (dw2_8bcfc4396214bd700316)
2026-09-24T06:02:00.5195380Z Project continuity: 2 new change event(s) · dwchg_0f5c758feb8bbf713028bc6c
2026-09-24T06:02:00.6981631Z DiffWitness Gate: causal contrast proven; exhaustive strategy for 1 production mutation(s) under strict policy (899.9s proof budget remaining)
2026-09-24T06:02:01.0289016Z ok
2026-09-24T06:02:01.0293761Z test_unwitnessed_hunk_becomes_file_warning (test_github_actions.GitHubActionTests.test_unwitnessed_hunk_becomes_file_warning) ... ok
2026-09-24T06:02:01.0486213Z test_clean_worktree_reuses_head_exactly (test_gitops_snapshot_fastpath.SnapshotFastPathTests.test_clean_worktree_reuses_head_exactly) ... ok
2026-09-24T06:02:01.0782350Z test_meaningful_untracked_file_forces_exact_snapshot (test_gitops_snapshot_fastpath.SnapshotFastPathTests.test_meaningful_untracked_file_forces_exact_snapshot) ... ok
2026-09-24T06:02:01.0969382Z test_only_known_untracked_runtime_artifacts_still_reuse_head (test_gitops_snapshot_fastpath.SnapshotFastPathTests.test_only_known_untracked_runtime_artifacts_still_reuse_head) ... ok
2026-09-24T06:02:01.1274248Z test_staged_change_is_not_mistaken_for_clean_state (test_gitops_snapshot_fastpath.SnapshotFastPathTests.test_staged_change_is_not_mistaken_for_clean_state) ... ok
2026-09-24T06:02:01.1640555Z test_tracked_cache_like_file_is_never_filtered (test_gitops_snapshot_fastpath.SnapshotFastPathTests.test_tracked_cache_like_file_is_never_filtered) ... ok
2026-09-24T06:02:01.1930262Z test_tracked_worktree_change_forces_exact_snapshot (test_gitops_snapshot_fastpath.SnapshotFastPathTests.test_tracked_worktree_change_forces_exact_snapshot) ... ok
2026-09-24T06:02:01.2052757Z test_public_guard_delegates_proven_agent_patch_to_gate (test_guard.PublicGuardTests.test_public_guard_delegates_proven_agent_patch_to_gate) ... DiffWitness 0.4.0a1 - counterfactual patch evidence
2026-09-24T06:02:01.2053809Z repo:      /tmp/tmp9qaldn87
2026-09-24T06:02:01.2054159Z base:      9f8ba3e12b0b89c9b3a7add5996c24c196513974 (9f8ba3e12b0b)
2026-09-24T06:02:01.2054985Z candidate: f71eacb86ffa0fdae053e633483adbe1d0b31e84 (f71eacb86ffa)
2026-09-24T06:02:01.2055580Z evidence:  "/opt/hostedtoolcache/Python/3.11.16/x64/bin/python" -m unittest discover -s tests -q
2026-09-24T06:02:01.2056054Z stability: 1 run(s) per variant
2026-09-24T06:02:01.2056322Z budget:    899.867s total; 300s per command
2026-09-24T06:02:01.2056657Z changes:   1 analyzed mutation(s); 1 changed test file(s)
2026-09-24T06:02:01.2057122Z 
2026-09-24T06:02:01.2057272Z contrast:  BASE STABLE-FAIL -> CANDIDATE STABLE-PASS
2026-09-24T06:02:01.2057505Z 
2026-09-24T06:02:01.2057645Z WITNESSED         +1/-1  calc.py hunk 1/1  [stable-fail]
2026-09-24T06:02:01.2057882Z 
2026-09-24T06:02:01.2058017Z summary: 1 witnessed, 0 unwitnessed, 0 inconclusive
2026-09-24T06:02:01.2058667Z core:    1 minimal sufficient set(s) of 1 hunk(s)
2026-09-24T06:02:01.2058976Z cert:    dw2_41ccf9e55e28355bc370
2026-09-24T06:02:01.2059272Z DiffWitness Gate accepted (dw2_41ccf9e55e28355bc370)
2026-09-24T06:02:01.2059945Z Project continuity: 2 new change event(s) · dwchg_fb1278298967751a354124ae
2026-09-24T06:02:01.4038324Z DiffWitness Guard armed at 4b9073c678e3
2026-09-24T06:02:01.4041073Z Agent:    /opt/hostedtoolcache/Python/3.11.16/x64/bin/python -c from pathlib import Path; Path('calc.py').write_text('def add(a, b):\n    return a + b\n', encoding='utf-8'); Path('tests').mkdir(exist_ok=True); Path('tests/test_calc.py').write_text("import unittest\nfrom calc import add\n\nclass T(unittest.TestCase):\n    def test_add(self):\n        self.assertEqual(add(2, 3), 5)\n", encoding='utf-8')
2026-09-24T06:02:01.4043738Z Policy:   strict
2026-09-24T06:02:01.4044126Z Strategy: auto
2026-09-24T06:02:01.4044529Z Proof budget: 900s after agent exit
2026-09-24T06:02:01.4044871Z 
2026-09-24T06:02:01.4045692Z DiffWitness Gate: causal contrast proven; exhaustive strategy for 1 production mutation(s) under strict policy (899.9s proof budget remaining)
2026-09-24T06:02:01.7586614Z ok
2026-09-24T06:02:01.7713888Z test_public_guard_preserves_agent_failure_code_without_claiming_proof (test_guard.PublicGuardTests.test_public_guard_preserves_agent_failure_code_without_claiming_proof) ... DiffWitness 0.4.0a1 - counterfactual patch evidence
2026-09-24T06:02:01.7715485Z repo:      /tmp/tmppwdhqu_i
2026-09-24T06:02:01.7715863Z base:      4b9073c678e367ac42399d01adb547839e672e4f (4b9073c678e3)
2026-09-24T06:02:01.7716317Z candidate: 01c07245ee1f573708a71982ce7f9203eda15e1a (01c07245ee1f)
2026-09-24T06:02:01.7716938Z evidence:  "/opt/hostedtoolcache/Python/3.11.16/x64/bin/python" -m unittest discover -s tests -q
2026-09-24T06:02:01.7717421Z stability: 1 run(s) per variant
2026-09-24T06:02:01.7717702Z budget:    899.868s total; 300s per command
2026-09-24T06:02:01.7718050Z changes:   1 analyzed mutation(s); 1 changed test file(s)
2026-09-24T06:02:01.7719248Z 
2026-09-24T06:02:01.7719475Z contrast:  BASE STABLE-FAIL -> CANDIDATE STABLE-PASS
2026-09-24T06:02:01.7719729Z 
2026-09-24T06:02:01.7719886Z WITNESSED         +1/-1  calc.py hunk 1/1  [stable-fail]
2026-09-24T06:02:01.7720114Z 
2026-09-24T06:02:01.7720457Z summary: 1 witnessed, 0 unwitnessed, 0 inconclusive
2026-09-24T06:02:01.7720801Z core:    1 minimal sufficient set(s) of 1 hunk(s)
2026-09-24T06:02:01.7721105Z cert:    dw2_d571fe7b74778b82979d
2026-09-24T06:02:01.7721403Z DiffWitness Gate accepted (dw2_d571fe7b74778b82979d)
2026-09-24T06:02:01.7721634Z 
2026-09-24T06:02:01.7721734Z DiffWitness Guard: PROOF ACCEPTED
2026-09-24T06:02:01.7721915Z 
2026-09-24T06:02:01.7721993Z CHANGE DEBT
2026-09-24T06:02:01.7722199Z +0 point(s) / 0 obligation(s)
2026-09-24T06:02:01.7722696Z Debt budget: PASS — projected total 0; new 0
2026-09-24T06:02:01.7723041Z Debt Ledger: +0 introduced, 0 reopened, 0 refreshed
2026-09-24T06:02:01.7723496Z IdleProof explanation: /tmp/tmppwdhqu_i/.git/diffwitness/idleproof-explanation.json
2026-09-24T06:02:01.7724034Z Change envelope: /tmp/tmppwdhqu_i/.git/diffwitness/change-envelope.json
2026-09-24T06:02:01.7724614Z Project continuity: 3 new change event(s) · dwchg_8c08eab9cf1a5ee3d92c2231
2026-09-24T06:02:01.7960976Z DiffWitness Guard: agent exited with code 7; proof was not attempted.
2026-09-24T06:02:01.8029285Z ok
2026-09-24T06:02:01.8157422Z test_guard_records_agent_provenance_after_proof (test_guard_debt.GuardDebtTests.test_guard_records_agent_provenance_after_proof) ... DiffWitness Guard armed at cdd40627ab34
2026-09-24T06:02:01.8159325Z Agent:    /opt/hostedtoolcache/Python/3.11.16/x64/bin/python -c raise SystemExit(7)
2026-09-24T06:02:01.8160356Z Policy:   config/default
2026-09-24T06:02:01.8160801Z Strategy: config/default
2026-09-24T06:02:01.8161222Z Proof budget: 900s after agent exit
2026-09-24T06:02:01.8161548Z 
2026-09-24T06:02:02.0177393Z DiffWitness Guard armed at 35df5c2102f4
2026-09-24T06:02:02.0179304Z Agent:    /opt/hostedtoolcache/Python/3.11.16/x64/bin/python -c from pathlib import Path; p=Path('auth/session.py'); p.write_text('def add(a, b):\n    return a + b\n', encoding='utf-8'); t=Path('tests/test_session.py'); t.parent.mkdir(exist_ok=True); t.write_text("import unittest\nfrom auth.session import add\n\nclass T(unittest.TestCase):\n    def test_add(self):\n        self.assertEqual(add(2, 3), 5)\n", encoding='utf-8')
2026-09-24T06:02:02.0180934Z Policy:   strict
2026-09-24T06:02:02.0181156Z Strategy: config/default
2026-09-24T06:02:02.0181407Z Proof budget: 900s after agent exit
2026-09-24T06:02:02.0181585Z 
2026-09-24T06:02:02.0182033Z DiffWitness Gate: causal contrast proven; exhaustive strategy for 1 production mutation(s) under strict policy (899.9s proof budget remaining)
2026-09-24T06:02:02.3848797Z ok
2026-09-24T06:02:02.3981945Z test_guard_rejects_over_budget_patch_without_admitting_rejected_debt (test_guard_debt.GuardDebtTests.test_guard_rejects_over_budget_patch_without_admitting_rejected_debt) ... DiffWitness 0.4.0a1 - counterfactual patch evidence
2026-09-24T06:02:02.3984633Z repo:      /tmp/tmpht6ngevb
2026-09-24T06:02:02.3985298Z base:      35df5c2102f4414c54ac77ba368ab2121ad7b84d (35df5c2102f4)
2026-09-24T06:02:02.3986013Z candidate: fb1c7f3fb853233abf217352043b47a47b649c4e (fb1c7f3fb853)
2026-09-24T06:02:02.3986855Z evidence:  "/opt/hostedtoolcache/Python/3.11.16/x64/bin/python" -m unittest discover -s tests -q
2026-09-24T06:02:02.3987489Z stability: 1 run(s) per variant
2026-09-24T06:02:02.3987997Z budget:    899.867s total; 300s per command
2026-09-24T06:02:02.3988822Z changes:   1 analyzed mutation(s); 1 changed test file(s)
2026-09-24T06:02:02.3989218Z 
2026-09-24T06:02:02.3989677Z contrast:  BASE STABLE-FAIL -> CANDIDATE STABLE-PASS
2026-09-24T06:02:02.3990109Z 
2026-09-24T06:02:02.3990289Z WITNESSED         +1/-1  auth/session.py hunk 1/1  [stable-fail]
2026-09-24T06:02:02.3990557Z 
2026-09-24T06:02:02.3990687Z summary: 1 witnessed, 0 unwitnessed, 0 inconclusive
2026-09-24T06:02:02.3991026Z core:    1 minimal sufficient set(s) of 1 hunk(s)
2026-09-24T06:02:02.3991340Z cert:    dw2_431bfd900ac2d5e9ad56
2026-09-24T06:02:02.3991636Z DiffWitness Gate accepted (dw2_431bfd900ac2d5e9ad56)
2026-09-24T06:02:02.3991860Z 
2026-09-24T06:02:02.3991963Z DiffWitness Guard: PROOF ACCEPTED
2026-09-24T06:02:02.3992130Z 
2026-09-24T06:02:02.3992490Z CHANGE DEBT
2026-09-24T06:02:02.3992700Z +1 point(s) / 1 obligation(s)
2026-09-24T06:02:02.3992939Z   security           +1
2026-09-24T06:02:02.3993571Z   DW-F90AD233C569 +1 security/heuristic — Security-sensitive surface changed
2026-09-24T06:02:02.3994044Z Debt budget: PASS — projected total 1; new 1
2026-09-24T06:02:02.3994372Z Debt Ledger: +1 introduced, 0 reopened, 0 refreshed
2026-09-24T06:02:02.3994840Z IdleProof explanation: /tmp/tmpht6ngevb/.git/diffwitness/idleproof-explanation.json
2026-09-24T06:02:02.3995376Z Change envelope: /tmp/tmpht6ngevb/.git/diffwitness/change-envelope.json
2026-09-24T06:02:02.3995933Z Project continuity: 4 new change event(s) · dwchg_ccd6600f7c6c1cf6d06c65d9
2026-09-24T06:02:02.3996391Z Project continuity: 1 Debt Ledger lifecycle event(s) projected
2026-09-24T06:02:02.6006218Z DiffWitness Guard armed at 67a080ab0667
2026-09-24T06:02:02.6009233Z Agent:    /opt/hostedtoolcache/Python/3.11.16/x64/bin/python -c from pathlib import Path; p=Path('auth/session.py'); p.write_text('def add(a, b):\n    return a + b\n', encoding='utf-8'); t=Path('tests/test_session.py'); t.parent.mkdir(exist_ok=True); t.write_text("import unittest\nfrom auth.session import add\n\nclass T(unittest.TestCase):\n    def test_add(self):\n        self.assertEqual(add(2, 3), 5)\n", encoding='utf-8')
2026-09-24T06:02:02.6011154Z Policy:   strict
2026-09-24T06:02:02.6011621Z Strategy: config/default
2026-09-24T06:02:02.6011880Z Proof budget: 900s after agent exit
2026-09-24T06:02:02.6012063Z 
2026-09-24T06:02:02.6012522Z DiffWitness Gate: causal contrast proven; exhaustive strategy for 1 production mutation(s) under strict policy (899.9s proof budget remaining)
2026-09-24T06:02:02.9155429Z DiffWitness Guard: DEBT BUDGET REJECTED
2026-09-24T06:02:02.9496578Z ok
2026-09-24T06:02:02.9736598Z test_default_guided_root_help_is_a_bounded_onboarding_surface (test_ht001_guided_first_run.GuidedFirstRunDensityTests.test_default_guided_root_help_is_a_bounded_onboarding_surface) ... ok
2026-09-24T06:02:02.9889218Z test_french_guided_root_help_has_the_same_bounded_information_shape (test_ht001_guided_first_run.GuidedFirstRunDensityTests.test_french_guided_root_help_has_the_same_bounded_information_shape) ... ok
2026-09-24T06:02:03.0087457Z test_technical_help_keeps_the_complete_engineering_surface (test_ht001_guided_first_run.GuidedFirstRunDensityTests.test_technical_help_keeps_the_complete_engineering_surface) ... ok
2026-09-24T06:02:03.0109346Z test_default_guided_english_explains_how_to_reach_a_valid_doctor_context (test_ht002_doctor_outside_git.DoctorOutsideGitActionabilityTests.test_default_guided_english_explains_how_to_reach_a_valid_doctor_context) ... ok
2026-09-24T06:02:03.0129021Z test_guided_french_has_the_same_actionable_failure_shape (test_ht002_doctor_outside_git.DoctorOutsideGitActionabilityTests.test_guided_french_has_the_same_actionable_failure_shape) ... ok
2026-09-24T06:02:03.0149037Z test_json_outside_git_preserves_raw_failure_contract (test_ht002_doctor_outside_git.DoctorOutsideGitActionabilityTests.test_json_outside_git_preserves_raw_failure_contract) ... ok
2026-09-24T06:02:03.0162672Z test_other_git_failures_do_not_get_outside_repository_advice (test_ht002_doctor_outside_git.DoctorOutsideGitActionabilityTests.test_other_git_failures_do_not_get_outside_repository_advice) ... ok
2026-09-24T06:02:03.0182261Z test_technical_outside_git_still_fails_without_inventing_readiness (test_ht002_doctor_outside_git.DoctorOutsideGitActionabilityTests.test_technical_outside_git_still_fails_without_inventing_readiness) ... ok
2026-09-24T06:02:03.0185121Z test_every_diffwitness_owned_sidecar_diagnostic_has_a_guided_rendering (test_ht004_guided_vocabulary.HT004GuidedVocabularyTests.test_every_diffwitness_owned_sidecar_diagnostic_has_a_guided_rendering) ... ok
2026-09-24T06:02:03.5089773Z test_guided_setup_hides_internal_sidecar_term_without_changing_machine_or_technical_detail (test_ht004_guided_vocabulary.HT004GuidedVocabularyTests.test_guided_setup_hides_internal_sidecar_term_without_changing_machine_or_technical_detail) ... ok
2026-09-24T06:02:03.5896436Z test_idleproof_help_does_not_expose_internal_sidecar_architecture (test_ht004_guided_vocabulary.HT004GuidedVocabularyTests.test_idleproof_help_does_not_expose_internal_sidecar_architecture) ... ok
2026-09-24T06:02:03.6604048Z test_frontend_error_public_export_remains_available_on_demand (test_ht006_cli_startup.HT006CliStartupTests.test_frontend_error_public_export_remains_available_on_demand) ... ok
2026-09-24T06:02:03.6870152Z test_importing_public_entry_does_not_eagerly_load_full_frontend (test_ht006_cli_startup.HT006CliStartupTests.test_importing_public_entry_does_not_eagerly_load_full_frontend) ... ok
2026-09-24T06:02:03.6877104Z test_version_fast_path_does_not_run_git (test_ht006_cli_startup.HT006CliStartupTests.test_version_fast_path_does_not_run_git) ... ok
2026-09-24T06:02:03.6878945Z test_version_output_contract_remains_exact (test_ht006_cli_startup.HT006CliStartupTests.test_version_output_contract_remains_exact) ... ok
2026-09-24T06:02:03.6880317Z test_explicit_codex_setup_bounds_protect_scope_when_claude_is_detectable (test_ht007_provider_scope.HT007ProviderScopeQualificationTests.test_explicit_codex_setup_bounds_protect_scope_when_claude_is_detectable)
2026-09-24T06:02:04.4341823Z Public setup scope must win over broader provider auto-detection in Protect. ... ok
2026-09-24T06:02:05.6439028Z test_claude_hooks_use_exec_form_and_complete_native_change (test_human_blocker_regressions.HumanBlockerRegressionTests.test_claude_hooks_use_exec_form_and_complete_native_change) ... ok
2026-09-24T06:02:06.6386848Z test_manual_gate_persists_current_worktree_verification (test_human_blocker_regressions.HumanBlockerRegressionTests.test_manual_gate_persists_current_worktree_verification) ... ok
2026-09-24T06:02:06.6777746Z test_continuity_projection_failure_is_durable_degradation_and_recovery_clears_it (test_ide_handoff_fail_closed.IdeHandoffFailClosedTests.test_continuity_projection_failure_is_durable_degradation_and_recovery_clears_it) ... ok
2026-09-24T06:02:06.6789474Z test_exhausted_continuation_budget_never_becomes_approval (test_ide_handoff_fail_closed.IdeHandoffFailClosedTests.test_exhausted_continuation_budget_never_becomes_approval) ... ok
2026-09-24T06:02:06.6956357Z test_missing_or_invalid_native_start_capture_terminates_unverified_without_a_loop (test_ide_handoff_fail_closed.IdeHandoffFailClosedTests.test_missing_or_invalid_native_start_capture_terminates_unverified_without_a_loop) ... ok
2026-09-24T06:02:06.6961265Z test_session_model_receives_evidence_first_policy_and_optional_soul (test_idleproof_agent_session.IdleProofAgentSessionTests.test_session_model_receives_evidence_first_policy_and_optional_soul) ... ok
2026-09-24T06:02:06.6963458Z test_session_policy_does_not_require_soul_or_any_provider (test_idleproof_agent_session.IdleProofAgentSessionTests.test_session_policy_does_not_require_soul_or_any_provider) ... ok
2026-09-24T06:02:06.7314647Z test_authoritative_proof_path_has_no_model_or_http_client_dependency (test_idleproof_architecture_invariants.IdleProofArchitectureInvariantTests.test_authoritative_proof_path_has_no_model_or_http_client_dependency) ... ok
2026-09-24T06:02:06.7317202Z test_guard_may_emit_deterministic_idleproof_but_not_call_optional_inference (test_idleproof_architecture_invariants.IdleProofArchitectureInvariantTests.test_guard_may_emit_deterministic_idleproof_but_not_call_optional_inference) ... ok
2026-09-24T06:02:07.1089878Z test_optional_user_inference_never_flows_back_into_proof_debt_or_continuity_modules (test_idleproof_architecture_invariants.IdleProofArchitectureInvariantTests.test_optional_user_inference_never_flows_back_into_proof_debt_or_continuity_modules) ... ok
2026-09-24T06:02:07.1094119Z test_user_owned_cache_stays_in_git_metadata_not_project_source (test_idleproof_architecture_invariants.IdleProofArchitectureInvariantTests.test_user_owned_cache_stays_in_git_metadata_not_project_source) ... ok
2026-09-24T06:02:07.1097353Z test_binary_change_is_explained_conservatively (test_idleproof_explanation.DeterministicExplanationTests.test_binary_change_is_explained_conservatively) ... ok
2026-09-24T06:02:07.1099348Z test_empty_change_still_has_an_explicit_result (test_idleproof_explanation.DeterministicExplanationTests.test_empty_change_still_has_an_explicit_result) ... ok
2026-09-24T06:02:07.1100836Z test_heuristic_sensor_never_becomes_a_verified_fact (test_idleproof_explanation.DeterministicExplanationTests.test_heuristic_sensor_never_becomes_a_verified_fact) ... ok
2026-09-24T06:02:07.1102310Z test_renderer_is_useful_without_network_or_llm (test_idleproof_explanation.DeterministicExplanationTests.test_renderer_is_useful_without_network_or_llm) ... ok
2026-09-24T06:02:07.1103755Z test_unaccepted_proof_is_never_described_as_proven (test_idleproof_explanation.DeterministicExplanationTests.test_unaccepted_proof_is_never_described_as_proven) ... ok
2026-09-24T06:02:07.1105081Z test_builder_quota_is_exactly_500 (test_idleproof_explanation.ManagedInferencePolicyTests.test_builder_quota_is_exactly_500) ... ok
2026-09-24T06:02:07.1106624Z test_free_alpha_and_unknown_plans_can_never_use_diffwitness_managed_inference (test_idleproof_explanation.ManagedInferencePolicyTests.test_free_alpha_and_unknown_plans_can_never_use_diffwitness_managed_inference) ... ok
2026-09-24T06:02:07.1109802Z test_managed_quota_exhaustion_falls_back_to_deterministic_not_another_paid_route (test_idleproof_explanation.ManagedInferencePolicyTests.test_managed_quota_exhaustion_falls_back_to_deterministic_not_another_paid_route) ... ok
2026-09-24T06:02:07.1111582Z test_pro_quota_is_exactly_1200 (test_idleproof_explanation.ManagedInferencePolicyTests.test_pro_quota_is_exactly_1200) ... ok
2026-09-24T06:02:07.1112630Z test_team_and_enterprise_are_finite_in_shared_policy (test_idleproof_explanation.ManagedInferencePolicyTests.test_team_and_enterprise_are_finite_in_shared_policy) ... ok
2026-09-24T06:02:07.1113805Z test_user_owned_compute_remains_available_on_free (test_idleproof_explanation.ManagedInferencePolicyTests.test_user_owned_compute_remains_available_on_free) ... ok
2026-09-24T06:02:07.1114956Z test_llm_context_contains_only_bounded_facts_and_style (test_idleproof_explanation.SoulAndLlmContextTests.test_llm_context_contains_only_bounded_facts_and_style) ... ok
2026-09-24T06:02:07.1116017Z test_local_soul_is_style_only_and_bounded (test_idleproof_explanation.SoulAndLlmContextTests.test_local_soul_is_style_only_and_bounded) ... ok
2026-09-24T06:02:07.1802170Z test_historical_accepted_proof_cannot_claim_drifted_worktree_is_verified (test_idleproof_freshness.IdleProofFreshnessTests.test_historical_accepted_proof_cannot_claim_drifted_worktree_is_verified) ... ok
2026-09-24T06:02:07.1989802Z test_snapshot_omits_invalid_local_protection_projection (test_idleproof_protect_projection.IdleProofProtectProjectionTests.test_snapshot_omits_invalid_local_protection_projection) ... ok
2026-09-24T06:02:07.2180153Z test_snapshot_projects_only_bounded_aggregate_protection (test_idleproof_protect_projection.IdleProofProtectProjectionTests.test_snapshot_projects_only_bounded_aggregate_protection) ... ok
2026-09-24T06:02:07.2389806Z test_auto_installs_only_detected_project_providers (test_idleproof_sidecar.IntegrationTests.test_auto_installs_only_detected_project_providers) ... ok
2026-09-24T06:02:07.2529428Z test_auto_without_a_detected_provider_is_actionable_and_non_mutating (test_idleproof_sidecar.IntegrationTests.test_auto_without_a_detected_provider_is_actionable_and_non_mutating) ... ok
2026-09-24T06:02:07.2733252Z test_install_migrates_provider_neutral_hooks_without_double_execution (test_idleproof_sidecar.IntegrationTests.test_install_migrates_provider_neutral_hooks_without_double_execution) ... ok
2026-09-24T06:02:07.2989624Z test_install_status_and_uninstall_are_non_destructive (test_idleproof_sidecar.IntegrationTests.test_install_status_and_uninstall_are_non_destructive) ... ok
2026-09-24T06:02:07.3172407Z test_local_project_identity_is_stable_and_repo_bound (test_idleproof_sidecar.IntegrationTests.test_local_project_identity_is_stable_and_repo_bound) ... ok
2026-09-24T06:02:07.3309047Z test_assurance_bridge_rejects_envelope_that_violates_privacy_boundary (test_idleproof_sidecar.PortalSidecarTests.test_assurance_bridge_rejects_envelope_that_violates_privacy_boundary) ... ok
2026-09-24T06:02:07.3562896Z test_dry_run_needs_no_token_and_exposes_bounded_snapshot (test_idleproof_sidecar.PortalSidecarTests.test_dry_run_needs_no_token_and_exposes_bounded_snapshot) ... ok
2026-09-24T06:02:07.3737605Z test_endpoint_policy_and_token_is_never_persisted (test_idleproof_sidecar.PortalSidecarTests.test_endpoint_policy_and_token_is_never_persisted) ... ok
2026-09-24T06:02:07.9149150Z test_real_local_http_sync_sends_only_bounded_snapshot_and_uses_env_token (test_idleproof_sidecar.PortalSidecarTests.test_real_local_http_sync_sends_only_bounded_snapshot_and_uses_env_token) ... ok
2026-09-24T06:02:07.9423342Z test_snapshot_is_bounded_deterministic_and_preserves_inconclusive_proof (test_idleproof_sidecar.PortalSidecarTests.test_snapshot_is_bounded_deterministic_and_preserves_inconclusive_proof) ... ok
2026-09-24T06:02:07.9720336Z test_tracked_soul_remains_part_of_the_software_tree (test_idleproof_soul_snapshot.IdleProofSoulSnapshotTests.test_tracked_soul_remains_part_of_the_software_tree) ... ok
2026-09-24T06:02:07.9921397Z test_untracked_soul_preferences_do_not_change_candidate_tree (test_idleproof_soul_snapshot.IdleProofSoulSnapshotTests.test_untracked_soul_preferences_do_not_change_candidate_tree) ... ok
2026-09-24T06:02:07.9923603Z test_api_key_cannot_be_sent_over_plain_http_except_loopback (test_idleproof_user_inference.IdleProofUserInferenceTests.test_api_key_cannot_be_sent_over_plain_http_except_loopback) ... ok
2026-09-24T06:02:08.0091072Z test_cache_is_content_addressed_by_context_endpoint_and_model (test_idleproof_user_inference.IdleProofUserInferenceTests.test_cache_is_content_addressed_by_context_endpoint_and_model) ... ok
2026-09-24T06:02:08.0359398Z test_default_dw_explain_never_builds_a_network_opener (test_idleproof_user_inference.IdleProofUserInferenceTests.test_default_dw_explain_never_builds_a_network_opener) ... ok
2026-09-24T06:02:08.0363372Z test_human_output_always_shows_deterministic_original_before_labelled_ai_wording (test_idleproof_user_inference.IdleProofUserInferenceTests.test_human_output_always_shows_deterministic_original_before_labelled_ai_wording) ... ok
2026-09-24T06:02:08.0726065Z test_managed_engine_is_impossible_from_oss_cli_and_falls_back (test_idleproof_user_inference.IdleProofUserInferenceTests.test_managed_engine_is_impossible_from_oss_cli_and_falls_back) ... ok
2026-09-24T06:02:08.1199763Z test_openrouter_uses_only_user_key_and_cache_prevents_second_provider_call (test_idleproof_user_inference.IdleProofUserInferenceTests.test_openrouter_uses_only_user_key_and_cache_prevents_second_provider_call) ... ok
2026-09-24T06:02:08.1205588Z test_provider_control_characters_are_neutralized_before_display_or_cache (test_idleproof_user_inference.IdleProofUserInferenceTests.test_provider_control_characters_are_neutralized_before_display_or_cache) ... ok
2026-09-24T06:02:08.1211868Z test_slots_presentation_units_serialize_and_provider_rewrites_only_existing_ids (test_idleproof_user_inference.IdleProofUserInferenceTests.test_slots_presentation_units_serialize_and_provider_rewrites_only_existing_ids) ... ok
2026-09-24T06:02:09.8118756Z test_minimal_sufficient_core_and_surplus_hunk (test_integration.IntegrationTests.test_minimal_sufficient_core_and_surplus_hunk) ... ok
2026-09-24T06:02:10.3124116Z test_mutual_backup_pair_is_detected (test_integration.IntegrationTests.test_mutual_backup_pair_is_detected) ... ok
2026-09-24T06:02:10.3441858Z test_snapshot_ignores_untracked_runtime_caches_but_keeps_untracked_source (test_integration.IntegrationTests.test_snapshot_ignores_untracked_runtime_caches_but_keeps_untracked_source) ... ok
2026-09-24T06:02:10.3710058Z test_tracked_cache_named_file_is_never_silently_hidden (test_integration.IntegrationTests.test_tracked_cache_named_file_is_never_silently_hidden) ... ok
2026-09-24T06:02:10.3953060Z test_worktree_snapshot_does_not_require_persistent_git_identity (test_integration.IntegrationTests.test_worktree_snapshot_does_not_require_persistent_git_identity) ... ok
2026-09-24T06:02:10.5333546Z test_explicit_french_and_precedence_preserve_view_and_never_leak (test_language.LanguageTests.test_explicit_french_and_precedence_preserve_view_and_never_leak) ... ok
2026-09-24T06:02:10.7641850Z test_french_environment_defaults_to_english_without_persisting_language (test_language.LanguageTests.test_french_environment_defaults_to_english_without_persisting_language) ... ok
2026-09-24T06:02:11.4460031Z test_french_human_surfaces_and_json_are_language_and_view_invariant (test_language.LanguageTests.test_french_human_surfaces_and_json_are_language_and_view_invariant) ... ok
2026-09-24T06:02:11.4533276Z test_invalid_choice_and_missing_repo_do_not_save_or_leak (test_language.LanguageTests.test_invalid_choice_and_missing_repo_do_not_save_or_leak) ... ok
2026-09-24T06:02:11.4645769Z test_native_protocol_and_agent_arguments_do_not_inherit_ui_language (test_language.LanguageTests.test_native_protocol_and_agent_arguments_do_not_inherit_ui_language) ... ok
2026-09-24T06:02:11.7979317Z test_same_executed_evidence_produces_identical_certificates_in_both_languages (test_language.LanguageTests.test_same_executed_evidence_produces_identical_certificates_in_both_languages) ... ok
2026-09-24T06:02:11.8031575Z test_event_sourced_lifecycle_and_reopen (test_ledger.LedgerTests.test_event_sourced_lifecycle_and_reopen) ... ok
2026-09-24T06:02:11.8052228Z test_hash_valid_but_invalid_transition_fails_closed (test_ledger.LedgerTests.test_hash_valid_but_invalid_transition_fails_closed) ... ok
2026-09-24T06:02:11.8099244Z test_project_reconciliation_only_closes_project_rules (test_ledger.LedgerTests.test_project_reconciliation_only_closes_project_rules) ... ok
2026-09-24T06:02:11.8100738Z test_semantic_identity_mismatch_fails_closed_on_load (test_ledger.LedgerTests.test_semantic_identity_mismatch_fails_closed_on_load)
2026-09-24T06:02:11.8119766Z A hash-valid imported event cannot relabel a signal under another DW id. ... ok
2026-09-24T06:02:11.8161863Z test_stale_accept_cannot_accept_debt_resolved_by_another_process (test_ledger.LedgerTests.test_stale_accept_cannot_accept_debt_resolved_by_another_process) ... ok
2026-09-24T06:02:11.8163380Z test_stale_instances_append_without_losing_events (test_ledger.LedgerTests.test_stale_instances_append_without_losing_events)
2026-09-24T06:02:11.8196811Z Two agents that loaded the same ledger must not overwrite each other. ... ok
2026-09-24T06:02:11.8198470Z test_stale_instances_do_not_double_introduce_same_debt (test_ledger.LedgerTests.test_stale_instances_do_not_double_introduce_same_debt)
2026-09-24T06:02:11.8222864Z The state decision and append must share the same lock, not only the disk write. ... ok
2026-09-24T06:02:11.8249212Z test_stale_persist_cannot_overwrite_newer_history (test_ledger.LedgerTests.test_stale_persist_cannot_overwrite_newer_history) ... ok
2026-09-24T06:02:11.8268313Z test_tampering_breaks_integrity (test_ledger.LedgerTests.test_tampering_breaks_integrity) ... ok
2026-09-24T06:02:11.8271929Z test_unknown_event_type_is_rejected (test_ledger.LedgerTests.test_unknown_event_type_is_rejected) ... ok
2026-09-24T06:02:11.8952977Z test_checkpoint_and_status_are_exposed_through_dw (test_ledger_cli.LedgerCliTests.test_checkpoint_and_status_are_exposed_through_dw) ... ok
2026-09-24T06:02:11.9075669Z test_missing_remote_is_reported_as_cli_error_not_traceback (test_ledger_cli.LedgerCliTests.test_missing_remote_is_reported_as_cli_error_not_traceback) ... DiffWitness 0.4.0a1 - counterfactual patch evidence
2026-09-24T06:02:11.9076804Z repo:      /tmp/tmpf5ri3nx4
2026-09-24T06:02:11.9077151Z base:      67a080ab0667b195ce3cf9da7bf59530ca9a92d9 (67a080ab0667)
2026-09-24T06:02:11.9077586Z candidate: a3f7a4667350d5919d8cffa99d807f52947166ec (a3f7a4667350)
2026-09-24T06:02:11.9078475Z evidence:  "/opt/hostedtoolcache/Python/3.11.16/x64/bin/python" -m unittest discover -s tests -q
2026-09-24T06:02:11.9079291Z stability: 1 run(s) per variant
2026-09-24T06:02:11.9079810Z budget:    899.866s total; 300s per command
2026-09-24T06:02:11.9080164Z changes:   1 analyzed mutation(s); 1 changed test file(s)
2026-09-24T06:02:11.9080394Z 
2026-09-24T06:02:11.9080543Z contrast:  BASE STABLE-FAIL -> CANDIDATE STABLE-PASS
2026-09-24T06:02:11.9080773Z 
2026-09-24T06:02:11.9080931Z WITNESSED         +1/-1  auth/session.py hunk 1/1  [stable-fail]
2026-09-24T06:02:11.9081195Z 
2026-09-24T06:02:11.9081322Z summary: 1 witnessed, 0 unwitnessed, 0 inconclusive
2026-09-24T06:02:11.9081655Z core:    1 minimal sufficient set(s) of 1 hunk(s)
2026-09-24T06:02:11.9081962Z cert:    dw2_980d96f376ee5cb29bff
2026-09-24T06:02:11.9082255Z DiffWitness Gate accepted (dw2_980d96f376ee5cb29bff)
2026-09-24T06:02:11.9082473Z 
2026-09-24T06:02:11.9082577Z DiffWitness Guard: PROOF ACCEPTED
2026-09-24T06:02:11.9082740Z 
2026-09-24T06:02:11.9082825Z CHANGE DEBT
2026-09-24T06:02:11.9083038Z +1 point(s) / 1 obligation(s)
2026-09-24T06:02:11.9083277Z   security           +1
2026-09-24T06:02:11.9083888Z   DW-F90AD233C569 +1 security/heuristic — Security-sensitive surface changed
2026-09-24T06:02:11.9084376Z Debt budget: EXCEEDED — projected total 1; new 1
2026-09-24T06:02:11.9084699Z   ! new debt 1 exceeds per-change budget 0
2026-09-24T06:02:11.9085067Z Debt Ledger: rejected change was not admitted to the durable ledger.
2026-09-24T06:02:11.9085588Z IdleProof explanation: /tmp/tmpf5ri3nx4/.git/diffwitness/idleproof-explanation.json
2026-09-24T06:02:11.9086323Z Change envelope: /tmp/tmpf5ri3nx4/.git/diffwitness/change-envelope.json
2026-09-24T06:02:11.9086902Z Project continuity: 4 new change event(s) · dwchg_b32a8f9af10adb4b37a569ff
2026-09-24T06:02:11.9287235Z ok
2026-09-24T06:02:11.9292392Z test_non_object_jsonl_record_fails_closed (test_ledger_corruption.LedgerCorruptionTests.test_non_object_jsonl_record_fails_closed) ... ok
2026-09-24T06:02:11.9317345Z test_truncated_jsonl_tail_fails_closed_and_is_not_repaired_silently (test_ledger_corruption.LedgerCorruptionTests.test_truncated_jsonl_tail_fails_closed_and_is_not_repaired_silently) ... ok
2026-09-24T06:02:11.9785297Z test_checkpoint_history_is_fast_forward_only (test_ledger_transport.LedgerTransportTests.test_checkpoint_history_is_fast_forward_only) ... ok
2026-09-24T06:02:12.0098545Z test_checkpoint_is_idempotent_for_unchanged_ledger (test_ledger_transport.LedgerTransportTests.test_checkpoint_is_idempotent_for_unchanged_ledger) ... ok
2026-09-24T06:02:12.0439642Z test_checkpoint_restores_into_empty_clone_state_without_touching_head (test_ledger_transport.LedgerTransportTests.test_checkpoint_restores_into_empty_clone_state_without_touching_head) ... ok
2026-09-24T06:02:12.0714838Z test_checkpoint_tree_and_blob_are_platform_canonical (test_ledger_transport.LedgerTransportTests.test_checkpoint_tree_and_blob_are_platform_canonical) ... ok
2026-09-24T06:02:12.1654309Z test_missing_remote_ref_cannot_reuse_stale_tracking_ref (test_ledger_transport.LedgerTransportTests.test_missing_remote_ref_cannot_reuse_stale_tracking_ref) ... ok
2026-09-24T06:02:12.3184938Z test_remote_concurrent_update_never_force_overwrites (test_ledger_transport.LedgerTransportTests.test_remote_concurrent_update_never_force_overwrites) ... ok
2026-09-24T06:02:12.4054798Z test_remote_push_and_fresh_pull_round_trip (test_ledger_transport.LedgerTransportTests.test_remote_push_and_fresh_pull_round_trip) ... ok
2026-09-24T06:02:12.4417781Z test_exhausted_failed_proof_terminates_unverified (test_legacy_stop_contract.LegacyStopContractTests.test_exhausted_failed_proof_terminates_unverified) ... ok
2026-09-24T06:02:12.4628411Z test_missing_or_invalid_start_state_terminates_unverified_without_a_loop (test_legacy_stop_contract.LegacyStopContractTests.test_missing_or_invalid_start_state_terminates_unverified_without_a_loop) ... ok
2026-09-24T06:02:12.4903437Z test_no_change_success_omits_decision (test_legacy_stop_contract.LegacyStopContractTests.test_no_change_success_omits_decision) ... ok
2026-09-24T06:02:12.4906735Z test_payload_contract_reserves_decision_for_blocks (test_legacy_stop_contract.LegacyStopContractTests.test_payload_contract_reserves_decision_for_blocks) ... ok
2026-09-24T06:02:12.9446009Z test_native_proof_debt_understand_and_status_use_real_worktree_metadata (test_linked_worktree_product.LinkedWorktreeProductTests.test_native_proof_debt_understand_and_status_use_real_worktree_metadata) ... ok
2026-09-24T06:02:12.9628358Z test_damaged_or_duplicate_marker_blocks_fail_closed_without_rewriting_user_rules (test_local_git_state.LocalGitStateTests.test_damaged_or_duplicate_marker_blocks_fail_closed_without_rewriting_user_rules) ... ok
2026-09-24T06:02:12.9926838Z test_local_excludes_are_idempotent_preserve_user_rules_and_keep_tracked_files_visible (test_local_git_state.LocalGitStateTests.test_local_excludes_are_idempotent_preserve_user_rules_and_keep_tracked_files_visible) ... ok
2026-09-24T06:02:13.0089892Z test_setup_install_fails_before_sidecar_if_git_metadata_cannot_be_prepared (test_local_git_state.LocalGitStateTests.test_setup_install_fails_before_sidecar_if_git_metadata_cannot_be_prepared) ... ok
2026-09-24T06:02:13.0437251Z test_setup_install_prepares_local_excludes_before_sidecar_runs (test_local_git_state.LocalGitStateTests.test_setup_install_prepares_local_excludes_before_sidecar_runs) ... ok
2026-09-24T06:02:15.0602559Z test_all_kinds_nonascii_and_fr_en_keep_same_citations (test_memory_code.MemoryCodeTests.test_all_kinds_nonascii_and_fr_en_keep_same_citations) ... ok
2026-09-24T06:02:15.7550008Z test_code_drift_revalidation_keeps_authorities_and_index (test_memory_code.MemoryCodeTests.test_code_drift_revalidation_keeps_authorities_and_index) ... ok
2026-09-24T06:02:16.2838327Z test_deleted_and_explicitly_moved_reference (test_memory_code.MemoryCodeTests.test_deleted_and_explicitly_moved_reference) ... ok
2026-09-24T06:02:16.8364476Z test_deleted_role_can_be_explicitly_cleared_but_not_both_roles (test_memory_code.MemoryCodeTests.test_deleted_role_can_be_explicitly_cleared_but_not_both_roles) ... ok
2026-09-24T06:02:16.9186051Z test_forged_git_digest_cannot_be_reported_as_unchanged (test_memory_code.MemoryCodeTests.test_forged_git_digest_cannot_be_reported_as_unchanged) ... ok
2026-09-24T06:02:17.0448321Z test_forged_source_reference_rejected_on_all_readers (test_memory_code.MemoryCodeTests.test_forged_source_reference_rejected_on_all_readers) ... ok
2026-09-24T06:02:17.5192394Z test_invalid_selections_and_inactive_memory_do_not_append (test_memory_code.MemoryCodeTests.test_invalid_selections_and_inactive_memory_do_not_append) ... ok
2026-09-24T06:02:17.6941782Z test_missing_baseline_object_and_corrupt_bytes_fail_closed (test_memory_code.MemoryCodeTests.test_missing_baseline_object_and_corrupt_bytes_fail_closed) ... ok
2026-09-24T06:02:17.7767465Z test_schema_authority_and_subject_collision_rejected (test_memory_code.MemoryCodeTests.test_schema_authority_and_subject_collision_rejected) ... ok
2026-09-24T06:02:18.2513656Z test_stale_binding_and_memory_revision_fail_atomically (test_memory_code.MemoryCodeTests.test_stale_binding_and_memory_revision_fail_atomically) ... ok
2026-09-24T06:02:18.4444597Z test_types_and_budgets_fail_without_false_unchanged (test_memory_code.MemoryCodeTests.test_types_and_budgets_fail_without_false_unchanged) ... ok
2026-09-24T06:02:20.3763949Z test_all_four_kinds_confirm_retire_and_reconsider_preserve_assertion (test_memory_lifecycle.MemoryLifecycleTests.test_all_four_kinds_confirm_retire_and_reconsider_preserve_assertion) ... ok
2026-09-24T06:02:20.5103695Z test_confirmation_does_not_promote_or_replace_original_assertion_authority (test_memory_lifecycle.MemoryLifecycleTests.test_confirmation_does_not_promote_or_replace_original_assertion_authority) ... ok
2026-09-24T06:02:20.6455933Z test_hash_valid_invalid_revision_is_rejected_by_checkpoint_and_old_cache (test_memory_lifecycle.MemoryLifecycleTests.test_hash_valid_invalid_revision_is_rejected_by_checkpoint_and_old_cache) ... ok
2026-09-24T06:02:21.5880192Z test_installed_presentations_retain_failed_approaches_and_distinct_review_authority (test_memory_lifecycle.MemoryLifecycleTests.test_installed_presentations_retain_failed_approaches_and_distinct_review_authority) ... ok
2026-09-24T06:02:22.0832627Z test_invalid_replacements_and_unknown_kind_fail_without_partial_history (test_memory_lifecycle.MemoryLifecycleTests.test_invalid_replacements_and_unknown_kind_fail_without_partial_history) ... ok
2026-09-24T06:02:22.1258982Z test_profile_cannot_promote_judgment_or_smuggle_replacement_relations (test_memory_lifecycle.MemoryLifecycleTests.test_profile_cannot_promote_judgment_or_smuggle_replacement_relations) ... ok
2026-09-24T06:02:22.3111126Z test_public_redeclaration_of_managed_identity_is_a_controlled_rejection (test_memory_lifecycle.MemoryLifecycleTests.test_public_redeclaration_of_managed_identity_is_a_controlled_rejection) ... ok
2026-09-24T06:02:22.6161020Z test_rejected_memory_and_edges_do_not_seed_context_but_history_remains (test_memory_lifecycle.MemoryLifecycleTests.test_rejected_memory_and_edges_do_not_seed_context_but_history_remains) ... ok
2026-09-24T06:02:22.7394042Z test_stale_revision_is_rejected_atomically_and_source_cannot_be_overwritten (test_memory_lifecycle.MemoryLifecycleTests.test_stale_revision_is_rejected_atomically_and_source_cannot_be_overwritten) ... ok
2026-09-24T06:02:23.1560647Z test_supersession_is_immutable_and_bidirectional_with_exact_replacement_reference (test_memory_lifecycle.MemoryLifecycleTests.test_supersession_is_immutable_and_bidirectional_with_exact_replacement_reference) ... ok
2026-09-24T06:02:23.1835962Z test_codex_configuration_never_implies_provider_trust (test_native_activation.NativeActivationTests.test_codex_configuration_never_implies_provider_trust) ... ok
2026-09-24T06:02:23.4576851Z test_concurrent_provider_observations_do_not_lose_updates (test_native_activation.NativeActivationTests.test_concurrent_provider_observations_do_not_lose_updates) ... ok
2026-09-24T06:02:23.4897756Z test_linked_worktree_uses_real_git_metadata_and_keeps_activation_local (test_native_activation.NativeActivationTests.test_linked_worktree_uses_real_git_metadata_and_keeps_activation_local) ... ok
2026-09-24T06:02:23.5093691Z test_start_cause_cannot_be_mistaken_for_a_provider (test_native_activation.NativeActivationTests.test_start_cause_cannot_be_mistaken_for_a_provider) ... ok
2026-09-24T06:02:23.5343785Z test_successful_provider_session_start_records_real_observation (test_native_activation.NativeActivationTests.test_successful_provider_session_start_records_real_observation) ... ok
2026-09-24T06:02:23.5496043Z test_unknown_source_cannot_fabricate_native_provider_observation (test_native_activation.NativeActivationTests.test_unknown_source_cannot_fabricate_native_provider_observation) ... ok
2026-09-24T06:02:23.5943528Z test_native_prompt_context_never_tells_active_agent_to_launch_guard (test_native_hook_contracts.NativeHookContractTests.test_native_prompt_context_never_tells_active_agent_to_launch_guard) ... ok
2026-09-24T06:02:23.6350298Z test_native_prompt_without_session_start_does_not_spawn_fallback_agent (test_native_hook_contracts.NativeHookContractTests.test_native_prompt_without_session_start_does_not_spawn_fallback_agent) ... ok
2026-09-24T06:02:23.6352728Z test_stop_block_preserves_block_and_reason (test_native_hook_contracts.NativeHookContractTests.test_stop_block_preserves_block_and_reason) ... ok
2026-09-24T06:02:23.6354255Z test_stop_success_omits_unsupported_approve_decision (test_native_hook_contracts.NativeHookContractTests.test_stop_success_omits_unsupported_approve_decision) ... ok
2026-09-24T06:02:23.6355881Z test_terminal_stop_failure_never_requests_another_agent_turn (test_native_hook_contracts.NativeHookContractTests.test_terminal_stop_failure_never_requests_another_agent_turn) ... ok
2026-09-24T06:02:23.6864932Z test_committed_patch_round_trip_preserves_mixed_endings_and_utf8_context (test_native_patch_bytes.NativePatchBytesTests.test_committed_patch_round_trip_preserves_mixed_endings_and_utf8_context) ... ok
2026-09-24T06:02:25.1283124Z test_native_staged_unborn_counterfactual_uses_exact_lf_and_crlf_bytes (test_native_patch_bytes.NativePatchBytesTests.test_native_staged_unborn_counterfactual_uses_exact_lf_and_crlf_bytes) ... ok
2026-09-24T06:02:25.1501065Z test_a_new_scope_never_reuses_a_previous_git_resolution (test_native_prompt_resolution.NativeResolutionTests.test_a_new_scope_never_reuses_a_previous_git_resolution) ... ok
2026-09-24T06:02:25.2056340Z test_historical_corruption_between_prompts_cannot_reuse_advisory_memory (test_native_prompt_resolution.NativeResolutionTests.test_historical_corruption_between_prompts_cannot_reuse_advisory_memory) ... ok
2026-09-24T06:02:25.2252418Z test_linked_worktree_roots_are_distinct_but_journal_is_shared (test_native_prompt_resolution.NativeResolutionTests.test_linked_worktree_roots_are_distinct_but_journal_is_shared) ... Preparing worktree (detached HEAD a5e5e18)
2026-09-24T06:02:25.2363726Z ok
2026-09-24T06:02:25.3094093Z test_native_prompt_reuses_only_repository_paths_within_one_invocation (test_native_prompt_resolution.NativeResolutionTests.test_native_prompt_reuses_only_repository_paths_within_one_invocation) ... ok
2026-09-24T06:02:25.3378982Z test_scoped_paths_are_discarded_on_exit_and_exception (test_native_prompt_resolution.NativeResolutionTests.test_scoped_paths_are_discarded_on_exit_and_exception) ... ok
2026-09-24T06:02:31.1265693Z test_generated_hooks_complete_all_guided_and_technical_provider_journeys (test_native_setup_journeys.NativeSetupJourneyTests.test_generated_hooks_complete_all_guided_and_technical_provider_journeys) ... ok
2026-09-24T06:02:31.1407274Z test_invalid_bytes_are_not_reinterpreted_as_locale_text (test_native_utf8_protocol.NativeUtf8ProtocolTests.test_invalid_bytes_are_not_reinterpreted_as_locale_text) ... ok
2026-09-24T06:02:31.4709940Z test_real_adapters_ignore_locale_for_native_utf8_input_and_output (test_native_utf8_protocol.NativeUtf8ProtocolTests.test_real_adapters_ignore_locale_for_native_utf8_input_and_output) ... ok
2026-09-24T06:02:31.4711822Z test_text_streams_and_non_object_payloads_keep_existing_contract (test_native_utf8_protocol.NativeUtf8ProtocolTests.test_text_streams_and_non_object_payloads_keep_existing_contract) ... ok
2026-09-24T06:02:31.4929743Z test_nested_idleproof_and_agent_hook_state_are_not_software_changes (test_nested_idleproof_plumbing.NestedLocalToolArtifactsTests.test_nested_idleproof_and_agent_hook_state_are_not_software_changes) ... ok
2026-09-24T06:02:31.4932478Z test_distinct_invalid_bytes_are_rejected_before_identity (test_patch_encoding_boundary.PatchEncodingBoundaryTests.test_distinct_invalid_bytes_are_rejected_before_identity) ... ok
2026-09-24T06:02:31.5715508Z test_real_prove_rejects_non_utf8_before_analysis_or_outputs (test_patch_encoding_boundary.PatchEncodingBoundaryTests.test_real_prove_rejects_non_utf8_before_analysis_or_outputs) ... ok
2026-09-24T06:02:32.1475022Z test_utf8_prove_persists_certificate_and_exact_crlf_reduction (test_patch_encoding_boundary.PatchEncodingBoundaryTests.test_utf8_prove_persists_certificate_and_exact_crlf_reduction) ... ok
2026-09-24T06:02:32.1850537Z test_native_handoff_blocks_an_intact_but_canonically_unaccepted_proof_before_debt_or_continuity (test_plugin_context_hook.PluginContextHookTests.test_native_handoff_blocks_an_intact_but_canonically_unaccepted_proof_before_debt_or_continuity) ... ok
2026-09-24T06:02:33.0525345Z test_native_session_stop_converges_on_proof_debt_envelope_and_continuity_without_guard_wrapper (test_plugin_context_hook.PluginContextHookTests.test_native_session_stop_converges_on_proof_debt_envelope_and_continuity_without_guard_wrapper) ... ok
2026-09-24T06:02:33.1461400Z test_prompt_submit_fails_open_outside_git_repository (test_plugin_context_hook.PluginContextHookTests.test_prompt_submit_fails_open_outside_git_repository) ... ok
2026-09-24T06:02:33.3298032Z test_prompt_submit_injects_bounded_epistemic_context_without_persisting_prompt (test_plugin_context_hook.PluginContextHookTests.test_prompt_submit_injects_bounded_epistemic_context_without_persisting_prompt) ... ok
2026-09-24T06:02:33.4403586Z test_prompt_submit_without_text_is_noop (test_plugin_context_hook.PluginContextHookTests.test_prompt_submit_without_text_is_noop) ... ok
2026-09-24T06:02:33.4404973Z test_help_exposes_only_diffwitness_commands (test_portal_proxy.PortalProxyTests.test_help_exposes_only_diffwitness_commands) ... ok
2026-09-24T06:02:33.4412680Z test_local_git_exclude_failure_blocks_state_creating_commands (test_portal_proxy.PortalProxyTests.test_local_git_exclude_failure_blocks_state_creating_commands) ... ok
2026-09-24T06:02:33.4420503Z test_missing_sidecar_is_actionable (test_portal_proxy.PortalProxyTests.test_missing_sidecar_is_actionable) ... ok
2026-09-24T06:02:33.4431645Z test_proxy_forwards_argv_without_shell_or_token_rewriting (test_portal_proxy.PortalProxyTests.test_proxy_forwards_argv_without_shell_or_token_rewriting) ... ok
2026-09-24T06:02:33.4447612Z test_snapshot_is_local_and_does_not_require_sidecar_or_portal_config (test_portal_proxy.PortalProxyTests.test_snapshot_is_local_and_does_not_require_sidecar_or_portal_config) ... ok
2026-09-24T06:02:33.4455178Z test_snapshot_rejects_unknown_options_without_network_or_sidecar (test_portal_proxy.PortalProxyTests.test_snapshot_rejects_unknown_options_without_network_or_sidecar) ... ok
2026-09-24T06:02:33.4465242Z test_start_failure_does_not_expose_internal_sidecar_term (test_portal_proxy.PortalProxyTests.test_start_failure_does_not_expose_internal_sidecar_term) ... ok
2026-09-24T06:02:33.4469068Z test_unknown_sidecar_surface_is_rejected (test_portal_proxy.PortalProxyTests.test_unknown_sidecar_surface_is_rejected) ... ok
2026-09-24T06:02:33.4470450Z test_balanced_and_strict_policies_are_distinct (test_proof_cli.ProofCliTests.test_balanced_and_strict_policies_are_distinct) ... ok
2026-09-24T06:02:33.4544036Z test_doctor_explains_default_detection (test_proof_cli.ProofCliTests.test_doctor_explains_default_detection) ... ok
2026-09-24T06:02:33.7158883Z test_guard_adaptive_accepts_one_hunk_proven_fix (test_proof_cli.ProofCliTests.test_guard_adaptive_accepts_one_hunk_proven_fix) ... ok
2026-09-24T06:02:34.1141235Z test_guard_auto_routes_large_enough_patch_to_adaptive_and_rejects_surplus (test_proof_cli.ProofCliTests.test_guard_auto_routes_large_enough_patch_to_adaptive_and_rejects_surplus) ... 
2026-09-24T06:02:34.1142399Z DiffWitness Guard: PROOF REJECTED - Adaptive Core found 1 mutation(s) removable while preserving the selected stable evidence
2026-09-24T06:02:34.1161669Z ok
2026-09-24T06:02:34.1730600Z test_guard_captures_pre_agent_state_and_accepts_proven_fix (test_proof_cli.ProofCliTests.test_guard_captures_pre_agent_state_and_accepts_proven_fix) ... DiffWitness Guard armed at 5ca11d190fc0
2026-09-24T06:02:34.1732448Z Evidence: "/opt/hostedtoolcache/Python/3.11.16/x64/bin/python" -m unittest discover -s tests -q
2026-09-24T06:02:34.1733270Z Policy:   strict
2026-09-24T06:02:34.1733613Z Strategy: adaptive
2026-09-24T06:02:34.1733983Z Budget:   900s proof wall clock
2026-09-24T06:02:34.1734262Z 
2026-09-24T06:02:34.1734616Z DiffWitness Guard selected adaptive proof for 1 production mutation(s).
2026-09-24T06:02:34.1735289Z DiffWitness Adaptive Core
2026-09-24T06:02:34.1735673Z contrast:    PROVEN
2026-09-24T06:02:34.1736038Z mutations:   1 original
2026-09-24T06:02:34.1736412Z core:        1 retained
2026-09-24T06:02:34.1736763Z removable:   0 observed removable
2026-09-24T06:02:34.1737020Z experiments: 1/40
2026-09-24T06:02:34.1737234Z 1-minimal:   yes
2026-09-24T06:02:34.1737461Z certificate: dwac1_d74b2c0d01b05e148dd5
2026-09-24T06:02:34.1737653Z 
2026-09-24T06:02:34.1737730Z Causal core:
2026-09-24T06:02:34.1737942Z   KEEP    calc.py hunk 1/1
2026-09-24T06:02:34.1738354Z 
2026-09-24T06:02:34.1738547Z DiffWitness Guard: PROOF ACCEPTED (dwac1_d74b2c0d01b05e148dd5)
2026-09-24T06:02:34.1738907Z DiffWitness Guard armed at 178f9e5bdd32
2026-09-24T06:02:34.1739358Z Evidence: "/opt/hostedtoolcache/Python/3.11.16/x64/bin/python" -m unittest discover -s tests -q
2026-09-24T06:02:34.1739806Z Policy:   balanced
2026-09-24T06:02:34.1740008Z Strategy: auto
2026-09-24T06:02:34.1740208Z Budget:   900s proof wall clock
2026-09-24T06:02:34.1740368Z 
2026-09-24T06:02:34.1740560Z DiffWitness Guard selected adaptive proof for 2 production mutation(s).
2026-09-24T06:02:34.1741139Z DiffWitness Adaptive Core
2026-09-24T06:02:34.1741380Z contrast:    PROVEN
2026-09-24T06:02:34.1741589Z mutations:   2 original
2026-09-24T06:02:34.1741801Z core:        1 retained
2026-09-24T06:02:34.1742025Z removable:   1 observed removable
2026-09-24T06:02:34.1742268Z experiments: 3/10
2026-09-24T06:02:34.1742467Z 1-minimal:   yes
2026-09-24T06:02:34.1742683Z certificate: dwac1_5085c42592a57527b5ef
2026-09-24T06:02:34.1742865Z 
2026-09-24T06:02:34.1742940Z Causal core:
2026-09-24T06:02:34.1743135Z   KEEP    calc.py hunk 1/2
2026-09-24T06:02:34.1743282Z 
2026-09-24T06:02:34.1743375Z Evidence-removable surface:
2026-09-24T06:02:34.1743858Z   REVIEW  calc.py hunk 2/2 — def add(a, b):
2026-09-24T06:02:34.1744154Z DiffWitness Guard armed at d13b0ae0a719
2026-09-24T06:02:34.1744602Z Evidence: "/opt/hostedtoolcache/Python/3.11.16/x64/bin/python" -m unittest discover -s tests -q
2026-09-24T06:02:34.1745047Z Policy:   strict
2026-09-24T06:02:34.1745240Z Strategy: auto
2026-09-24T06:02:34.1745452Z Budget:   900s proof wall clock
2026-09-24T06:02:34.1745610Z 
2026-09-24T06:02:34.1745812Z DiffWitness Guard selected exhaustive proof for 1 production mutation(s).
2026-09-24T06:02:34.4594544Z ok
2026-09-24T06:02:34.5167190Z test_guard_rejects_scope_creep_under_strict_policy (test_proof_cli.ProofCliTests.test_guard_rejects_scope_creep_under_strict_policy) ... DiffWitness 0.4.0a1 - counterfactual patch evidence
2026-09-24T06:02:34.5168620Z repo:      /tmp/tmpfnbpncrs
2026-09-24T06:02:34.5168961Z base:      d13b0ae0a71932ae119581bed9e6d35f34783f36 (d13b0ae0a719)
2026-09-24T06:02:34.5169417Z candidate: 186ade0b00bc1e60b19ec45d7d85f22867b5535d (186ade0b00bc)
2026-09-24T06:02:34.5169974Z evidence:  "/opt/hostedtoolcache/Python/3.11.16/x64/bin/python" -m unittest discover -s tests -q
2026-09-24T06:02:34.5170453Z stability: 1 run(s) per variant
2026-09-24T06:02:34.5170716Z budget:    900s total; 300s per command
2026-09-24T06:02:34.5171041Z changes:   1 analyzed mutation(s); 1 changed test file(s)
2026-09-24T06:02:34.5171296Z 
2026-09-24T06:02:34.5171438Z contrast:  BASE STABLE-FAIL -> CANDIDATE STABLE-PASS
2026-09-24T06:02:34.5171672Z 
2026-09-24T06:02:34.5171822Z WITNESSED         +1/-1  calc.py hunk 1/1  [stable-fail]
2026-09-24T06:02:34.5172042Z 
2026-09-24T06:02:34.5172172Z summary: 1 witnessed, 0 unwitnessed, 0 inconclusive
2026-09-24T06:02:34.5172500Z core:    1 minimal sufficient set(s) of 1 hunk(s)
2026-09-24T06:02:34.5172805Z cert:    dw2_fe04acf225cd10b1c8de
2026-09-24T06:02:34.5172968Z 
2026-09-24T06:02:34.5173136Z DiffWitness Guard: PROOF ACCEPTED (dw2_fe04acf225cd10b1c8de)
2026-09-24T06:02:34.5173492Z DiffWitness Guard armed at e3305ddfc03b
2026-09-24T06:02:34.5173955Z Evidence: "/opt/hostedtoolcache/Python/3.11.16/x64/bin/python" -m unittest discover -s tests -q
2026-09-24T06:02:34.5174401Z Policy:   strict
2026-09-24T06:02:34.5174605Z Strategy: auto
2026-09-24T06:02:34.5174808Z Budget:   900s proof wall clock
2026-09-24T06:02:34.5174965Z 
2026-09-24T06:02:34.5175177Z DiffWitness Guard selected exhaustive proof for 2 production mutation(s).
2026-09-24T06:02:34.9378925Z 
2026-09-24T06:02:34.9379667Z DiffWitness Guard: PROOF REJECTED - 1 strong surplus candidate hunk(s) were found
2026-09-24T06:02:34.9401851Z ok
2026-09-24T06:02:37.3681333Z test_all_real_public_producers_verify_then_feed_debt_unchanged (test_proof_debt_families.ProofDebtFamilyTests.test_all_real_public_producers_verify_then_feed_debt_unchanged) ... ok
2026-09-24T06:02:38.8082355Z test_binding_conflicts_and_unknown_schemas_are_refused_by_both_readers (test_proof_debt_families.ProofDebtFamilyTests.test_binding_conflicts_and_unknown_schemas_are_refused_by_both_readers) ... ok
2026-09-24T06:02:40.7998521Z test_wrong_base_is_refused_before_measurement_for_every_real_family (test_proof_debt_families.ProofDebtFamilyTests.test_wrong_base_is_refused_before_measurement_for_every_real_family) ... ok
2026-09-24T06:02:42.1514829Z test_reference_semantics_all_hold (test_proofbench.ProofBenchTests.test_reference_semantics_all_hold) ... ok
2026-09-24T06:02:42.1795984Z test_codex_requires_live_activation_then_becomes_ready_after_observed_hook (test_protect.ProtectTests.test_codex_requires_live_activation_then_becomes_ready_after_observed_hook) ... ok
2026-09-24T06:02:42.2120647Z test_codex_safe_live_hook_promotes_readiness_without_a_risk_finding (test_protect.ProtectTests.test_codex_safe_live_hook_promotes_readiness_without_a_risk_finding) ... ok
2026-09-24T06:02:42.2201332Z test_default_is_off_and_never_gates (test_protect.ProtectTests.test_default_is_off_and_never_gates) ... ok
2026-09-24T06:02:42.2318264Z test_external_harness_marker_delegates_without_force (test_protect.ProtectTests.test_external_harness_marker_delegates_without_force) ... ok
2026-09-24T06:02:42.2539590Z test_force_builtin_merges_and_disable_preserves_foreign_hooks (test_protect.ProtectTests.test_force_builtin_merges_and_disable_preserves_foreign_hooks) ... ok
2026-09-24T06:02:42.2675277Z test_no_detected_adapter_does_not_create_provider_scaffolds (test_protect.ProtectTests.test_no_detected_adapter_does_not_create_provider_scaffolds) ... ok
2026-09-24T06:02:42.2876630Z test_observe_policy_records_but_does_not_block (test_protect.ProtectTests.test_observe_policy_records_but_does_not_block) ... ok
2026-09-24T06:02:42.4923979Z test_parallel_first_codex_hooks_record_one_durable_activation (test_protect.ProtectTests.test_parallel_first_codex_hooks_record_one_durable_activation) ... ok
2026-09-24T06:02:42.7326869Z test_parallel_receipt_appends_preserve_one_valid_chain (test_protect.ProtectTests.test_parallel_receipt_appends_preserve_one_valid_chain) ... ok
2026-09-24T06:02:42.7515375Z test_post_tool_reports_invalid_json_as_observed (test_protect.ProtectTests.test_post_tool_reports_invalid_json_as_observed) ... ok
2026-09-24T06:02:42.7715369Z test_receipt_integrity_detects_tampering (test_protect.ProtectTests.test_receipt_integrity_detects_tampering) ... ok
2026-09-24T06:02:42.7901150Z test_secret_is_blocked_but_secret_value_is_not_persisted (test_protect.ProtectTests.test_secret_is_blocked_but_secret_value_is_not_persisted) ... ok
2026-09-24T06:02:42.8085975Z test_standard_blocks_destructive_git_without_recording_raw_command (test_protect.ProtectTests.test_standard_blocks_destructive_git_without_recording_raw_command) ... ok
2026-09-24T06:02:42.8154184Z test_status_is_bounded_and_contains_no_raw_agent_data (test_protect.ProtectTests.test_status_is_bounded_and_contains_no_raw_agent_data) ... ok
2026-09-24T06:02:42.8397587Z test_strict_dependency_install_blocks_on_current_codex_adapter (test_protect.ProtectTests.test_strict_dependency_install_blocks_on_current_codex_adapter) ... ok
2026-09-24T06:02:42.8639340Z test_strict_dependency_install_requests_confirmation_for_claude (test_protect.ProtectTests.test_strict_dependency_install_requests_confirmation_for_claude) ... ok
2026-09-24T06:02:42.8752659Z test_tampered_tail_cannot_be_silently_extended (test_protect.ProtectTests.test_tampered_tail_cannot_be_silently_extended) ... ok
2026-09-24T06:02:42.8935349Z test_write_outside_repository_is_blocked (test_protect.ProtectTests.test_write_outside_repository_is_blocked) ... ok
2026-09-24T06:02:42.9255407Z test_claude_protect_uses_exec_form_and_preserves_native_hooks (test_protect_claude_exec_hooks.ProtectClaudeExecHookTests.test_claude_protect_uses_exec_form_and_preserves_native_hooks) ... ok
2026-09-24T06:02:42.9467164Z test_dry_run_clean_is_not_misclassified_as_forced (test_protect_command_normalization.ProtectCommandNormalizationTests.test_dry_run_clean_is_not_misclassified_as_forced) ... ok
2026-09-24T06:02:43.0000162Z test_git_global_options_cannot_bypass_forced_clean (test_protect_command_normalization.ProtectCommandNormalizationTests.test_git_global_options_cannot_bypass_forced_clean) ... ok
2026-09-24T06:02:43.0452386Z test_global_options_are_normalized_for_other_destructive_git_subcommands (test_protect_command_normalization.ProtectCommandNormalizationTests.test_global_options_are_normalized_for_other_destructive_git_subcommands) ... ok
2026-09-24T06:02:43.0593976Z test_protect_honors_explicit_setup_adapter_scope (test_protect_command_normalization.ProtectCommandNormalizationTests.test_protect_honors_explicit_setup_adapter_scope) ... ok
2026-09-24T06:02:43.1051668Z test_forced_git_clean_is_denied_before_execution_and_never_mints_proof (test_protect_destructive_end_to_end.ProtectDestructiveEndToEndTests.test_forced_git_clean_is_denied_before_execution_and_never_mints_proof) ... ok
2026-09-24T06:02:43.1064149Z test_block_maps_to_provider_deny_without_allow_override (test_protect_ide_bridge.ProtectIdeBridgeTests.test_block_maps_to_provider_deny_without_allow_override) ... ok
2026-09-24T06:02:43.1070390Z test_clean_action_emits_no_permission_decision (test_protect_ide_bridge.ProtectIdeBridgeTests.test_clean_action_emits_no_permission_decision) ... ok
2026-09-24T06:02:43.1076237Z test_post_tool_feedback_is_explicitly_observed (test_protect_ide_bridge.ProtectIdeBridgeTests.test_post_tool_feedback_is_explicitly_observed) ... ok
2026-09-24T06:02:43.1081646Z test_pre_tool_bridge_failure_fails_closed (test_protect_ide_bridge.ProtectIdeBridgeTests.test_pre_tool_bridge_failure_fails_closed) ... ok
2026-09-24T06:02:43.1088925Z test_strict_confirmation_maps_to_provider_ask (test_protect_ide_bridge.ProtectIdeBridgeTests.test_strict_confirmation_maps_to_provider_ask) ... ok
2026-09-24T06:02:43.2322808Z test_codex_reenable_waits_for_observation_without_inventing_trust_state (test_provider_trust_readiness.ProviderTrustReadinessTests.test_codex_reenable_waits_for_observation_without_inventing_trust_state) ... ok
2026-09-24T06:02:43.2375836Z test_missing_native_observation_does_not_prove_pending_approval (test_provider_trust_readiness.ProviderTrustReadinessTests.test_missing_native_observation_does_not_prove_pending_approval) ... ok
2026-09-24T06:02:43.2377145Z test_entry_resolves_to_v03_package_frontend (test_public_frontend.PublicFrontendTests.test_entry_resolves_to_v03_package_frontend) ... ok
2026-09-24T06:02:43.2519564Z test_preservation_certificate_is_integrity_and_tree_verifiable (test_public_frontend.PublicFrontendTests.test_preservation_certificate_is_integrity_and_tree_verifiable) ... DiffWitness 0.4.0a1 - counterfactual patch evidence
2026-09-24T06:02:43.2520545Z repo:      /tmp/tmpl88xd9ah
2026-09-24T06:02:43.2520892Z base:      e3305ddfc03b3e218a5baac064b8ef6689cac115 (e3305ddfc03b)
2026-09-24T06:02:43.2521337Z candidate: 92eb8c1e7195294949e5a983ce50ab4997ea7f2f (92eb8c1e7195)
2026-09-24T06:02:43.2521895Z evidence:  "/opt/hostedtoolcache/Python/3.11.16/x64/bin/python" -m unittest discover -s tests -q
2026-09-24T06:02:43.2522379Z stability: 1 run(s) per variant
2026-09-24T06:02:43.2522650Z budget:    900s total; 300s per command
2026-09-24T06:02:43.2522979Z changes:   2 analyzed mutation(s); 1 changed test file(s)
2026-09-24T06:02:43.2523213Z 
2026-09-24T06:02:43.2523362Z contrast:  BASE STABLE-FAIL -> CANDIDATE STABLE-PASS
2026-09-24T06:02:43.2523586Z 
2026-09-24T06:02:43.2523733Z WITNESSED         +1/-1  calc.py hunk 1/2  [stable-fail]
2026-09-24T06:02:43.2524397Z UNWITNESSED       +1/-1  calc.py hunk 2/2 — def add(a, b):  [stable-pass]
2026-09-24T06:02:43.2524696Z 
2026-09-24T06:02:43.2524836Z summary: 1 witnessed, 1 unwitnessed, 0 inconclusive
2026-09-24T06:02:43.2525172Z core:    1 minimal sufficient set(s) of 1 hunk(s)
2026-09-24T06:02:43.2525484Z surplus: 1 strong surplus candidate hunk(s)
2026-09-24T06:02:43.2525779Z cert:    dw2_e5bb0f7b3418ef8de96f
2026-09-24T06:02:43.4610894Z DiffWitness Gate: preservation-evidence under balanced policy (dwa1_c8a37140fcb47bee1d9f)
2026-09-24T06:02:43.4611650Z DiffWitness Gate accepted: balanced policy accepts stable preservation assurance
2026-09-24T06:02:43.4612510Z Project continuity: 2 new change event(s) · dwchg_c5dec74539868a5d591d24c9
2026-09-24T06:02:43.4812359Z ok
2026-09-24T06:02:43.5952080Z test_current_proof_staleness_is_independent_of_native_readiness (test_readiness.ReadinessTests.test_current_proof_staleness_is_independent_of_native_readiness) ... ok
2026-09-24T06:02:43.6293590Z test_historical_observation_does_not_hide_missing_hook_or_executable (test_readiness.ReadinessTests.test_historical_observation_does_not_hide_missing_hook_or_executable) ... ok
2026-09-24T06:02:43.7881127Z test_ht005_missing_hooks_preserves_configured_but_repairs_in_every_view (test_readiness.ReadinessTests.test_ht005_missing_hooks_preserves_configured_but_repairs_in_every_view) ... ok
2026-09-24T06:02:43.9669948Z test_ht012_unobserved_then_observed_is_independent_of_provider_trust_and_proof (test_readiness.ReadinessTests.test_ht012_unobserved_then_observed_is_independent_of_provider_trust_and_proof) ... ok
2026-09-24T06:02:44.0107527Z test_mixed_adapters_do_not_hide_the_unobserved_one (test_readiness.ReadinessTests.test_mixed_adapters_do_not_hide_the_unobserved_one) ... ok
2026-09-24T06:02:44.1064946Z test_protect_optional_delegated_and_pending_are_separate_from_proof (test_readiness.ReadinessTests.test_protect_optional_delegated_and_pending_are_separate_from_proof) ... ok
2026-09-24T06:02:44.1381891Z test_verification_preflight_does_not_run_the_command (test_readiness.ReadinessTests.test_verification_preflight_does_not_run_the_command) ... ok
2026-09-24T06:02:44.1388405Z test_all_canonical_release_gates_requalify_main_merges (test_release_metadata.ReleaseMetadataTests.test_all_canonical_release_gates_requalify_main_merges) ... ok
2026-09-24T06:02:44.1393965Z test_distributed_hook_locations_match_local_desktop_and_cli_contracts (test_release_metadata.ReleaseMetadataTests.test_distributed_hook_locations_match_local_desktop_and_cli_contracts) ... ok
2026-09-24T06:02:44.1402310Z test_launch_docs_keep_native_agents_primary_and_guided_first (test_release_metadata.ReleaseMetadataTests.test_launch_docs_keep_native_agents_primary_and_guided_first) ... ok
2026-09-24T06:02:44.1412059Z test_python_and_plugin_versions_describe_the_same_release (test_release_metadata.ReleaseMetadataTests.test_python_and_plugin_versions_describe_the_same_release) ... ok
2026-09-24T06:02:44.1414136Z test_release_blocks_publication_until_exact_tag_consumer_passes (test_release_metadata.ReleaseMetadataTests.test_release_blocks_publication_until_exact_tag_consumer_passes) ... ok
2026-09-24T06:02:44.1888767Z test_repay_closes_historical_test_debt_only_after_discriminating_replay (test_repay_flow.RepayFlowTests.test_repay_closes_historical_test_debt_only_after_discriminating_replay) ... certificate: dwa1_c8a37140fcb47bee1d9f
2026-09-24T06:02:44.1890292Z integrity:   valid
2026-09-24T06:02:44.1890530Z freshness:   fresh against WORKTREE
2026-09-24T06:02:44.1890837Z candidate:   embedded-tree
2026-09-24T06:02:44.1891074Z base:        embedded-tree
2026-09-24T06:02:44.1891297Z verdict:     VALID
2026-09-24T06:02:44.1891551Z Debt impact: +8 point(s) across 2 obligation(s)
2026-09-24T06:02:44.1891859Z   unverified_change  +5
2026-09-24T06:02:44.1892078Z   test               +3
2026-09-24T06:02:44.1892207Z 
2026-09-24T06:02:44.1892868Z DW-EBB031CE4E42  + 5  unverified_change/deterministic — Executable change lacks accepted DiffWitness behavioral evidence
2026-09-24T06:02:44.1893670Z DW-C7F86EAEDE8A  + 3  test/deterministic — Production change has no changed test surface
2026-09-24T06:02:44.1894016Z 
2026-09-24T06:02:44.1894167Z Budget: PASS — projected total 8; new 8
2026-09-24T06:02:44.1894473Z Ledger: +2 introduced, 0 reopened, 0 refreshed
2026-09-24T06:02:44.2367242Z DiffWitness Repay: 1 obligation(s), 3 point(s)
2026-09-24T06:02:44.2369040Z Agent: /opt/hostedtoolcache/Python/3.11.16/x64/bin/python -c from pathlib import Path; t=Path('tests/test_app.py'); t.parent.mkdir(exist_ok=True); t.write_text("import unittest\nfrom app import add\n\nclass T(unittest.TestCase):\n    def test_add(self):\n        self.assertEqual(add(2, 3), 5)\n", encoding='utf-8')
2026-09-24T06:02:44.5411024Z ok
2026-09-24T06:02:44.5672994Z test_saved_guided_view_applies_to_doctor_explain_context_and_protect (test_rr007_guided_surface.GuidedSurfaceContractTests.test_saved_guided_view_applies_to_doctor_explain_context_and_protect) ... ok
2026-09-24T06:02:44.5674133Z test_classifies_stability (test_runner.RunnerTests.test_classifies_stability) ... ok
2026-09-24T06:02:44.5676395Z test_non_finite_command_and_proof_budgets_fail_closed (test_runner.RunnerTests.test_non_finite_command_and_proof_budgets_fail_closed) ... ok
2026-09-24T06:02:44.6921969Z test_prepare_is_recreated_before_every_repetition (test_runner.RunnerTests.test_prepare_is_recreated_before_every_repetition) ... ok
2026-09-24T06:02:44.7716035Z test_proof_repetitions_remove_ignored_state_between_runs (test_runner.RunnerTests.test_proof_repetitions_remove_ignored_state_between_runs) ... ok
2026-09-24T06:02:44.7717137Z test_timeout_terminates_descendant_processes (test_runner.RunnerTests.test_timeout_terminates_descendant_processes)
2026-09-24T06:02:46.2746395Z A timed-out evidence command must not leak workers into later proof variants. ... ok
2026-09-24T06:02:46.2748438Z test_wall_clock_budget_caps_nested_evidence_command (test_runner.RunnerTests.test_wall_clock_budget_caps_nested_evidence_command)
2026-09-24T06:02:46.4775332Z A proof-wide deadline must cap commands even when their local timeout is much larger. ... ok
2026-09-24T06:02:46.4790786Z test_explicit_launcher_wins_over_other_installation_on_path (test_runtime_executable.RuntimeExecutableTests.test_explicit_launcher_wins_over_other_installation_on_path) ... ok
2026-09-24T06:02:46.4807450Z test_explicit_override_is_resolved_once_and_not_treated_as_shell_text (test_runtime_executable.RuntimeExecutableTests.test_explicit_override_is_resolved_once_and_not_treated_as_shell_text) ... ok
2026-09-24T06:02:46.4818745Z test_frozen_binary_uses_bootloader_not_argv_or_extraction_dir (test_runtime_executable.RuntimeExecutableTests.test_frozen_binary_uses_bootloader_not_argv_or_extraction_dir) ... ok
2026-09-24T06:02:46.4832275Z test_frozen_setup_requires_explicit_sidecar_instead_of_path (test_runtime_executable.RuntimeExecutableTests.test_frozen_setup_requires_explicit_sidecar_instead_of_path) ... ok
2026-09-24T06:02:46.4849589Z test_metadata_for_another_loaded_distribution_is_rejected (test_runtime_executable.RuntimeExecutableTests.test_metadata_for_another_loaded_distribution_is_rejected) ... ok
2026-09-24T06:02:46.5103884Z test_missing_override_does_not_remove_existing_hooks (test_runtime_executable.RuntimeExecutableTests.test_missing_override_does_not_remove_existing_hooks) ... ok
2026-09-24T06:02:46.5115499Z test_symlink_freezes_the_actual_installation (test_runtime_executable.RuntimeExecutableTests.test_symlink_freezes_the_actual_installation) ... ok
2026-09-24T06:02:46.5127156Z test_unknown_programmatic_entry_cannot_fall_back_to_path (test_runtime_executable.RuntimeExecutableTests.test_unknown_programmatic_entry_cannot_fall_back_to_path) ... ok
2026-09-24T06:02:46.5137777Z test_windows_console_launcher_recovers_stripped_exe_suffix (test_runtime_executable.RuntimeExecutableTests.test_windows_console_launcher_recovers_stripped_exe_suffix) ... ok
2026-09-24T06:02:47.0180991Z test_changed_lines_and_detection_keep_native_paths (test_sensor_native_paths.SensorNativePathTests.test_changed_lines_and_detection_keep_native_paths) ... ok
2026-09-24T06:02:47.0429243Z test_enumeration_is_exact_independent_of_git_quote_configuration (test_sensor_native_paths.SensorNativePathTests.test_enumeration_is_exact_independent_of_git_quote_configuration) ... ok
2026-09-24T06:02:47.0964025Z test_exact_move_is_not_new_code_and_edited_move_keeps_native_destination (test_sensor_native_paths.SensorNativePathTests.test_exact_move_is_not_new_code_and_edited_move_keeps_native_destination) ... ok
2026-09-24T06:02:47.1155534Z test_limit_is_visible_in_actual_sensor_coverage (test_sensor_native_paths.SensorNativePathTests.test_limit_is_visible_in_actual_sensor_coverage) ... ok
2026-09-24T06:02:47.1411012Z test_non_utf8_git_identity_is_explicitly_unsupported_without_an_alias (test_sensor_native_paths.SensorNativePathTests.test_non_utf8_git_identity_is_explicitly_unsupported_without_an_alias) ... ok
2026-09-24T06:02:47.1831890Z test_real_sensor_preserves_unicode_identity_and_advisory_authority (test_sensor_native_paths.SensorNativePathTests.test_real_sensor_preserves_unicode_identity_and_advisory_authority) ... ok
2026-09-24T06:02:47.1977849Z test_exact_inventory_rejects_extras_omissions_and_byte_changes (test_source_distribution_smoke.SourceDistributionInventoryTests.test_exact_inventory_rejects_extras_omissions_and_byte_changes) ... ok
2026-09-24T06:02:48.0704064Z test_real_accepted_proof_becomes_historical_after_failing_worktree_drift (test_stale_proof_end_to_end.StaleProofEndToEndTests.test_real_accepted_proof_becomes_historical_after_failing_worktree_drift) ... DiffWitness Gate rejected: candidate is not stably green
2026-09-24T06:02:48.0889019Z ok
2026-09-24T06:02:48.1166889Z test_clean_repo_preserves_v1_navigation_contract (test_status_cli.ProjectStatusTests.test_clean_repo_preserves_v1_navigation_contract) ... ok
2026-09-24T06:02:48.1444340Z test_configured_evidence_with_missing_executable_is_not_ready (test_status_cli.ProjectStatusTests.test_configured_evidence_with_missing_executable_is_not_ready) ... ok
2026-09-24T06:02:48.1735554Z test_dirty_repo_points_to_executable_gate_with_explicit_base (test_status_cli.ProjectStatusTests.test_dirty_repo_points_to_executable_gate_with_explicit_base) ... ok
2026-09-24T06:02:48.2016512Z test_guided_and_technical_views_share_exact_same_status_model (test_status_cli.ProjectStatusTests.test_guided_and_technical_views_share_exact_same_status_model) ... ok
2026-09-24T06:02:48.2516782Z test_json_cli_is_machine_readable_non_mutating_and_view_invariant (test_status_cli.ProjectStatusTests.test_json_cli_is_machine_readable_non_mutating_and_view_invariant) ... ok
2026-09-24T06:02:48.2797436Z test_native_scope_alone_requires_repair_before_normal_agent_use (test_status_cli.ProjectStatusTests.test_native_scope_alone_requires_repair_before_normal_agent_use) ... ok
2026-09-24T06:02:48.3081800Z test_untracked_python_cache_is_navigation_noise_not_user_change (test_status_cli.ProjectStatusTests.test_untracked_python_cache_is_navigation_noise_not_user_change) ... ok
2026-09-24T06:02:48.3167605Z test_concurrent_documents_and_rejections_remain_independent (test_strict_json_decoder.StrictDecoderTests.test_concurrent_documents_and_rejections_remain_independent) ... ok
2026-09-24T06:02:48.3171286Z test_documents_and_failed_parses_do_not_share_mutable_state (test_strict_json_decoder.StrictDecoderTests.test_documents_and_failed_parses_do_not_share_mutable_state) ... ok
2026-09-24T06:02:48.3300946Z test_encoding_and_type_compatibility (test_strict_json_decoder.StrictDecoderTests.test_encoding_and_type_compatibility) ... ok
2026-09-24T06:02:48.3309995Z test_contract_rejects_path_digest_authority_and_invalid_positions (test_structure_contract.StructureContractTests.test_contract_rejects_path_digest_authority_and_invalid_positions) ... ok
2026-09-24T06:02:48.3719172Z test_invalid_provider_result_cannot_delete_previous_index (test_structure_contract.StructureContractTests.test_invalid_provider_result_cannot_delete_previous_index) ... ok
2026-09-24T06:02:48.3722035Z test_line_positions_accept_python_universal_newlines (test_structure_contract.StructureContractTests.test_line_positions_accept_python_universal_newlines) ... ok
2026-09-24T06:02:48.4106987Z test_missing_extraction_contract_stamp_forces_refresh_at_same_tree (test_structure_contract.StructureContractTests.test_missing_extraction_contract_stamp_forces_refresh_at_same_tree) ... ok
2026-09-24T06:02:48.4109687Z test_parse_failure_has_no_symbol_or_relation_claims (test_structure_contract.StructureContractTests.test_parse_failure_has_no_symbol_or_relation_claims) ... ok
2026-09-24T06:02:48.4112548Z test_python_provider_exposes_source_bound_typed_facts_and_existing_names (test_structure_contract.StructureContractTests.test_python_provider_exposes_source_bound_typed_facts_and_existing_names) ... ok
2026-09-24T06:02:48.4115277Z test_actual_transport_hash_authority_positions_and_no_values (test_structure_data.DataSyntaxTests.test_actual_transport_hash_authority_positions_and_no_values) ... skipped 'actual optional SQL/config grammars not installed'
2026-09-24T06:02:48.4118377Z test_decoded_keys_positions_and_invalid_surrogates (test_structure_data.DataSyntaxTests.test_decoded_keys_positions_and_invalid_surrogates) ... skipped 'actual optional SQL/config grammars not installed'
2026-09-24T06:02:48.4121360Z test_duplicates_invalid_encodings_and_unsupported_sql_form_fail_closed (test_structure_data.DataSyntaxTests.test_duplicates_invalid_encodings_and_unsupported_sql_form_fail_closed) ... skipped 'actual optional SQL/config grammars not installed'
2026-09-24T06:02:48.4124560Z test_immutable_tree_index_keeps_keys_and_ddl_without_dirty_values (test_structure_data.DataSyntaxTests.test_immutable_tree_index_keeps_keys_and_ddl_without_dirty_values) ... skipped 'actual optional SQL/config grammars not installed'
2026-09-24T06:02:48.4127476Z test_json_keys_are_unambiguous_and_array_items_distinct (test_structure_data.DataSyntaxTests.test_json_keys_are_unambiguous_and_array_items_distinct) ... skipped 'actual optional SQL/config grammars not installed'
2026-09-24T06:02:48.4130084Z test_missing_grammars_remain_recognized_empty (test_structure_data.DataSyntaxTests.test_missing_grammars_remain_recognized_empty) ... ok
2026-09-24T06:02:48.4132503Z test_overflowing_json_values_fail_closed_at_every_nesting_level (test_structure_data.DataSyntaxTests.test_overflowing_json_values_fail_closed_at_every_nesting_level) ... skipped 'actual optional SQL/config grammars not installed'
2026-09-24T06:02:48.4135436Z test_sql_only_top_level_ddl_names_not_query_or_literal_decoys (test_structure_data.DataSyntaxTests.test_sql_only_top_level_ddl_names_not_query_or_literal_decoys) ... skipped 'actual optional SQL/config grammars not installed'
2026-09-24T06:02:48.4138628Z test_toml_tables_and_nested_array_table_scopes (test_structure_data.DataSyntaxTests.test_toml_tables_and_nested_array_table_scopes) ... skipped 'actual optional SQL/config grammars not installed'
2026-09-24T06:02:48.4140512Z test_yaml_document_scopes_without_alias_or_tag_execution (test_structure_data.DataSyntaxTests.test_yaml_document_scopes_without_alias_or_tag_execution) ... skipped 'actual optional SQL/config grammars not installed'
2026-09-24T06:02:48.4142432Z test_absolute_and_sequential_namespaces_and_unresolved_receivers (test_structure_dynamic.DynamicSyntaxTests.test_absolute_and_sequential_namespaces_and_unresolved_receivers) ... skipped 'actual optional Ruby/PHP grammars not installed'
2026-09-24T06:02:48.4143929Z test_actual_transport_source_and_authority (test_structure_dynamic.DynamicSyntaxTests.test_actual_transport_source_and_authority) ... skipped 'actual optional Ruby/PHP grammars not installed'
2026-09-24T06:02:48.4145410Z test_heredoc_decoys_dynamic_paths_and_actual_interpolation_calls (test_structure_dynamic.DynamicSyntaxTests.test_heredoc_decoys_dynamic_paths_and_actual_interpolation_calls) ... skipped 'actual optional Ruby/PHP grammars not installed'
2026-09-24T06:02:48.4146925Z test_immutable_git_tree_index_ignores_dirty_sources (test_structure_dynamic.DynamicSyntaxTests.test_immutable_git_tree_index_ignores_dirty_sources) ... skipped 'actual optional Ruby/PHP grammars not installed'
2026-09-24T06:02:48.4148652Z test_invalid_utf8_syntax_and_reopened_identity_fail_closed (test_structure_dynamic.DynamicSyntaxTests.test_invalid_utf8_syntax_and_reopened_identity_fail_closed) ... skipped 'actual optional Ruby/PHP grammars not installed'
2026-09-24T06:02:48.4149952Z test_missing_grammars_are_recognized_empty (test_structure_dynamic.DynamicSyntaxTests.test_missing_grammars_are_recognized_empty) ... ok
2026-09-24T06:02:48.4151208Z test_php_namespace_calls_do_not_bind_to_an_arbitrary_same_name (test_structure_dynamic.DynamicSyntaxTests.test_php_namespace_calls_do_not_bind_to_an_arbitrary_same_name) ... skipped 'actual optional Ruby/PHP grammars not installed'
2026-09-24T06:02:48.4152682Z test_php_namespace_types_signatures_and_grouped_use (test_structure_dynamic.DynamicSyntaxTests.test_php_namespace_types_signatures_and_grouped_use) ... skipped 'actual optional Ruby/PHP grammars not installed'
2026-09-24T06:02:48.4154482Z test_php_parenthesized_static_include_paths_keep_edges_without_dynamic_guesses (test_structure_dynamic.DynamicSyntaxTests.test_php_parenthesized_static_include_paths_keep_edges_without_dynamic_guesses) ... skipped 'actual optional Ruby/PHP grammars not installed'
2026-09-24T06:02:48.4156093Z test_ruby_lexical_types_methods_and_literal_require (test_structure_dynamic.DynamicSyntaxTests.test_ruby_lexical_types_methods_and_literal_require) ... skipped 'actual optional Ruby/PHP grammars not installed'
2026-09-24T06:02:48.4157647Z test_comments_parentheses_templates_and_import_options_have_exact_spans (test_structure_import_calls.ImportCallTests.test_comments_parentheses_templates_and_import_options_have_exact_spans) ... skipped 'actual JS/TS optional grammars not installed'
2026-09-24T06:02:48.4159651Z test_decoys_dynamic_and_loader_members_do_not_become_targets (test_structure_import_calls.ImportCallTests.test_decoys_dynamic_and_loader_members_do_not_become_targets) ... skipped 'actual JS/TS optional grammars not installed'
2026-09-24T06:02:48.4161085Z test_escaped_direct_eval_is_an_ambiguity_barrier (test_structure_import_calls.ImportCallTests.test_escaped_direct_eval_is_an_ambiguity_barrier) ... skipped 'actual JS/TS optional grammars not installed'
2026-09-24T06:02:48.4162632Z test_invalid_source_stays_completely_unparsed (test_structure_import_calls.ImportCallTests.test_invalid_source_stays_completely_unparsed) ... skipped 'actual JS/TS optional grammars not installed'
2026-09-24T06:02:48.4164355Z test_nested_literal_keyword_reference_and_transport_authority_are_preserved (test_structure_import_calls.ImportCallTests.test_nested_literal_keyword_reference_and_transport_authority_are_preserved) ... skipped 'actual JS/TS optional grammars not installed'
2026-09-24T06:02:48.4166101Z test_shadowing_and_writes_suppress_commonjs_candidates_but_keep_keyword_import (test_structure_import_calls.ImportCallTests.test_shadowing_and_writes_suppress_commonjs_candidates_but_keep_keyword_import) ... skipped 'actual JS/TS optional grammars not installed'
2026-09-24T06:02:48.4168363Z test_static_commonjs_and_import_keyword_reuse_each_js_ts_grammar (test_structure_import_calls.ImportCallTests.test_static_commonjs_and_import_keyword_reuse_each_js_ts_grammar) ... skipped 'actual JS/TS optional grammars not installed'
2026-09-24T06:02:48.4170621Z test_typescript_function_signatures_are_require_binding_barriers (test_structure_import_calls.ImportCallTests.test_typescript_function_signatures_are_require_binding_barriers) ... skipped 'actual JS/TS optional grammars not installed'
2026-09-24T06:02:48.4172524Z test_actual_syntax_import_positions_reuse_every_adapter (test_structure_import_references.ImportReferenceTests.test_actual_syntax_import_positions_reuse_every_adapter) ... skipped 'optional actual syntax grammars not installed'
2026-09-24T06:02:48.4553120Z test_immutable_index_never_picks_ambiguous_or_outside_relative_modules (test_structure_import_references.ImportReferenceTests.test_immutable_index_never_picks_ambiguous_or_outside_relative_modules) ... ok
2026-09-24T06:02:48.4556049Z test_import_detail_admission_rejects_invalid_positions_and_members (test_structure_import_references.ImportReferenceTests.test_import_detail_admission_rejects_invalid_positions_and_members) ... ok
2026-09-24T06:02:48.4560761Z test_outside_package_relative_imports_never_become_absolute_names (test_structure_import_references.ImportReferenceTests.test_outside_package_relative_imports_never_become_absolute_names) ... ok
2026-09-24T06:02:48.4563454Z test_package_initializer_retains_base_members_and_source_positions (test_structure_import_references.ImportReferenceTests.test_package_initializer_retains_base_members_and_source_positions) ... ok
2026-09-24T06:02:48.4569827Z test_python_aliases_crlf_and_decoys_preserve_only_import_syntax (test_structure_import_references.ImportReferenceTests.test_python_aliases_crlf_and_decoys_preserve_only_import_syntax) ... ok
2026-09-24T06:02:48.4571177Z test_v1_field_shape_is_preserved_and_v2_is_explicit (test_structure_import_references.ImportReferenceTests.test_v1_field_shape_is_preserved_and_v2_is_explicit) ... ok
2026-09-24T06:02:48.4572785Z test_actual_transport_source_binding_and_authority (test_structure_managed.ManagedSyntaxTests.test_actual_transport_source_binding_and_authority) ... skipped 'actual optional Java/Kotlin/C# grammars not installed'
2026-09-24T06:02:48.4574999Z test_csharp_file_namespace_nested_members_and_aliases (test_structure_managed.ManagedSyntaxTests.test_csharp_file_namespace_nested_members_and_aliases) ... skipped 'actual optional Java/Kotlin/C# grammars not installed'
2026-09-24T06:02:48.4577166Z test_errors_and_ambiguous_overloads_do_not_supply_partial_facts (test_structure_managed.ManagedSyntaxTests.test_errors_and_ambiguous_overloads_do_not_supply_partial_facts) ... skipped 'actual optional Java/Kotlin/C# grammars not installed'
2026-09-24T06:02:48.4579751Z test_immutable_tree_index_uses_all_three_shared_providers (test_structure_managed.ManagedSyntaxTests.test_immutable_tree_index_uses_all_three_shared_providers) ... skipped 'actual optional Java/Kotlin/C# grammars not installed'
2026-09-24T06:02:48.4581486Z test_java_package_types_nested_members_and_static_imports (test_structure_managed.ManagedSyntaxTests.test_java_package_types_nested_members_and_static_imports) ... skipped 'actual optional Java/Kotlin/C# grammars not installed'
2026-09-24T06:02:48.4583143Z test_kotlin_package_named_objects_aliases_and_decoys (test_structure_managed.ManagedSyntaxTests.test_kotlin_package_named_objects_aliases_and_decoys) ... skipped 'actual optional Java/Kotlin/C# grammars not installed'
2026-09-24T06:02:48.4586073Z test_kotlin_type_kinds_signatures_and_comment_free_import_paths (test_structure_managed.ManagedSyntaxTests.test_kotlin_type_kinds_signatures_and_comment_free_import_paths) ... skipped 'actual optional Java/Kotlin/C# grammars not installed'
2026-09-24T06:02:48.4587612Z test_missing_grammar_remains_recognized_empty (test_structure_managed.ManagedSyntaxTests.test_missing_grammar_remains_recognized_empty) ... ok
2026-09-24T06:02:48.4589507Z test_raw_strings_do_not_create_declarations_but_interpolation_keeps_real_calls (test_structure_managed.ManagedSyntaxTests.test_raw_strings_do_not_create_declarations_but_interpolation_keeps_real_calls) ... skipped 'actual optional Java/Kotlin/C# grammars not installed'
2026-09-24T06:02:48.4591259Z test_comments_inside_rust_paths_do_not_become_names_or_dependencies (test_structure_native.NativeSyntaxTests.test_comments_inside_rust_paths_do_not_become_names_or_dependencies) ... skipped 'optional actual Go/Rust grammars not installed'
2026-09-24T06:02:48.4592771Z test_go_functions_receivers_types_and_grouped_imports (test_structure_native.NativeSyntaxTests.test_go_functions_receivers_types_and_grouped_imports) ... skipped 'optional actual Go/Rust grammars not installed'
2026-09-24T06:02:48.4604895Z test_index_binds_go_and_rust_facts_to_captured_tree (test_structure_native.NativeSyntaxTests.test_index_binds_go_and_rust_facts_to_captured_tree) ... skipped 'optional actual Go/Rust grammars not installed'
2026-09-24T06:02:48.4606388Z test_malformed_syntax_encoding_and_transport_source_binding (test_structure_native.NativeSyntaxTests.test_malformed_syntax_encoding_and_transport_source_binding) ... skipped 'optional actual Go/Rust grammars not installed'
2026-09-24T06:02:48.4607817Z test_missing_grammars_preserve_recognized_empty_unparsed_coverage (test_structure_native.NativeSyntaxTests.test_missing_grammars_preserve_recognized_empty_unparsed_coverage) ... ok
2026-09-24T06:02:48.4609812Z test_new_suffixes_cannot_forge_javascript_local_import_resolution (test_structure_native.NativeSyntaxTests.test_new_suffixes_cannot_forge_javascript_local_import_resolution) ... ok
2026-09-24T06:02:48.4611583Z test_parenthesized_named_receivers_preserve_methods_without_guessing_tuple_types (test_structure_native.NativeSyntaxTests.test_parenthesized_named_receivers_preserve_methods_without_guessing_tuple_types) ... skipped 'optional actual Go/Rust grammars not installed'
2026-09-24T06:02:48.4613633Z test_qualified_rust_impl_and_trait_names_preserve_owner_scope (test_structure_native.NativeSyntaxTests.test_qualified_rust_impl_and_trait_names_preserve_owner_scope) ... skipped 'optional actual Go/Rust grammars not installed'
2026-09-24T06:02:48.4615088Z test_rust_scopes_import_groups_and_macro_decoys (test_structure_native.NativeSyntaxTests.test_rust_scopes_import_groups_and_macro_decoys) ... skipped 'optional actual Go/Rust grammars not installed'
2026-09-24T06:02:48.5410724Z test_bounded_coverage_and_parse_failures_are_visible_in_context (test_structure_snapshot.StructureSnapshotTests.test_bounded_coverage_and_parse_failures_are_visible_in_context) ... ok
2026-09-24T06:02:48.5811812Z test_corrupt_blob_response_cannot_replace_existing_index (test_structure_snapshot.StructureSnapshotTests.test_corrupt_blob_response_cannot_replace_existing_index) ... ok
2026-09-24T06:02:48.6315119Z test_dirty_untracked_and_deleted_working_files_cannot_change_head_bound_facts (test_structure_snapshot.StructureSnapshotTests.test_dirty_untracked_and_deleted_working_files_cannot_change_head_bound_facts) ... ok
2026-09-24T06:02:48.6718878Z test_git_symlink_mode_is_excluded_even_if_worktree_is_a_regular_python_file (test_structure_snapshot.StructureSnapshotTests.test_git_symlink_mode_is_excluded_even_if_worktree_is_a_regular_python_file) ... ok
2026-09-24T06:02:48.7321909Z test_head_advance_during_refresh_keeps_one_tree_and_next_refresh_updates (test_structure_snapshot.StructureSnapshotTests.test_head_advance_during_refresh_keeps_one_tree_and_next_refresh_updates) ... ok
2026-09-24T06:02:48.7870335Z test_old_tree_stamp_cannot_preserve_mutable_file_projection (test_structure_snapshot.StructureSnapshotTests.test_old_tree_stamp_cannot_preserve_mutable_file_projection) ... ok
2026-09-24T06:02:48.8058405Z test_total_byte_budget_omits_whole_blobs_and_reports_partial_coverage (test_structure_snapshot.StructureSnapshotTests.test_total_byte_budget_omits_whole_blobs_and_reports_partial_coverage) ... ok
2026-09-24T06:02:48.8068846Z test_ambient_typescript_declarations_are_observed_syntax (test_structure_syntax.StructureSyntaxTests.test_ambient_typescript_declarations_are_observed_syntax) ... skipped 'optional actual JS/TS parsers not installed'
2026-09-24T06:02:48.8071608Z test_dotted_basename_import_resolves_only_one_supported_source (test_structure_syntax.StructureSyntaxTests.test_dotted_basename_import_resolves_only_one_supported_source) ... ok
2026-09-24T06:02:48.8074220Z test_index_uses_immutable_tree_and_refreshes_provider_profile (test_structure_syntax.StructureSyntaxTests.test_index_uses_immutable_tree_and_refreshes_provider_profile) ... skipped 'optional actual JS/TS parsers not installed'
2026-09-24T06:02:48.8077168Z test_javascript_uses_syntax_not_strings_comments_or_template_text (test_structure_syntax.StructureSyntaxTests.test_javascript_uses_syntax_not_strings_comments_or_template_text) ... skipped 'optional actual JS/TS parsers not installed'
2026-09-24T06:02:48.8080174Z test_malformed_encoding_syntax_and_bounds_fail_empty (test_structure_syntax.StructureSyntaxTests.test_malformed_encoding_syntax_and_bounds_fail_empty) ... skipped 'optional actual JS/TS parsers not installed'
2026-09-24T06:02:48.8082570Z test_missing_optional_package_is_unparsed_not_heuristic_facts (test_structure_syntax.StructureSyntaxTests.test_missing_optional_package_is_unparsed_not_heuristic_facts) ... ok
2026-09-24T06:02:48.8084744Z test_python_and_unknown_fallback_keep_existing_contract (test_structure_syntax.StructureSyntaxTests.test_python_and_unknown_fallback_keep_existing_contract) ... ok
2026-09-24T06:02:48.8087298Z test_syntax_authority_admission_and_ambiguous_import_resolution (test_structure_syntax.StructureSyntaxTests.test_syntax_authority_admission_and_ambiguous_import_resolution) ... skipped 'optional actual JS/TS parsers not installed'
2026-09-24T06:02:48.8090526Z test_typescript_declarations_and_jsx_tsx_have_real_syntax_coverage (test_structure_syntax.StructureSyntaxTests.test_typescript_declarations_and_jsx_tsx_have_real_syntax_coverage) ... skipped 'optional actual JS/TS parsers not installed'
2026-09-24T06:02:49.1037501Z test_extraction_stays_independent_of_journal_proof_and_debt_services (test_structure_transport.StructureTransportTests.test_extraction_stays_independent_of_journal_proof_and_debt_services) ... ok
2026-09-24T06:02:49.9739780Z test_malformed_json_path_base64_schema_and_duplicate_paths_fail_atomically (test_structure_transport.StructureTransportTests.test_malformed_json_path_base64_schema_and_duplicate_paths_fail_atomically) ... ok
2026-09-24T06:02:50.2242643Z test_nonpython_extraction_loads_only_selected_provider_implementation (test_structure_transport.StructureTransportTests.test_nonpython_extraction_loads_only_selected_provider_implementation) ... ok
2026-09-24T06:02:50.2275899Z test_public_entry_never_discovers_repository_or_reads_language_preferences (test_structure_transport.StructureTransportTests.test_public_entry_never_discovers_repository_or_reads_language_preferences) ... ok
2026-09-24T06:02:50.3351817Z test_python_only_extraction_does_not_initialize_optional_distribution_metadata (test_structure_transport.StructureTransportTests.test_python_only_extraction_does_not_initialize_optional_distribution_metadata) ... ok
2026-09-24T06:02:50.4447787Z test_real_cli_outside_git_preserves_python_provider_and_french_json (test_structure_transport.StructureTransportTests.test_real_cli_outside_git_preserves_python_provider_and_french_json) ... ok
2026-09-24T06:02:50.4451235Z test_results_are_detached_and_empty_batch_is_valid (test_structure_transport.StructureTransportTests.test_results_are_detached_and_empty_batch_is_valid) ... ok
2026-09-24T06:02:50.6077571Z test_selected_extraction_parser_preserves_argument_rejections_and_help (test_structure_transport.StructureTransportTests.test_selected_extraction_parser_preserves_argument_rejections_and_help) ... ok
2026-09-24T06:02:50.6509802Z test_transport_limits_and_binary_or_invalid_python_have_explicit_coverage (test_structure_transport.StructureTransportTests.test_transport_limits_and_binary_or_invalid_python_have_explicit_coverage) ... ok
2026-09-24T06:02:50.6512411Z test_wire_bounds_reject_before_emitting_any_partial_response (test_structure_transport.StructureTransportTests.test_wire_bounds_reject_before_emitting_any_partial_response) ... ok
2026-09-24T06:02:50.7598735Z test_concurrent_first_identity_callers_agree (test_unborn_repository.UnbornRepositoryTests.test_concurrent_first_identity_callers_agree) ... ok
2026-09-24T06:02:50.7696927Z test_corrupt_head_is_never_silently_replaced_by_empty_base (test_unborn_repository.UnbornRepositoryTests.test_corrupt_head_is_never_silently_replaced_by_empty_base) ... ok
2026-09-24T06:02:50.7880036Z test_corrupt_local_identity_is_preserved_and_rejected (test_unborn_repository.UnbornRepositoryTests.test_corrupt_local_identity_is_preserved_and_rejected) ... ok
2026-09-24T06:02:50.8256620Z test_empty_base_is_deterministic_unreachable_and_not_an_ordinary_ref (test_unborn_repository.UnbornRepositoryTests.test_empty_base_is_deterministic_unreachable_and_not_an_ordinary_ref) ... ok
2026-09-24T06:02:50.8805592Z test_empty_native_session_does_not_manufacture_proof (test_unborn_repository.UnbornRepositoryTests.test_empty_native_session_does_not_manufacture_proof) ... ok
2026-09-24T06:02:50.9355420Z test_initial_snapshot_preserves_staging_and_excludes_only_owned_transients (test_unborn_repository.UnbornRepositoryTests.test_initial_snapshot_preserves_staging_and_excludes_only_owned_transients) ... ok
2026-09-24T06:02:50.9721454Z test_old_provisional_envelope_cannot_be_reingested_as_new_lineage (test_unborn_repository.UnbornRepositoryTests.test_old_provisional_envelope_cannot_be_reingested_as_new_lineage) ... ok
2026-09-24T06:02:50.9806294Z test_portal_cannot_send_provisional_identity (test_unborn_repository.UnbornRepositoryTests.test_portal_cannot_send_provisional_identity) ... ok
2026-09-24T06:02:51.0224789Z test_provisional_identity_is_distinct_durable_and_becomes_normal_root_lineage (test_unborn_repository.UnbornRepositoryTests.test_provisional_identity_is_distinct_durable_and_becomes_normal_root_lineage) ... ok
2026-09-24T06:02:51.3839389Z test_setup_and_status_are_useful_without_commits_or_evidence (test_unborn_repository.UnbornRepositoryTests.test_setup_and_status_are_useful_without_commits_or_evidence) ... ok
2026-09-24T06:02:51.3979798Z test_failing_test_only_diff_is_rejected (test_validation.ValidationOnlyTests.test_failing_test_only_diff_is_rejected) ... DiffWitness: validation-only stable-pass (dwv1_15ca4cb4266f75554b81)
2026-09-24T06:02:51.3981040Z Project continuity: 2 new change event(s) · dwchg_5492a5396c1fbf2e479f7f61
2026-09-24T06:02:51.3981401Z 
2026-09-24T06:02:51.3981580Z Repayment verification: 1/1 selected obligation(s) resolved
2026-09-24T06:02:51.3982270Z   DW-C7F86EAEDE8A: resolved — current tests now discriminate the introducing candidate from its historical base
2026-09-24T06:02:51.3982827Z DiffWitness Repay: ACCEPTED
2026-09-24T06:02:51.3983158Z Project continuity: 3 Debt Ledger lifecycle event(s) projected
2026-09-24T06:02:51.4875783Z ok
2026-09-24T06:02:51.5017186Z test_test_only_diff_runs_evidence_and_is_attestable (test_validation.ValidationOnlyTests.test_test_only_diff_runs_evidence_and_is_attestable) ... DiffWitness: validation-only stable-fail (dwv1_37096a89cc825d4ef513)
2026-09-24T06:02:51.6852680Z DiffWitness: validation-only stable-pass (dwv1_f6a0e67edd2be8c35a75)
2026-09-24T06:02:51.6853639Z Project continuity: 2 new change event(s) · dwchg_d992d8ba440c04dfc59785a3
2026-09-24T06:02:51.7053971Z ok
2026-09-24T06:02:51.7246792Z test_cli_can_switch_both_directions_and_report_machine_state (test_view_mode.ViewModeTests.test_cli_can_switch_both_directions_and_report_machine_state) ... ok
2026-09-24T06:02:51.7388914Z test_defaults_to_guided_for_first_run (test_view_mode.ViewModeTests.test_defaults_to_guided_for_first_run) ... ok
2026-09-24T06:02:51.7529584Z test_invalid_stored_preference_fails_soft_to_guided (test_view_mode.ViewModeTests.test_invalid_stored_preference_fails_soft_to_guided) ... ok
2026-09-24T06:02:51.7781755Z test_root_help_is_guided_first_but_technical_is_one_command_away (test_view_mode.ViewModeTests.test_root_help_is_guided_first_but_technical_is_one_command_away) ... ok
2026-09-24T06:02:51.8033601Z test_switch_persists_inside_git_metadata_without_dirtying_repository (test_view_mode.ViewModeTests.test_switch_persists_inside_git_metadata_without_dirtying_repository) ... ok
2026-09-24T06:02:51.8035630Z test_health_semantic_sensor_reads_utf8_git_blob_without_degrading (test_windows_health_utf8_git_blob.WindowsUtf8SubprocessBoundaryTests.test_health_semantic_sensor_reads_utf8_git_blob_without_degrading) ... skipped 'Windows legacy-codepage regression'
2026-09-24T06:02:51.8037439Z test_proof_runner_keeps_non_utf8_diagnostics_json_safe (test_windows_health_utf8_git_blob.WindowsUtf8SubprocessBoundaryTests.test_proof_runner_keeps_non_utf8_diagnostics_json_safe) ... skipped 'Windows legacy-codepage regression'
2026-09-24T06:02:51.8039451Z test_proof_runner_preserves_utf8_stdout_and_stderr (test_windows_health_utf8_git_blob.WindowsUtf8SubprocessBoundaryTests.test_proof_runner_preserves_utf8_stdout_and_stderr) ... skipped 'Windows legacy-codepage regression'
2026-09-24T06:02:51.8041089Z test_acceptance_runner_decodes_utf8_child_output_without_locale_loss (test_windows_subprocess_utf8_reader.WindowsSubprocessUtf8ReaderRegressionTests.test_acceptance_runner_decodes_utf8_child_output_without_locale_loss)
2026-09-24T06:02:51.8042397Z A UTF-8 child must not be decoded through the host's legacy Windows code page. ... skipped 'Windows legacy-codepage reproduction'
2026-09-24T06:02:51.8042934Z 
2026-09-24T06:02:51.8043425Z ----------------------------------------------------------------------
2026-09-24T06:02:51.8044016Z Ran 813 tests in 98.670s
2026-09-24T06:02:51.8044270Z 
2026-09-24T06:02:51.8044408Z OK (skipped=52)
2026-09-24T06:02:51.8044813Z certificate: dwv1_f6a0e67edd2be8c35a75
2026-09-24T06:02:51.8045276Z integrity:   valid
2026-09-24T06:02:51.8045649Z freshness:   fresh against WORKTREE
2026-09-24T06:02:51.8046097Z candidate:   embedded-tree
2026-09-24T06:02:51.8046499Z base:        embedded-tree
2026-09-24T06:02:51.8046886Z verdict:     VALID
2026-09-24T06:02:51.9065075Z ##[group]Run actions/upload-artifact@v6
2026-09-24T06:02:51.9065388Z with:
2026-09-24T06:02:51.9065604Z   name: unittest-Linux-py3.11
2026-09-24T06:02:51.9065854Z   path: unittest.log
2026-09-24T06:02:51.9066078Z   if-no-files-found: error
2026-09-24T06:02:51.9066312Z   retention-days: 7
2026-09-24T06:02:51.9066534Z   compression-level: 6
2026-09-24T06:02:51.9066746Z   overwrite: false
2026-09-24T06:02:51.9066972Z   include-hidden-files: false
2026-09-24T06:02:51.9067199Z env:
2026-09-24T06:02:51.9067454Z   pythonLocation: /opt/hostedtoolcache/Python/3.11.16/x64
2026-09-24T06:02:51.9067902Z   PKG_CONFIG_PATH: /opt/hostedtoolcache/Python/3.11.16/x64/lib/pkgconfig
2026-09-24T06:02:51.9068841Z   Python_ROOT_DIR: /opt/hostedtoolcache/Python/3.11.16/x64
2026-09-24T06:02:51.9069237Z   Python2_ROOT_DIR: /opt/hostedtoolcache/Python/3.11.16/x64
2026-09-24T06:02:51.9069621Z   Python3_ROOT_DIR: /opt/hostedtoolcache/Python/3.11.16/x64
2026-09-24T06:02:51.9070048Z   LD_LIBRARY_PATH: /opt/hostedtoolcache/Python/3.11.16/x64/lib
2026-09-24T06:02:51.9070373Z ##[endgroup]
2026-09-24T06:02:52.0751609Z With the provided path, there will be 1 file uploaded
2026-09-24T06:02:52.0757483Z Artifact name is valid!
2026-09-24T06:02:52.0758447Z Root directory input is valid!
2026-09-24T06:02:52.3068850Z Beginning upload of artifact content to blob storage
2026-09-24T06:02:52.4432171Z Uploaded bytes 30005
2026-09-24T06:02:52.4706027Z Finished uploading artifact content to blob storage!
2026-09-24T06:02:52.4707190Z SHA256 digest of uploaded artifact zip is ff491cefce7b989b0a2e2fb3937ca0aca30c783c6b91798764af339fb480805f
2026-09-24T06:02:52.4709749Z Finalizing artifact upload
2026-09-24T06:02:52.7689290Z Artifact unittest-Linux-py3.11.zip successfully finalized. Artifact ID 10793031262
2026-09-24T06:02:52.7690329Z Artifact unittest-Linux-py3.11 has been successfully uploaded! Final size is 30005 bytes. Artifact ID is 10793031262
2026-09-24T06:02:52.7695840Z Artifact download URL: https://github.com/TFourniax/tooltest/actions/runs/35962389469/artifacts/10793031262
2026-09-24T06:02:52.7849043Z ##[group]Run python -c "import diffwitness; from importlib.metadata import version; assert diffwitness.__version__ == version('diffwitness'), (diffwitness.__version__, version('diffwitness'))"
2026-09-24T06:02:52.7850436Z [36;1mpython -c "import diffwitness; from importlib.metadata import version; assert diffwitness.__version__ == version('diffwitness'), (diffwitness.__version__, version('diffwitness'))"[0m
2026-09-24T06:02:52.7886760Z shell: /usr/bin/bash -e {0}
2026-09-24T06:02:52.7887017Z env:
2026-09-24T06:02:52.7887298Z   pythonLocation: /opt/hostedtoolcache/Python/3.11.16/x64
2026-09-24T06:02:52.7887757Z   PKG_CONFIG_PATH: /opt/hostedtoolcache/Python/3.11.16/x64/lib/pkgconfig
2026-09-24T06:02:52.7888442Z   Python_ROOT_DIR: /opt/hostedtoolcache/Python/3.11.16/x64
2026-09-24T06:02:52.7888838Z   Python2_ROOT_DIR: /opt/hostedtoolcache/Python/3.11.16/x64
2026-09-24T06:02:52.7889230Z   Python3_ROOT_DIR: /opt/hostedtoolcache/Python/3.11.16/x64
2026-09-24T06:02:52.7889655Z   LD_LIBRARY_PATH: /opt/hostedtoolcache/Python/3.11.16/x64/lib
2026-09-24T06:02:52.7890000Z ##[endgroup]
2026-09-24T06:02:52.8509894Z ##[group]Run diffwitness --version
2026-09-24T06:02:52.8510252Z [36;1mdiffwitness --version[0m
2026-09-24T06:02:52.8510539Z [36;1mdiffwitness suggest --repo .[0m
2026-09-24T06:02:52.8510817Z [36;1mdw --version[0m
2026-09-24T06:02:52.8511059Z [36;1mdw --help[0m
2026-09-24T06:02:52.8511280Z [36;1mdw doctor --repo .[0m
2026-09-24T06:02:52.8511528Z [36;1mdw protect --help[0m
2026-09-24T06:02:52.8511786Z [36;1mdw protect status --json[0m
2026-09-24T06:02:52.8512046Z [36;1mdw engine --help[0m
2026-09-24T06:02:52.8512276Z [36;1mdw ledger --help[0m
2026-09-24T06:02:52.8512510Z [36;1mdw envelope --help[0m
2026-09-24T06:02:52.8512757Z [36;1mdw explain --help[0m
2026-09-24T06:02:52.8513000Z [36;1mdw portal --help[0m
2026-09-24T06:02:52.8513241Z [36;1mdw setup --help[0m
2026-09-24T06:02:52.8513493Z [36;1mdw health --repo . --no-record[0m
2026-09-24T06:02:52.8513783Z [36;1midleproof --version[0m
2026-09-24T06:02:52.8514037Z [36;1midleproof --help[0m
2026-09-24T06:02:52.8550009Z shell: /usr/bin/bash --noprofile --norc -e -o pipefail {0}
2026-09-24T06:02:52.8550356Z env:
2026-09-24T06:02:52.8550622Z   pythonLocation: /opt/hostedtoolcache/Python/3.11.16/x64
2026-09-24T06:02:52.8551071Z   PKG_CONFIG_PATH: /opt/hostedtoolcache/Python/3.11.16/x64/lib/pkgconfig
2026-09-24T06:02:52.8551511Z   Python_ROOT_DIR: /opt/hostedtoolcache/Python/3.11.16/x64
2026-09-24T06:02:52.8551893Z   Python2_ROOT_DIR: /opt/hostedtoolcache/Python/3.11.16/x64
2026-09-24T06:02:52.8552282Z   Python3_ROOT_DIR: /opt/hostedtoolcache/Python/3.11.16/x64
2026-09-24T06:02:52.8552709Z   LD_LIBRARY_PATH: /opt/hostedtoolcache/Python/3.11.16/x64/lib
2026-09-24T06:02:52.8553042Z ##[endgroup]
2026-09-24T06:02:52.9207931Z diffwitness 0.4.0a1
2026-09-24T06:02:52.9961837Z python -m pytest -q
2026-09-24T06:02:53.0322978Z diffwitness 0.4.0a1
2026-09-24T06:02:53.0804110Z DiffWitness · Guided view — understand what changed, what is verified, and what needs attention
2026-09-24T06:02:53.0804816Z 
2026-09-24T06:02:53.0805001Z Start here:
2026-09-24T06:02:53.0805588Z   dw setup                           Connect DiffWitness to Claude/Codex/Cursor for this Git project
2026-09-24T06:02:53.0806378Z   dw status                          See what is known, unknown, and what to do next
2026-09-24T06:02:53.0807466Z After setup, use your coding agent normally; run `dw status` after a change.
2026-09-24T06:02:53.0807944Z 
2026-09-24T06:02:53.0808338Z Useful when needed:
2026-09-24T06:02:53.0808947Z   dw explain                         Explain the latest change from local evidence, with no AI required
2026-09-24T06:02:53.0809851Z   dw state why ID                     Find the recorded reasons and sources behind a memory item
2026-09-24T06:02:53.0810739Z   dw ask "question"                  Read cited project facts or an explicit abstention
2026-09-24T06:02:53.0811625Z   dw protect detect                  Check optional live protection without changing configuration
2026-09-24T06:02:53.0812532Z   dw view technical                  Open the complete engineering command surface
2026-09-24T06:02:53.0813023Z 
2026-09-24T06:02:53.0813391Z A blocked or observed runtime action is not proof that the final software works.
2026-09-24T06:02:53.0814512Z DiffWitness verifies the resulting Git change independently. Source code and raw prompts/diffs stay local by default.
2026-09-24T06:02:53.0815281Z 
2026-09-24T06:02:53.0815672Z For every command and advanced workflow: `dw view technical`, then `dw --help`.
2026-09-24T06:02:53.0816210Z 
2026-09-24T06:02:53.0816959Z Language: English by default. Save with `dw language en|fr`; override once with `dw --language en|fr <command>`. OS locale never selects product language.
2026-09-24T06:02:53.2538603Z DIFFWITNESS · GUIDED CHECK-UP
2026-09-24T06:02:53.2538976Z 
2026-09-24T06:02:53.2539365Z • Current code: no accepted Proof covers this exact code yet.
2026-09-24T06:02:53.2540077Z   Verify the current change to establish exact-code coverage.
2026-09-24T06:02:53.2541302Z ✓ Ready to run verification: python -m unittest discover -s tests -q
2026-09-24T06:02:53.2542005Z   Automatically detected (tests/ directory detected).
2026-09-24T06:02:53.2542839Z • Agent integration not configured. Run `dw setup` for Claude Code/Codex.
2026-09-24T06:02:53.2543562Z • Live protection: off (optional)
2026-09-24T06:02:53.2544089Z ✓ Project memory: ready, currently empty
2026-09-24T06:02:53.2544390Z 
2026-09-24T06:02:53.2544754Z Ready to run verification. Run `dw setup` to use Claude Code/Codex without a wrapper.
2026-09-24T06:02:53.2545532Z Engineering details: `dw view technical`, then `dw doctor`.
2026-09-24T06:02:53.3292320Z usage: dw protect [-h] {status,detect,enable,disable,use,log} ...
2026-09-24T06:02:53.3292830Z 
2026-09-24T06:02:53.3293072Z Optional deterministic runtime protection for supported coding agents.
2026-09-24T06:02:53.3293410Z 
2026-09-24T06:02:53.3293514Z positional arguments:
2026-09-24T06:02:53.3293791Z   {status,detect,enable,disable,use,log}
2026-09-24T06:02:53.3294017Z 
2026-09-24T06:02:53.3294098Z options:
2026-09-24T06:02:53.3294398Z   -h, --help            show this help message and exit
2026-09-24T06:02:53.4024831Z {
2026-09-24T06:02:53.4025209Z   "adapters": {},
2026-09-24T06:02:53.4025582Z   "delegated": false,
2026-09-24T06:02:53.4025824Z   "enabled": false,
2026-09-24T06:02:53.4026095Z   "externalHarnessDetected": false,
2026-09-24T06:02:53.4026369Z   "health": "off",
2026-09-24T06:02:53.4026575Z   "mode": "off",
2026-09-24T06:02:53.4026810Z   "otherHookActivityDetected": false,
2026-09-24T06:02:53.4027088Z   "policy": "standard",
2026-09-24T06:02:53.4027308Z   "receipts": {
2026-09-24T06:02:53.4027520Z     "categories": {},
2026-09-24T06:02:53.4027734Z     "count": 0,
2026-09-24T06:02:53.4027926Z     "decisions": {},
2026-09-24T06:02:53.4028289Z     "integrity": true,
2026-09-24T06:02:53.4028564Z     "schema": "diffwitness.protection-summary.v1"
2026-09-24T06:02:53.4028870Z   },
2026-09-24T06:02:53.4029091Z   "schema": "diffwitness.protect-status.v1"
2026-09-24T06:02:53.4029375Z }
2026-09-24T06:02:53.4745461Z usage: dw engine [-h] [--repo REPO] [--config CONFIG]
2026-09-24T06:02:53.4746061Z                  {enable,status,disable} ...
2026-09-24T06:02:53.4746303Z 
2026-09-24T06:02:53.4746560Z Manage the machine-local advisory engine without changing the repository's
2026-09-24T06:02:53.4747291Z committed policy.
2026-09-24T06:02:53.4747437Z 
2026-09-24T06:02:53.4747546Z positional arguments:
2026-09-24T06:02:53.4747811Z   {enable,status,disable}
2026-09-24T06:02:53.4748483Z     enable              Preflight and activate an advisory engine in Git-local
2026-09-24T06:02:53.4748921Z                         state
2026-09-24T06:02:53.4749271Z     status              Show active engine source and run compatibility
2026-09-24T06:02:53.4749662Z                         preflight
2026-09-24T06:02:53.4750053Z     disable             Remove only the Git-local advisory-engine activation
2026-09-24T06:02:53.4750373Z 
2026-09-24T06:02:53.4750464Z options:
2026-09-24T06:02:53.4750737Z   -h, --help            show this help message and exit
2026-09-24T06:02:53.4751079Z   --repo REPO
2026-09-24T06:02:53.4751383Z   --config CONFIG       Optional project config used only for
2026-09-24T06:02:53.4751777Z                         precedence/status checks
2026-09-24T06:02:53.5617472Z usage: dw ledger [-h] [--repo REPO] [--config CONFIG]
2026-09-24T06:02:53.5618810Z                  {list,history,show,accept,unaccept,resolve,status,checkpoint,pull,push}
2026-09-24T06:02:53.5619391Z                  ...
2026-09-24T06:02:53.5619566Z 
2026-09-24T06:02:53.5619841Z Inspect, govern, checkpoint, and safely transport Debt Ledger obligations.
2026-09-24T06:02:53.5620225Z 
2026-09-24T06:02:53.5620337Z positional arguments:
2026-09-24T06:02:53.5620870Z   {list,history,show,accept,unaccept,resolve,status,checkpoint,pull,push}
2026-09-24T06:02:53.5621442Z     list                List active debt, or all historical items
2026-09-24T06:02:53.5621887Z     history             Show append-only events for one debt identity
2026-09-24T06:02:53.5622696Z     show                Explain one debt obligation, its provenance, and
2026-09-24T06:02:53.5623112Z                         replay path
2026-09-24T06:02:53.5623499Z     accept              Acknowledge debt without deleting or resolving it
2026-09-24T06:02:53.5623968Z     unaccept            Remove an explicit debt acceptance
2026-09-24T06:02:53.5624402Z     resolve             Manual last-resort resolution override
2026-09-24T06:02:53.5624872Z     status              Inspect local ledger and Git checkpoint relationship
2026-09-24T06:02:53.5625376Z     checkpoint          Store the current ledger on a local Git ref
2026-09-24T06:02:53.5625860Z     pull                Fetch and fast-forward the ledger from a remote Git
2026-09-24T06:02:53.5626258Z                         ref
2026-09-24T06:02:53.5626586Z     push                Checkpoint and push the ledger without force
2026-09-24T06:02:53.5626864Z 
2026-09-24T06:02:53.5626952Z options:
2026-09-24T06:02:53.5627302Z   -h, --help            show this help message and exit
2026-09-24T06:02:53.5627824Z   --repo REPO
2026-09-24T06:02:53.5641707Z   --config CONFIG
2026-09-24T06:02:53.6419374Z usage: dw envelope [-h] [--repo REPO] [--base BASE] [--candidate CANDIDATE]
2026-09-24T06:02:53.6420301Z                    [--proof PROOF] [--debt DEBT]
2026-09-24T06:02:53.6420826Z                    [--understanding UNDERSTANDING] [--out OUT] [--json]
2026-09-24T06:02:53.6421159Z 
2026-09-24T06:02:53.6421440Z Bind DiffWitness proof, Debt Ledger, and IdleProof evidence to one exact Git
2026-09-24T06:02:53.6421972Z change.
2026-09-24T06:02:53.6422128Z 
2026-09-24T06:02:53.6422228Z options:
2026-09-24T06:02:53.6422494Z   -h, --help            show this help message and exit
2026-09-24T06:02:53.6422840Z   --repo REPO
2026-09-24T06:02:53.6423054Z   --base BASE
2026-09-24T06:02:53.6423283Z   --candidate CANDIDATE
2026-09-24T06:02:53.6423640Z   --proof PROOF         DiffWitness certificate for this exact change
2026-09-24T06:02:53.6424152Z   --debt DEBT           JSON from `dw debt --json <file>` for this exact
2026-09-24T06:02:53.6424545Z                         change
2026-09-24T06:02:53.6424826Z   --understanding UNDERSTANDING
2026-09-24T06:02:53.6425192Z                         IdleProof receipt carrying an exact change identity
2026-09-24T06:02:53.6425884Z   --out OUT             Output file (default: .git/diffwitness/change-
2026-09-24T06:02:53.6426283Z                         envelope.json)
2026-09-24T06:02:53.6426642Z   --json                also print the complete envelope JSON
2026-09-24T06:02:53.6997079Z usage: dw explain [-h] [--repo REPO] [--json] [--view {guided,technical}]
2026-09-24T06:02:53.6997614Z 
2026-09-24T06:02:53.6997833Z Explain the latest exact-bound DiffWitness change using the saved
2026-09-24T06:02:53.6998504Z Guided/Technical view.
2026-09-24T06:02:53.6998670Z 
2026-09-24T06:02:53.6998760Z options:
2026-09-24T06:02:53.6999033Z   -h, --help            show this help message and exit
2026-09-24T06:02:53.6999389Z   --repo REPO
2026-09-24T06:02:53.6999607Z   --json
2026-09-24T06:02:53.6999853Z   --view {guided,technical}
2026-09-24T06:02:53.7774310Z DiffWitness Portal
2026-09-24T06:02:53.7774586Z 
2026-09-24T06:02:53.7774793Z   dw portal id [--json]              # preferred
2026-09-24T06:02:53.7775353Z   dw portal identity [--json]        # compatibility alias
2026-09-24T06:02:53.7775819Z   dw portal configure --endpoint URL --token-stdin
2026-09-24T06:02:53.7776252Z   dw portal configure --endpoint URL --token-env ENV_NAME
2026-09-24T06:02:53.7776629Z   dw portal status [--json]
2026-09-24T06:02:53.7777036Z   dw portal snapshot [--json]        # bounded local preview, no config/network
2026-09-24T06:02:53.7777478Z   dw portal sync [--json]
2026-09-24T06:02:53.7777771Z   dw portal assurance --envelope FILE [--json]
2026-09-24T06:02:53.7778368Z   dw portal disconnect
2026-09-24T06:02:53.7778536Z 
2026-09-24T06:02:53.7779552Z Credentials are never accepted as command-line token values. ``--token-stdin`` stores the scoped device token only under local .git metadata; ``--token-env`` stores only the environment-variable name.
2026-09-24T06:02:53.8586747Z usage: dw setup [-h] [--agent AGENT] [--json] [{install,status,uninstall}]
2026-09-24T06:02:53.8587437Z 
2026-09-24T06:02:53.8587847Z Connect DiffWitness to Claude Code/Codex/Cursor without wrapping the coding
2026-09-24T06:02:53.8588702Z agent.
2026-09-24T06:02:53.8588855Z 
2026-09-24T06:02:53.8588986Z positional arguments:
2026-09-24T06:02:53.8589304Z   {install,status,uninstall}
2026-09-24T06:02:53.8589695Z                         install (default), status, or uninstall
2026-09-24T06:02:53.8589998Z 
2026-09-24T06:02:53.8590104Z options:
2026-09-24T06:02:53.8590419Z   -h, --help            show this help message and exit
2026-09-24T06:02:53.8590948Z   --agent AGENT         auto, all, claude, codex, cursor, or a comma-separated
2026-09-24T06:02:53.8591439Z                         combination
2026-09-24T06:02:53.8591806Z   --json                emit machine-readable status
2026-09-24T06:02:57.6533973Z DIFFWITNESS
2026-09-24T06:02:57.6534448Z Project health / debt ledger
2026-09-24T06:02:57.6534894Z Debt                     0
2026-09-24T06:02:57.6535290Z --------------------------------
2026-09-24T06:02:57.6535576Z 
2026-09-24T06:02:57.6535790Z Current project scan: 35 point(s), 34 signal(s)
2026-09-24T06:02:57.6536558Z Trend 30d              +0 →
2026-09-24T06:02:57.6536986Z   introduced 0 / resolved 0 / reopened 0
2026-09-24T06:02:57.7374423Z idleproof 0.4.0a1 (bundled with DiffWitness)
2026-09-24T06:02:57.8184870Z usage: idleproof [-h] [--version] {integration,portal} ...
2026-09-24T06:02:57.8185489Z 
2026-09-24T06:02:57.8185925Z Local IdleProof integration and Portal connection tools shipped with
2026-09-24T06:02:57.8186723Z DiffWitness.
2026-09-24T06:02:57.8186966Z 
2026-09-24T06:02:57.8187161Z positional arguments:
2026-09-24T06:02:57.8187638Z   {integration,portal}
2026-09-24T06:02:57.8188526Z     integration         install/status/uninstall local IDE hooks
2026-09-24T06:02:57.8189487Z     portal              configure and sync bounded receipts to IdleProof
2026-09-24T06:02:57.8190113Z                         Portal
2026-09-24T06:02:57.8190318Z 
2026-09-24T06:02:57.8190425Z options:
2026-09-24T06:02:57.8190765Z   -h, --help            show this help message and exit
2026-09-24T06:02:57.8191543Z   --version             print the bundled IdleProof integration version
2026-09-24T06:02:57.8339361Z ##[group]Run python -c "import json, pathlib; paths=['.claude-plugin/plugin.json','.claude-plugin/marketplace.json','.codex-plugin/plugin.json','hooks/claude-hooks.json','hooks/codex-hooks.json','schema/diffwitness-report-v2.schema.json','schema/diffwitness-certificate.schema.json','schema/change-envelope-v1.schema.json']; [json.loads(pathlib.Path(p).read_text(encoding='utf-8')) for p in paths]; print('validated', len(paths), 'JSON contracts')"
2026-09-24T06:02:57.8342520Z [36;1mpython -c "import json, pathlib; paths=['.claude-plugin/plugin.json','.claude-plugin/marketplace.json','.codex-plugin/plugin.json','hooks/claude-hooks.json','hooks/codex-hooks.json','schema/diffwitness-report-v2.schema.json','schema/diffwitness-certificate.schema.json','schema/change-envelope-v1.schema.json']; [json.loads(pathlib.Path(p).read_text(encoding='utf-8')) for p in paths]; print('validated', len(paths), 'JSON contracts')"[0m
2026-09-24T06:02:57.8380223Z shell: /usr/bin/bash -e {0}
2026-09-24T06:02:57.8380515Z env:
2026-09-24T06:02:57.8380792Z   pythonLocation: /opt/hostedtoolcache/Python/3.11.16/x64
2026-09-24T06:02:57.8381240Z   PKG_CONFIG_PATH: /opt/hostedtoolcache/Python/3.11.16/x64/lib/pkgconfig
2026-09-24T06:02:57.8381692Z   Python_ROOT_DIR: /opt/hostedtoolcache/Python/3.11.16/x64
2026-09-24T06:02:57.8382135Z   Python2_ROOT_DIR: /opt/hostedtoolcache/Python/3.11.16/x64
2026-09-24T06:02:57.8382528Z   Python3_ROOT_DIR: /opt/hostedtoolcache/Python/3.11.16/x64
2026-09-24T06:02:57.8382919Z   LD_LIBRARY_PATH: /opt/hostedtoolcache/Python/3.11.16/x64/lib
2026-09-24T06:02:57.8383256Z ##[endgroup]
2026-09-24T06:02:57.8653904Z validated 8 JSON contracts
2026-09-24T06:02:57.8773920Z Post job cleanup.
2026-09-24T06:02:58.0078808Z Post job cleanup.
2026-09-24T06:02:58.1199531Z [command]/usr/bin/git version
2026-09-24T06:02:58.1238881Z git version 2.55.0
2026-09-24T06:02:58.1349901Z Temporarily overriding HOME='/home/runner/work/_temp/6cc5bd84-50a9-457a-a9cc-ed82f85a0761' before making global git config changes
2026-09-24T06:02:58.1359167Z Adding repository directory to the temporary git global config as a safe directory
2026-09-24T06:02:58.1389258Z [command]/usr/bin/git config --global --add safe.directory /home/runner/work/tooltest/tooltest
2026-09-24T06:02:58.1439673Z Removing SSH command configuration
2026-09-24T06:02:58.1440567Z [command]/usr/bin/git config --local --name-only --get-regexp core\.sshCommand
2026-09-24T06:02:58.1442885Z [command]/usr/bin/git submodule foreach --recursive sh -c "git config --local --name-only --get-regexp 'core\.sshCommand' && git config --local --unset-all 'core.sshCommand' || :"
2026-09-24T06:02:58.1651842Z Removing HTTP extra header
2026-09-24T06:02:58.1652733Z [command]/usr/bin/git config --local --name-only --get-regexp http\.https\:\/\/github\.com\/\.extraheader
2026-09-24T06:02:58.1694674Z [command]/usr/bin/git submodule foreach --recursive sh -c "git config --local --name-only --get-regexp 'http\.https\:\/\/github\.com\/\.extraheader' && git config --local --unset-all 'http.https://github.com/.extraheader' || :"
2026-09-24T06:02:58.2025106Z Removing includeIf entries pointing to credentials config files
2026-09-24T06:02:58.2037376Z [command]/usr/bin/git config --local --name-only --get-regexp ^includeIf\.gitdir:
2026-09-24T06:02:58.2063671Z includeif.gitdir:/home/runner/work/tooltest/tooltest/.git.path
2026-09-24T06:02:58.2073551Z includeif.gitdir:/home/runner/work/tooltest/tooltest/.git/worktrees/*.path
2026-09-24T06:02:58.2075805Z includeif.gitdir:/github/workspace/.git.path
2026-09-24T06:02:58.2085025Z includeif.gitdir:/github/workspace/.git/worktrees/*.path
2026-09-24T06:02:58.2087184Z [command]/usr/bin/git config --local --get-all includeif.gitdir:/home/runner/work/tooltest/tooltest/.git.path
2026-09-24T06:02:58.2109860Z /home/runner/work/_temp/git-credentials-dba56fa2-905e-41ad-bbb7-68e5862b4d2c.config
2026-09-24T06:02:58.2127731Z [command]/usr/bin/git config --local --unset includeif.gitdir:/home/runner/work/tooltest/tooltest/.git.path \/home\/runner\/work\/_temp\/git\-credentials\-dba56fa2\-905e\-41ad\-bbb7\-68e5862b4d2c\.config
2026-09-24T06:02:58.2206411Z [command]/usr/bin/git config --local --get-all includeif.gitdir:/home/runner/work/tooltest/tooltest/.git/worktrees/*.path
2026-09-24T06:02:58.2237616Z /home/runner/work/_temp/git-credentials-dba56fa2-905e-41ad-bbb7-68e5862b4d2c.config
2026-09-24T06:02:58.2246479Z [command]/usr/bin/git config --local --unset includeif.gitdir:/home/runner/work/tooltest/tooltest/.git/worktrees/*.path \/home\/runner\/work\/_temp\/git\-credentials\-dba56fa2\-905e\-41ad\-bbb7\-68e5862b4d2c\.config
2026-09-24T06:02:58.2295522Z [command]/usr/bin/git config --local --get-all includeif.gitdir:/github/workspace/.git.path
2026-09-24T06:02:58.2330537Z /github/runner_temp/git-credentials-dba56fa2-905e-41ad-bbb7-68e5862b4d2c.config
2026-09-24T06:02:58.2338922Z [command]/usr/bin/git config --local --unset includeif.gitdir:/github/workspace/.git.path \/github\/runner_temp\/git\-credentials\-dba56fa2\-905e\-41ad\-bbb7\-68e5862b4d2c\.config
2026-09-24T06:02:58.2384959Z [command]/usr/bin/git config --local --get-all includeif.gitdir:/github/workspace/.git/worktrees/*.path
2026-09-24T06:02:58.2421378Z /github/runner_temp/git-credentials-dba56fa2-905e-41ad-bbb7-68e5862b4d2c.config
2026-09-24T06:02:58.2432692Z [command]/usr/bin/git config --local --unset includeif.gitdir:/github/workspace/.git/worktrees/*.path \/github\/runner_temp\/git\-credentials\-dba56fa2\-905e\-41ad\-bbb7\-68e5862b4d2c\.config
2026-09-24T06:02:58.2487688Z [command]/usr/bin/git submodule foreach --recursive git config --local --show-origin --name-only --get-regexp remote.origin.url
2026-09-24T06:02:58.2738852Z Removing credentials config '/home/runner/work/_temp/git-credentials-dba56fa2-905e-41ad-bbb7-68e5862b4d2c.config'
2026-09-24T06:02:58.2881515Z Cleaning up orphan processes
