2026-09-24T05:47:56.7023817Z Current runner version: '2.337.0'
2026-09-24T05:47:56.7053966Z ##[group]Runner Image Provisioner
2026-09-24T05:47:56.7055176Z Hosted Compute Agent
2026-09-24T05:47:56.7055817Z Version: 20260828.587
2026-09-24T05:47:56.7056546Z Commit: abac92662cab4cc7352de4f9f9d2e2419aad9c29
2026-09-24T05:47:56.7057302Z Build Date: 2026-08-28T16:44:25Z
2026-09-24T05:47:56.7058026Z Worker ID: {27257a0d-bc24-48d1-93ba-48efbf669ffa}
2026-09-24T05:47:56.7058824Z Azure Region: northcentralus
2026-09-24T05:47:56.7059439Z ##[endgroup]
2026-09-24T05:47:56.7061118Z ##[group]Operating System
2026-09-24T05:47:56.7061791Z Ubuntu
2026-09-24T05:47:56.7062310Z 24.04.5
2026-09-24T05:47:56.7062875Z LTS
2026-09-24T05:47:56.7063389Z ##[endgroup]
2026-09-24T05:47:56.7063978Z ##[group]Runner Image
2026-09-24T05:47:56.7065058Z Image: ubuntu-24.04
2026-09-24T05:47:56.7065835Z Version: 20260907.300.1
2026-09-24T05:47:56.7067295Z Included Software: https://github.com/actions/runner-images/blob/ubuntu24/20260907.300/images/ubuntu/Ubuntu2404-Readme.md
2026-09-24T05:47:56.7068896Z Image Release: https://github.com/actions/runner-images/releases/tag/ubuntu24%2F20260907.300
2026-09-24T05:47:56.7069973Z ##[endgroup]
2026-09-24T05:47:56.7071053Z ##[group]GITHUB_TOKEN Permissions
2026-09-24T05:47:56.7073269Z Contents: read
2026-09-24T05:47:56.7073929Z Metadata: read
2026-09-24T05:47:56.7074584Z ##[endgroup]
2026-09-24T05:47:56.7077376Z Secret source: Actions
2026-09-24T05:47:56.7078439Z Cache mode: write
2026-09-24T05:47:56.7079227Z Prepare workflow directory
2026-09-24T05:47:56.7635597Z Prepare all required actions
2026-09-24T05:47:56.7728136Z Getting action download info
2026-09-24T05:47:57.0637196Z Download action repository 'actions/checkout@v7' (SHA:3d3c42e5aac5ba805825da76410c181273ba90b1)
2026-09-24T05:47:57.2126354Z Download action repository 'actions/setup-python@v7' (SHA:5fda3b95a4ea91299a34e894583c3862153e4b97)
2026-09-24T05:47:57.3605961Z Download action repository 'actions/upload-artifact@v6' (SHA:b7c566a772e6b6bfb58ed0dc250532a479d7789f)
2026-09-24T05:47:57.6780198Z Complete job name: test (ubuntu-latest, 3.11)
2026-09-24T05:47:57.7764543Z ##[group]Run actions/checkout@v7
2026-09-24T05:47:57.7765954Z with:
2026-09-24T05:47:57.7766500Z   repository: TFourniax/tooltest
2026-09-24T05:47:57.7770766Z   token: ***
2026-09-24T05:47:57.7771254Z   ssh-strict: true
2026-09-24T05:47:57.7771758Z   ssh-user: git
2026-09-24T05:47:57.7772256Z   persist-credentials: true
2026-09-24T05:47:57.7772808Z   clean: true
2026-09-24T05:47:57.7773302Z   sparse-checkout-cone-mode: true
2026-09-24T05:47:57.7773889Z   fetch-depth: 1
2026-09-24T05:47:57.7774372Z   fetch-tags: false
2026-09-24T05:47:57.7775134Z   show-progress: true
2026-09-24T05:47:57.7775656Z   lfs: false
2026-09-24T05:47:57.7776126Z   submodules: false
2026-09-24T05:47:57.7776637Z   set-safe-directory: true
2026-09-24T05:47:57.7777208Z   allow-unsafe-pr-checkout: false
2026-09-24T05:47:57.7778187Z ##[endgroup]
2026-09-24T05:47:57.9362848Z Syncing repository: TFourniax/tooltest
2026-09-24T05:47:57.9367326Z ##[group]Getting Git version info
2026-09-24T05:47:57.9369108Z Working directory is '/home/runner/work/tooltest/tooltest'
2026-09-24T05:47:57.9371294Z [command]/usr/bin/git version
2026-09-24T05:47:57.9416999Z git version 2.55.0
2026-09-24T05:47:57.9445165Z ##[endgroup]
2026-09-24T05:47:57.9459468Z Temporarily overriding HOME='/home/runner/work/_temp/cc838f1d-a4e6-4534-9dcb-4b5de45c83aa' before making global git config changes
2026-09-24T05:47:57.9462488Z Adding repository directory to the temporary git global config as a safe directory
2026-09-24T05:47:57.9469402Z [command]/usr/bin/git config --global --add safe.directory /home/runner/work/tooltest/tooltest
2026-09-24T05:47:57.9558792Z Deleting the contents of '/home/runner/work/tooltest/tooltest'
2026-09-24T05:47:57.9561344Z ##[group]Determining repository object format
2026-09-24T05:47:57.9563246Z ##[endgroup]
2026-09-24T05:47:57.9565171Z ##[group]Initializing the repository
2026-09-24T05:47:57.9566492Z [command]/usr/bin/git init /home/runner/work/tooltest/tooltest
2026-09-24T05:47:57.9688199Z hint: Using 'master' as the name for the initial branch. This default branch name
2026-09-24T05:47:57.9691465Z hint: will change to "main" in Git 3.0. To configure the initial branch name
2026-09-24T05:47:57.9694469Z hint: to use in all of your new repositories, which will suppress this warning,
2026-09-24T05:47:57.9696833Z hint: call:
2026-09-24T05:47:57.9697947Z hint:
2026-09-24T05:47:57.9699133Z hint: 	git config --global init.defaultBranch <name>
2026-09-24T05:47:57.9700217Z hint:
2026-09-24T05:47:57.9701451Z hint: Names commonly chosen instead of 'master' are 'main', 'trunk' and
2026-09-24T05:47:57.9702972Z hint: 'development'. The just-created branch can be renamed via this command:
2026-09-24T05:47:57.9704108Z hint:
2026-09-24T05:47:57.9705243Z hint: 	git branch -m <name>
2026-09-24T05:47:57.9705936Z hint:
2026-09-24T05:47:57.9706642Z hint: Disable this message with "git config set advice.defaultBranchName false"
2026-09-24T05:47:57.9707747Z Initialized empty Git repository in /home/runner/work/tooltest/tooltest/.git/
2026-09-24T05:47:57.9710175Z [command]/usr/bin/git remote add origin https://github.com/TFourniax/tooltest
2026-09-24T05:47:57.9774176Z ##[endgroup]
2026-09-24T05:47:57.9775758Z ##[group]Disabling automatic garbage collection
2026-09-24T05:47:57.9778122Z [command]/usr/bin/git config --local gc.auto 0
2026-09-24T05:47:57.9839304Z ##[endgroup]
2026-09-24T05:47:57.9840878Z ##[group]Setting up auth
2026-09-24T05:47:57.9956190Z Removing SSH command configuration
2026-09-24T05:47:57.9961028Z [command]/usr/bin/git config --local --name-only --get-regexp core\.sshCommand
2026-09-24T05:47:57.9967545Z [command]/usr/bin/git submodule foreach --recursive sh -c "git config --local --name-only --get-regexp 'core\.sshCommand' && git config --local --unset-all 'core.sshCommand' || :"
2026-09-24T05:47:58.0292114Z Removing HTTP extra header
2026-09-24T05:47:58.0299561Z [command]/usr/bin/git config --local --name-only --get-regexp http\.https\:\/\/github\.com\/\.extraheader
2026-09-24T05:47:58.0346379Z [command]/usr/bin/git submodule foreach --recursive sh -c "git config --local --name-only --get-regexp 'http\.https\:\/\/github\.com\/\.extraheader' && git config --local --unset-all 'http.https://github.com/.extraheader' || :"
2026-09-24T05:47:58.0640651Z Removing includeIf entries pointing to credentials config files
2026-09-24T05:47:58.0648980Z [command]/usr/bin/git config --local --name-only --get-regexp ^includeIf\.gitdir:
2026-09-24T05:47:58.0727693Z [command]/usr/bin/git submodule foreach --recursive git config --local --show-origin --name-only --get-regexp remote.origin.url
2026-09-24T05:47:58.1148642Z [command]/usr/bin/git config --file /home/runner/work/_temp/git-credentials-454e18bb-6ac1-48a4-9aac-e90183fa0ca6.config http.https://github.com/.extraheader AUTHORIZATION: basic ***
2026-09-24T05:47:58.1234063Z [command]/usr/bin/git config --local includeIf.gitdir:/home/runner/work/tooltest/tooltest/.git.path /home/runner/work/_temp/git-credentials-454e18bb-6ac1-48a4-9aac-e90183fa0ca6.config
2026-09-24T05:47:58.1304697Z [command]/usr/bin/git config --local includeIf.gitdir:/home/runner/work/tooltest/tooltest/.git/worktrees/*.path /home/runner/work/_temp/git-credentials-454e18bb-6ac1-48a4-9aac-e90183fa0ca6.config
2026-09-24T05:47:58.1383605Z [command]/usr/bin/git config --local includeIf.gitdir:/github/workspace/.git.path /github/runner_temp/git-credentials-454e18bb-6ac1-48a4-9aac-e90183fa0ca6.config
2026-09-24T05:47:58.1449260Z [command]/usr/bin/git config --local includeIf.gitdir:/github/workspace/.git/worktrees/*.path /github/runner_temp/git-credentials-454e18bb-6ac1-48a4-9aac-e90183fa0ca6.config
2026-09-24T05:47:58.1507177Z ##[endgroup]
2026-09-24T05:47:58.1508097Z ##[group]Fetching the repository
2026-09-24T05:47:58.1518525Z [command]/usr/bin/git -c protocol.version=2 fetch --no-tags --prune --no-recurse-submodules --depth=1 origin +2ea065233526a0665ab2f880dfbc0aa08752fd8f:refs/remotes/pull/128/merge
2026-09-24T05:47:58.7972834Z From https://github.com/TFourniax/tooltest
2026-09-24T05:47:58.7977342Z  * [new ref]         2ea065233526a0665ab2f880dfbc0aa08752fd8f -> pull/128/merge
2026-09-24T05:47:58.7983707Z ##[endgroup]
2026-09-24T05:47:58.7986466Z ##[group]Determining the checkout info
2026-09-24T05:47:58.7989519Z ##[endgroup]
2026-09-24T05:47:58.7991027Z [command]/usr/bin/git sparse-checkout disable
2026-09-24T05:47:58.8056836Z [command]/usr/bin/git config --local --unset-all extensions.worktreeConfig
2026-09-24T05:47:58.8107065Z ##[group]Checking out the ref
2026-09-24T05:47:58.8111905Z [command]/usr/bin/git checkout --progress --force refs/remotes/pull/128/merge
2026-09-24T05:47:58.8989658Z Note: switching to 'refs/remotes/pull/128/merge'.
2026-09-24T05:47:58.8991879Z 
2026-09-24T05:47:58.8993245Z You are in 'detached HEAD' state. You can look around, make experimental
2026-09-24T05:47:58.8996591Z changes and commit them, and you can discard any commits you make in this
2026-09-24T05:47:58.8998923Z state without impacting any branches by switching back to a branch.
2026-09-24T05:47:58.9000815Z 
2026-09-24T05:47:58.9002201Z If you want to create a new branch to retain commits you create, you may
2026-09-24T05:47:58.9005634Z do so (now or later) by using -c with the switch command. Example:
2026-09-24T05:47:58.9007618Z 
2026-09-24T05:47:58.9008578Z   git switch -c <new-branch-name>
2026-09-24T05:47:58.9009998Z 
2026-09-24T05:47:58.9010894Z Or undo this operation with:
2026-09-24T05:47:58.9012182Z 
2026-09-24T05:47:58.9013004Z   git switch -
2026-09-24T05:47:58.9014074Z 
2026-09-24T05:47:58.9016046Z Turn off this advice by setting config variable advice.detachedHead to false
2026-09-24T05:47:58.9018732Z 
2026-09-24T05:47:58.9021274Z HEAD is now at 2ea0652 Merge e7506d1141fb5aa829b647fa4901fb4eed8d5f52 into c03164e75e805ff1df976e55cdf6d86073e89b04
2026-09-24T05:47:58.9029413Z ##[endgroup]
2026-09-24T05:47:58.9078513Z [command]/usr/bin/git log -1 --format=%H
2026-09-24T05:47:58.9118508Z 2ea065233526a0665ab2f880dfbc0aa08752fd8f
2026-09-24T05:47:58.9556582Z ##[group]Run actions/setup-python@v7
2026-09-24T05:47:58.9557877Z with:
2026-09-24T05:47:58.9558764Z   python-version: 3.11
2026-09-24T05:47:58.9559792Z   check-latest: false
2026-09-24T05:47:58.9570114Z   token: ***
2026-09-24T05:47:58.9571087Z   update-environment: true
2026-09-24T05:47:58.9572192Z   allow-prereleases: false
2026-09-24T05:47:58.9573257Z   freethreaded: false
2026-09-24T05:47:58.9574229Z ##[endgroup]
2026-09-24T05:47:59.1146523Z ##[group]Installed versions
2026-09-24T05:47:59.1277326Z Successfully set up CPython (3.11.16)
2026-09-24T05:47:59.1281463Z ##[endgroup]
2026-09-24T05:47:59.1757596Z ##[group]Run python -m pip install -e .
2026-09-24T05:47:59.1761058Z [36;1mpython -m pip install -e .[0m
2026-09-24T05:47:59.1853607Z shell: /usr/bin/bash -e {0}
2026-09-24T05:47:59.1855983Z env:
2026-09-24T05:47:59.1857337Z   pythonLocation: /opt/hostedtoolcache/Python/3.11.16/x64
2026-09-24T05:47:59.1859400Z   PKG_CONFIG_PATH: /opt/hostedtoolcache/Python/3.11.16/x64/lib/pkgconfig
2026-09-24T05:47:59.1861396Z   Python_ROOT_DIR: /opt/hostedtoolcache/Python/3.11.16/x64
2026-09-24T05:47:59.1863319Z   Python2_ROOT_DIR: /opt/hostedtoolcache/Python/3.11.16/x64
2026-09-24T05:47:59.1865798Z   Python3_ROOT_DIR: /opt/hostedtoolcache/Python/3.11.16/x64
2026-09-24T05:47:59.1867957Z   LD_LIBRARY_PATH: /opt/hostedtoolcache/Python/3.11.16/x64/lib
2026-09-24T05:47:59.1869489Z ##[endgroup]
2026-09-24T05:48:00.8511910Z Obtaining file:///home/runner/work/tooltest/tooltest
2026-09-24T05:48:00.8537736Z   Installing build dependencies: started
2026-09-24T05:48:01.8331793Z   Installing build dependencies: finished with status 'done'
2026-09-24T05:48:01.8346216Z   Checking if build backend supports build_editable: started
2026-09-24T05:48:02.2961930Z   Checking if build backend supports build_editable: finished with status 'done'
2026-09-24T05:48:02.2976098Z   Getting requirements to build editable: started
2026-09-24T05:48:02.8201573Z   Getting requirements to build editable: finished with status 'done'
2026-09-24T05:48:02.8218040Z   Preparing editable metadata (pyproject.toml): started
2026-09-24T05:48:03.1087885Z   Preparing editable metadata (pyproject.toml): finished with status 'done'
2026-09-24T05:48:03.1158642Z Building wheels for collected packages: diffwitness
2026-09-24T05:48:03.1166182Z   Building editable for diffwitness (pyproject.toml): started
2026-09-24T05:48:03.5248547Z   Building editable for diffwitness (pyproject.toml): finished with status 'done'
2026-09-24T05:48:03.5261625Z   Created wheel for diffwitness: filename=diffwitness-0.4.0a1-0.editable-py3-none-any.whl size=13332 sha256=23ba08c5a75d22b5173f8a0db7f472e0b696ad34c02d42ea646828e47812c96b
2026-09-24T05:48:03.5264241Z   Stored in directory: /tmp/pip-ephem-wheel-cache-hy752zse/wheels/1d/e2/0c/8df4c5f7ed0b68981a66a62e05333067f34d74dcef53b2c7d9
2026-09-24T05:48:03.5313609Z Successfully built diffwitness
2026-09-24T05:48:03.5550152Z Installing collected packages: diffwitness
2026-09-24T05:48:03.5661297Z Successfully installed diffwitness-0.4.0a1
2026-09-24T05:48:03.6847968Z ##[group]Run python -m pip check
2026-09-24T05:48:03.6848441Z [36;1mpython -m pip check[0m
2026-09-24T05:48:03.6889186Z shell: /usr/bin/bash -e {0}
2026-09-24T05:48:03.6889470Z env:
2026-09-24T05:48:03.6889749Z   pythonLocation: /opt/hostedtoolcache/Python/3.11.16/x64
2026-09-24T05:48:03.6890208Z   PKG_CONFIG_PATH: /opt/hostedtoolcache/Python/3.11.16/x64/lib/pkgconfig
2026-09-24T05:48:03.6890669Z   Python_ROOT_DIR: /opt/hostedtoolcache/Python/3.11.16/x64
2026-09-24T05:48:03.6891061Z   Python2_ROOT_DIR: /opt/hostedtoolcache/Python/3.11.16/x64
2026-09-24T05:48:03.6891473Z   Python3_ROOT_DIR: /opt/hostedtoolcache/Python/3.11.16/x64
2026-09-24T05:48:03.6891885Z   LD_LIBRARY_PATH: /opt/hostedtoolcache/Python/3.11.16/x64/lib
2026-09-24T05:48:03.6892229Z ##[endgroup]
2026-09-24T05:48:03.9304412Z No broken requirements found.
2026-09-24T05:48:04.1048638Z ##[group]Run python -m compileall -q src integrations scripts
2026-09-24T05:48:04.1050046Z [36;1mpython -m compileall -q src integrations scripts[0m
2026-09-24T05:48:04.1097084Z shell: /usr/bin/bash -e {0}
2026-09-24T05:48:04.1097615Z env:
2026-09-24T05:48:04.1097959Z   pythonLocation: /opt/hostedtoolcache/Python/3.11.16/x64
2026-09-24T05:48:04.1098473Z   PKG_CONFIG_PATH: /opt/hostedtoolcache/Python/3.11.16/x64/lib/pkgconfig
2026-09-24T05:48:04.1098977Z   Python_ROOT_DIR: /opt/hostedtoolcache/Python/3.11.16/x64
2026-09-24T05:48:04.1099432Z   Python2_ROOT_DIR: /opt/hostedtoolcache/Python/3.11.16/x64
2026-09-24T05:48:04.1099916Z   Python3_ROOT_DIR: /opt/hostedtoolcache/Python/3.11.16/x64
2026-09-24T05:48:04.1100384Z   LD_LIBRARY_PATH: /opt/hostedtoolcache/Python/3.11.16/x64/lib
2026-09-24T05:48:04.1100789Z ##[endgroup]
2026-09-24T05:48:04.5182641Z ##[group]Run set +e
2026-09-24T05:48:04.5182983Z [36;1mset +e[0m
2026-09-24T05:48:04.5183318Z [36;1mpython -m unittest discover -s tests -v 2>&1 | tee unittest.log[0m
2026-09-24T05:48:04.5183717Z [36;1mrc=${PIPESTATUS[0]}[0m
2026-09-24T05:48:04.5184010Z [36;1mecho "return_code=$rc" >> "$GITHUB_OUTPUT"[0m
2026-09-24T05:48:04.5184309Z [36;1mexit "$rc"[0m
2026-09-24T05:48:04.5225701Z shell: /usr/bin/bash --noprofile --norc -e -o pipefail {0}
2026-09-24T05:48:04.5226051Z env:
2026-09-24T05:48:04.5226334Z   pythonLocation: /opt/hostedtoolcache/Python/3.11.16/x64
2026-09-24T05:48:04.5226774Z   PKG_CONFIG_PATH: /opt/hostedtoolcache/Python/3.11.16/x64/lib/pkgconfig
2026-09-24T05:48:04.5227231Z   Python_ROOT_DIR: /opt/hostedtoolcache/Python/3.11.16/x64
2026-09-24T05:48:04.5227622Z   Python2_ROOT_DIR: /opt/hostedtoolcache/Python/3.11.16/x64
2026-09-24T05:48:04.5228009Z   Python3_ROOT_DIR: /opt/hostedtoolcache/Python/3.11.16/x64
2026-09-24T05:48:04.5228450Z   LD_LIBRARY_PATH: /opt/hostedtoolcache/Python/3.11.16/x64/lib
2026-09-24T05:48:04.5228780Z ##[endgroup]
2026-09-24T05:48:05.2515531Z test_acceptance_harnesses_preserve_utf8_subprocess_output (test_acceptance_utf8.AcceptanceEncodingTests.test_acceptance_harnesses_preserve_utf8_subprocess_output) ... ok
2026-09-24T05:48:05.8338853Z test_advisory_partition_can_spend_tiny_budget_but_public_runner_still_proves_removal (test_adaptive.AdaptiveCoreTests.test_advisory_partition_can_spend_tiny_budget_but_public_runner_still_proves_removal) ... ok
2026-09-24T05:48:06.6285316Z test_finds_one_hunk_core_without_testing_every_surplus_hunk (test_adaptive.AdaptiveCoreTests.test_finds_one_hunk_core_without_testing_every_surplus_hunk) ... ok
2026-09-24T05:48:06.6642632Z test_invalid_advisory_plan_fails_before_any_search (test_adaptive.AdaptiveCoreTests.test_invalid_advisory_plan_fails_before_any_search) ... ok
2026-09-24T05:48:06.8309524Z test_behavior_preserving_refactor_gets_preservation_evidence (test_assurance.AssuranceTests.test_behavior_preserving_refactor_gets_preservation_evidence) ... ok
2026-09-24T05:48:07.0547576Z test_changed_tests_that_already_pass_on_base_are_non_discriminating (test_assurance.AssuranceTests.test_changed_tests_that_already_pass_on_base_are_non_discriminating) ... DiffWitness Gate rejected: changed tests do not discriminate the production change from base
2026-09-24T05:48:07.0567908Z ok
2026-09-24T05:48:07.0747546Z test_gate_balanced_accepts_and_public_verify_understands_assurance (test_assurance.AssuranceTests.test_gate_balanced_accepts_and_public_verify_understands_assurance) ... DiffWitness Gate: non-discriminating-change under balanced policy (dwa1_1acd6eaa446924a29dba)
2026-09-24T05:48:07.3366314Z DiffWitness Gate: preservation-evidence under balanced policy (dwa1_ad79e13ccd8d4bd60baf)
2026-09-24T05:48:07.3410472Z DiffWitness Gate accepted: balanced policy accepts stable preservation assurance
2026-09-24T05:48:07.3412202Z Project continuity: 2 new change event(s) · dwchg_31a151d884d9f70749b0b48e
2026-09-24T05:48:07.3649230Z certificate: dwa1_ad79e13ccd8d4bd60baf
2026-09-24T05:48:07.3649909Z integrity:   valid
2026-09-24T05:48:07.3650189Z freshness:   fresh against WORKTREE
2026-09-24T05:48:07.3650505Z candidate:   embedded-tree
2026-09-24T05:48:07.3650779Z base:        embedded-tree
2026-09-24T05:48:07.3651034Z verdict:     VALID
2026-09-24T05:48:07.3860830Z certificate: dwa1_ad79e13ccd8d4bd60baf
2026-09-24T05:48:07.3861271Z integrity:   valid
2026-09-24T05:48:07.3861532Z freshness:   stale against WORKTREE
2026-09-24T05:48:07.3861828Z candidate:   embedded-tree
2026-09-24T05:48:07.3862089Z base:        embedded-tree
2026-09-24T05:48:07.3862346Z verdict:     INVALID
2026-09-24T05:48:07.5814581Z DiffWitness Gate rejected: candidate is not stably green
2026-09-24T05:48:07.5846140Z ok
2026-09-24T05:48:07.6013476Z test_noop_certificate_is_fresh_then_stale_after_content_changes (test_attest.AttestationTests.test_noop_certificate_is_fresh_then_stale_after_content_changes) ... DiffWitness Gate: candidate-not-stable-green under strict policy (dwa1_dd6aa43a7a8b9737c3a3)
2026-09-24T05:48:07.6456868Z DiffWitness: proof not required (dw0_e6b163417461913ea06f); no executable causal mutation detected.
2026-09-24T05:48:07.6823117Z certificate: dw0_e6b163417461913ea06f
2026-09-24T05:48:07.6823950Z integrity:   valid
2026-09-24T05:48:07.6824319Z freshness:   fresh against WORKTREE
2026-09-24T05:48:07.6824950Z candidate:   embedded-tree
2026-09-24T05:48:07.6825323Z base:        embedded-tree
2026-09-24T05:48:07.6825660Z artifacts:   ignored proof.json
2026-09-24T05:48:07.6826128Z verdict:     VALID
2026-09-24T05:48:07.7058630Z ok
2026-09-24T05:48:07.7222863Z test_tree_bound_validation_proof_verifies_in_fresh_clone_without_snapshot_commit (test_attest.AttestationTests.test_tree_bound_validation_proof_verifies_in_fresh_clone_without_snapshot_commit) ... certificate: dw0_e6b163417461913ea06f
2026-09-24T05:48:07.7224012Z integrity:   valid
2026-09-24T05:48:07.7224266Z freshness:   stale against WORKTREE
2026-09-24T05:48:07.7224586Z candidate:   embedded-tree
2026-09-24T05:48:07.7225176Z base:        embedded-tree
2026-09-24T05:48:07.7225464Z artifacts:   ignored proof.json
2026-09-24T05:48:07.7225733Z verdict:     INVALID
2026-09-24T05:48:07.9707524Z DiffWitness: validation-only stable-pass (dwv1_61068f6bf77acb360eaf)
2026-09-24T05:48:07.9708933Z Project continuity: 2 new change event(s) · dwchg_9c0b1e4cdda940397e00bb20
2026-09-24T05:48:07.9882700Z ok
2026-09-24T05:48:08.0075849Z test_verified_worktree_proof_can_be_attached_after_identical_commit (test_attest.AttestationTests.test_verified_worktree_proof_can_be_attached_after_identical_commit) ... certificate: dwv1_61068f6bf77acb360eaf
2026-09-24T05:48:08.0076829Z integrity:   valid
2026-09-24T05:48:08.0077080Z freshness:   fresh against HEAD
2026-09-24T05:48:08.0077925Z candidate:   embedded-tree
2026-09-24T05:48:08.0078463Z base:        embedded-tree
2026-09-24T05:48:08.0078940Z verdict:     VALID
2026-09-24T05:48:08.0500863Z DiffWitness: proof not required (dw0_1a7629f8c629d33a661f); no executable causal mutation detected.
2026-09-24T05:48:08.0834011Z ok
2026-09-24T05:48:08.0842176Z test_detects_pytest_configuration (test_autodetect.AutoDetectTests.test_detects_pytest_configuration) ... ok
2026-09-24T05:48:08.0850284Z test_falls_back_to_unittest_for_plain_tests_directory (test_autodetect.AutoDetectTests.test_falls_back_to_unittest_for_plain_tests_directory) ... ok
2026-09-24T05:48:08.0860624Z test_prefers_declared_pnpm_test_script (test_autodetect.AutoDetectTests.test_prefers_declared_pnpm_test_script) ... ok
2026-09-24T05:48:08.0866290Z test_unified_schema_declares_every_public_certificate_family (test_certificate_schema.CertificateSchemaTests.test_unified_schema_declares_every_public_certificate_family) ... ok
2026-09-24T05:48:08.1584061Z test_binds_proof_debt_and_idleproof_to_one_exact_change (test_change_envelope.ChangeEnvelopeTests.test_binds_proof_debt_and_idleproof_to_one_exact_change) ... ok
2026-09-24T05:48:08.1870050Z test_corrupt_evidence_and_empty_envelope_fail_closed (test_change_envelope.ChangeEnvelopeTests.test_corrupt_evidence_and_empty_envelope_fail_closed) ... ok
2026-09-24T05:48:08.2089190Z test_idleproof_state_and_local_hook_files_do_not_change_diffwitness_worktree_identity (test_change_envelope.ChangeEnvelopeTests.test_idleproof_state_and_local_hook_files_do_not_change_diffwitness_worktree_identity) ... ok
2026-09-24T05:48:08.2789092Z test_mismatched_debt_candidate_tree_fails_closed (test_change_envelope.ChangeEnvelopeTests.test_mismatched_debt_candidate_tree_fails_closed) ... ok
2026-09-24T05:48:08.3472854Z test_mismatched_idleproof_change_fails_closed (test_change_envelope.ChangeEnvelopeTests.test_mismatched_idleproof_change_fails_closed) ... ok
2026-09-24T05:48:08.5183665Z test_init_creates_pinned_workflow_with_explicit_commands (test_cli.CliTests.test_init_creates_pinned_workflow_with_explicit_commands) ... ok
2026-09-24T05:48:09.0050095Z test_prove_writes_v2_certificate_and_markdown (test_cli.CliTests.test_prove_writes_v2_certificate_and_markdown) ... ok
2026-09-24T05:48:09.3943762Z test_direct_frontends_also_parse_before_preflight_or_discovery (test_cli_informational_safety.InformationalSafetyTests.test_direct_frontends_also_parse_before_preflight_or_discovery) ... ok
2026-09-24T05:48:09.9352252Z test_explicit_proof_still_executes_repository_tests (test_cli_informational_safety.InformationalSafetyTests.test_explicit_proof_still_executes_repository_tests) ... ok
2026-09-24T05:48:13.3140770Z test_help_and_version_preserve_repository_and_historical_evidence (test_cli_informational_safety.InformationalSafetyTests.test_help_and_version_preserve_repository_and_historical_evidence) ... ok
2026-09-24T05:48:13.8589526Z test_help_inside_explicit_test_command_still_executes (test_cli_informational_safety.InformationalSafetyTests.test_help_inside_explicit_test_command_still_executes) ... ok
2026-09-24T05:48:15.4345528Z test_invalid_options_fail_before_execution_or_certificate_deletion (test_cli_informational_safety.InformationalSafetyTests.test_invalid_options_fail_before_execution_or_certificate_deletion) ... ok
2026-09-24T05:48:15.4356781Z test_invalid_policy_and_budget_are_rejected (test_config.ConfigTests.test_invalid_policy_and_budget_are_rejected) ... ok
2026-09-24T05:48:15.4378879Z test_non_finite_timeouts_are_rejected_in_core_and_engine_config (test_config.ConfigTests.test_non_finite_timeouts_are_rejected_in_core_and_engine_config) ... ok
2026-09-24T05:48:15.4384096Z test_unknown_key_fails_closed (test_config.ConfigTests.test_unknown_key_fails_closed) ... ok
2026-09-24T05:48:15.4405952Z test_valid_gate_configuration_round_trips (test_config.ConfigTests.test_valid_gate_configuration_round_trips) ... ok
2026-09-24T05:48:15.4766790Z test_context_uses_project_test_configuration_without_private_engine_access (test_context_process_budget.ContextProcessBudgetTests.test_context_uses_project_test_configuration_without_private_engine_access) ... ok
2026-09-24T05:48:15.4943478Z test_failed_committed_history_walk_is_not_an_unborn_fingerprint (test_context_process_budget.ContextProcessBudgetTests.test_failed_committed_history_walk_is_not_an_unborn_fingerprint) ... ok
2026-09-24T05:48:15.5299223Z test_fingerprint_uses_reachable_roots_and_ignores_other_refs (test_context_process_budget.ContextProcessBudgetTests.test_fingerprint_uses_reachable_roots_and_ignores_other_refs) ... ok
2026-09-24T05:48:15.5616830Z test_malformed_project_configuration_still_fails (test_context_process_budget.ContextProcessBudgetTests.test_malformed_project_configuration_still_fails) ... ok
2026-09-24T05:48:15.6222255Z test_warm_context_uses_at_most_five_git_processes (test_context_process_budget.ContextProcessBudgetTests.test_warm_context_uses_at_most_five_git_processes) ... ok
2026-09-24T05:48:15.7008226Z test_bounds_and_repository_eviction_force_complete_validation (test_continuity_append_cache.AppendCacheTests.test_bounds_and_repository_eviction_force_complete_validation) ... ok
2026-09-24T05:48:15.7447554Z test_caller_inputs_and_results_cannot_mutate_cached_history (test_continuity_append_cache.AppendCacheTests.test_caller_inputs_and_results_cannot_mutate_cached_history) ... ok
2026-09-24T05:48:15.8349890Z test_concurrent_calls_have_one_chain_and_dedupe (test_continuity_append_cache.AppendCacheTests.test_concurrent_calls_have_one_chain_and_dedupe) ... ok
2026-09-24T05:48:15.8707831Z test_crt_text_translation_cannot_make_cached_bytes_differ_from_disk (test_continuity_append_cache.AppendCacheTests.test_crt_text_translation_cannot_make_cached_bytes_differ_from_disk) ... ok
2026-09-24T05:48:15.9093613Z test_external_suffix_is_validated_and_invalid_suffix_fails_closed (test_continuity_append_cache.AppendCacheTests.test_external_suffix_is_validated_and_invalid_suffix_fails_closed) ... ok
2026-09-24T05:48:15.9672788Z test_failed_batch_cannot_advance_cached_lifecycle_or_dedupe (test_continuity_append_cache.AppendCacheTests.test_failed_batch_cannot_advance_cached_lifecycle_or_dedupe) ... ok
2026-09-24T05:48:16.0069348Z test_failed_task_reference_cannot_replace_cached_task_identity (test_continuity_append_cache.AppendCacheTests.test_failed_task_reference_cannot_replace_cached_task_identity) ... ok
2026-09-24T05:48:16.0634124Z test_hash_valid_invalid_profile_and_duplicate_json_external_suffix_fail_closed (test_continuity_append_cache.AppendCacheTests.test_hash_valid_invalid_profile_and_duplicate_json_external_suffix_fail_closed) ... ok
2026-09-24T05:48:16.1140006Z test_partial_write_never_publishes_checkpoint (test_continuity_append_cache.AppendCacheTests.test_partial_write_never_publishes_checkpoint) ... ok
2026-09-24T05:48:16.1489429Z test_repeated_append_validates_only_new_suffix_but_public_read_remains_complete (test_continuity_append_cache.AppendCacheTests.test_repeated_append_validates_only_new_suffix_but_public_read_remains_complete) ... ok
2026-09-24T05:48:16.1969289Z test_same_size_timestamp_corruption_is_rejected_before_append (test_continuity_append_cache.AppendCacheTests.test_same_size_timestamp_corruption_is_rejected_before_append) ... ok
2026-09-24T05:48:16.2489067Z test_unterminated_valid_record_gets_separator_without_changing_old_bytes (test_continuity_append_cache.AppendCacheTests.test_unterminated_valid_record_gets_separator_without_changing_old_bytes) ... ok
2026-09-24T05:48:16.3271931Z test_valid_rewrite_truncation_and_crlf_unicode_keep_chain_truth (test_continuity_append_cache.AppendCacheTests.test_valid_rewrite_truncation_and_crlf_unicode_keep_chain_truth) ... ok
2026-09-24T05:48:16.4444033Z test_authoritative_flag_consistency_preserves_existing_runner_boundary (test_continuity_artifact_profile.ArtifactProfileTests.test_authoritative_flag_consistency_preserves_existing_runner_boundary) ... ok
2026-09-24T05:48:16.5432228Z test_compatible_legacy_reimport_preserves_original_events_and_bytes (test_continuity_artifact_profile.ArtifactProfileTests.test_compatible_legacy_reimport_preserves_original_events_and_bytes) ... ok
2026-09-24T05:48:16.6698840Z test_consumed_input_types_are_checked_before_projection (test_continuity_artifact_profile.ArtifactProfileTests.test_consumed_input_types_are_checked_before_projection) ... ok
2026-09-24T05:48:16.7364403Z test_declaration_and_relation_json_conflicts_fail_atomically (test_continuity_artifact_profile.ArtifactProfileTests.test_declaration_and_relation_json_conflicts_fail_atomically) ... ok
2026-09-24T05:48:16.7923894Z test_descriptor_advertises_profile_without_new_proof_authority (test_continuity_artifact_profile.ArtifactProfileTests.test_descriptor_advertises_profile_without_new_proof_authority) ... ok
2026-09-24T05:48:16.8674869Z test_invalid_legacy_cannot_gain_profile_compatibility_via_ignored_fields (test_continuity_artifact_profile.ArtifactProfileTests.test_invalid_legacy_cannot_gain_profile_compatibility_via_ignored_fields) ... ok
2026-09-24T05:48:17.1428143Z test_json_type_conflicts_are_not_silently_deduped (test_continuity_artifact_profile.ArtifactProfileTests.test_json_type_conflicts_are_not_silently_deduped) ... ok
2026-09-24T05:48:17.2143865Z test_legacy_digest_and_ephemeral_sha_exceptions_survive_profile_adoption (test_continuity_artifact_profile.ArtifactProfileTests.test_legacy_digest_and_ephemeral_sha_exceptions_survive_profile_adoption) ... ok
2026-09-24T05:48:17.4069187Z test_malformed_profile_batches_are_atomic (test_continuity_artifact_profile.ArtifactProfileTests.test_malformed_profile_batches_are_atomic) ... ok
2026-09-24T05:48:17.4791312Z test_mixed_history_replay_and_checkpoint_preserve_legacy_extensions (test_continuity_artifact_profile.ArtifactProfileTests.test_mixed_history_replay_and_checkpoint_preserve_legacy_extensions) ... ok
2026-09-24T05:48:17.5515125Z test_native_producer_profiles_all_five_types_without_promoting_imports (test_continuity_artifact_profile.ArtifactProfileTests.test_native_producer_profiles_all_five_types_without_promoting_imports) ... ok
2026-09-24T05:48:17.6540687Z test_native_reimport_adopts_legacy_without_rewriting_it (test_continuity_artifact_profile.ArtifactProfileTests.test_native_reimport_adopts_legacy_without_rewriting_it) ... ok
2026-09-24T05:48:17.8260270Z test_profile_does_not_hide_real_conflicts_or_other_profiles (test_continuity_artifact_profile.ArtifactProfileTests.test_profile_does_not_hide_real_conflicts_or_other_profiles) ... ok
2026-09-24T05:48:17.9959112Z test_readers_and_old_cache_cannot_bypass_typed_validation (test_continuity_artifact_profile.ArtifactProfileTests.test_readers_and_old_cache_cannot_bypass_typed_validation) ... ok
2026-09-24T05:48:18.0458274Z test_canonical_bytes_match_independent_reference_for_extensions_and_unicode (test_continuity_canonical_integrity.CanonicalIntegrityTests.test_canonical_bytes_match_independent_reference_for_extensions_and_unicode) ... ok
2026-09-24T05:48:18.0464271Z test_corruption_of_any_integrity_input_remains_visible (test_continuity_canonical_integrity.CanonicalIntegrityTests.test_corruption_of_any_integrity_input_remains_visible) ... ok
2026-09-24T05:48:18.0469574Z test_finite_json_and_circular_reference_checks_remain_active (test_continuity_canonical_integrity.CanonicalIntegrityTests.test_finite_json_and_circular_reference_checks_remain_active) ... ok
2026-09-24T05:48:18.0476192Z test_full_validator_encodes_nested_payload_only_once (test_continuity_canonical_integrity.CanonicalIntegrityTests.test_full_validator_encodes_nested_payload_only_once) ... ok
2026-09-24T05:48:18.0497254Z test_missing_or_malformed_identity_still_rejects_and_matches_reference (test_continuity_canonical_integrity.CanonicalIntegrityTests.test_missing_or_malformed_identity_still_rejects_and_matches_reference) ... ok
2026-09-24T05:48:18.0513355Z test_nested_identity_lookalikes_and_missing_actor_match_reference (test_continuity_canonical_integrity.CanonicalIntegrityTests.test_nested_identity_lookalikes_and_missing_actor_match_reference) ... ok
2026-09-24T05:48:18.0517321Z test_nonstandard_python_mapping_keeps_reference_encoding (test_continuity_canonical_integrity.CanonicalIntegrityTests.test_nonstandard_python_mapping_keeps_reference_encoding) ... ok
2026-09-24T05:48:18.0523919Z test_ordinary_validation_needs_one_complete_canonical_encoding (test_continuity_canonical_integrity.CanonicalIntegrityTests.test_ordinary_validation_needs_one_complete_canonical_encoding) ... ok
2026-09-24T05:48:18.0527982Z test_size_limit_counts_utf8_and_hash_member_exactly (test_continuity_canonical_integrity.CanonicalIntegrityTests.test_size_limit_counts_utf8_and_hash_member_exactly) ... ok
2026-09-24T05:48:18.0550370Z test_stream_rejection_closes_file_after_earlier_valid_events (test_continuity_canonical_integrity.CanonicalIntegrityTests.test_stream_rejection_closes_file_after_earlier_valid_events) ... ok
2026-09-24T05:48:18.1199024Z test_byte_budget_counts_utf8_bytes_instead_of_characters (test_continuity_change_paths.ChangePathAdmissionTests.test_byte_budget_counts_utf8_bytes_instead_of_characters) ... ok
2026-09-24T05:48:18.1649758Z test_exact_unicode_whitespace_control_and_backslash_paths (test_continuity_change_paths.ChangePathAdmissionTests.test_exact_unicode_whitespace_control_and_backslash_paths) ... ok
2026-09-24T05:48:18.2314944Z test_file_facts_use_change_identity_trees_not_unrelated_or_missing_commit_hints (test_continuity_change_paths.ChangePathAdmissionTests.test_file_facts_use_change_identity_trees_not_unrelated_or_missing_commit_hints) ... ok
2026-09-24T05:48:18.3388317Z test_forged_coverage_is_rejected_atomically (test_continuity_change_paths.ChangePathAdmissionTests.test_forged_coverage_is_rejected_atomically) ... ok
2026-09-24T05:48:18.4135569Z test_human_context_quotes_paths_without_terminal_control_execution (test_continuity_change_paths.ChangePathAdmissionTests.test_human_context_quotes_paths_without_terminal_control_execution) ... ok
2026-09-24T05:48:18.6006294Z test_installed_cli_reports_safe_exact_and_partial_admission (test_continuity_change_paths.ChangePathAdmissionTests.test_installed_cli_reports_safe_exact_and_partial_admission) ... ok
2026-09-24T05:48:18.6954879Z test_large_changes_keep_bounded_whole_paths_and_explicit_coverage (test_continuity_change_paths.ChangePathAdmissionTests.test_large_changes_keep_bounded_whole_paths_and_explicit_coverage) ... ok
2026-09-24T05:48:18.7355176Z test_unavailable_tree_is_not_presented_as_observed_empty_change (test_continuity_change_paths.ChangePathAdmissionTests.test_unavailable_tree_is_not_presented_as_observed_empty_change) ... ok
2026-09-24T05:48:18.9348090Z test_unknown_legacy_coverage_extension_cannot_crash_context (test_continuity_change_paths.ChangePathAdmissionTests.test_unknown_legacy_coverage_extension_cannot_crash_context) ... ok
2026-09-24T05:48:18.9763362Z test_unrepresentable_names_are_omitted_whole_without_relabeling (test_continuity_change_paths.ChangePathAdmissionTests.test_unrepresentable_names_are_omitted_whole_without_relabeling) ... ok
2026-09-24T05:48:19.0163399Z test_untrusted_commit_hint_cannot_be_a_git_option (test_continuity_change_paths.ChangePathAdmissionTests.test_untrusted_commit_hint_cannot_be_a_git_option) ... ok
2026-09-24T05:48:19.0882520Z test_whole_path_byte_budget_keeps_the_original_event_limit (test_continuity_change_paths.ChangePathAdmissionTests.test_whole_path_byte_budget_keeps_the_original_event_limit) ... ok
2026-09-24T05:48:19.2604050Z test_append_after_validation_is_visible_on_next_context (test_continuity_context_cache.ContinuityContextCacheTests.test_append_after_validation_is_visible_on_next_context) ... ok
2026-09-24T05:48:19.3239265Z test_concurrent_rebuild_cannot_inherit_another_snapshot_digest (test_continuity_context_cache.ContinuityContextCacheTests.test_concurrent_rebuild_cannot_inherit_another_snapshot_digest) ... ok
2026-09-24T05:48:19.4424309Z test_corruption_after_validation_never_becomes_a_trusted_cache_anchor (test_continuity_context_cache.ContinuityContextCacheTests.test_corruption_after_validation_never_becomes_a_trusted_cache_anchor) ... ok
2026-09-24T05:48:19.5059269Z test_hot_cache_detects_historical_tampering_before_serving_context (test_continuity_context_cache.ContinuityContextCacheTests.test_hot_cache_detects_historical_tampering_before_serving_context) ... ok
2026-09-24T05:48:19.5476418Z test_legacy_unvalidated_digest_is_not_trusted_after_upgrade (test_continuity_context_cache.ContinuityContextCacheTests.test_legacy_unvalidated_digest_is_not_trusted_after_upgrade) ... ok
2026-09-24T05:48:19.6188781Z test_legitimate_append_invalidates_cache_and_rebuilds_strictly (test_continuity_context_cache.ContinuityContextCacheTests.test_legitimate_append_invalidates_cache_and_rebuilds_strictly) ... ok
2026-09-24T05:48:19.6605863Z test_rebuilt_state_digest_belongs_to_the_bytes_that_were_validated (test_continuity_context_cache.ContinuityContextCacheTests.test_rebuilt_state_digest_belongs_to_the_bytes_that_were_validated) ... ok
2026-09-24T05:48:19.7065712Z test_unchanged_cache_does_not_reparse_the_journal (test_continuity_context_cache.ContinuityContextCacheTests.test_unchanged_cache_does_not_reparse_the_journal) ... ok
2026-09-24T05:48:19.8052039Z test_citation_tracks_the_exact_assertion_not_the_latest_journal_head (test_continuity_context_sources.ContextSourceTests.test_citation_tracks_the_exact_assertion_not_the_latest_journal_head) ... ok
2026-09-24T05:48:19.8699680Z test_confirmation_cites_its_review_separately_from_the_assertion (test_continuity_context_sources.ContextSourceTests.test_confirmation_cites_its_review_separately_from_the_assertion) ... ok
2026-09-24T05:48:19.9430906Z test_inconsistent_assertion_status_or_details_cannot_be_cited (test_continuity_context_sources.ContextSourceTests.test_inconsistent_assertion_status_or_details_cannot_be_cited) ... ok
2026-09-24T05:48:19.9899359Z test_missing_assertion_row_cannot_produce_a_fabricated_citation (test_continuity_context_sources.ContextSourceTests.test_missing_assertion_row_cannot_produce_a_fabricated_citation) ... ok
2026-09-24T05:48:20.0724079Z test_packet_anchor_and_citations_share_a_read_snapshot (test_continuity_context_sources.ContextSourceTests.test_packet_anchor_and_citations_share_a_read_snapshot) ... ok
2026-09-24T05:48:20.1940679Z test_stale_source_pointer_with_identical_assertions_is_rejected (test_continuity_context_sources.ContextSourceTests.test_stale_source_pointer_with_identical_assertions_is_rejected) ... ok
2026-09-24T05:48:20.1943586Z test_contract_covers_concepts_without_renaming_historical_wire_kinds (test_continuity_contract.ContinuityContractTests.test_contract_covers_concepts_without_renaming_historical_wire_kinds) ... ok
2026-09-24T05:48:20.1964170Z test_discovery_preserves_the_existing_human_relation_boundary (test_continuity_contract.ContinuityContractTests.test_discovery_preserves_the_existing_human_relation_boundary) ... ok
2026-09-24T05:48:20.1970183Z test_exported_metadata_cannot_mutate_live_contract_rules (test_continuity_contract.ContinuityContractTests.test_exported_metadata_cannot_mutate_live_contract_rules) ... ok
2026-09-24T05:48:20.2305407Z test_legacy_extensions_and_projection_lifecycle_survive_reconstruction (test_continuity_contract.ContinuityContractTests.test_legacy_extensions_and_projection_lifecycle_survive_reconstruction) ... ok
2026-09-24T05:48:20.3638878Z test_public_json_discovery_is_repository_independent_read_only_and_language_stable (test_continuity_contract.ContinuityContractTests.test_public_json_discovery_is_repository_independent_read_only_and_language_stable) ... ok
2026-09-24T05:48:20.4012856Z test_corrupt_debt_ledger_never_becomes_project_history (test_continuity_debt_bridge.ContinuityDebtBridgeTests.test_corrupt_debt_ledger_never_becomes_project_history) ... ok
2026-09-24T05:48:20.4867829Z test_full_ledger_lifecycle_projects_idempotently (test_continuity_debt_bridge.ContinuityDebtBridgeTests.test_full_ledger_lifecycle_projects_idempotently) ... ok
2026-09-24T05:48:20.5211034Z test_only_exact_available_base_and_well_formed_tree_can_identify_a_change (test_continuity_debt_bridge.ContinuityDebtBridgeTests.test_only_exact_available_base_and_well_formed_tree_can_identify_a_change) ... ok
2026-09-24T05:48:20.5723171Z test_option_like_historical_report_retains_debt_without_invented_change_link (test_continuity_debt_bridge.ContinuityDebtBridgeTests.test_option_like_historical_report_retains_debt_without_invented_change_link) ... ok
2026-09-24T05:48:20.5855048Z test_both_readers_reject_profile_mismatch_even_with_valid_hashes (test_continuity_declaration_profile.DeclarationProfileTests.test_both_readers_reject_profile_mismatch_even_with_valid_hashes) ... ok
2026-09-24T05:48:20.6161123Z test_cache_from_json_only_validation_cannot_skip_profile_admission (test_continuity_declaration_profile.DeclarationProfileTests.test_cache_from_json_only_validation_cannot_skip_profile_admission) ... ok
2026-09-24T05:48:20.6292338Z test_descriptor_exposes_opt_in_profile_without_claiming_proof_authority (test_continuity_declaration_profile.DeclarationProfileTests.test_descriptor_exposes_opt_in_profile_without_claiming_proof_authority) ... ok
2026-09-24T05:48:20.7310624Z test_invalid_profile_batch_fails_before_any_append (test_continuity_declaration_profile.DeclarationProfileTests.test_invalid_profile_batch_fails_before_any_append) ... ok
2026-09-24T05:48:20.7621963Z test_legacy_extensions_and_typed_events_share_history_without_rewriting (test_continuity_declaration_profile.DeclarationProfileTests.test_legacy_extensions_and_typed_events_share_history_without_rewriting) ... ok
2026-09-24T05:48:20.8598650Z test_native_commands_adopt_profile_and_keep_declared_authority (test_continuity_declaration_profile.DeclarationProfileTests.test_native_commands_adopt_profile_and_keep_declared_authority) ... ok
2026-09-24T05:48:20.9227617Z test_ambiguous_and_nonfinite_source_json_fails_before_append (test_continuity_envelope_admission.EnvelopeAdmissionTests.test_ambiguous_and_nonfinite_source_json_fails_before_append) ... ok
2026-09-24T05:48:21.0116123Z test_legacy_absence_and_idempotency_remain_compatible (test_continuity_envelope_admission.EnvelopeAdmissionTests.test_legacy_absence_and_idempotency_remain_compatible) ... ok
2026-09-24T05:48:21.1173919Z test_malformed_containers_fail_with_controlled_errors (test_continuity_envelope_admission.EnvelopeAdmissionTests.test_malformed_containers_fail_with_controlled_errors) ... ok
2026-09-24T05:48:21.2468388Z test_native_builder_output_remains_importable_and_observed (test_continuity_envelope_admission.EnvelopeAdmissionTests.test_native_builder_output_remains_importable_and_observed) ... ok
2026-09-24T05:48:21.3929232Z test_public_cli_rejects_string_false_without_writing_history (test_continuity_envelope_admission.EnvelopeAdmissionTests.test_public_cli_rejects_string_false_without_writing_history) ... ok
2026-09-24T05:48:21.4587626Z test_valid_false_zero_and_nullable_budget_keep_exact_meaning (test_continuity_envelope_admission.EnvelopeAdmissionTests.test_valid_false_zero_and_nullable_budget_keep_exact_meaning) ... ok
2026-09-24T05:48:21.5695179Z test_wrong_summary_scalars_fail_atomically (test_continuity_envelope_admission.EnvelopeAdmissionTests.test_wrong_summary_scalars_fail_atomically) ... ok
2026-09-24T05:48:21.6138653Z test_conflicting_object_and_path_are_rejected_without_append (test_continuity_envelope_snapshot.EnvelopeSnapshotTests.test_conflicting_object_and_path_are_rejected_without_append) ... ok
2026-09-24T05:48:21.6708619Z test_direct_object_has_no_invented_file_digest (test_continuity_envelope_snapshot.EnvelopeSnapshotTests.test_direct_object_has_no_invented_file_digest) ... ok
2026-09-24T05:48:21.8128587Z test_matching_dual_input_preserves_raw_unicode_and_line_endings (test_continuity_envelope_snapshot.EnvelopeSnapshotTests.test_matching_dual_input_preserves_raw_unicode_and_line_endings) ... ok
2026-09-24T05:48:21.8987117Z test_replacement_or_deletion_after_parse_keeps_parsed_snapshot_digest (test_continuity_envelope_snapshot.EnvelopeSnapshotTests.test_replacement_or_deletion_after_parse_keeps_parsed_snapshot_digest) ... ok
2026-09-24T05:48:21.9516693Z test_supplied_object_cannot_bypass_invalid_or_missing_source (test_continuity_envelope_snapshot.EnvelopeSnapshotTests.test_supplied_object_cannot_bypass_invalid_or_missing_source) ... ok
2026-09-24T05:48:22.0232492Z test_all_branches_include_merge_parents_and_disconnected_roots_without_proof (test_continuity_git_branches.GitBranchHistoryTests.test_all_branches_include_merge_parents_and_disconnected_roots_without_proof) ... Switched to a new branch 'unrelated'
2026-09-24T05:48:22.1250449Z ok
2026-09-24T05:48:22.1931575Z test_cli_resumption_hint_keeps_explicit_message_policy (test_continuity_git_branches.GitBranchHistoryTests.test_cli_resumption_hint_keeps_explicit_message_policy) ... Switched to a new branch 'unrelated'
2026-09-24T05:48:22.3230666Z ok
2026-09-24T05:48:22.3910611Z test_consistent_cursor_cannot_claim_unimported_messages (test_continuity_git_branches.GitBranchHistoryTests.test_consistent_cursor_cannot_claim_unimported_messages) ... Switched to a new branch 'unrelated'
2026-09-24T05:48:22.4435371Z ok
2026-09-24T05:48:22.5104533Z test_consistent_cursor_cannot_skip_unimported_commits (test_continuity_git_branches.GitBranchHistoryTests.test_consistent_cursor_cannot_skip_unimported_commits) ... Switched to a new branch 'unrelated'
2026-09-24T05:48:22.5613876Z ok
2026-09-24T05:48:22.6283534Z test_cursor_prefix_rechecks_corrupt_journal_bytes_with_preserved_size_and_time (test_continuity_git_branches.GitBranchHistoryTests.test_cursor_prefix_rechecks_corrupt_journal_bytes_with_preserved_size_and_time) ... Switched to a new branch 'unrelated'
2026-09-24T05:48:22.6764216Z ok
2026-09-24T05:48:22.7425353Z test_cursor_rejects_invalid_typed_fields_even_with_recomputed_checksum (test_continuity_git_branches.GitBranchHistoryTests.test_cursor_rejects_invalid_typed_fields_even_with_recomputed_checksum) ... Switched to a new branch 'unrelated'
2026-09-24T05:48:22.7958607Z ok
2026-09-24T05:48:22.8617224Z test_declared_messages_remain_opt_in_and_cannot_change_cursor_policy (test_continuity_git_branches.GitBranchHistoryTests.test_declared_messages_remain_opt_in_and_cannot_change_cursor_policy) ... Switched to a new branch 'unrelated'
2026-09-24T05:48:22.9124224Z ok
2026-09-24T05:48:22.9788402Z test_empty_sha256_and_localized_cli_preserve_compatible_modes (test_continuity_git_branches.GitBranchHistoryTests.test_empty_sha256_and_localized_cli_preserve_compatible_modes) ... Switched to a new branch 'unrelated'
2026-09-24T05:48:23.2243768Z ok
2026-09-24T05:48:23.2923487Z test_interruption_and_concurrent_page_imports_retain_journal_integrity (test_continuity_git_branches.GitBranchHistoryTests.test_interruption_and_concurrent_page_imports_retain_journal_integrity) ... Switched to a new branch 'unrelated'
2026-09-24T05:48:23.4282737Z ok
2026-09-24T05:48:23.5510407Z test_invalid_options_and_corrupted_cursor_fail_without_appending (test_continuity_git_branches.GitBranchHistoryTests.test_invalid_options_and_corrupted_cursor_fail_without_appending) ... Switched to a new branch 'unrelated'
2026-09-24T05:48:23.6080402Z ok
2026-09-24T05:48:23.6847113Z test_missing_non_first_parent_and_excessive_branch_capture_fail_before_append (test_continuity_git_branches.GitBranchHistoryTests.test_missing_non_first_parent_and_excessive_branch_capture_fail_before_append) ... Switched to a new branch 'unrelated'
2026-09-24T05:48:23.7627873Z ok
2026-09-24T05:48:23.8382045Z test_remote_tracking_tips_are_included_but_tag_only_history_is_explicitly_outside_scope (test_continuity_git_branches.GitBranchHistoryTests.test_remote_tracking_tips_are_included_but_tag_only_history_is_explicitly_outside_scope) ... Switched to a new branch 'unrelated'
2026-09-24T05:48:23.9627017Z ok
2026-09-24T05:48:24.0332742Z test_shallow_and_grafted_parent_lists_never_claim_complete_history (test_continuity_git_branches.GitBranchHistoryTests.test_shallow_and_grafted_parent_lists_never_claim_complete_history) ... Switched to a new branch 'unrelated'
2026-09-24T05:48:24.2242547Z ok
2026-09-24T05:48:24.2960010Z test_small_pages_retry_idempotently_and_keep_the_captured_tips_after_ref_movement (test_continuity_git_branches.GitBranchHistoryTests.test_small_pages_retry_idempotently_and_keep_the_captured_tips_after_ref_movement) ... Switched to a new branch 'unrelated'
2026-09-24T05:48:24.5170668Z ok
2026-09-24T05:48:24.7545130Z test_blocking_child_is_terminated_at_the_command_deadline (test_continuity_git_history.GitHistoryTests.test_blocking_child_is_terminated_at_the_command_deadline) ... ok
2026-09-24T05:48:24.9256888Z test_cli_rejects_bad_limit_and_imports_unicode_paths (test_continuity_git_history.GitHistoryTests.test_cli_rejects_bad_limit_and_imports_unicode_paths) ... ok
2026-09-24T05:48:24.9792900Z test_corrupt_commit_and_bounded_git_output_fail_before_append (test_continuity_git_history.GitHistoryTests.test_corrupt_commit_and_bounded_git_output_fail_before_append) ... ok
2026-09-24T05:48:25.0739594Z test_empty_and_sha256_repositories_are_supported (test_continuity_git_history.GitHistoryTests.test_empty_and_sha256_repositories_are_supported) ... ok
2026-09-24T05:48:25.1696632Z test_head_advance_and_replacement_objects_cannot_relabel_captured_commit (test_continuity_git_history.GitHistoryTests.test_head_advance_and_replacement_objects_cannot_relabel_captured_commit) ... ok
2026-09-24T05:48:25.2816404Z test_message_truncation_and_path_omission_are_explicit (test_continuity_git_history.GitHistoryTests.test_message_truncation_and_path_omission_are_explicit) ... ok
2026-09-24T05:48:25.4779674Z test_messages_are_separate_declared_opt_in_and_do_not_replace_commit_authority (test_continuity_git_history.GitHistoryTests.test_messages_are_separate_declared_opt_in_and_do_not_replace_commit_authority) ... ok
2026-09-24T05:48:25.5537076Z test_non_utf8_message_retains_only_digest_and_explicit_coverage (test_continuity_git_history.GitHistoryTests.test_non_utf8_message_retains_only_digest_and_explicit_coverage) ... ok
2026-09-24T05:48:25.6327176Z test_oversized_object_and_invalid_ref_cannot_partially_import_a_page (test_continuity_git_history.GitHistoryTests.test_oversized_object_and_invalid_ref_cannot_partially_import_a_page) ... ok
2026-09-24T05:48:25.8225124Z test_page_resumption_is_idempotent_and_excludes_dirty_bytes_and_private_headers (test_continuity_git_history.GitHistoryTests.test_page_resumption_is_idempotent_and_excludes_dirty_bytes_and_private_headers) ... ok
2026-09-24T05:48:25.9380072Z test_preappend_interruption_leaves_page_retryable (test_continuity_git_history.GitHistoryTests.test_preappend_interruption_leaves_page_retryable) ... ok
2026-09-24T05:48:26.0747642Z test_profile_cannot_promote_messages_or_invent_unbound_paths (test_continuity_git_history.GitHistoryTests.test_profile_cannot_promote_messages_or_invent_unbound_paths) ... ok
2026-09-24T05:48:26.2191621Z test_root_and_merge_observe_first_parent_diff_without_importing_side_branch (test_continuity_git_history.GitHistoryTests.test_root_and_merge_observe_first_parent_diff_without_importing_side_branch) ... ok
2026-09-24T05:48:26.4332748Z test_shallow_boundary_is_explicit_and_resumes_after_deepening (test_continuity_git_history.GitHistoryTests.test_shallow_boundary_is_explicit_and_resumes_after_deepening) ... ok
2026-09-24T05:48:26.5592060Z test_corrupt_tree_and_blob_bytes_are_rechecked_after_successful_import (test_continuity_git_lineage.GitLineageTests.test_corrupt_tree_and_blob_bytes_are_rechecked_after_successful_import) ... ok
2026-09-24T05:48:26.7376880Z test_cursor_policy_is_compatible_and_forged_opt_in_cannot_skip_assessments (test_continuity_git_lineage.GitLineageTests.test_cursor_policy_is_compatible_and_forged_opt_in_cannot_skip_assessments) ... ok
2026-09-24T05:48:27.0092357Z test_duplicate_content_copy_edit_and_mode_changes_are_not_silent_identity_merges (test_continuity_git_lineage.GitLineageTests.test_duplicate_content_copy_edit_and_mode_changes_are_not_silent_identity_merges) ... ok
2026-09-24T05:48:27.0981753Z test_excluded_regular_names_still_prevent_false_unique_matches (test_continuity_git_lineage.GitLineageTests.test_excluded_regular_names_still_prevent_false_unique_matches) ... ok
2026-09-24T05:48:27.2222214Z test_existing_assertion_authority_stays_bound_to_its_original_entity (test_continuity_git_lineage.GitLineageTests.test_existing_assertion_authority_stays_bound_to_its_original_entity) ... ok
2026-09-24T05:48:27.5721553Z test_limits_and_preappend_interruption_preserve_atomic_retry (test_continuity_git_lineage.GitLineageTests.test_limits_and_preappend_interruption_preserve_atomic_retry) ... ok
2026-09-24T05:48:27.6964388Z test_nonregular_replacement_is_not_a_removed_path (test_continuity_git_lineage.GitLineageTests.test_nonregular_replacement_is_not_a_removed_path) ... ok
2026-09-24T05:48:27.9421246Z test_opt_in_persists_inferred_relocation_with_exact_binding_and_no_proof_transfer (test_continuity_git_lineage.GitLineageTests.test_opt_in_persists_inferred_relocation_with_exact_binding_and_no_proof_transfer) ... ok
2026-09-24T05:48:28.0464546Z test_profile_rejects_promoted_authority_unbound_paths_and_altered_relations (test_continuity_git_lineage.GitLineageTests.test_profile_rejects_promoted_authority_unbound_paths_and_altered_relations) ... ok
2026-09-24T05:48:28.1143809Z test_profile_validation_has_specific_causes_independent_of_dedupe (test_continuity_git_lineage.GitLineageTests.test_profile_validation_has_specific_causes_independent_of_dedupe) ... ok
2026-09-24T05:48:28.2168589Z test_query_limits_exact_citations_and_journal_corruption (test_continuity_git_lineage.GitLineageTests.test_query_limits_exact_citations_and_journal_corruption) ... ok
2026-09-24T05:48:28.6201939Z test_real_pair_budget_rejects_whole_page_and_deadline_rejects_without_append (test_continuity_git_lineage.GitLineageTests.test_real_pair_budget_rejects_whole_page_and_deadline_rejects_without_append) ... ok
2026-09-24T05:48:28.9618997Z test_rename_back_and_branch_divergence_retain_distinct_cited_observations (test_continuity_git_lineage.GitLineageTests.test_rename_back_and_branch_divergence_retain_distinct_cited_observations) ... ok
2026-09-24T05:48:29.3447575Z test_sha256_root_merge_and_shallow_boundary_preserve_original_meaning (test_continuity_git_lineage.GitLineageTests.test_sha256_root_merge_and_shallow_boundary_preserve_original_meaning) ... ok
2026-09-24T05:48:29.4120483Z test_valid_hash_does_not_admit_malformed_or_unsafe_tree_structure (test_continuity_git_lineage.GitLineageTests.test_valid_hash_does_not_admit_malformed_or_unsafe_tree_structure) ... ok
2026-09-24T05:48:32.0558761Z test_guard_then_codex_stop_same_tree_keeps_current_proof_coherent (test_continuity_guard_native_reverification.GuardNativeReverificationTests.test_guard_then_codex_stop_same_tree_keeps_current_proof_coherent) ... ok
2026-09-24T05:48:32.1409924Z test_bounds_cycles_unknown_nodes_and_repeated_calls_are_deterministic (test_continuity_history.MemoryNavigationTests.test_bounds_cycles_unknown_nodes_and_repeated_calls_are_deterministic) ... ok
2026-09-24T05:48:32.1996599Z test_corrupt_journal_cannot_supply_history_or_reasons (test_continuity_history.MemoryNavigationTests.test_corrupt_journal_cannot_supply_history_or_reasons) ... ok
2026-09-24T05:48:32.2902776Z test_cursor_rejects_wrong_identity_truncation_and_valid_divergent_prefix (test_continuity_history.MemoryNavigationTests.test_cursor_rejects_wrong_identity_truncation_and_valid_divergent_prefix) ... ok
2026-09-24T05:48:32.3393520Z test_depth_and_reason_truncation_are_explicit (test_continuity_history.MemoryNavigationTests.test_depth_and_reason_truncation_are_explicit) ... ok
2026-09-24T05:48:32.3860768Z test_empty_history_and_unknown_identity_are_explicit_without_persistence (test_continuity_history.MemoryNavigationTests.test_empty_history_and_unknown_identity_are_explicit_without_persistence) ... ok
2026-09-24T05:48:32.4862895Z test_exact_citation_opens_original_event_and_rejects_wrong_hash_or_missing_id (test_continuity_history.MemoryNavigationTests.test_exact_citation_opens_original_event_and_rejects_wrong_hash_or_missing_id) ... ok
2026-09-24T05:48:32.6885814Z test_history_byte_bound_preserves_whole_events_and_all_pages (test_continuity_history.MemoryNavigationTests.test_history_byte_bound_preserves_whole_events_and_all_pages) ... ok
2026-09-24T05:48:32.7826643Z test_history_retains_exact_events_and_pages_a_stable_prefix_across_appends (test_continuity_history.MemoryNavigationTests.test_history_retains_exact_events_and_pages_a_stable_prefix_across_appends) ... ok
2026-09-24T05:48:32.8414364Z test_latest_edge_is_selected_with_its_own_source_and_old_event_remains_in_history (test_continuity_history.MemoryNavigationTests.test_latest_edge_is_selected_with_its_own_source_and_old_event_remains_in_history) ... ok
2026-09-24T05:48:32.9233274Z test_public_cli_json_and_french_text_are_read_only_and_escape_recorded_controls (test_continuity_history.MemoryNavigationTests.test_public_cli_json_and_french_text_are_read_only_and_escape_recorded_controls) ... ok
2026-09-24T05:48:32.9526729Z test_public_cli_rejects_non_repository_without_traceback_or_files (test_continuity_history.MemoryNavigationTests.test_public_cli_rejects_non_repository_without_traceback_or_files) ... ok
2026-09-24T05:48:33.0083286Z test_review_does_not_replace_assertion_and_inactive_memory_stays_explicit (test_continuity_history.MemoryNavigationTests.test_review_does_not_replace_assertion_and_inactive_memory_stays_explicit) ... ok
2026-09-24T05:48:33.0662823Z test_why_traverses_both_directions_and_preserves_separate_authorities_and_reasons (test_continuity_history.MemoryNavigationTests.test_why_traverses_both_directions_and_preserves_separate_authorities_and_reasons) ... ok
2026-09-24T05:48:33.3249163Z test_actual_git_delta_is_durable_cited_bidirectional_and_not_proof (test_continuity_impact.ImpactTests.test_actual_git_delta_is_durable_cited_bidirectional_and_not_proof) ... ok
2026-09-24T05:48:33.5207661Z test_actual_partial_path_coverage_keeps_unobserved_expectations_unknown (test_continuity_impact.ImpactTests.test_actual_partial_path_coverage_keeps_unobserved_expectations_unknown) ... ok
2026-09-24T05:48:33.6263873Z test_actual_unavailable_git_tree_and_exact_cited_memory (test_continuity_impact.ImpactTests.test_actual_unavailable_git_tree_and_exact_cited_memory) ... ok
2026-09-24T05:48:33.7438116Z test_dirty_plan_uses_exact_worktree_without_mutating_user_index (test_continuity_impact.ImpactTests.test_dirty_plan_uses_exact_worktree_without_mutating_user_index) ... ok
2026-09-24T05:48:33.8424291Z test_import_rejects_forged_delta_reference_hash_and_authority (test_continuity_impact.ImpactTests.test_import_rejects_forged_delta_reference_hash_and_authority) ... ok
2026-09-24T05:48:33.9788736Z test_invalid_inputs_fail_before_journal_write_and_no_path_aliases (test_continuity_impact.ImpactTests.test_invalid_inputs_fail_before_journal_write_and_no_path_aliases) ... ok
2026-09-24T05:48:34.1361551Z test_missing_git_objects_produce_unknown_not_false_absence (test_continuity_impact.ImpactTests.test_missing_git_objects_produce_unknown_not_false_absence) ... ok
2026-09-24T05:48:34.8367197Z test_real_cli_french_english_show_is_read_only_and_help_has_no_effects (test_continuity_impact.ImpactTests.test_real_cli_french_english_show_is_read_only_and_help_has_no_effects) ... ok
2026-09-24T05:48:34.9629344Z test_recording_plan_after_observed_change_is_not_anticipation (test_continuity_impact.ImpactTests.test_recording_plan_after_observed_change_is_not_anticipation) ... ok
2026-09-24T05:48:35.0943622Z test_unanticipated_path_and_partial_scope_are_explicit (test_continuity_impact.ImpactTests.test_unanticipated_path_and_partial_scope_are_explicit) ... ok
2026-09-24T05:48:35.2483273Z test_append_and_corruption_after_snapshot_never_stamp_unvalidated_bytes (test_continuity_incremental.IncrementalStateTests.test_append_and_corruption_after_snapshot_never_stamp_unvalidated_bytes) ... ok
2026-09-24T05:48:35.3171997Z test_append_checks_old_event_shape_once_and_batch_references_still_reject_atomically (test_continuity_incremental.IncrementalStateTests.test_append_checks_old_event_shape_once_and_batch_references_still_reject_atomically) ... ok
2026-09-24T05:48:35.4074476Z test_append_projects_only_suffix_with_one_validated_snapshot (test_continuity_incremental.IncrementalStateTests.test_append_projects_only_suffix_with_one_validated_snapshot) ... ok
2026-09-24T05:48:35.5195129Z test_busy_sqlite_writer_is_not_replaced_or_silently_rebuilt (test_continuity_incremental.IncrementalStateTests.test_busy_sqlite_writer_is_not_replaced_or_silently_rebuilt) ... ok
2026-09-24T05:48:35.5821561Z test_existing_reader_snapshot_remains_coherent_across_suffix_commit (test_continuity_incremental.IncrementalStateTests.test_existing_reader_snapshot_remains_coherent_across_suffix_commit) ... ok
2026-09-24T05:48:35.6425546Z test_hash_valid_invalid_prefix_reference_rejects_update_and_append (test_continuity_incremental.IncrementalStateTests.test_hash_valid_invalid_prefix_reference_rejects_update_and_append) ... ok
2026-09-24T05:48:35.8857039Z test_legacy_framing_and_duplicate_conflicts_preserve_exact_bytes (test_continuity_incremental.IncrementalStateTests.test_legacy_framing_and_duplicate_conflicts_preserve_exact_bytes) ... ok
2026-09-24T05:48:36.1501570Z test_materializers_and_explicit_rebuild_serialize_before_reading_journal (test_continuity_incremental.IncrementalStateTests.test_materializers_and_explicit_rebuild_serialize_before_reading_journal) ... ok
2026-09-24T05:48:36.3752084Z test_mixed_history_and_citations_match_rebuild_without_reprojecting_prefix (test_continuity_incremental.IncrementalStateTests.test_mixed_history_and_citations_match_rebuild_without_reprojecting_prefix) ... ok
2026-09-24T05:48:36.4468230Z test_same_size_same_mtime_prefix_corruption_is_rejected_and_preserves_state (test_continuity_incremental.IncrementalStateTests.test_same_size_same_mtime_prefix_corruption_is_rejected_and_preserves_state) ... ok
2026-09-24T05:48:36.5633384Z test_suffix_failure_rolls_back_rows_head_digest_and_retry_converges (test_continuity_incremental.IncrementalStateTests.test_suffix_failure_rolls_back_rows_head_digest_and_retry_converges) ... ok
2026-09-24T05:48:36.9986655Z test_truncation_divergence_missing_anchor_and_event_row_damage_reconstruct (test_continuity_incremental.IncrementalStateTests.test_truncation_divergence_missing_anchor_and_event_row_damage_reconstruct) ... ok
2026-09-24T05:48:37.1158040Z test_changed_payload_removes_stale_terms_but_inherited_label_remains_searchable (test_continuity_indexed_context.IndexedContextTests.test_changed_payload_removes_stale_terms_but_inherited_label_remains_searchable) ... ok
2026-09-24T05:48:37.1781643Z test_complete_two_hop_graph_critical_and_component_seeds_survive_selection (test_continuity_indexed_context.IndexedContextTests.test_complete_two_hop_graph_critical_and_component_seeds_survive_selection) ... ok
2026-09-24T05:48:37.2227122Z test_exact_short_id_and_short_component_seed_do_not_depend_on_lexical_tokens (test_continuity_indexed_context.IndexedContextTests.test_exact_short_id_and_short_component_seed_do_not_depend_on_lexical_tokens) ... ok
2026-09-24T05:48:37.4209170Z test_indexed_retrieval_matches_full_scan_on_mixed_graph (test_continuity_indexed_context.IndexedContextTests.test_indexed_retrieval_matches_full_scan_on_mixed_graph) ... ok
2026-09-24T05:48:37.7517211Z test_selective_query_does_not_decode_thousands_of_unrelated_entities (test_continuity_indexed_context.IndexedContextTests.test_selective_query_does_not_decode_thousands_of_unrelated_entities) ... ok
2026-09-24T05:48:37.7890397Z test_cache_from_permissive_parser_cannot_bypass_strict_validation (test_continuity_json_contract.ContinuityJSONContractTests.test_cache_from_permissive_parser_cannot_bypass_strict_validation) ... ok
2026-09-24T05:48:37.8066482Z test_duplicate_members_are_rejected_at_every_nesting_level (test_continuity_json_contract.ContinuityJSONContractTests.test_duplicate_members_are_rejected_at_every_nesting_level) ... ok
2026-09-24T05:48:37.8437471Z test_invalid_checkpoint_does_not_rewrite_local_journal (test_continuity_json_contract.ContinuityJSONContractTests.test_invalid_checkpoint_does_not_rewrite_local_journal) ... ok
2026-09-24T05:48:37.8618649Z test_legacy_non_finite_history_is_rejected_even_with_valid_old_hashes (test_continuity_json_contract.ContinuityJSONContractTests.test_legacy_non_finite_history_is_rejected_even_with_valid_old_hashes) ... ok
2026-09-24T05:48:37.8910882Z test_non_finite_writer_rejects_entire_batch_before_append (test_continuity_json_contract.ContinuityJSONContractTests.test_non_finite_writer_rejects_entire_batch_before_append) ... ok
2026-09-24T05:48:37.9130129Z test_unicode_line_separators_inside_strings_do_not_split_events (test_continuity_json_contract.ContinuityJSONContractTests.test_unicode_line_separators_inside_strings_do_not_split_events) ... ok
2026-09-24T05:48:38.0386988Z test_valid_history_keeps_exact_bytes_identifiers_and_reconstruction (test_continuity_json_contract.ContinuityJSONContractTests.test_valid_history_keeps_exact_bytes_identifiers_and_reconstruction) ... ok
2026-09-24T05:48:38.0391040Z test_component_identity_is_provider_neutral_and_path_safe (test_continuity_kernel.ContinuityKernelTests.test_component_identity_is_provider_neutral_and_path_safe) ... ok
2026-09-24T05:48:38.3313802Z test_context_compiler_joins_human_memory_structure_and_change_evidence (test_continuity_kernel.ContinuityKernelTests.test_context_compiler_joins_human_memory_structure_and_change_evidence) ... ok
2026-09-24T05:48:38.4077835Z test_event_and_state_do_not_store_raw_diff_or_prompt_fields (test_continuity_kernel.ContinuityKernelTests.test_event_and_state_do_not_store_raw_diff_or_prompt_fields) ... ok
2026-09-24T05:48:38.5067748Z test_manual_envelope_cannot_self_promote_proof_to_verified (test_continuity_kernel.ContinuityKernelTests.test_manual_envelope_cannot_self_promote_proof_to_verified) ... ok
2026-09-24T05:48:38.5418198Z test_project_event_log_is_hash_chained_and_tamper_evident (test_continuity_kernel.ContinuityKernelTests.test_project_event_log_is_hash_chained_and_tamper_evident) ... ok
2026-09-24T05:48:38.5799379Z test_python_structure_separates_observed_from_inferred (test_continuity_kernel.ContinuityKernelTests.test_python_structure_separates_observed_from_inferred) ... ok
2026-09-24T05:48:38.6466319Z test_state_db_is_disposable_and_rebuilt_from_events (test_continuity_kernel.ContinuityKernelTests.test_state_db_is_disposable_and_rebuilt_from_events) ... ok
2026-09-24T05:48:38.7111343Z test_accented_query_matches_plain_label_and_french_ligatures (test_continuity_language_retrieval.LanguageRetrievalTests.test_accented_query_matches_plain_label_and_french_ligatures) ... ok
2026-09-24T05:48:38.7339317Z test_ascii_token_behavior_is_preserved (test_continuity_language_retrieval.LanguageRetrievalTests.test_ascii_token_behavior_is_preserved) ... ok
2026-09-24T05:48:38.9527680Z test_compatibility_forms_match_memory_in_both_directions (test_continuity_language_retrieval.LanguageRetrievalTests.test_compatibility_forms_match_memory_in_both_directions) ... ok
2026-09-24T05:48:39.1272277Z test_french_accents_and_canonical_unicode_forms_recall_exact_assertion (test_continuity_language_retrieval.LanguageRetrievalTests.test_french_accents_and_canonical_unicode_forms_recall_exact_assertion) ... ok
2026-09-24T05:48:39.1921388Z test_legacy_index_rebuilds_without_changing_the_journal (test_continuity_language_retrieval.LanguageRetrievalTests.test_legacy_index_rebuilds_without_changing_the_journal) ... ok
2026-09-24T05:48:39.2436271Z test_normalized_terms_do_not_merge_distinct_identities_or_authorities (test_continuity_language_retrieval.LanguageRetrievalTests.test_normalized_terms_do_not_merge_distinct_identities_or_authorities) ... ok
2026-09-24T05:48:39.2915649Z test_query_is_not_persisted_and_unrelated_query_has_no_match (test_continuity_language_retrieval.LanguageRetrievalTests.test_query_is_not_persisted_and_unrelated_query_has_no_match) ... ok
2026-09-24T05:48:39.3646425Z test_replacement_removes_old_normalized_payload_terms (test_continuity_language_retrieval.LanguageRetrievalTests.test_replacement_removes_old_normalized_payload_terms) ... ok
2026-09-24T05:48:39.4286436Z test_retired_memory_is_not_revived_by_normalization (test_continuity_language_retrieval.LanguageRetrievalTests.test_retired_memory_is_not_revived_by_normalization) ... ok
2026-09-24T05:48:39.4999412Z test_short_exact_id_keeps_literal_matching (test_continuity_language_retrieval.LanguageRetrievalTests.test_short_exact_id_keeps_literal_matching) ... ok
2026-09-24T05:48:39.5707504Z test_contract_exposes_both_profiles_without_proof_authority (test_continuity_lifecycle_profiles.LifecycleProfileTests.test_contract_exposes_both_profiles_without_proof_authority) ... ok
2026-09-24T05:48:39.7526123Z test_invalid_profiled_ledger_batch_cannot_append_or_promote_authority (test_continuity_lifecycle_profiles.LifecycleProfileTests.test_invalid_profiled_ledger_batch_cannot_append_or_promote_authority) ... ok
2026-09-24T05:48:39.8839014Z test_malformed_consumed_ledger_values_are_rejected_before_projection (test_continuity_lifecycle_profiles.LifecycleProfileTests.test_malformed_consumed_ledger_values_are_rejected_before_projection) ... ok
2026-09-24T05:48:39.9392739Z test_missing_historical_git_object_and_zero_points_preserve_absence (test_continuity_lifecycle_profiles.LifecycleProfileTests.test_missing_historical_git_object_and_zero_points_preserve_absence) ... ok
2026-09-24T05:48:40.0787919Z test_native_legacy_ledger_reimport_preserves_every_original_byte (test_continuity_lifecycle_profiles.LifecycleProfileTests.test_native_legacy_ledger_reimport_preserves_every_original_byte) ... ok
2026-09-24T05:48:40.1566015Z test_native_legacy_relation_reimport_is_immutable (test_continuity_lifecycle_profiles.LifecycleProfileTests.test_native_legacy_relation_reimport_is_immutable) ... ok
2026-09-24T05:48:40.2208703Z test_profile_adoption_does_not_mask_real_ledger_or_relation_conflicts (test_continuity_lifecycle_profiles.LifecycleProfileTests.test_profile_adoption_does_not_mask_real_ledger_or_relation_conflicts) ... ok
2026-09-24T05:48:40.3245803Z test_public_relation_preserves_source_authority_and_payload (test_continuity_lifecycle_profiles.LifecycleProfileTests.test_public_relation_preserves_source_authority_and_payload) ... ok
2026-09-24T05:48:40.3879926Z test_readers_checkpoints_and_old_cache_reject_hash_valid_invalid_profile (test_continuity_lifecycle_profiles.LifecycleProfileTests.test_readers_checkpoints_and_old_cache_reject_hash_valid_invalid_profile) ... ok
2026-09-24T05:48:40.4884416Z test_real_six_state_lifecycle_is_profiled_idempotent_and_replayable (test_continuity_lifecycle_profiles.LifecycleProfileTests.test_real_six_state_lifecycle_is_profiled_idempotent_and_replayable) ... ok
2026-09-24T05:48:40.5627434Z test_relation_profile_rejects_promotion_missing_provenance_and_invalid_edges (test_continuity_lifecycle_profiles.LifecycleProfileTests.test_relation_profile_rejects_promotion_missing_provenance_and_invalid_edges) ... ok
2026-09-24T05:48:40.5815566Z test_denial_followed_by_live_owner_does_not_authorize_entry (test_continuity_lock.EventLockTests.test_denial_followed_by_live_owner_does_not_authorize_entry) ... ok
2026-09-24T05:48:40.5995897Z test_non_windows_permission_denial_is_not_retried (test_continuity_lock.EventLockTests.test_non_windows_permission_denial_is_not_retried) ... ok
2026-09-24T05:48:40.6182724Z test_persistent_denial_cannot_enter_mutate_or_remove_foreign_lock (test_continuity_lock.EventLockTests.test_persistent_denial_cannot_enter_mutate_or_remove_foreign_lock) ... ok
2026-09-24T05:48:40.6934969Z test_transient_windows_create_denial_retries_exclusively_before_append (test_continuity_lock.EventLockTests.test_transient_windows_create_denial_retries_exclusively_before_append) ... ok
2026-09-24T05:48:40.7309480Z test_debt_refresh_never_promotes_replacement_measurement (test_continuity_memory_authority.MemoryAuthorityTests.test_debt_refresh_never_promotes_replacement_measurement) ... ok
2026-09-24T05:48:40.8185563Z test_legacy_materialization_is_rebuilt_without_journal_mutation (test_continuity_memory_authority.MemoryAuthorityTests.test_legacy_materialization_is_rebuilt_without_journal_mutation) ... ok
2026-09-24T05:48:41.8172161Z test_real_proof_cannot_certify_a_later_public_cli_declaration (test_continuity_memory_authority.MemoryAuthorityTests.test_real_proof_cannot_certify_a_later_public_cli_declaration) ... ok
2026-09-24T05:48:41.8820919Z test_relation_only_event_does_not_replace_source_entity (test_continuity_memory_authority.MemoryAuthorityTests.test_relation_only_event_does_not_replace_source_entity) ... ok
2026-09-24T05:48:41.9232098Z test_relation_update_never_inherits_authority_for_new_metadata (test_continuity_memory_authority.MemoryAuthorityTests.test_relation_update_never_inherits_authority_for_new_metadata) ... ok
2026-09-24T05:48:42.0564253Z test_replacement_facts_carry_their_own_authority_and_provenance (test_continuity_memory_authority.MemoryAuthorityTests.test_replacement_facts_carry_their_own_authority_and_provenance) ... ok
2026-09-24T05:48:42.1147191Z test_batch_write_failure_preserves_existing_database_and_all_journal_bytes (test_continuity_projection_batches.ProjectionBatchTests.test_batch_write_failure_preserves_existing_database_and_all_journal_bytes) ... ok
2026-09-24T05:48:42.9654623Z test_bounded_batches_equal_sequential_projection_across_updates_and_lifecycle (test_continuity_projection_batches.ProjectionBatchTests.test_bounded_batches_equal_sequential_projection_across_updates_and_lifecycle) ... ok
2026-09-24T05:48:43.0852948Z test_abbreviated_month_dates_never_become_path_terms (test_continuity_questions.MemoryQuestionTests.test_abbreviated_month_dates_never_become_path_terms) ... ok
2026-09-24T05:48:43.2649533Z test_abbreviated_month_ordinal_dates_never_become_path_terms (test_continuity_questions.MemoryQuestionTests.test_abbreviated_month_ordinal_dates_never_become_path_terms) ... ok
2026-09-24T05:48:43.8062614Z test_actual_cli_bilingual_json_is_identical_and_help_has_no_writes (test_continuity_questions.MemoryQuestionTests.test_actual_cli_bilingual_json_is_identical_and_help_has_no_writes) ... ok
2026-09-24T05:48:43.8896422Z test_adjacent_french_elided_forms_never_disappear_into_names (test_continuity_questions.MemoryQuestionTests.test_adjacent_french_elided_forms_never_disappear_into_names) ... ok
2026-09-24T05:48:44.0077757Z test_adjacent_period_question_clauses_preserve_dotted_names (test_continuity_questions.MemoryQuestionTests.test_adjacent_period_question_clauses_preserve_dotted_names) ... ok
2026-09-24T05:48:44.0728819Z test_ambiguous_dependency_targets_abstain_unless_literal_identity_is_given (test_continuity_questions.MemoryQuestionTests.test_ambiguous_dependency_targets_abstain_unless_literal_identity_is_given) ... ok
2026-09-24T05:48:44.1646530Z test_bare_iso_bound_retains_terminal_sentence_punctuation (test_continuity_questions.MemoryQuestionTests.test_bare_iso_bound_retains_terminal_sentence_punctuation) ... ok
2026-09-24T05:48:44.2299293Z test_bounds_determinism_literal_entity_and_corrupt_journal_fail_closed (test_continuity_questions.MemoryQuestionTests.test_bounds_determinism_literal_entity_and_corrupt_journal_fail_closed) ... ok
2026-09-24T05:48:44.2963438Z test_car_is_allowed_in_incoming_target_names (test_continuity_questions.MemoryQuestionTests.test_car_is_allowed_in_incoming_target_names) ... ok
2026-09-24T05:48:44.3439839Z test_changes_require_all_search_terms_not_a_shared_generic_word (test_continuity_questions.MemoryQuestionTests.test_changes_require_all_search_terms_not_a_shared_generic_word) ... ok
2026-09-24T05:48:44.4243383Z test_clock_qualifiers_do_not_become_matching_path_components (test_continuity_questions.MemoryQuestionTests.test_clock_qualifiers_do_not_become_matching_path_components) ... ok
2026-09-24T05:48:44.4971637Z test_colon_separated_question_forms_abstain_with_literal_entity (test_continuity_questions.MemoryQuestionTests.test_colon_separated_question_forms_abstain_with_literal_entity) ... ok
2026-09-24T05:48:44.7075403Z test_compact_fiscal_and_quarter_periods_never_become_path_terms (test_continuity_questions.MemoryQuestionTests.test_compact_fiscal_and_quarter_periods_never_become_path_terms) ... ok
2026-09-24T05:48:44.7567694Z test_compound_dependency_questions_do_not_ignore_outgoing_clause (test_continuity_questions.MemoryQuestionTests.test_compound_dependency_questions_do_not_ignore_outgoing_clause) ... ok
2026-09-24T05:48:44.7951524Z test_conjoined_remember_is_a_command_not_a_noun_name_suffix (test_continuity_questions.MemoryQuestionTests.test_conjoined_remember_is_a_command_not_a_noun_name_suffix) ... ok
2026-09-24T05:48:45.0889101Z test_conjunctive_names_preserve_intent_words_and_exact_sources (test_continuity_questions.MemoryQuestionTests.test_conjunctive_names_preserve_intent_words_and_exact_sources) ... ok
2026-09-24T05:48:45.2369181Z test_dependency_entity_names_do_not_become_other_intents (test_continuity_questions.MemoryQuestionTests.test_dependency_entity_names_do_not_become_other_intents) ... ok
2026-09-24T05:48:45.2966970Z test_dependency_target_uses_all_distinguishing_terms (test_continuity_questions.MemoryQuestionTests.test_dependency_target_uses_all_distinguishing_terms) ... ok
2026-09-24T05:48:45.5160969Z test_dependency_verb_words_in_names_are_not_embedded_clauses (test_continuity_questions.MemoryQuestionTests.test_dependency_verb_words_in_names_are_not_embedded_clauses) ... ok
2026-09-24T05:48:45.6533296Z test_dotted_software_versions_are_not_unintroduced_date_filters (test_continuity_questions.MemoryQuestionTests.test_dotted_software_versions_are_not_unintroduced_date_filters) ... ok
2026-09-24T05:48:45.8758797Z test_entity_intent_words_are_preserved_in_why_and_explicit_memory (test_continuity_questions.MemoryQuestionTests.test_entity_intent_words_are_preserved_in_why_and_explicit_memory) ... ok
2026-09-24T05:48:45.9306856Z test_explicit_bound_does_not_erase_question_side_time_constraints (test_continuity_questions.MemoryQuestionTests.test_explicit_bound_does_not_erase_question_side_time_constraints) ... ok
2026-09-24T05:48:45.9954991Z test_explicit_dotted_date_constraints_do_not_become_version_terms (test_continuity_questions.MemoryQuestionTests.test_explicit_dotted_date_constraints_do_not_become_version_terms) ... ok
2026-09-24T05:48:46.1926312Z test_explicit_empty_bounds_have_bounded_cli_rejection (test_continuity_questions.MemoryQuestionTests.test_explicit_empty_bounds_have_bounded_cli_rejection) ... ok
2026-09-24T05:48:46.2202290Z test_explicit_empty_bounds_raise_instead_of_becoming_unbounded (test_continuity_questions.MemoryQuestionTests.test_explicit_empty_bounds_raise_instead_of_becoming_unbounded) ... ok
2026-09-24T05:48:46.5777093Z test_extreme_timezone_bounds_have_bounded_cli_rejection (test_continuity_questions.MemoryQuestionTests.test_extreme_timezone_bounds_have_bounded_cli_rejection) ... ok
2026-09-24T05:48:46.6424987Z test_french_english_why_cite_exact_reason_without_promoting_it (test_continuity_questions.MemoryQuestionTests.test_french_english_why_cite_exact_reason_without_promoting_it) ... ok
2026-09-24T05:48:46.6974606Z test_import_and_call_questions_cannot_fall_back_to_memory (test_continuity_questions.MemoryQuestionTests.test_import_and_call_questions_cannot_fall_back_to_memory) ... ok
2026-09-24T05:48:46.7673682Z test_inactive_edge_cannot_make_an_active_unknown_target_ambiguous (test_continuity_questions.MemoryQuestionTests.test_inactive_edge_cannot_make_an_active_unknown_target_ambiguous) ... ok
2026-09-24T05:48:46.8189061Z test_inactive_source_cannot_name_an_unknown_target_for_an_active_edge (test_continuity_questions.MemoryQuestionTests.test_inactive_source_cannot_name_an_unknown_target_for_an_active_edge) ... ok
2026-09-24T05:48:46.9055464Z test_incoming_dependencies_have_exact_relation_source_and_direction (test_continuity_questions.MemoryQuestionTests.test_incoming_dependencies_have_exact_relation_source_and_direction) ... ok
2026-09-24T05:48:47.0328563Z test_iso_date_substrings_remain_literal_entity_identifiers (test_continuity_questions.MemoryQuestionTests.test_iso_date_substrings_remain_literal_entity_identifiers) ... ok
2026-09-24T05:48:47.1146682Z test_literal_entity_does_not_erase_unmatched_question_terms (test_continuity_questions.MemoryQuestionTests.test_literal_entity_does_not_erase_unmatched_question_terms) ... ok
2026-09-24T05:48:47.1720557Z test_missing_reason_unrelated_question_and_ambiguous_dates_abstain (test_continuity_questions.MemoryQuestionTests.test_missing_reason_unrelated_question_and_ambiguous_dates_abstain) ... ok
2026-09-24T05:48:47.2592442Z test_mixed_intents_never_choose_one_partial_answer (test_continuity_questions.MemoryQuestionTests.test_mixed_intents_never_choose_one_partial_answer) ... ok
2026-09-24T05:48:47.3405371Z test_named_zone_clocks_never_become_path_terms (test_continuity_questions.MemoryQuestionTests.test_named_zone_clocks_never_become_path_terms) ... ok
2026-09-24T05:48:47.3932736Z test_natural_date_with_time_qualification_never_becomes_midnight (test_continuity_questions.MemoryQuestionTests.test_natural_date_with_time_qualification_never_becomes_midnight) ... ok
2026-09-24T05:48:47.4579196Z test_non_iso_hyphenated_dates_never_become_path_terms (test_continuity_questions.MemoryQuestionTests.test_non_iso_hyphenated_dates_never_become_path_terms) ... ok
2026-09-24T05:48:47.6150800Z test_numeric_technology_and_compound_identifiers_are_not_year_filters (test_continuity_questions.MemoryQuestionTests.test_numeric_technology_and_compound_identifiers_are_not_year_filters) ... ok
2026-09-24T05:48:47.6823333Z test_outgoing_dependency_wording_abstains_in_both_languages (test_continuity_questions.MemoryQuestionTests.test_outgoing_dependency_wording_abstains_in_both_languages) ... ok
2026-09-24T05:48:47.8536862Z test_oversized_context_refuses_instead_of_cutting_reason_or_citation (test_continuity_questions.MemoryQuestionTests.test_oversized_context_refuses_instead_of_cutting_reason_or_citation) ... ok
2026-09-24T05:48:47.9923755Z test_partial_iso_and_day_constraints_never_become_unbounded_paths (test_continuity_questions.MemoryQuestionTests.test_partial_iso_and_day_constraints_never_become_unbounded_paths) ... ok
2026-09-24T05:48:48.1140765Z test_prefixed_compound_memory_commands_never_become_name_terms (test_continuity_questions.MemoryQuestionTests.test_prefixed_compound_memory_commands_never_become_name_terms) ... ok
2026-09-24T05:48:48.2187701Z test_punctuation_bearing_technology_names_remain_distinct (test_continuity_questions.MemoryQuestionTests.test_punctuation_bearing_technology_names_remain_distinct) ... ok
2026-09-24T05:48:48.2866063Z test_quarters_and_unqualified_years_never_match_path_years_as_time (test_continuity_questions.MemoryQuestionTests.test_quarters_and_unqualified_years_never_match_path_years_as_time) ... ok
2026-09-24T05:48:48.3296084Z test_query_and_recorded_instructions_remain_data_without_side_effects (test_continuity_questions.MemoryQuestionTests.test_query_and_recorded_instructions_remain_data_without_side_effects) ... ok
2026-09-24T05:48:48.4192692Z test_relative_constraints_are_checked_for_every_question_kind (test_continuity_questions.MemoryQuestionTests.test_relative_constraints_are_checked_for_every_question_kind) ... ok
2026-09-24T05:48:48.5489053Z test_relative_time_phrases_do_not_return_all_changes (test_continuity_questions.MemoryQuestionTests.test_relative_time_phrases_do_not_return_all_changes) ... ok
2026-09-24T05:48:48.7858848Z test_remaining_relative_phrases_abstain_with_or_without_entity (test_continuity_questions.MemoryQuestionTests.test_remaining_relative_phrases_abstain_with_or_without_entity) ... ok
2026-09-24T05:48:48.9174440Z test_repeated_same_intent_clauses_abstain_even_with_literal_entity (test_continuity_questions.MemoryQuestionTests.test_repeated_same_intent_clauses_abstain_even_with_literal_entity) ... ok
2026-09-24T05:48:49.0017153Z test_resolved_unknown_target_keeps_every_active_incoming_edge (test_continuity_questions.MemoryQuestionTests.test_resolved_unknown_target_keeps_every_active_incoming_edge) ... ok
2026-09-24T05:48:49.0584623Z test_retired_assertion_is_not_current_answer_and_confirmed_source_is_cited (test_continuity_questions.MemoryQuestionTests.test_retired_assertion_is_not_current_answer_and_confirmed_source_is_cited) ... ok
2026-09-24T05:48:49.1119733Z test_season_named_technology_without_period_qualifier_is_queryable (test_continuity_questions.MemoryQuestionTests.test_season_named_technology_without_period_qualifier_is_queryable) ... ok
2026-09-24T05:48:49.1948992Z test_short_query_terms_distinguish_versions_and_single_letter_names (test_continuity_questions.MemoryQuestionTests.test_short_query_terms_distinguish_versions_and_single_letter_names) ... ok
2026-09-24T05:48:49.3689248Z test_spaced_standard_identifiers_are_not_standalone_years (test_continuity_questions.MemoryQuestionTests.test_spaced_standard_identifiers_are_not_standalone_years) ... ok
2026-09-24T05:48:49.5097695Z test_standalone_three_component_dotted_dates_preserve_versions (test_continuity_questions.MemoryQuestionTests.test_standalone_three_component_dotted_dates_preserve_versions) ... ok
2026-09-24T05:48:49.5644535Z test_temporal_changes_use_recorded_instants_and_preserve_unknown_coverage (test_continuity_questions.MemoryQuestionTests.test_temporal_changes_use_recorded_instants_and_preserve_unknown_coverage) ... ok
2026-09-24T05:48:49.6366502Z test_unicode_query_terms_are_not_silently_discarded (test_continuity_questions.MemoryQuestionTests.test_unicode_query_terms_are_not_silently_discarded) ... ok
2026-09-24T05:48:49.7089135Z test_unknown_auto_intent_abstains_but_explicit_memory_lookup_remains (test_continuity_questions.MemoryQuestionTests.test_unknown_auto_intent_abstains_but_explicit_memory_lookup_remains) ... ok
2026-09-24T05:48:49.7710349Z test_unsupported_named_period_bounds_abstain (test_continuity_questions.MemoryQuestionTests.test_unsupported_named_period_bounds_abstain) ... ok
2026-09-24T05:48:49.8499871Z test_variable_width_year_first_dates_never_become_path_terms (test_continuity_questions.MemoryQuestionTests.test_variable_width_year_first_dates_never_become_path_terms) ... ok
2026-09-24T05:48:50.0656254Z test_weekends_seasons_and_long_relative_periods_abstain (test_continuity_questions.MemoryQuestionTests.test_weekends_seasons_and_long_relative_periods_abstain) ... ok
2026-09-24T05:48:50.1177465Z test_why_requires_all_search_terms_not_a_shared_generic_word (test_continuity_questions.MemoryQuestionTests.test_why_requires_all_search_terms_not_a_shared_generic_word) ... ok
2026-09-24T05:48:50.2310798Z test_word_clock_and_unsupported_at_constraints_abstain (test_continuity_questions.MemoryQuestionTests.test_word_clock_and_unsupported_at_constraints_abstain) ... ok
2026-09-24T05:48:50.2740725Z test_year_only_from_bound_cannot_match_a_year_in_recorded_paths (test_continuity_questions.MemoryQuestionTests.test_year_only_from_bound_cannot_match_a_year_in_recorded_paths) ... ok
2026-09-24T05:48:50.3159406Z test_fallback_keeps_its_minimum_term_length (test_continuity_related_changes.ContinuityRelatedChangeTests.test_fallback_keeps_its_minimum_term_length) ... ok
2026-09-24T05:48:50.6971851Z test_french_ligatures_match_recorded_file_names_in_both_directions (test_continuity_related_changes.ContinuityRelatedChangeTests.test_french_ligatures_match_recorded_file_names_in_both_directions) ... ok
2026-09-24T05:48:50.7519397Z test_human_calcul_query_recovers_verified_calculator_change (test_continuity_related_changes.ContinuityRelatedChangeTests.test_human_calcul_query_recovers_verified_calculator_change) ... ok
2026-09-24T05:48:50.8215753Z test_unrelated_query_does_not_return_recent_change_just_because_it_is_recent (test_continuity_related_changes.ContinuityRelatedChangeTests.test_unrelated_query_does_not_return_recent_change_just_because_it_is_recent) ... ok
2026-09-24T05:48:50.8750079Z test_bridge_reverification_keeps_one_change_and_advances_current_proof (test_continuity_reverification.ContinuityReverificationTests.test_bridge_reverification_keeps_one_change_and_advances_current_proof) ... ok
2026-09-24T05:48:50.9177966Z test_same_tree_change_accepts_new_certificate_despite_new_snapshot_shas (test_continuity_reverification.ContinuityReverificationTests.test_same_tree_change_accepts_new_certificate_despite_new_snapshot_shas) ... ok
2026-09-24T05:48:50.9217035Z test_deferred_indexes_keep_constraints_and_exact_final_schema (test_continuity_schema_transaction.SchemaTransactionTests.test_deferred_indexes_keep_constraints_and_exact_final_schema) ... ok
2026-09-24T05:48:51.0020589Z test_failed_rebuild_preserves_old_state_and_cleans_temporary_database (test_continuity_schema_transaction.SchemaTransactionTests.test_failed_rebuild_preserves_old_state_and_cleans_temporary_database) ... ok
2026-09-24T05:48:51.0797531Z test_late_index_failure_keeps_previous_projection_and_journal (test_continuity_schema_transaction.SchemaTransactionTests.test_late_index_failure_keeps_previous_projection_and_journal) ... ok
2026-09-24T05:48:51.0818767Z test_schema_and_rows_can_be_rolled_back_together (test_continuity_schema_transaction.SchemaTransactionTests.test_schema_and_rows_can_be_rolled_back_together) ... ok
2026-09-24T05:48:51.1362852Z test_v8_lexical_table_rebuild_preserves_terms_and_journal (test_continuity_schema_transaction.SchemaTransactionTests.test_v8_lexical_table_rebuild_preserves_terms_and_journal) ... ok
2026-09-24T05:48:51.1383096Z test_classification_is_conservative_and_state_is_outside_project (test_continuity_task_session.ContinuityTaskSessionTests.test_classification_is_conservative_and_state_is_outside_project) ... ok
2026-09-24T05:48:51.1403415Z test_short_followup_keeps_anchor_and_task_identity (test_continuity_task_session.ContinuityTaskSessionTests.test_short_followup_keeps_anchor_and_task_identity) ... ok
2026-09-24T05:48:51.1431853Z test_substantive_focus_stays_inside_task_until_explicit_pivot (test_continuity_task_session.ContinuityTaskSessionTests.test_substantive_focus_stays_inside_task_until_explicit_pivot) ... ok
2026-09-24T05:48:51.1434153Z test_task_id_has_frozen_cross_runtime_vector (test_continuity_task_session.ContinuityTaskSessionTests.test_task_id_has_frozen_cross_runtime_vector) ... ok
2026-09-24T05:48:51.3167271Z test_boundary_participation_keeps_pivots_and_excludes_other_sessions_and_boundaries (test_continuity_tasks.DurableTaskTests.test_boundary_participation_keeps_pivots_and_excludes_other_sessions_and_boundaries) ... ok
2026-09-24T05:48:51.8670788Z test_explicit_task_cli_description_link_and_history_retrieval (test_continuity_tasks.DurableTaskTests.test_explicit_task_cli_description_link_and_history_retrieval) ... ok
2026-09-24T05:48:51.9637489Z test_hash_valid_broken_references_are_rejected_by_readers_checkpoints_and_old_cache (test_continuity_tasks.DurableTaskTests.test_hash_valid_broken_references_are_rejected_by_readers_checkpoints_and_old_cache) ... ok
2026-09-24T05:48:53.3031074Z test_installed_guided_technical_french_and_english_context_show_declared_task (test_continuity_tasks.DurableTaskTests.test_installed_guided_technical_french_and_english_context_show_declared_task) ... ok
2026-09-24T05:48:53.4367058Z test_invalid_or_cross_task_reference_aborts_whole_envelope_batch (test_continuity_tasks.DurableTaskTests.test_invalid_or_cross_task_reference_aborts_whole_envelope_batch) ... ok
2026-09-24T05:48:53.5471155Z test_lost_native_participant_stays_degraded_after_a_later_successful_prompt (test_continuity_tasks.DurableTaskTests.test_lost_native_participant_stays_degraded_after_a_later_successful_prompt) ... ok
2026-09-24T05:48:53.6964666Z test_native_link_is_atomic_idempotent_observed_and_survives_session_cleanup (test_continuity_tasks.DurableTaskTests.test_native_link_is_atomic_idempotent_observed_and_survives_session_cleanup) ... ok
2026-09-24T05:48:54.0334091Z test_native_link_rejects_extra_text_and_preserves_description (test_continuity_tasks.DurableTaskTests.test_native_link_rejects_extra_text_and_preserves_description) ... ok
2026-09-24T05:48:54.1074646Z test_native_prompt_persists_stable_identity_without_raw_prompt_or_session (test_continuity_tasks.DurableTaskTests.test_native_prompt_persists_stable_identity_without_raw_prompt_or_session) ... ok
2026-09-24T05:48:54.3684305Z test_native_task_can_be_explicitly_described_without_reimport_conflict (test_continuity_tasks.DurableTaskTests.test_native_task_can_be_explicitly_described_without_reimport_conflict) ... ok
2026-09-24T05:48:54.4334381Z test_profile_rejects_raw_prompt_extensions_and_authority_promotion (test_continuity_tasks.DurableTaskTests.test_profile_rejects_raw_prompt_extensions_and_authority_promotion) ... ok
2026-09-24T05:48:54.7072509Z test_task_cli_unknown_links_fail_without_changing_history (test_continuity_tasks.DurableTaskTests.test_task_cli_unknown_links_fail_without_changing_history) ... ok
2026-09-24T05:48:54.8238438Z test_task_identity_cannot_replace_existing_entity_and_unprofiled_extensions_keep_projection (test_continuity_tasks.DurableTaskTests.test_task_identity_cannot_replace_existing_entity_and_unprofiled_extensions_keep_projection) ... ok
2026-09-24T05:48:54.8867365Z test_checkpoint_is_idempotent_and_never_moves_head (test_continuity_transport.ContinuityTransportTests.test_checkpoint_is_idempotent_and_never_moves_head) ... ok
2026-09-24T05:48:55.1350955Z test_concurrent_remote_update_is_never_force_overwritten (test_continuity_transport.ContinuityTransportTests.test_concurrent_remote_update_is_never_force_overwritten) ... ok
2026-09-24T05:48:55.4103526Z test_divergent_project_histories_fail_closed (test_continuity_transport.ContinuityTransportTests.test_divergent_project_histories_fail_closed) ... ok
2026-09-24T05:48:55.5721786Z test_push_then_fresh_clone_pull_restores_exact_history_without_touching_code_head (test_continuity_transport.ContinuityTransportTests.test_push_then_fresh_clone_pull_restores_exact_history_without_touching_code_head) ... ok
2026-09-24T05:48:55.5723737Z test_action_binds_policy_to_base_revision_not_candidate_config (test_debt_action.DebtActionContractTests.test_action_binds_policy_to_base_revision_not_candidate_config) ... ok
2026-09-24T05:48:55.5726027Z test_action_exposes_proof_and_debt_outputs (test_debt_action.DebtActionContractTests.test_action_exposes_proof_and_debt_outputs) ... ok
2026-09-24T05:48:55.5728252Z test_action_restores_but_never_pushes_cumulative_ledger (test_debt_action.DebtActionContractTests.test_action_restores_but_never_pushes_cumulative_ledger) ... ok
2026-09-24T05:48:55.5759414Z test_existing_lineage_is_not_double_counted (test_debt_budget.DebtBudgetTests.test_existing_lineage_is_not_double_counted) ... ok
2026-09-24T05:48:55.5780168Z test_total_change_and_category_limits (test_debt_budget.DebtBudgetTests.test_total_change_and_category_limits) ... ok
2026-09-24T05:48:55.5803406Z test_explicit_accounting_can_record_a_real_over_budget_change (test_debt_budget_transaction.DebtBudgetTransactionTests.test_explicit_accounting_can_record_a_real_over_budget_change) ... ok
2026-09-24T05:48:55.5812303Z test_read_only_atomic_budget_check_does_not_mutate (test_debt_budget_transaction.DebtBudgetTransactionTests.test_read_only_atomic_budget_check_does_not_mutate) ... ok
2026-09-24T05:48:55.5839944Z test_two_stale_agents_cannot_both_consume_the_same_remaining_budget (test_debt_budget_transaction.DebtBudgetTransactionTests.test_two_stale_agents_cannot_both_consume_the_same_remaining_budget) ... ok
2026-09-24T05:48:55.6188034Z test_assurance_certificate_must_be_content_addressed_and_tree_bound (test_debt_certificate.DebtCertificateTests.test_assurance_certificate_must_be_content_addressed_and_tree_bound) ... ok
2026-09-24T05:48:55.6425186Z test_noop_certificate_is_rehashed_and_requires_candidate_binding (test_debt_certificate.DebtCertificateTests.test_noop_certificate_is_rehashed_and_requires_candidate_binding) ... ok
2026-09-24T05:48:55.7306479Z test_acceptance_requires_reason_and_remains_visible (test_debt_cli.DebtCliTests.test_acceptance_requires_reason_and_remains_visible) ... ok
2026-09-24T05:48:55.7929888Z test_debt_records_local_git_ledger_and_plan_surfaces_it (test_debt_cli.DebtCliTests.test_debt_records_local_git_ledger_and_plan_surfaces_it) ... ok
2026-09-24T05:48:55.8309961Z test_forged_certificate_cannot_waive_change_debt (test_debt_cli.DebtCliTests.test_forged_certificate_cannot_waive_change_debt) ... ok
2026-09-24T05:48:55.9012322Z test_health_trend_and_ledger_show_are_human_readable (test_debt_cli.DebtCliTests.test_health_trend_and_ledger_show_are_human_readable) ... ok
2026-09-24T05:48:55.9032443Z test_nested_diffwitness_debt_supported (test_debt_config.DebtConfigTests.test_nested_diffwitness_debt_supported) ... ok
2026-09-24T05:48:55.9051793Z test_top_level_debt_and_category_tables_normalize (test_debt_config.DebtConfigTests.test_top_level_debt_and_category_tables_normalize) ... ok
2026-09-24T05:48:55.9057793Z test_unknown_debt_key_fails_closed (test_debt_config.DebtConfigTests.test_unknown_debt_key_fails_closed) ... ok
2026-09-24T05:48:55.9428969Z test_tampered_certificate_fails_before_accounting (test_debt_entry.DebtEntryTests.test_tampered_certificate_fails_before_accounting) ... ok
2026-09-24T05:48:55.9471706Z test_trend_reconstructs_prior_balance_from_events (test_debt_history.DebtHistoryTests.test_trend_reconstructs_prior_balance_from_events) ... ok
2026-09-24T05:48:55.9873141Z test_health_does_not_count_duplicate_blocks_only_in_test_fixtures (test_debt_integrity.DebtIntegrityTests.test_health_does_not_count_duplicate_blocks_only_in_test_fixtures) ... ok
2026-09-24T05:48:56.0333291Z test_health_filters_function_local_python_cycle_but_keeps_real_import_cycle (test_debt_integrity.DebtIntegrityTests.test_health_filters_function_local_python_cycle_but_keeps_real_import_cycle) ... ok
2026-09-24T05:48:56.0836776Z test_health_scan_is_bound_to_the_dirty_worktree_it_actually_reads (test_debt_integrity.DebtIntegrityTests.test_health_scan_is_bound_to_the_dirty_worktree_it_actually_reads) ... ok
2026-09-24T05:48:56.2125441Z test_mutation_recheck_cleans_control_run_side_effects_before_counterfactual (test_debt_integrity.DebtIntegrityTests.test_mutation_recheck_cleans_control_run_side_effects_before_counterfactual) ... ok
2026-09-24T05:48:56.2127385Z test_dedupe_keeps_strongest_same_lineage (test_debt_models.DebtModelTests.test_dedupe_keeps_strongest_same_lineage) ... ok
2026-09-24T05:48:56.2131814Z test_report_is_additive_and_explicit (test_debt_models.DebtModelTests.test_report_is_additive_and_explicit) ... ok
2026-09-24T05:48:56.2132757Z test_stable_identity_ignores_explanation_and_points (test_debt_models.DebtModelTests.test_stable_identity_ignores_explanation_and_points) ... ok
2026-09-24T05:48:56.2386267Z test_plan_separates_automatic_repayment_from_manual_review (test_debt_planning.DebtPlanningTests.test_plan_separates_automatic_repayment_from_manual_review) ... ok
2026-09-24T05:48:56.2634048Z test_repay_all_ignores_manual_backlog_instead_of_promising_closure (test_debt_planning.DebtPlanningTests.test_repay_all_ignores_manual_backlog_instead_of_promising_closure) ... ok
2026-09-24T05:48:56.2865414Z test_repay_refuses_lineage_without_automatic_closure_adapter (test_debt_planning.DebtPlanningTests.test_repay_refuses_lineage_without_automatic_closure_adapter) ... ok
2026-09-24T05:48:56.3197603Z test_change_only_rules_are_not_mislabeled_as_project_replay (test_debt_scan.DebtScanTests.test_change_only_rules_are_not_mislabeled_as_project_replay) ... ok
2026-09-24T05:48:56.3533828Z test_change_security_scan_ignores_added_python_string_literal (test_debt_scan.DebtScanTests.test_change_security_scan_ignores_added_python_string_literal) ... ok
2026-09-24T05:48:56.3881001Z test_non_probative_certificate_cannot_hide_unverified_change (test_debt_scan.DebtScanTests.test_non_probative_certificate_cannot_hide_unverified_change) ... ok
2026-09-24T05:48:56.4243508Z test_preservation_certificate_prevents_fake_test_debt_but_not_security_review (test_debt_scan.DebtScanTests.test_preservation_certificate_prevents_fake_test_debt_but_not_security_review) ... ok
2026-09-24T05:48:56.4508282Z test_project_scan_finds_one_duplicate_region_and_local_cycle (test_debt_scan.DebtScanTests.test_project_scan_finds_one_duplicate_region_and_local_cycle) ... ok
2026-09-24T05:48:56.4753517Z test_python_security_scan_detects_structural_call_keywords (test_debt_scan.DebtScanTests.test_python_security_scan_detects_structural_call_keywords) ... ok
2026-09-24T05:48:56.5007613Z test_python_security_scan_ignores_signature_strings_and_comments (test_debt_scan.DebtScanTests.test_python_security_scan_ignores_signature_strings_and_comments) ... ok
2026-09-24T05:48:56.5415289Z test_security_rule_has_same_identity_in_change_and_project_scan (test_debt_scan.DebtScanTests.test_security_rule_has_same_identity_in_change_and_project_scan) ... ok
2026-09-24T05:48:56.5771154Z test_unverified_change_and_no_changed_test_surface_are_explicit (test_debt_scan.DebtScanTests.test_unverified_change_and_no_changed_test_surface_are_explicit) ... ok
2026-09-24T05:48:56.6153622Z test_structurally_unrelated_function_is_not_flagged (test_debt_sensor_precision.SemanticRedundancyPrecisionTests.test_structurally_unrelated_function_is_not_flagged) ... ok
2026-09-24T05:48:56.6585754Z test_accounting_boundary_enriches_report_but_zero_point_sensor_cannot_break_budget (test_debt_sensors.SemanticRedundancySensorTests.test_accounting_boundary_enriches_report_but_zero_point_sensor_cannot_break_budget) ... ok
2026-09-24T05:48:56.7015192Z test_change_and_project_modes_keep_same_debt_identity (test_debt_sensors.SemanticRedundancySensorTests.test_change_and_project_modes_keep_same_debt_identity) ... ok
2026-09-24T05:48:56.7368854Z test_change_sensor_finds_renamed_reimplementation_without_exporting_source (test_debt_sensors.SemanticRedundancySensorTests.test_change_sensor_finds_renamed_reimplementation_without_exporting_source) ... ok
2026-09-24T05:48:56.7709839Z test_exact_source_copy_is_left_to_existing_deterministic_duplicate_rule (test_debt_sensors.SemanticRedundancySensorTests.test_exact_source_copy_is_left_to_existing_deterministic_duplicate_rule) ... ok
2026-09-24T05:48:56.8024590Z test_sensor_can_be_disabled_at_accounting_boundary (test_debt_sensors.SemanticRedundancySensorTests.test_sensor_can_be_disabled_at_accounting_boundary) ... ok
2026-09-24T05:48:56.9975162Z test_historical_test_debt_resolves_when_current_tests_discriminate_origin (test_debt_verify.DebtVerifyTests.test_historical_test_debt_resolves_when_current_tests_discriminate_origin) ... ok
2026-09-24T05:48:57.3177969Z test_mutation_debt_resolves_when_current_tests_make_it_necessary (test_debt_verify.DebtVerifyTests.test_mutation_debt_resolves_when_current_tests_make_it_necessary) ... ok
2026-09-24T05:48:57.3180335Z test_binary_change_is_never_misrepresented_as_line_hunk (test_diff_edgecases.DiffEdgeCaseTests.test_binary_change_is_never_misrepresented_as_line_hunk) ... ok
2026-09-24T05:48:57.3187089Z test_documentation_new_file_does_not_enter_executable_causal_surface (test_diff_edgecases.DiffEdgeCaseTests.test_documentation_new_file_does_not_enter_executable_causal_surface) ... ok
2026-09-24T05:48:57.3189584Z test_new_production_file_is_conservative_structural_mutation (test_diff_edgecases.DiffEdgeCaseTests.test_new_production_file_is_conservative_structural_mutation) ... ok
2026-09-24T05:48:57.3191738Z test_path_with_spaces_remains_one_hunk_mutation (test_diff_edgecases.DiffEdgeCaseTests.test_path_with_spaces_remains_one_hunk_mutation) ... ok
2026-09-24T05:48:57.3193827Z test_rename_is_file_level_even_with_text_hunk (test_diff_edgecases.DiffEdgeCaseTests.test_rename_is_file_level_even_with_text_hunk) ... ok
2026-09-24T05:48:57.3195734Z test_documentation_classifier_is_narrow (test_diffing.DiffingTests.test_documentation_classifier_is_narrow) ... ok
2026-09-24T05:48:57.3197600Z test_documentation_hunks_are_excluded_by_default_but_can_be_included (test_diffing.DiffingTests.test_documentation_hunks_are_excluded_by_default_but_can_be_included) ... ok
2026-09-24T05:48:57.3199249Z test_hunk_ranges_become_annotation_lines (test_diffing.DiffingTests.test_hunk_ranges_become_annotation_lines) ... ok
2026-09-24T05:48:57.3199955Z test_test_path_detection (test_diffing.DiffingTests.test_test_path_detection) ... ok
2026-09-24T05:49:00.5454435Z test_real_no_proof_fresh_drift_clean_stale_and_failed_attempt (test_doctor_proof_truthfulness.DoctorProofTruthfulnessTests.test_real_no_proof_fresh_drift_clean_stale_and_failed_attempt) ... DiffWitness Gate rejected: candidate is not stably green
2026-09-24T05:49:00.5456875Z 
2026-09-24T05:49:00.5457125Z DiffWitness Guard: PROOF REJECTED
2026-09-24T05:49:01.3844527Z ok
2026-09-24T05:49:01.3849187Z test_engine_command_is_argv_not_shell_text (test_engine_config.EngineConfigTests.test_engine_command_is_argv_not_shell_text) ... ok
2026-09-24T05:49:01.3851666Z test_required_engine_needs_command (test_engine_config.EngineConfigTests.test_required_engine_needs_command) ... ok
2026-09-24T05:49:01.3863220Z test_top_level_engine_table_loads_without_relaxing_unknown_keys (test_engine_config.EngineConfigTests.test_top_level_engine_table_loads_without_relaxing_unknown_keys) ... ok
2026-09-24T05:49:01.4466274Z test_capability_preflight_accepts_compatible_bounded_engine (test_engine_doctor.EngineDoctorTests.test_capability_preflight_accepts_compatible_bounded_engine) ... ok
2026-09-24T05:49:01.5115196Z test_capability_preflight_rejects_ambiguous_json (test_engine_doctor.EngineDoctorTests.test_capability_preflight_rejects_ambiguous_json) ... ok
2026-09-24T05:49:01.6356254Z test_capability_preflight_rejects_protocol_or_authority_drift (test_engine_doctor.EngineDoctorTests.test_capability_preflight_rejects_protocol_or_authority_drift) ... ok
2026-09-24T05:49:01.7158335Z test_dw_doctor_fails_preflight_for_incompatible_required_engine (test_engine_doctor.EngineDoctorTests.test_dw_doctor_fails_preflight_for_incompatible_required_engine) ... ok
2026-09-24T05:49:01.7852820Z test_dw_doctor_keeps_community_only_onboarding_clean (test_engine_doctor.EngineDoctorTests.test_dw_doctor_keeps_community_only_onboarding_clean) ... ok
2026-09-24T05:49:01.8746414Z test_dw_doctor_reports_compatible_required_private_engine (test_engine_doctor.EngineDoctorTests.test_dw_doctor_reports_compatible_required_private_engine) ... ok
2026-09-24T05:49:01.8969814Z test_committed_project_engine_wins_over_machine_local_profile (test_engine_local.LocalEngineTests.test_committed_project_engine_wins_over_machine_local_profile) ... ok
2026-09-24T05:49:01.9315412Z test_corrupt_machine_local_profile_fails_closed (test_engine_local.LocalEngineTests.test_corrupt_machine_local_profile_fails_closed) ... ok
2026-09-24T05:49:02.1876195Z test_dw_engine_enable_status_doctor_disable_is_git_local (test_engine_local.LocalEngineTests.test_dw_engine_enable_status_doctor_disable_is_git_local) ... ok
2026-09-24T05:49:02.9331916Z test_real_gate_consumes_git_local_private_plan_but_public_runner_owns_verdict (test_engine_local_gate.LocalEngineGateTests.test_real_gate_consumes_git_local_private_plan_but_public_runner_owns_verdict) ... ok
2026-09-24T05:49:03.0178605Z test_ambiguous_engine_json_is_rejected_before_plan_validation (test_engine_protocol.EngineProtocolTests.test_ambiguous_engine_json_is_rejected_before_plan_validation) ... ok
2026-09-24T05:49:03.0186143Z test_canonical_compat_vector_has_frozen_request_id_and_digest (test_engine_protocol.EngineProtocolTests.test_canonical_compat_vector_has_frozen_request_id_and_digest) ... ok
2026-09-24T05:49:03.0189177Z test_change_identity_depends_on_repository_and_git_trees (test_engine_protocol.EngineProtocolTests.test_change_identity_depends_on_repository_and_git_trees) ... ok
2026-09-24T05:49:03.0802811Z test_non_finite_planning_budget_is_rejected_before_request_hashing (test_engine_protocol.EngineProtocolTests.test_non_finite_planning_budget_is_rejected_before_request_hashing) ... ok
2026-09-24T05:49:03.2109515Z test_optional_engine_failure_degrades_but_required_engine_fails_closed (test_engine_protocol.EngineProtocolTests.test_optional_engine_failure_degrades_but_required_engine_fails_closed) ... ok
2026-09-24T05:49:03.2624577Z test_plan_must_be_exactly_bound_and_cover_every_mutation_once (test_engine_protocol.EngineProtocolTests.test_plan_must_be_exactly_bound_and_cover_every_mutation_once) ... ok
2026-09-24T05:49:03.3761150Z test_real_subprocess_plan_is_validated_before_use (test_engine_protocol.EngineProtocolTests.test_real_subprocess_plan_is_validated_before_use) ... ok
2026-09-24T05:49:03.4171249Z test_request_is_content_bound_without_embedding_test_command_or_patch (test_engine_protocol.EngineProtocolTests.test_request_is_content_bound_without_embedding_test_command_or_patch) ... ok
2026-09-24T05:49:03.4339085Z test_code_change_does_not_get_noop_preflight (test_entry.EntryTests.test_code_change_does_not_get_noop_preflight) ... DiffWitness proof dw0_1a7629f8c629d33a661f attached to 50f606f94fb1 via refs/notes/diffwitness.
2026-09-24T05:49:03.4340620Z Publish it with: git push origin refs/notes/diffwitness
2026-09-24T05:49:03.4343615Z Invariant INV-IMPACT: Keep identity
2026-09-24T05:49:03.4344506Z Objective OBJ-REFUNDS: Support partial refunds safely
2026-09-24T05:49:03.4345707Z Decision DEC-IDEMPOTENCY: Keep refund operations idempotent
2026-09-24T05:49:03.4346698Z Invariant INV-CAPTURE-LIMIT: Refund total must never exceed captured payment
2026-09-24T05:49:03.4347837Z Failed approach FAIL-DIRECT-CHARGE: Mutating charge rows directly
2026-09-24T05:49:03.4661985Z DiffWitness: No evidence command could be detected. Run `dw doctor`, pass --test, or create .diffwitness.toml.
2026-09-24T05:49:03.4677545Z ok
2026-09-24T05:49:03.5172304Z test_docs_only_prove_succeeds_without_test_command_and_writes_noop_certificate (test_entry.EntryTests.test_docs_only_prove_succeeds_without_test_command_and_writes_noop_certificate) ... ok
2026-09-24T05:49:03.5174089Z test_public_version_options_bypass_friendly_unknown_router (test_entry.EntryTests.test_public_version_options_bypass_friendly_unknown_router) ... ok
2026-09-24T05:49:03.5340756Z test_unknown_test_only_surface_without_evidence_never_becomes_noop_success (test_fail_closed.FailClosedTests.test_unknown_test_only_surface_without_evidence_never_becomes_noop_success) ... DiffWitness: proof not required (dw0_36559bf7c2969f6f9afd); no executable causal mutation detected.
2026-09-24T05:49:03.5649939Z DiffWitness: this change contains tests but DiffWitness cannot determine how to execute evidence. Failing closed: pass --test or configure [diffwitness].test.
2026-09-24T05:49:03.5682723Z ok
2026-09-24T05:49:04.4077597Z test_auto_routes_surplus_patch_to_adaptive_and_rejects_it (test_gate.GateTests.test_auto_routes_surplus_patch_to_adaptive_and_rejects_it) ... DiffWitness Gate rejected: Adaptive Core found 1 mutation(s) removable while preserving the selected stable evidence
2026-09-24T05:49:04.4100509Z ok
2026-09-24T05:49:04.4267119Z test_docs_only_gate_becomes_formal_proof_not_required (test_gate.GateTests.test_docs_only_gate_becomes_formal_proof_not_required) ... DiffWitness Gate: causal contrast proven; adaptive strategy for 2 production mutation(s) under balanced policy (899.8s proof budget remaining)
2026-09-24T05:49:04.4268625Z DiffWitness Adaptive Core
2026-09-24T05:49:04.4268912Z contrast:    PROVEN
2026-09-24T05:49:04.4269283Z mutations:   2 original
2026-09-24T05:49:04.4269735Z core:        1 retained
2026-09-24T05:49:04.4270060Z removable:   1 observed removable
2026-09-24T05:49:04.4270332Z experiments: 3/10
2026-09-24T05:49:04.4270551Z 1-minimal:   yes
2026-09-24T05:49:04.4270790Z certificate: dwac1_eb85bb68cd58f0a2a641
2026-09-24T05:49:04.4270992Z 
2026-09-24T05:49:04.4271326Z Causal core:
2026-09-24T05:49:04.4271575Z   KEEP    calc.py hunk 1/2
2026-09-24T05:49:04.4271740Z 
2026-09-24T05:49:04.4271839Z Evidence-removable surface:
2026-09-24T05:49:04.4272426Z   REVIEW  calc.py hunk 2/2 — def add(a, b):
2026-09-24T05:49:04.5109789Z ok
2026-09-24T05:49:04.5420501Z test_explicit_nondefault_config_supplies_evidence_command (test_gate.GateTests.test_explicit_nondefault_config_supplies_evidence_command) ... DiffWitness: proof not required (dw0_f1c0202f46f03ca439d0); no executable causal mutation detected.
2026-09-24T05:49:04.5423261Z Project continuity: 2 new change event(s) · dwchg_f03927ac5b5398acacd116f6
2026-09-24T05:49:04.8839469Z DiffWitness Gate: causal contrast proven; exhaustive strategy for 1 production mutation(s) under strict policy (899.8s proof budget remaining)
2026-09-24T05:49:05.4602256Z ok
2026-09-24T05:49:05.4811593Z test_small_proven_fix_uses_exhaustive_gate_and_writes_certificate (test_gate.GateTests.test_small_proven_fix_uses_exhaustive_gate_and_writes_certificate) ... DiffWitness 0.4.0a1 - counterfactual patch evidence
2026-09-24T05:49:05.4813635Z repo:      /tmp/tmp7jbcd6kx/repo
2026-09-24T05:49:05.4814200Z base:      893259316a332ca4bdbea416ae450b3a125c0554 (893259316a33)
2026-09-24T05:49:05.4815294Z candidate: 919cfd7c0d3e7845abd24fa04fb79758102251b6 (919cfd7c0d3e)
2026-09-24T05:49:05.4816366Z evidence:  "/opt/hostedtoolcache/Python/3.11.16/x64/bin/python" -m unittest discover -s tests -q
2026-09-24T05:49:05.4817764Z stability: 1 run(s) per variant
2026-09-24T05:49:05.4818381Z budget:    899.778s total; 300s per command
2026-09-24T05:49:05.4818993Z changes:   1 analyzed mutation(s); 1 changed test file(s)
2026-09-24T05:49:05.4819416Z 
2026-09-24T05:49:05.4819678Z contrast:  BASE STABLE-FAIL -> CANDIDATE STABLE-PASS
2026-09-24T05:49:05.4820116Z 
2026-09-24T05:49:05.4820410Z WITNESSED         +1/-1  calc.py hunk 1/1  [stable-fail]
2026-09-24T05:49:05.4820812Z 
2026-09-24T05:49:05.4821069Z summary: 1 witnessed, 0 unwitnessed, 0 inconclusive
2026-09-24T05:49:05.4821707Z core:    1 minimal sufficient set(s) of 1 hunk(s)
2026-09-24T05:49:05.4822225Z cert:    dw2_400f248114fcf902cc27
2026-09-24T05:49:05.4822738Z DiffWitness Gate accepted (dw2_400f248114fcf902cc27)
2026-09-24T05:49:05.4823968Z Project continuity: 2 new change event(s) · dwchg_83e20aca269afae06d958c52
2026-09-24T05:49:05.7477128Z DiffWitness Gate: causal contrast proven; exhaustive strategy for 1 production mutation(s) under strict policy (899.8s proof budget remaining)
2026-09-24T05:49:06.2386139Z ok
2026-09-24T05:49:06.2394596Z test_unwitnessed_hunk_becomes_file_warning (test_github_actions.GitHubActionTests.test_unwitnessed_hunk_becomes_file_warning) ... ok
2026-09-24T05:49:06.2670827Z test_clean_worktree_reuses_head_exactly (test_gitops_snapshot_fastpath.SnapshotFastPathTests.test_clean_worktree_reuses_head_exactly) ... ok
2026-09-24T05:49:06.3162376Z test_meaningful_untracked_file_forces_exact_snapshot (test_gitops_snapshot_fastpath.SnapshotFastPathTests.test_meaningful_untracked_file_forces_exact_snapshot) ... ok
2026-09-24T05:49:06.3480641Z test_only_known_untracked_runtime_artifacts_still_reuse_head (test_gitops_snapshot_fastpath.SnapshotFastPathTests.test_only_known_untracked_runtime_artifacts_still_reuse_head) ... ok
2026-09-24T05:49:06.3963575Z test_staged_change_is_not_mistaken_for_clean_state (test_gitops_snapshot_fastpath.SnapshotFastPathTests.test_staged_change_is_not_mistaken_for_clean_state) ... ok
2026-09-24T05:49:06.4736408Z test_tracked_cache_like_file_is_never_filtered (test_gitops_snapshot_fastpath.SnapshotFastPathTests.test_tracked_cache_like_file_is_never_filtered) ... ok
2026-09-24T05:49:06.5259687Z test_tracked_worktree_change_forces_exact_snapshot (test_gitops_snapshot_fastpath.SnapshotFastPathTests.test_tracked_worktree_change_forces_exact_snapshot) ... ok
2026-09-24T05:49:06.5453472Z test_public_guard_delegates_proven_agent_patch_to_gate (test_guard.PublicGuardTests.test_public_guard_delegates_proven_agent_patch_to_gate) ... DiffWitness 0.4.0a1 - counterfactual patch evidence
2026-09-24T05:49:06.5455517Z repo:      /tmp/tmp7b0p4u3n
2026-09-24T05:49:06.5456138Z base:      c3bd85c587eda987f81beb822fa8632ef2eae29a (c3bd85c587ed)
2026-09-24T05:49:06.5456987Z candidate: e1d887822152af2b0d7ca53ce60186c4679b5657 (e1d887822152)
2026-09-24T05:49:06.5457670Z evidence:  "/opt/hostedtoolcache/Python/3.11.16/x64/bin/python" -m unittest discover -s tests -q
2026-09-24T05:49:06.5458206Z stability: 1 run(s) per variant
2026-09-24T05:49:06.5458488Z budget:    899.789s total; 300s per command
2026-09-24T05:49:06.5458842Z changes:   1 analyzed mutation(s); 1 changed test file(s)
2026-09-24T05:49:06.5459127Z 
2026-09-24T05:49:06.5459278Z contrast:  BASE STABLE-FAIL -> CANDIDATE STABLE-PASS
2026-09-24T05:49:06.5459524Z 
2026-09-24T05:49:06.5459675Z WITNESSED         +1/-1  calc.py hunk 1/1  [stable-fail]
2026-09-24T05:49:06.5459924Z 
2026-09-24T05:49:06.5460073Z summary: 1 witnessed, 0 unwitnessed, 0 inconclusive
2026-09-24T05:49:06.5460451Z core:    1 minimal sufficient set(s) of 1 hunk(s)
2026-09-24T05:49:06.5460788Z cert:    dw2_2849dc32d65ea38d04a8
2026-09-24T05:49:06.5461109Z DiffWitness Gate accepted (dw2_2849dc32d65ea38d04a8)
2026-09-24T05:49:06.5461936Z Project continuity: 2 new change event(s) · dwchg_d5ca7f68b84bcdd7bffbfe89
2026-09-24T05:49:06.8481722Z DiffWitness Guard armed at 93f0a56b631c
2026-09-24T05:49:06.8484683Z Agent:    /opt/hostedtoolcache/Python/3.11.16/x64/bin/python -c from pathlib import Path; Path('calc.py').write_text('def add(a, b):\n    return a + b\n', encoding='utf-8'); Path('tests').mkdir(exist_ok=True); Path('tests/test_calc.py').write_text("import unittest\nfrom calc import add\n\nclass T(unittest.TestCase):\n    def test_add(self):\n        self.assertEqual(add(2, 3), 5)\n", encoding='utf-8')
2026-09-24T05:49:06.8488585Z Policy:   strict
2026-09-24T05:49:06.8489032Z Strategy: auto
2026-09-24T05:49:06.8489490Z Proof budget: 900s after agent exit
2026-09-24T05:49:06.8489886Z 
2026-09-24T05:49:06.8490840Z DiffWitness Gate: causal contrast proven; exhaustive strategy for 1 production mutation(s) under strict policy (899.8s proof budget remaining)
2026-09-24T05:49:07.5022018Z ok
2026-09-24T05:49:07.5237075Z test_public_guard_preserves_agent_failure_code_without_claiming_proof (test_guard.PublicGuardTests.test_public_guard_preserves_agent_failure_code_without_claiming_proof) ... DiffWitness 0.4.0a1 - counterfactual patch evidence
2026-09-24T05:49:07.5239489Z repo:      /tmp/tmpey97ae5a
2026-09-24T05:49:07.5239991Z base:      93f0a56b631cecf555ba3e27e305157b6e74f402 (93f0a56b631c)
2026-09-24T05:49:07.5240523Z candidate: a80f8b06bf9006e9f0970e643541a1894734898c (a80f8b06bf90)
2026-09-24T05:49:07.5241193Z evidence:  "/opt/hostedtoolcache/Python/3.11.16/x64/bin/python" -m unittest discover -s tests -q
2026-09-24T05:49:07.5241766Z stability: 1 run(s) per variant
2026-09-24T05:49:07.5242235Z budget:    899.781s total; 300s per command
2026-09-24T05:49:07.5242885Z changes:   1 analyzed mutation(s); 1 changed test file(s)
2026-09-24T05:49:07.5243315Z 
2026-09-24T05:49:07.5243649Z contrast:  BASE STABLE-FAIL -> CANDIDATE STABLE-PASS
2026-09-24T05:49:07.5243946Z 
2026-09-24T05:49:07.5244126Z WITNESSED         +1/-1  calc.py hunk 1/1  [stable-fail]
2026-09-24T05:49:07.5244389Z 
2026-09-24T05:49:07.5244555Z summary: 1 witnessed, 0 unwitnessed, 0 inconclusive
2026-09-24T05:49:07.5245454Z core:    1 minimal sufficient set(s) of 1 hunk(s)
2026-09-24T05:49:07.5245868Z cert:    dw2_8a6d7bb8f0b6be8dd2bf
2026-09-24T05:49:07.5246220Z DiffWitness Gate accepted (dw2_8a6d7bb8f0b6be8dd2bf)
2026-09-24T05:49:07.5246494Z 
2026-09-24T05:49:07.5246614Z DiffWitness Guard: PROOF ACCEPTED
2026-09-24T05:49:07.5246820Z 
2026-09-24T05:49:07.5246913Z CHANGE DEBT
2026-09-24T05:49:07.5247184Z +0 point(s) / 0 obligation(s)
2026-09-24T05:49:07.5247920Z Debt budget: PASS — projected total 0; new 0
2026-09-24T05:49:07.5248333Z Debt Ledger: +0 introduced, 0 reopened, 0 refreshed
2026-09-24T05:49:07.5248883Z IdleProof explanation: /tmp/tmpey97ae5a/.git/diffwitness/idleproof-explanation.json
2026-09-24T05:49:07.5249879Z Change envelope: /tmp/tmpey97ae5a/.git/diffwitness/change-envelope.json
2026-09-24T05:49:07.5250635Z Project continuity: 3 new change event(s) · dwchg_0047a5557ea896f639875493
2026-09-24T05:49:07.5648484Z DiffWitness Guard: agent exited with code 7; proof was not attempted.
2026-09-24T05:49:07.5767445Z ok
2026-09-24T05:49:07.5973102Z test_guard_records_agent_provenance_after_proof (test_guard_debt.GuardDebtTests.test_guard_records_agent_provenance_after_proof) ... DiffWitness Guard armed at 7ef7c0b954a0
2026-09-24T05:49:07.5974429Z Agent:    /opt/hostedtoolcache/Python/3.11.16/x64/bin/python -c raise SystemExit(7)
2026-09-24T05:49:07.5975455Z Policy:   config/default
2026-09-24T05:49:07.5975781Z Strategy: config/default
2026-09-24T05:49:07.5976053Z Proof budget: 900s after agent exit
2026-09-24T05:49:07.5976268Z 
2026-09-24T05:49:07.8443657Z DiffWitness Guard armed at a1b74441406b
2026-09-24T05:49:07.8446048Z Agent:    /opt/hostedtoolcache/Python/3.11.16/x64/bin/python -c from pathlib import Path; p=Path('auth/session.py'); p.write_text('def add(a, b):\n    return a + b\n', encoding='utf-8'); t=Path('tests/test_session.py'); t.parent.mkdir(exist_ok=True); t.write_text("import unittest\nfrom auth.session import add\n\nclass T(unittest.TestCase):\n    def test_add(self):\n        self.assertEqual(add(2, 3), 5)\n", encoding='utf-8')
2026-09-24T05:49:07.8447738Z Policy:   strict
2026-09-24T05:49:07.8448365Z Strategy: config/default
2026-09-24T05:49:07.8448652Z Proof budget: 900s after agent exit
2026-09-24T05:49:07.8448860Z 
2026-09-24T05:49:07.8449363Z DiffWitness Gate: causal contrast proven; exhaustive strategy for 1 production mutation(s) under strict policy (899.8s proof budget remaining)
2026-09-24T05:49:08.4715632Z ok
2026-09-24T05:49:08.4855038Z test_guard_rejects_over_budget_patch_without_admitting_rejected_debt (test_guard_debt.GuardDebtTests.test_guard_rejects_over_budget_patch_without_admitting_rejected_debt) ... DiffWitness 0.4.0a1 - counterfactual patch evidence
2026-09-24T05:49:08.4856556Z repo:      /tmp/tmpdune8ik9
2026-09-24T05:49:08.4856951Z base:      a1b74441406b0c9e6988eaff04aa5b049f72032e (a1b74441406b)
2026-09-24T05:49:08.4857818Z candidate: 2deeb7f2bb53cf6c4c9c3d76d47fd93fab07a0bd (2deeb7f2bb53)
2026-09-24T05:49:08.4858458Z evidence:  "/opt/hostedtoolcache/Python/3.11.16/x64/bin/python" -m unittest discover -s tests -q
2026-09-24T05:49:08.4858945Z stability: 1 run(s) per variant
2026-09-24T05:49:08.4859247Z budget:    899.842s total; 300s per command
2026-09-24T05:49:08.4859607Z changes:   1 analyzed mutation(s); 1 changed test file(s)
2026-09-24T05:49:08.4859839Z 
2026-09-24T05:49:08.4859995Z contrast:  BASE STABLE-FAIL -> CANDIDATE STABLE-PASS
2026-09-24T05:49:08.4860219Z 
2026-09-24T05:49:08.4860389Z WITNESSED         +1/-1  auth/session.py hunk 1/1  [stable-fail]
2026-09-24T05:49:08.4860636Z 
2026-09-24T05:49:08.4860770Z summary: 1 witnessed, 0 unwitnessed, 0 inconclusive
2026-09-24T05:49:08.4861101Z core:    1 minimal sufficient set(s) of 1 hunk(s)
2026-09-24T05:49:08.4861415Z cert:    dw2_9e56c376d3b18d54c2ad
2026-09-24T05:49:08.4861706Z DiffWitness Gate accepted (dw2_9e56c376d3b18d54c2ad)
2026-09-24T05:49:08.4861930Z 
2026-09-24T05:49:08.4862031Z DiffWitness Guard: PROOF ACCEPTED
2026-09-24T05:49:08.4862205Z 
2026-09-24T05:49:08.4862291Z CHANGE DEBT
2026-09-24T05:49:08.4862492Z +1 point(s) / 1 obligation(s)
2026-09-24T05:49:08.4862733Z   security           +1
2026-09-24T05:49:08.4863434Z   DW-F90AD233C569 +1 security/heuristic — Security-sensitive surface changed
2026-09-24T05:49:08.4863911Z Debt budget: PASS — projected total 1; new 1
2026-09-24T05:49:08.4864239Z Debt Ledger: +1 introduced, 0 reopened, 0 refreshed
2026-09-24T05:49:08.4864698Z IdleProof explanation: /tmp/tmpdune8ik9/.git/diffwitness/idleproof-explanation.json
2026-09-24T05:49:08.4865524Z Change envelope: /tmp/tmpdune8ik9/.git/diffwitness/change-envelope.json
2026-09-24T05:49:08.4866144Z Project continuity: 4 new change event(s) · dwchg_d765882aeeb4690f0225afec
2026-09-24T05:49:08.4867059Z Project continuity: 1 Debt Ledger lifecycle event(s) projected
2026-09-24T05:49:08.7841954Z DiffWitness Guard armed at f2bf2f70c9c1
2026-09-24T05:49:08.7844125Z Agent:    /opt/hostedtoolcache/Python/3.11.16/x64/bin/python -c from pathlib import Path; p=Path('auth/session.py'); p.write_text('def add(a, b):\n    return a + b\n', encoding='utf-8'); t=Path('tests/test_session.py'); t.parent.mkdir(exist_ok=True); t.write_text("import unittest\nfrom auth.session import add\n\nclass T(unittest.TestCase):\n    def test_add(self):\n        self.assertEqual(add(2, 3), 5)\n", encoding='utf-8')
2026-09-24T05:49:08.7846840Z Policy:   strict
2026-09-24T05:49:08.7847174Z Strategy: config/default
2026-09-24T05:49:08.7847525Z Proof budget: 900s after agent exit
2026-09-24T05:49:08.7847750Z 
2026-09-24T05:49:08.7848314Z DiffWitness Gate: causal contrast proven; exhaustive strategy for 1 production mutation(s) under strict policy (899.8s proof budget remaining)
2026-09-24T05:49:09.2806585Z DiffWitness Guard: DEBT BUDGET REJECTED
2026-09-24T05:49:09.3189230Z ok
2026-09-24T05:49:09.3453905Z test_default_guided_root_help_is_a_bounded_onboarding_surface (test_ht001_guided_first_run.GuidedFirstRunDensityTests.test_default_guided_root_help_is_a_bounded_onboarding_surface) ... ok
2026-09-24T05:49:09.3621404Z test_french_guided_root_help_has_the_same_bounded_information_shape (test_ht001_guided_first_run.GuidedFirstRunDensityTests.test_french_guided_root_help_has_the_same_bounded_information_shape) ... ok
2026-09-24T05:49:09.3830103Z test_technical_help_keeps_the_complete_engineering_surface (test_ht001_guided_first_run.GuidedFirstRunDensityTests.test_technical_help_keeps_the_complete_engineering_surface) ... ok
2026-09-24T05:49:09.3851625Z test_default_guided_english_explains_how_to_reach_a_valid_doctor_context (test_ht002_doctor_outside_git.DoctorOutsideGitActionabilityTests.test_default_guided_english_explains_how_to_reach_a_valid_doctor_context) ... ok
2026-09-24T05:49:09.3872048Z test_guided_french_has_the_same_actionable_failure_shape (test_ht002_doctor_outside_git.DoctorOutsideGitActionabilityTests.test_guided_french_has_the_same_actionable_failure_shape) ... ok
2026-09-24T05:49:09.3892429Z test_json_outside_git_preserves_raw_failure_contract (test_ht002_doctor_outside_git.DoctorOutsideGitActionabilityTests.test_json_outside_git_preserves_raw_failure_contract) ... ok
2026-09-24T05:49:09.3908029Z test_other_git_failures_do_not_get_outside_repository_advice (test_ht002_doctor_outside_git.DoctorOutsideGitActionabilityTests.test_other_git_failures_do_not_get_outside_repository_advice) ... ok
2026-09-24T05:49:09.3930378Z test_technical_outside_git_still_fails_without_inventing_readiness (test_ht002_doctor_outside_git.DoctorOutsideGitActionabilityTests.test_technical_outside_git_still_fails_without_inventing_readiness) ... ok
2026-09-24T05:49:09.3935919Z test_every_diffwitness_owned_sidecar_diagnostic_has_a_guided_rendering (test_ht004_guided_vocabulary.HT004GuidedVocabularyTests.test_every_diffwitness_owned_sidecar_diagnostic_has_a_guided_rendering) ... ok
2026-09-24T05:49:10.2736296Z test_guided_setup_hides_internal_sidecar_term_without_changing_machine_or_technical_detail (test_ht004_guided_vocabulary.HT004GuidedVocabularyTests.test_guided_setup_hides_internal_sidecar_term_without_changing_machine_or_technical_detail) ... ok
2026-09-24T05:49:10.4024523Z test_idleproof_help_does_not_expose_internal_sidecar_architecture (test_ht004_guided_vocabulary.HT004GuidedVocabularyTests.test_idleproof_help_does_not_expose_internal_sidecar_architecture) ... ok
2026-09-24T05:49:10.5271552Z test_frontend_error_public_export_remains_available_on_demand (test_ht006_cli_startup.HT006CliStartupTests.test_frontend_error_public_export_remains_available_on_demand) ... ok
2026-09-24T05:49:10.5691800Z test_importing_public_entry_does_not_eagerly_load_full_frontend (test_ht006_cli_startup.HT006CliStartupTests.test_importing_public_entry_does_not_eagerly_load_full_frontend) ... ok
2026-09-24T05:49:10.5703140Z test_version_fast_path_does_not_run_git (test_ht006_cli_startup.HT006CliStartupTests.test_version_fast_path_does_not_run_git) ... ok
2026-09-24T05:49:10.5705727Z test_version_output_contract_remains_exact (test_ht006_cli_startup.HT006CliStartupTests.test_version_output_contract_remains_exact) ... ok
2026-09-24T05:49:10.5708173Z test_explicit_codex_setup_bounds_protect_scope_when_claude_is_detectable (test_ht007_provider_scope.HT007ProviderScopeQualificationTests.test_explicit_codex_setup_bounds_protect_scope_when_claude_is_detectable)
2026-09-24T05:49:11.7983140Z Public setup scope must win over broader provider auto-detection in Protect. ... ok
2026-09-24T05:49:13.8434539Z test_claude_hooks_use_exec_form_and_complete_native_change (test_human_blocker_regressions.HumanBlockerRegressionTests.test_claude_hooks_use_exec_form_and_complete_native_change) ... ok
2026-09-24T05:49:15.4472490Z test_manual_gate_persists_current_worktree_verification (test_human_blocker_regressions.HumanBlockerRegressionTests.test_manual_gate_persists_current_worktree_verification) ... ok
2026-09-24T05:49:15.5117427Z test_continuity_projection_failure_is_durable_degradation_and_recovery_clears_it (test_ide_handoff_fail_closed.IdeHandoffFailClosedTests.test_continuity_projection_failure_is_durable_degradation_and_recovery_clears_it) ... ok
2026-09-24T05:49:15.5133651Z test_exhausted_continuation_budget_never_becomes_approval (test_ide_handoff_fail_closed.IdeHandoffFailClosedTests.test_exhausted_continuation_budget_never_becomes_approval) ... ok
2026-09-24T05:49:15.5369222Z test_missing_or_invalid_native_start_capture_terminates_unverified_without_a_loop (test_ide_handoff_fail_closed.IdeHandoffFailClosedTests.test_missing_or_invalid_native_start_capture_terminates_unverified_without_a_loop) ... ok
2026-09-24T05:49:15.5376098Z test_session_model_receives_evidence_first_policy_and_optional_soul (test_idleproof_agent_session.IdleProofAgentSessionTests.test_session_model_receives_evidence_first_policy_and_optional_soul) ... ok
2026-09-24T05:49:15.5378940Z test_session_policy_does_not_require_soul_or_any_provider (test_idleproof_agent_session.IdleProofAgentSessionTests.test_session_policy_does_not_require_soul_or_any_provider) ... ok
2026-09-24T05:49:15.5801882Z test_authoritative_proof_path_has_no_model_or_http_client_dependency (test_idleproof_architecture_invariants.IdleProofArchitectureInvariantTests.test_authoritative_proof_path_has_no_model_or_http_client_dependency) ... ok
2026-09-24T05:49:15.5804387Z test_guard_may_emit_deterministic_idleproof_but_not_call_optional_inference (test_idleproof_architecture_invariants.IdleProofArchitectureInvariantTests.test_guard_may_emit_deterministic_idleproof_but_not_call_optional_inference) ... ok
2026-09-24T05:49:16.1993408Z test_optional_user_inference_never_flows_back_into_proof_debt_or_continuity_modules (test_idleproof_architecture_invariants.IdleProofArchitectureInvariantTests.test_optional_user_inference_never_flows_back_into_proof_debt_or_continuity_modules) ... ok
2026-09-24T05:49:16.1997742Z test_user_owned_cache_stays_in_git_metadata_not_project_source (test_idleproof_architecture_invariants.IdleProofArchitectureInvariantTests.test_user_owned_cache_stays_in_git_metadata_not_project_source) ... ok
2026-09-24T05:49:16.2000822Z test_binary_change_is_explained_conservatively (test_idleproof_explanation.DeterministicExplanationTests.test_binary_change_is_explained_conservatively) ... ok
2026-09-24T05:49:16.2003213Z test_empty_change_still_has_an_explicit_result (test_idleproof_explanation.DeterministicExplanationTests.test_empty_change_still_has_an_explicit_result) ... ok
2026-09-24T05:49:16.2005883Z test_heuristic_sensor_never_becomes_a_verified_fact (test_idleproof_explanation.DeterministicExplanationTests.test_heuristic_sensor_never_becomes_a_verified_fact) ... ok
2026-09-24T05:49:16.2008131Z test_renderer_is_useful_without_network_or_llm (test_idleproof_explanation.DeterministicExplanationTests.test_renderer_is_useful_without_network_or_llm) ... ok
2026-09-24T05:49:16.2010883Z test_unaccepted_proof_is_never_described_as_proven (test_idleproof_explanation.DeterministicExplanationTests.test_unaccepted_proof_is_never_described_as_proven) ... ok
2026-09-24T05:49:16.2012921Z test_builder_quota_is_exactly_500 (test_idleproof_explanation.ManagedInferencePolicyTests.test_builder_quota_is_exactly_500) ... ok
2026-09-24T05:49:16.2015594Z test_free_alpha_and_unknown_plans_can_never_use_diffwitness_managed_inference (test_idleproof_explanation.ManagedInferencePolicyTests.test_free_alpha_and_unknown_plans_can_never_use_diffwitness_managed_inference) ... ok
2026-09-24T05:49:16.2018484Z test_managed_quota_exhaustion_falls_back_to_deterministic_not_another_paid_route (test_idleproof_explanation.ManagedInferencePolicyTests.test_managed_quota_exhaustion_falls_back_to_deterministic_not_another_paid_route) ... ok
2026-09-24T05:49:16.2019835Z test_pro_quota_is_exactly_1200 (test_idleproof_explanation.ManagedInferencePolicyTests.test_pro_quota_is_exactly_1200) ... ok
2026-09-24T05:49:16.2021620Z test_team_and_enterprise_are_finite_in_shared_policy (test_idleproof_explanation.ManagedInferencePolicyTests.test_team_and_enterprise_are_finite_in_shared_policy) ... ok
2026-09-24T05:49:16.2023429Z test_user_owned_compute_remains_available_on_free (test_idleproof_explanation.ManagedInferencePolicyTests.test_user_owned_compute_remains_available_on_free) ... ok
2026-09-24T05:49:16.2025418Z test_llm_context_contains_only_bounded_facts_and_style (test_idleproof_explanation.SoulAndLlmContextTests.test_llm_context_contains_only_bounded_facts_and_style) ... ok
2026-09-24T05:49:16.2028769Z test_local_soul_is_style_only_and_bounded (test_idleproof_explanation.SoulAndLlmContextTests.test_local_soul_is_style_only_and_bounded) ... ok
2026-09-24T05:49:16.3360790Z test_historical_accepted_proof_cannot_claim_drifted_worktree_is_verified (test_idleproof_freshness.IdleProofFreshnessTests.test_historical_accepted_proof_cannot_claim_drifted_worktree_is_verified) ... ok
2026-09-24T05:49:16.3644130Z test_snapshot_omits_invalid_local_protection_projection (test_idleproof_protect_projection.IdleProofProtectProjectionTests.test_snapshot_omits_invalid_local_protection_projection) ... ok
2026-09-24T05:49:16.3908866Z test_snapshot_projects_only_bounded_aggregate_protection (test_idleproof_protect_projection.IdleProofProtectProjectionTests.test_snapshot_projects_only_bounded_aggregate_protection) ... ok
2026-09-24T05:49:16.4156201Z test_auto_installs_only_detected_project_providers (test_idleproof_sidecar.IntegrationTests.test_auto_installs_only_detected_project_providers) ... ok
2026-09-24T05:49:16.4332685Z test_auto_without_a_detected_provider_is_actionable_and_non_mutating (test_idleproof_sidecar.IntegrationTests.test_auto_without_a_detected_provider_is_actionable_and_non_mutating) ... ok
2026-09-24T05:49:16.4551882Z test_install_migrates_provider_neutral_hooks_without_double_execution (test_idleproof_sidecar.IntegrationTests.test_install_migrates_provider_neutral_hooks_without_double_execution) ... ok
2026-09-24T05:49:16.5045412Z test_install_status_and_uninstall_are_non_destructive (test_idleproof_sidecar.IntegrationTests.test_install_status_and_uninstall_are_non_destructive) ... ok
2026-09-24T05:49:16.5427183Z test_local_project_identity_is_stable_and_repo_bound (test_idleproof_sidecar.IntegrationTests.test_local_project_identity_is_stable_and_repo_bound) ... ok
2026-09-24T05:49:16.5667455Z test_assurance_bridge_rejects_envelope_that_violates_privacy_boundary (test_idleproof_sidecar.PortalSidecarTests.test_assurance_bridge_rejects_envelope_that_violates_privacy_boundary) ... ok
2026-09-24T05:49:16.6113720Z test_dry_run_needs_no_token_and_exposes_bounded_snapshot (test_idleproof_sidecar.PortalSidecarTests.test_dry_run_needs_no_token_and_exposes_bounded_snapshot) ... ok
2026-09-24T05:49:16.6357812Z test_endpoint_policy_and_token_is_never_persisted (test_idleproof_sidecar.PortalSidecarTests.test_endpoint_policy_and_token_is_never_persisted) ... ok
2026-09-24T05:49:17.1878886Z test_real_local_http_sync_sends_only_bounded_snapshot_and_uses_env_token (test_idleproof_sidecar.PortalSidecarTests.test_real_local_http_sync_sends_only_bounded_snapshot_and_uses_env_token) ... ok
2026-09-24T05:49:17.2348804Z test_snapshot_is_bounded_deterministic_and_preserves_inconclusive_proof (test_idleproof_sidecar.PortalSidecarTests.test_snapshot_is_bounded_deterministic_and_preserves_inconclusive_proof) ... ok
2026-09-24T05:49:17.2883827Z test_tracked_soul_remains_part_of_the_software_tree (test_idleproof_soul_snapshot.IdleProofSoulSnapshotTests.test_tracked_soul_remains_part_of_the_software_tree) ... ok
2026-09-24T05:49:17.3226711Z test_untracked_soul_preferences_do_not_change_candidate_tree (test_idleproof_soul_snapshot.IdleProofSoulSnapshotTests.test_untracked_soul_preferences_do_not_change_candidate_tree) ... ok
2026-09-24T05:49:17.3230018Z test_api_key_cannot_be_sent_over_plain_http_except_loopback (test_idleproof_user_inference.IdleProofUserInferenceTests.test_api_key_cannot_be_sent_over_plain_http_except_loopback) ... ok
2026-09-24T05:49:17.3493067Z test_cache_is_content_addressed_by_context_endpoint_and_model (test_idleproof_user_inference.IdleProofUserInferenceTests.test_cache_is_content_addressed_by_context_endpoint_and_model) ... ok
2026-09-24T05:49:17.3917778Z test_default_dw_explain_never_builds_a_network_opener (test_idleproof_user_inference.IdleProofUserInferenceTests.test_default_dw_explain_never_builds_a_network_opener) ... ok
2026-09-24T05:49:17.3919502Z test_human_output_always_shows_deterministic_original_before_labelled_ai_wording (test_idleproof_user_inference.IdleProofUserInferenceTests.test_human_output_always_shows_deterministic_original_before_labelled_ai_wording) ... ok
2026-09-24T05:49:17.4466782Z test_managed_engine_is_impossible_from_oss_cli_and_falls_back (test_idleproof_user_inference.IdleProofUserInferenceTests.test_managed_engine_is_impossible_from_oss_cli_and_falls_back) ... ok
2026-09-24T05:49:17.5073628Z test_openrouter_uses_only_user_key_and_cache_prevents_second_provider_call (test_idleproof_user_inference.IdleProofUserInferenceTests.test_openrouter_uses_only_user_key_and_cache_prevents_second_provider_call) ... ok
2026-09-24T05:49:17.5080520Z test_provider_control_characters_are_neutralized_before_display_or_cache (test_idleproof_user_inference.IdleProofUserInferenceTests.test_provider_control_characters_are_neutralized_before_display_or_cache) ... ok
2026-09-24T05:49:17.5087113Z test_slots_presentation_units_serialize_and_provider_rewrites_only_existing_ids (test_idleproof_user_inference.IdleProofUserInferenceTests.test_slots_presentation_units_serialize_and_provider_rewrites_only_existing_ids) ... ok
2026-09-24T05:49:20.1065243Z test_minimal_sufficient_core_and_surplus_hunk (test_integration.IntegrationTests.test_minimal_sufficient_core_and_surplus_hunk) ... ok
2026-09-24T05:49:20.6699475Z test_mutual_backup_pair_is_detected (test_integration.IntegrationTests.test_mutual_backup_pair_is_detected) ... ok
2026-09-24T05:49:20.7070734Z test_snapshot_ignores_untracked_runtime_caches_but_keeps_untracked_source (test_integration.IntegrationTests.test_snapshot_ignores_untracked_runtime_caches_but_keeps_untracked_source) ... ok
2026-09-24T05:49:20.7360574Z test_tracked_cache_named_file_is_never_silently_hidden (test_integration.IntegrationTests.test_tracked_cache_named_file_is_never_silently_hidden) ... ok
2026-09-24T05:49:20.7618020Z test_worktree_snapshot_does_not_require_persistent_git_identity (test_integration.IntegrationTests.test_worktree_snapshot_does_not_require_persistent_git_identity) ... ok
2026-09-24T05:49:20.9128948Z test_explicit_french_and_precedence_preserve_view_and_never_leak (test_language.LanguageTests.test_explicit_french_and_precedence_preserve_view_and_never_leak) ... ok
2026-09-24T05:49:21.1823164Z test_french_environment_defaults_to_english_without_persisting_language (test_language.LanguageTests.test_french_environment_defaults_to_english_without_persisting_language) ... ok
2026-09-24T05:49:22.0247200Z test_french_human_surfaces_and_json_are_language_and_view_invariant (test_language.LanguageTests.test_french_human_surfaces_and_json_are_language_and_view_invariant) ... ok
2026-09-24T05:49:22.0327889Z test_invalid_choice_and_missing_repo_do_not_save_or_leak (test_language.LanguageTests.test_invalid_choice_and_missing_repo_do_not_save_or_leak) ... ok
2026-09-24T05:49:22.0448918Z test_native_protocol_and_agent_arguments_do_not_inherit_ui_language (test_language.LanguageTests.test_native_protocol_and_agent_arguments_do_not_inherit_ui_language) ... ok
2026-09-24T05:49:22.4126059Z test_same_executed_evidence_produces_identical_certificates_in_both_languages (test_language.LanguageTests.test_same_executed_evidence_produces_identical_certificates_in_both_languages) ... ok
2026-09-24T05:49:22.4188057Z test_event_sourced_lifecycle_and_reopen (test_ledger.LedgerTests.test_event_sourced_lifecycle_and_reopen) ... ok
2026-09-24T05:49:22.4209680Z test_hash_valid_but_invalid_transition_fails_closed (test_ledger.LedgerTests.test_hash_valid_but_invalid_transition_fails_closed) ... ok
2026-09-24T05:49:22.4257959Z test_project_reconciliation_only_closes_project_rules (test_ledger.LedgerTests.test_project_reconciliation_only_closes_project_rules) ... ok
2026-09-24T05:49:22.4259535Z test_semantic_identity_mismatch_fails_closed_on_load (test_ledger.LedgerTests.test_semantic_identity_mismatch_fails_closed_on_load)
2026-09-24T05:49:22.4280268Z A hash-valid imported event cannot relabel a signal under another DW id. ... ok
2026-09-24T05:49:22.4325168Z test_stale_accept_cannot_accept_debt_resolved_by_another_process (test_ledger.LedgerTests.test_stale_accept_cannot_accept_debt_resolved_by_another_process) ... ok
2026-09-24T05:49:22.4327111Z test_stale_instances_append_without_losing_events (test_ledger.LedgerTests.test_stale_instances_append_without_losing_events)
2026-09-24T05:49:22.4362854Z Two agents that loaded the same ledger must not overwrite each other. ... ok
2026-09-24T05:49:22.4364320Z test_stale_instances_do_not_double_introduce_same_debt (test_ledger.LedgerTests.test_stale_instances_do_not_double_introduce_same_debt)
2026-09-24T05:49:22.4388605Z The state decision and append must share the same lock, not only the disk write. ... ok
2026-09-24T05:49:22.4462707Z test_stale_persist_cannot_overwrite_newer_history (test_ledger.LedgerTests.test_stale_persist_cannot_overwrite_newer_history) ... ok
2026-09-24T05:49:22.4485104Z test_tampering_breaks_integrity (test_ledger.LedgerTests.test_tampering_breaks_integrity) ... ok
2026-09-24T05:49:22.4488771Z test_unknown_event_type_is_rejected (test_ledger.LedgerTests.test_unknown_event_type_is_rejected) ... ok
2026-09-24T05:49:22.5222407Z test_checkpoint_and_status_are_exposed_through_dw (test_ledger_cli.LedgerCliTests.test_checkpoint_and_status_are_exposed_through_dw) ... ok
2026-09-24T05:49:22.5359022Z test_missing_remote_is_reported_as_cli_error_not_traceback (test_ledger_cli.LedgerCliTests.test_missing_remote_is_reported_as_cli_error_not_traceback) ... DiffWitness 0.4.0a1 - counterfactual patch evidence
2026-09-24T05:49:22.5360212Z repo:      /tmp/tmpcis3vcy4
2026-09-24T05:49:22.5360589Z base:      f2bf2f70c9c1a6a51e325ee3ab5a314ec28b2630 (f2bf2f70c9c1)
2026-09-24T05:49:22.5361219Z candidate: ba0ba2259e103e395e7723fb7b1df55b811de88c (ba0ba2259e10)
2026-09-24T05:49:22.5362217Z evidence:  "/opt/hostedtoolcache/Python/3.11.16/x64/bin/python" -m unittest discover -s tests -q
2026-09-24T05:49:22.5362795Z stability: 1 run(s) per variant
2026-09-24T05:49:22.5363078Z budget:    899.78s total; 300s per command
2026-09-24T05:49:22.5363471Z changes:   1 analyzed mutation(s); 1 changed test file(s)
2026-09-24T05:49:22.5363785Z 
2026-09-24T05:49:22.5364300Z contrast:  BASE STABLE-FAIL -> CANDIDATE STABLE-PASS
2026-09-24T05:49:22.5364935Z 
2026-09-24T05:49:22.5365224Z WITNESSED         +1/-1  auth/session.py hunk 1/1  [stable-fail]
2026-09-24T05:49:22.5365669Z 
2026-09-24T05:49:22.5365887Z summary: 1 witnessed, 0 unwitnessed, 0 inconclusive
2026-09-24T05:49:22.5366473Z core:    1 minimal sufficient set(s) of 1 hunk(s)
2026-09-24T05:49:22.5366987Z cert:    dw2_ab5ad6956607b25347d9
2026-09-24T05:49:22.5367490Z DiffWitness Gate accepted (dw2_ab5ad6956607b25347d9)
2026-09-24T05:49:22.5367876Z 
2026-09-24T05:49:22.5368053Z DiffWitness Guard: PROOF ACCEPTED
2026-09-24T05:49:22.5368604Z 
2026-09-24T05:49:22.5368700Z CHANGE DEBT
2026-09-24T05:49:22.5368917Z +1 point(s) / 1 obligation(s)
2026-09-24T05:49:22.5369170Z   security           +1
2026-09-24T05:49:22.5369835Z   DW-F90AD233C569 +1 security/heuristic — Security-sensitive surface changed
2026-09-24T05:49:22.5370341Z Debt budget: EXCEEDED — projected total 1; new 1
2026-09-24T05:49:22.5370702Z   ! new debt 1 exceeds per-change budget 0
2026-09-24T05:49:22.5371091Z Debt Ledger: rejected change was not admitted to the durable ledger.
2026-09-24T05:49:22.5371863Z IdleProof explanation: /tmp/tmpcis3vcy4/.git/diffwitness/idleproof-explanation.json
2026-09-24T05:49:22.5372439Z Change envelope: /tmp/tmpcis3vcy4/.git/diffwitness/change-envelope.json
2026-09-24T05:49:22.5373299Z Project continuity: 4 new change event(s) · dwchg_8fe7cadc0a19ec078adb2b2b
2026-09-24T05:49:22.5598037Z ok
2026-09-24T05:49:22.5603212Z test_non_object_jsonl_record_fails_closed (test_ledger_corruption.LedgerCorruptionTests.test_non_object_jsonl_record_fails_closed) ... ok
2026-09-24T05:49:22.5628674Z test_truncated_jsonl_tail_fails_closed_and_is_not_repaired_silently (test_ledger_corruption.LedgerCorruptionTests.test_truncated_jsonl_tail_fails_closed_and_is_not_repaired_silently) ... ok
2026-09-24T05:49:22.6232875Z test_checkpoint_history_is_fast_forward_only (test_ledger_transport.LedgerTransportTests.test_checkpoint_history_is_fast_forward_only) ... ok
2026-09-24T05:49:22.6574087Z test_checkpoint_is_idempotent_for_unchanged_ledger (test_ledger_transport.LedgerTransportTests.test_checkpoint_is_idempotent_for_unchanged_ledger) ... ok
2026-09-24T05:49:22.6988181Z test_checkpoint_restores_into_empty_clone_state_without_touching_head (test_ledger_transport.LedgerTransportTests.test_checkpoint_restores_into_empty_clone_state_without_touching_head) ... ok
2026-09-24T05:49:22.7587233Z test_checkpoint_tree_and_blob_are_platform_canonical (test_ledger_transport.LedgerTransportTests.test_checkpoint_tree_and_blob_are_platform_canonical) ... ok
2026-09-24T05:49:22.8847554Z test_missing_remote_ref_cannot_reuse_stale_tracking_ref (test_ledger_transport.LedgerTransportTests.test_missing_remote_ref_cannot_reuse_stale_tracking_ref) ... ok
2026-09-24T05:49:23.0953276Z test_remote_concurrent_update_never_force_overwrites (test_ledger_transport.LedgerTransportTests.test_remote_concurrent_update_never_force_overwrites) ... ok
2026-09-24T05:49:23.2508178Z test_remote_push_and_fresh_pull_round_trip (test_ledger_transport.LedgerTransportTests.test_remote_push_and_fresh_pull_round_trip) ... ok
2026-09-24T05:49:23.2997964Z test_exhausted_failed_proof_terminates_unverified (test_legacy_stop_contract.LegacyStopContractTests.test_exhausted_failed_proof_terminates_unverified) ... ok
2026-09-24T05:49:23.3235232Z test_missing_or_invalid_start_state_terminates_unverified_without_a_loop (test_legacy_stop_contract.LegacyStopContractTests.test_missing_or_invalid_start_state_terminates_unverified_without_a_loop) ... ok
2026-09-24T05:49:23.3552712Z test_no_change_success_omits_decision (test_legacy_stop_contract.LegacyStopContractTests.test_no_change_success_omits_decision) ... ok
2026-09-24T05:49:23.3554561Z test_payload_contract_reserves_decision_for_blocks (test_legacy_stop_contract.LegacyStopContractTests.test_payload_contract_reserves_decision_for_blocks) ... ok
2026-09-24T05:49:23.9394222Z test_native_proof_debt_understand_and_status_use_real_worktree_metadata (test_linked_worktree_product.LinkedWorktreeProductTests.test_native_proof_debt_understand_and_status_use_real_worktree_metadata) ... ok
2026-09-24T05:49:23.9615810Z test_damaged_or_duplicate_marker_blocks_fail_closed_without_rewriting_user_rules (test_local_git_state.LocalGitStateTests.test_damaged_or_duplicate_marker_blocks_fail_closed_without_rewriting_user_rules) ... ok
2026-09-24T05:49:23.9969223Z test_local_excludes_are_idempotent_preserve_user_rules_and_keep_tracked_files_visible (test_local_git_state.LocalGitStateTests.test_local_excludes_are_idempotent_preserve_user_rules_and_keep_tracked_files_visible) ... ok
2026-09-24T05:49:24.0163573Z test_setup_install_fails_before_sidecar_if_git_metadata_cannot_be_prepared (test_local_git_state.LocalGitStateTests.test_setup_install_fails_before_sidecar_if_git_metadata_cannot_be_prepared) ... ok
2026-09-24T05:49:24.0558549Z test_setup_install_prepares_local_excludes_before_sidecar_runs (test_local_git_state.LocalGitStateTests.test_setup_install_prepares_local_excludes_before_sidecar_runs) ... ok
2026-09-24T05:49:26.4062343Z test_all_kinds_nonascii_and_fr_en_keep_same_citations (test_memory_code.MemoryCodeTests.test_all_kinds_nonascii_and_fr_en_keep_same_citations) ... ok
2026-09-24T05:49:27.2440392Z test_code_drift_revalidation_keeps_authorities_and_index (test_memory_code.MemoryCodeTests.test_code_drift_revalidation_keeps_authorities_and_index) ... ok
2026-09-24T05:49:27.9349087Z test_deleted_and_explicitly_moved_reference (test_memory_code.MemoryCodeTests.test_deleted_and_explicitly_moved_reference) ... ok
2026-09-24T05:49:28.7191976Z test_deleted_role_can_be_explicitly_cleared_but_not_both_roles (test_memory_code.MemoryCodeTests.test_deleted_role_can_be_explicitly_cleared_but_not_both_roles) ... ok
2026-09-24T05:49:28.8131742Z test_forged_git_digest_cannot_be_reported_as_unchanged (test_memory_code.MemoryCodeTests.test_forged_git_digest_cannot_be_reported_as_unchanged) ... ok
2026-09-24T05:49:28.9603172Z test_forged_source_reference_rejected_on_all_readers (test_memory_code.MemoryCodeTests.test_forged_source_reference_rejected_on_all_readers) ... ok
2026-09-24T05:49:29.5084511Z test_invalid_selections_and_inactive_memory_do_not_append (test_memory_code.MemoryCodeTests.test_invalid_selections_and_inactive_memory_do_not_append) ... ok
2026-09-24T05:49:29.6947134Z test_missing_baseline_object_and_corrupt_bytes_fail_closed (test_memory_code.MemoryCodeTests.test_missing_baseline_object_and_corrupt_bytes_fail_closed) ... ok
2026-09-24T05:49:29.7792980Z test_schema_authority_and_subject_collision_rejected (test_memory_code.MemoryCodeTests.test_schema_authority_and_subject_collision_rejected) ... ok
2026-09-24T05:49:30.3723036Z test_stale_binding_and_memory_revision_fail_atomically (test_memory_code.MemoryCodeTests.test_stale_binding_and_memory_revision_fail_atomically) ... ok
2026-09-24T05:49:30.6393711Z test_types_and_budgets_fail_without_false_unchanged (test_memory_code.MemoryCodeTests.test_types_and_budgets_fail_without_false_unchanged) ... ok
2026-09-24T05:49:33.2897721Z test_all_four_kinds_confirm_retire_and_reconsider_preserve_assertion (test_memory_lifecycle.MemoryLifecycleTests.test_all_four_kinds_confirm_retire_and_reconsider_preserve_assertion) ... ok
2026-09-24T05:49:33.4580848Z test_confirmation_does_not_promote_or_replace_original_assertion_authority (test_memory_lifecycle.MemoryLifecycleTests.test_confirmation_does_not_promote_or_replace_original_assertion_authority) ... ok
2026-09-24T05:49:33.6420963Z test_hash_valid_invalid_revision_is_rejected_by_checkpoint_and_old_cache (test_memory_lifecycle.MemoryLifecycleTests.test_hash_valid_invalid_revision_is_rejected_by_checkpoint_and_old_cache) ... ok
2026-09-24T05:49:34.6719184Z test_installed_presentations_retain_failed_approaches_and_distinct_review_authority (test_memory_lifecycle.MemoryLifecycleTests.test_installed_presentations_retain_failed_approaches_and_distinct_review_authority) ... ok
2026-09-24T05:49:35.2386655Z test_invalid_replacements_and_unknown_kind_fail_without_partial_history (test_memory_lifecycle.MemoryLifecycleTests.test_invalid_replacements_and_unknown_kind_fail_without_partial_history) ... ok
2026-09-24T05:49:35.2878114Z test_profile_cannot_promote_judgment_or_smuggle_replacement_relations (test_memory_lifecycle.MemoryLifecycleTests.test_profile_cannot_promote_judgment_or_smuggle_replacement_relations) ... ok
2026-09-24T05:49:35.5037195Z test_public_redeclaration_of_managed_identity_is_a_controlled_rejection (test_memory_lifecycle.MemoryLifecycleTests.test_public_redeclaration_of_managed_identity_is_a_controlled_rejection) ... ok
2026-09-24T05:49:35.8441436Z test_rejected_memory_and_edges_do_not_seed_context_but_history_remains (test_memory_lifecycle.MemoryLifecycleTests.test_rejected_memory_and_edges_do_not_seed_context_but_history_remains) ... ok
2026-09-24T05:49:35.9816466Z test_stale_revision_is_rejected_atomically_and_source_cannot_be_overwritten (test_memory_lifecycle.MemoryLifecycleTests.test_stale_revision_is_rejected_atomically_and_source_cannot_be_overwritten) ... ok
2026-09-24T05:49:36.4539729Z test_supersession_is_immutable_and_bidirectional_with_exact_replacement_reference (test_memory_lifecycle.MemoryLifecycleTests.test_supersession_is_immutable_and_bidirectional_with_exact_replacement_reference) ... ok
2026-09-24T05:49:36.4821958Z test_codex_configuration_never_implies_provider_trust (test_native_activation.NativeActivationTests.test_codex_configuration_never_implies_provider_trust) ... ok
2026-09-24T05:49:36.7672209Z test_concurrent_provider_observations_do_not_lose_updates (test_native_activation.NativeActivationTests.test_concurrent_provider_observations_do_not_lose_updates) ... ok
2026-09-24T05:49:36.8024633Z test_linked_worktree_uses_real_git_metadata_and_keeps_activation_local (test_native_activation.NativeActivationTests.test_linked_worktree_uses_real_git_metadata_and_keeps_activation_local) ... ok
2026-09-24T05:49:36.8238143Z test_start_cause_cannot_be_mistaken_for_a_provider (test_native_activation.NativeActivationTests.test_start_cause_cannot_be_mistaken_for_a_provider) ... ok
2026-09-24T05:49:36.8505789Z test_successful_provider_session_start_records_real_observation (test_native_activation.NativeActivationTests.test_successful_provider_session_start_records_real_observation) ... ok
2026-09-24T05:49:36.8661422Z test_unknown_source_cannot_fabricate_native_provider_observation (test_native_activation.NativeActivationTests.test_unknown_source_cannot_fabricate_native_provider_observation) ... ok
2026-09-24T05:49:36.9146972Z test_native_prompt_context_never_tells_active_agent_to_launch_guard (test_native_hook_contracts.NativeHookContractTests.test_native_prompt_context_never_tells_active_agent_to_launch_guard) ... ok
2026-09-24T05:49:36.9563014Z test_native_prompt_without_session_start_does_not_spawn_fallback_agent (test_native_hook_contracts.NativeHookContractTests.test_native_prompt_without_session_start_does_not_spawn_fallback_agent) ... ok
2026-09-24T05:49:36.9565116Z test_stop_block_preserves_block_and_reason (test_native_hook_contracts.NativeHookContractTests.test_stop_block_preserves_block_and_reason) ... ok
2026-09-24T05:49:36.9566771Z test_stop_success_omits_unsupported_approve_decision (test_native_hook_contracts.NativeHookContractTests.test_stop_success_omits_unsupported_approve_decision) ... ok
2026-09-24T05:49:36.9568334Z test_terminal_stop_failure_never_requests_another_agent_turn (test_native_hook_contracts.NativeHookContractTests.test_terminal_stop_failure_never_requests_another_agent_turn) ... ok
2026-09-24T05:49:37.0107922Z test_committed_patch_round_trip_preserves_mixed_endings_and_utf8_context (test_native_patch_bytes.NativePatchBytesTests.test_committed_patch_round_trip_preserves_mixed_endings_and_utf8_context) ... ok
2026-09-24T05:49:38.7483157Z test_native_staged_unborn_counterfactual_uses_exact_lf_and_crlf_bytes (test_native_patch_bytes.NativePatchBytesTests.test_native_staged_unborn_counterfactual_uses_exact_lf_and_crlf_bytes) ... ok
2026-09-24T05:49:38.7726310Z test_a_new_scope_never_reuses_a_previous_git_resolution (test_native_prompt_resolution.NativeResolutionTests.test_a_new_scope_never_reuses_a_previous_git_resolution) ... ok
2026-09-24T05:49:38.8335618Z test_historical_corruption_between_prompts_cannot_reuse_advisory_memory (test_native_prompt_resolution.NativeResolutionTests.test_historical_corruption_between_prompts_cannot_reuse_advisory_memory) ... ok
2026-09-24T05:49:38.8538980Z test_linked_worktree_roots_are_distinct_but_journal_is_shared (test_native_prompt_resolution.NativeResolutionTests.test_linked_worktree_roots_are_distinct_but_journal_is_shared) ... Preparing worktree (detached HEAD 7963d07)
2026-09-24T05:49:38.8661756Z ok
2026-09-24T05:49:38.9434520Z test_native_prompt_reuses_only_repository_paths_within_one_invocation (test_native_prompt_resolution.NativeResolutionTests.test_native_prompt_reuses_only_repository_paths_within_one_invocation) ... ok
2026-09-24T05:49:38.9730742Z test_scoped_paths_are_discarded_on_exit_and_exception (test_native_prompt_resolution.NativeResolutionTests.test_scoped_paths_are_discarded_on_exit_and_exception) ... ok
2026-09-24T05:49:48.3458318Z test_generated_hooks_complete_all_guided_and_technical_provider_journeys (test_native_setup_journeys.NativeSetupJourneyTests.test_generated_hooks_complete_all_guided_and_technical_provider_journeys) ... ok
2026-09-24T05:49:48.3646535Z test_invalid_bytes_are_not_reinterpreted_as_locale_text (test_native_utf8_protocol.NativeUtf8ProtocolTests.test_invalid_bytes_are_not_reinterpreted_as_locale_text) ... ok
2026-09-24T05:49:48.9780647Z test_real_adapters_ignore_locale_for_native_utf8_input_and_output (test_native_utf8_protocol.NativeUtf8ProtocolTests.test_real_adapters_ignore_locale_for_native_utf8_input_and_output) ... ok
2026-09-24T05:49:48.9786125Z test_text_streams_and_non_object_payloads_keep_existing_contract (test_native_utf8_protocol.NativeUtf8ProtocolTests.test_text_streams_and_non_object_payloads_keep_existing_contract) ... ok
2026-09-24T05:49:49.0050831Z test_nested_idleproof_and_agent_hook_state_are_not_software_changes (test_nested_idleproof_plumbing.NestedLocalToolArtifactsTests.test_nested_idleproof_and_agent_hook_state_are_not_software_changes) ... ok
2026-09-24T05:49:49.0054335Z test_distinct_invalid_bytes_are_rejected_before_identity (test_patch_encoding_boundary.PatchEncodingBoundaryTests.test_distinct_invalid_bytes_are_rejected_before_identity) ... ok
2026-09-24T05:49:49.0935490Z test_real_prove_rejects_non_utf8_before_analysis_or_outputs (test_patch_encoding_boundary.PatchEncodingBoundaryTests.test_real_prove_rejects_non_utf8_before_analysis_or_outputs) ... ok
2026-09-24T05:49:50.0403481Z test_utf8_prove_persists_certificate_and_exact_crlf_reduction (test_patch_encoding_boundary.PatchEncodingBoundaryTests.test_utf8_prove_persists_certificate_and_exact_crlf_reduction) ... ok
2026-09-24T05:49:50.1239418Z test_native_handoff_blocks_an_intact_but_canonically_unaccepted_proof_before_debt_or_continuity (test_plugin_context_hook.PluginContextHookTests.test_native_handoff_blocks_an_intact_but_canonically_unaccepted_proof_before_debt_or_continuity) ... ok
2026-09-24T05:49:51.5505887Z test_native_session_stop_converges_on_proof_debt_envelope_and_continuity_without_guard_wrapper (test_plugin_context_hook.PluginContextHookTests.test_native_session_stop_converges_on_proof_debt_envelope_and_continuity_without_guard_wrapper) ... ok
2026-09-24T05:49:51.7088472Z test_prompt_submit_fails_open_outside_git_repository (test_plugin_context_hook.PluginContextHookTests.test_prompt_submit_fails_open_outside_git_repository) ... ok
2026-09-24T05:49:52.0698109Z test_prompt_submit_injects_bounded_epistemic_context_without_persisting_prompt (test_plugin_context_hook.PluginContextHookTests.test_prompt_submit_injects_bounded_epistemic_context_without_persisting_prompt) ... ok
2026-09-24T05:49:52.2845006Z test_prompt_submit_without_text_is_noop (test_plugin_context_hook.PluginContextHookTests.test_prompt_submit_without_text_is_noop) ... ok
2026-09-24T05:49:52.2847053Z test_help_exposes_only_diffwitness_commands (test_portal_proxy.PortalProxyTests.test_help_exposes_only_diffwitness_commands) ... ok
2026-09-24T05:49:52.2860085Z test_local_git_exclude_failure_blocks_state_creating_commands (test_portal_proxy.PortalProxyTests.test_local_git_exclude_failure_blocks_state_creating_commands) ... ok
2026-09-24T05:49:52.2874385Z test_missing_sidecar_is_actionable (test_portal_proxy.PortalProxyTests.test_missing_sidecar_is_actionable) ... ok
2026-09-24T05:49:52.2892776Z test_proxy_forwards_argv_without_shell_or_token_rewriting (test_portal_proxy.PortalProxyTests.test_proxy_forwards_argv_without_shell_or_token_rewriting) ... ok
2026-09-24T05:49:52.2924091Z test_snapshot_is_local_and_does_not_require_sidecar_or_portal_config (test_portal_proxy.PortalProxyTests.test_snapshot_is_local_and_does_not_require_sidecar_or_portal_config) ... ok
2026-09-24T05:49:52.2933844Z test_snapshot_rejects_unknown_options_without_network_or_sidecar (test_portal_proxy.PortalProxyTests.test_snapshot_rejects_unknown_options_without_network_or_sidecar) ... ok
2026-09-24T05:49:52.2947955Z test_start_failure_does_not_expose_internal_sidecar_term (test_portal_proxy.PortalProxyTests.test_start_failure_does_not_expose_internal_sidecar_term) ... ok
2026-09-24T05:49:52.2955995Z test_unknown_sidecar_surface_is_rejected (test_portal_proxy.PortalProxyTests.test_unknown_sidecar_surface_is_rejected) ... ok
2026-09-24T05:49:52.2957109Z test_balanced_and_strict_policies_are_distinct (test_proof_cli.ProofCliTests.test_balanced_and_strict_policies_are_distinct) ... ok
2026-09-24T05:49:52.3065307Z test_doctor_explains_default_detection (test_proof_cli.ProofCliTests.test_doctor_explains_default_detection) ... ok
2026-09-24T05:49:52.6378019Z test_guard_adaptive_accepts_one_hunk_proven_fix (test_proof_cli.ProofCliTests.test_guard_adaptive_accepts_one_hunk_proven_fix) ... ok
2026-09-24T05:49:53.3104376Z test_guard_auto_routes_large_enough_patch_to_adaptive_and_rejects_surplus (test_proof_cli.ProofCliTests.test_guard_auto_routes_large_enough_patch_to_adaptive_and_rejects_surplus) ... 
2026-09-24T05:49:53.3105872Z DiffWitness Guard: PROOF REJECTED - Adaptive Core found 1 mutation(s) removable while preserving the selected stable evidence
2026-09-24T05:49:53.3127743Z ok
2026-09-24T05:49:53.3822823Z test_guard_captures_pre_agent_state_and_accepts_proven_fix (test_proof_cli.ProofCliTests.test_guard_captures_pre_agent_state_and_accepts_proven_fix) ... DiffWitness Guard armed at 58e09e033d87
2026-09-24T05:49:53.3825241Z Evidence: "/opt/hostedtoolcache/Python/3.11.16/x64/bin/python" -m unittest discover -s tests -q
2026-09-24T05:49:53.3826124Z Policy:   strict
2026-09-24T05:49:53.3826477Z Strategy: adaptive
2026-09-24T05:49:53.3826864Z Budget:   900s proof wall clock
2026-09-24T05:49:53.3827152Z 
2026-09-24T05:49:53.3827571Z DiffWitness Guard selected adaptive proof for 1 production mutation(s).
2026-09-24T05:49:53.3828270Z DiffWitness Adaptive Core
2026-09-24T05:49:53.3828537Z contrast:    PROVEN
2026-09-24T05:49:53.3828756Z mutations:   1 original
2026-09-24T05:49:53.3828979Z core:        1 retained
2026-09-24T05:49:53.3829209Z removable:   0 observed removable
2026-09-24T05:49:53.3829487Z experiments: 1/40
2026-09-24T05:49:53.3829692Z 1-minimal:   yes
2026-09-24T05:49:53.3829921Z certificate: dwac1_6e183765b11742ff2601
2026-09-24T05:49:53.3830114Z 
2026-09-24T05:49:53.3830192Z Causal core:
2026-09-24T05:49:53.3830402Z   KEEP    calc.py hunk 1/1
2026-09-24T05:49:53.3830563Z 
2026-09-24T05:49:53.3830739Z DiffWitness Guard: PROOF ACCEPTED (dwac1_6e183765b11742ff2601)
2026-09-24T05:49:53.3831109Z DiffWitness Guard armed at 4fb6629a39dd
2026-09-24T05:49:53.3831583Z Evidence: "/opt/hostedtoolcache/Python/3.11.16/x64/bin/python" -m unittest discover -s tests -q
2026-09-24T05:49:53.3832043Z Policy:   balanced
2026-09-24T05:49:53.3832269Z Strategy: auto
2026-09-24T05:49:53.3832482Z Budget:   900s proof wall clock
2026-09-24T05:49:53.3832649Z 
2026-09-24T05:49:53.3832842Z DiffWitness Guard selected adaptive proof for 2 production mutation(s).
2026-09-24T05:49:53.3833228Z DiffWitness Adaptive Core
2026-09-24T05:49:53.3833468Z contrast:    PROVEN
2026-09-24T05:49:53.3833676Z mutations:   2 original
2026-09-24T05:49:53.3833900Z core:        1 retained
2026-09-24T05:49:53.3834120Z removable:   1 observed removable
2026-09-24T05:49:53.3834411Z experiments: 3/10
2026-09-24T05:49:53.3834620Z 1-minimal:   yes
2026-09-24T05:49:53.3835512Z certificate: dwac1_cef0dda14fa7e61a6c5d
2026-09-24T05:49:53.3835720Z 
2026-09-24T05:49:53.3835799Z Causal core:
2026-09-24T05:49:53.3836019Z   KEEP    calc.py hunk 1/2
2026-09-24T05:49:53.3836180Z 
2026-09-24T05:49:53.3836282Z Evidence-removable surface:
2026-09-24T05:49:53.3836892Z   REVIEW  calc.py hunk 2/2 — def add(a, b):
2026-09-24T05:49:53.3837193Z DiffWitness Guard armed at 7938c94d8b4c
2026-09-24T05:49:53.3837915Z Evidence: "/opt/hostedtoolcache/Python/3.11.16/x64/bin/python" -m unittest discover -s tests -q
2026-09-24T05:49:53.3838398Z Policy:   strict
2026-09-24T05:49:53.3838602Z Strategy: auto
2026-09-24T05:49:53.3838813Z Budget:   900s proof wall clock
2026-09-24T05:49:53.3838992Z 
2026-09-24T05:49:53.3839195Z DiffWitness Guard selected exhaustive proof for 1 production mutation(s).
2026-09-24T05:49:53.9201870Z ok
2026-09-24T05:49:53.9961645Z test_guard_rejects_scope_creep_under_strict_policy (test_proof_cli.ProofCliTests.test_guard_rejects_scope_creep_under_strict_policy) ... DiffWitness 0.4.0a1 - counterfactual patch evidence
2026-09-24T05:49:53.9962681Z repo:      /tmp/tmp5lx8s3z8
2026-09-24T05:49:53.9963085Z base:      7938c94d8b4c4755e14848cd5757716e2935ce58 (7938c94d8b4c)
2026-09-24T05:49:53.9963570Z candidate: 3aaf5a82fcceffc38a4746637f525f1d34607774 (3aaf5a82fcce)
2026-09-24T05:49:53.9964139Z evidence:  "/opt/hostedtoolcache/Python/3.11.16/x64/bin/python" -m unittest discover -s tests -q
2026-09-24T05:49:53.9964689Z stability: 1 run(s) per variant
2026-09-24T05:49:53.9965449Z budget:    900s total; 300s per command
2026-09-24T05:49:53.9965812Z changes:   1 analyzed mutation(s); 1 changed test file(s)
2026-09-24T05:49:53.9966053Z 
2026-09-24T05:49:53.9966208Z contrast:  BASE STABLE-FAIL -> CANDIDATE STABLE-PASS
2026-09-24T05:49:53.9966452Z 
2026-09-24T05:49:53.9966923Z WITNESSED         +1/-1  calc.py hunk 1/1  [stable-fail]
2026-09-24T05:49:53.9967163Z 
2026-09-24T05:49:53.9967296Z summary: 1 witnessed, 0 unwitnessed, 0 inconclusive
2026-09-24T05:49:53.9967646Z core:    1 minimal sufficient set(s) of 1 hunk(s)
2026-09-24T05:49:53.9967955Z cert:    dw2_3ea3db594a1eaa95052e
2026-09-24T05:49:53.9968129Z 
2026-09-24T05:49:53.9968301Z DiffWitness Guard: PROOF ACCEPTED (dw2_3ea3db594a1eaa95052e)
2026-09-24T05:49:53.9968677Z DiffWitness Guard armed at 9966447983b9
2026-09-24T05:49:53.9969158Z Evidence: "/opt/hostedtoolcache/Python/3.11.16/x64/bin/python" -m unittest discover -s tests -q
2026-09-24T05:49:53.9969641Z Policy:   strict
2026-09-24T05:49:53.9969847Z Strategy: auto
2026-09-24T05:49:53.9970064Z Budget:   900s proof wall clock
2026-09-24T05:49:53.9970231Z 
2026-09-24T05:49:53.9970442Z DiffWitness Guard selected exhaustive proof for 2 production mutation(s).
2026-09-24T05:49:54.6689300Z 
2026-09-24T05:49:54.6690414Z DiffWitness Guard: PROOF REJECTED - 1 strong surplus candidate hunk(s) were found
2026-09-24T05:49:54.6719518Z ok
2026-09-24T05:49:58.7002249Z test_all_real_public_producers_verify_then_feed_debt_unchanged (test_proof_debt_families.ProofDebtFamilyTests.test_all_real_public_producers_verify_then_feed_debt_unchanged) ... ok
2026-09-24T05:50:00.5993923Z test_binding_conflicts_and_unknown_schemas_are_refused_by_both_readers (test_proof_debt_families.ProofDebtFamilyTests.test_binding_conflicts_and_unknown_schemas_are_refused_by_both_readers) ... ok
2026-09-24T05:50:03.0467668Z test_wrong_base_is_refused_before_measurement_for_every_real_family (test_proof_debt_families.ProofDebtFamilyTests.test_wrong_base_is_refused_before_measurement_for_every_real_family) ... ok
2026-09-24T05:50:04.6892239Z test_reference_semantics_all_hold (test_proofbench.ProofBenchTests.test_reference_semantics_all_hold) ... ok
2026-09-24T05:50:04.7206874Z test_codex_requires_live_activation_then_becomes_ready_after_observed_hook (test_protect.ProtectTests.test_codex_requires_live_activation_then_becomes_ready_after_observed_hook) ... ok
2026-09-24T05:50:04.7536688Z test_codex_safe_live_hook_promotes_readiness_without_a_risk_finding (test_protect.ProtectTests.test_codex_safe_live_hook_promotes_readiness_without_a_risk_finding) ... ok
2026-09-24T05:50:04.7628518Z test_default_is_off_and_never_gates (test_protect.ProtectTests.test_default_is_off_and_never_gates) ... ok
2026-09-24T05:50:04.7760102Z test_external_harness_marker_delegates_without_force (test_protect.ProtectTests.test_external_harness_marker_delegates_without_force) ... ok
2026-09-24T05:50:04.8005519Z test_force_builtin_merges_and_disable_preserves_foreign_hooks (test_protect.ProtectTests.test_force_builtin_merges_and_disable_preserves_foreign_hooks) ... ok
2026-09-24T05:50:04.8152873Z test_no_detected_adapter_does_not_create_provider_scaffolds (test_protect.ProtectTests.test_no_detected_adapter_does_not_create_provider_scaffolds) ... ok
2026-09-24T05:50:04.8387768Z test_observe_policy_records_but_does_not_block (test_protect.ProtectTests.test_observe_policy_records_but_does_not_block) ... ok
2026-09-24T05:50:05.0253480Z test_parallel_first_codex_hooks_record_one_durable_activation (test_protect.ProtectTests.test_parallel_first_codex_hooks_record_one_durable_activation) ... ok
2026-09-24T05:50:05.2260775Z test_parallel_receipt_appends_preserve_one_valid_chain (test_protect.ProtectTests.test_parallel_receipt_appends_preserve_one_valid_chain) ... ok
2026-09-24T05:50:05.2465451Z test_post_tool_reports_invalid_json_as_observed (test_protect.ProtectTests.test_post_tool_reports_invalid_json_as_observed) ... ok
2026-09-24T05:50:05.2678998Z test_receipt_integrity_detects_tampering (test_protect.ProtectTests.test_receipt_integrity_detects_tampering) ... ok
2026-09-24T05:50:05.2876897Z test_secret_is_blocked_but_secret_value_is_not_persisted (test_protect.ProtectTests.test_secret_is_blocked_but_secret_value_is_not_persisted) ... ok
2026-09-24T05:50:05.3265996Z test_standard_blocks_destructive_git_without_recording_raw_command (test_protect.ProtectTests.test_standard_blocks_destructive_git_without_recording_raw_command) ... ok
2026-09-24T05:50:05.3347138Z test_status_is_bounded_and_contains_no_raw_agent_data (test_protect.ProtectTests.test_status_is_bounded_and_contains_no_raw_agent_data) ... ok
2026-09-24T05:50:05.3638916Z test_strict_dependency_install_blocks_on_current_codex_adapter (test_protect.ProtectTests.test_strict_dependency_install_blocks_on_current_codex_adapter) ... ok
2026-09-24T05:50:05.3918461Z test_strict_dependency_install_requests_confirmation_for_claude (test_protect.ProtectTests.test_strict_dependency_install_requests_confirmation_for_claude) ... ok
2026-09-24T05:50:05.4042766Z test_tampered_tail_cannot_be_silently_extended (test_protect.ProtectTests.test_tampered_tail_cannot_be_silently_extended) ... ok
2026-09-24T05:50:05.4301103Z test_write_outside_repository_is_blocked (test_protect.ProtectTests.test_write_outside_repository_is_blocked) ... ok
2026-09-24T05:50:05.4813684Z test_claude_protect_uses_exec_form_and_preserves_native_hooks (test_protect_claude_exec_hooks.ProtectClaudeExecHookTests.test_claude_protect_uses_exec_form_and_preserves_native_hooks) ... ok
2026-09-24T05:50:05.5073372Z test_dry_run_clean_is_not_misclassified_as_forced (test_protect_command_normalization.ProtectCommandNormalizationTests.test_dry_run_clean_is_not_misclassified_as_forced) ... ok
2026-09-24T05:50:05.5696953Z test_git_global_options_cannot_bypass_forced_clean (test_protect_command_normalization.ProtectCommandNormalizationTests.test_git_global_options_cannot_bypass_forced_clean) ... ok
2026-09-24T05:50:05.6256424Z test_global_options_are_normalized_for_other_destructive_git_subcommands (test_protect_command_normalization.ProtectCommandNormalizationTests.test_global_options_are_normalized_for_other_destructive_git_subcommands) ... ok
2026-09-24T05:50:05.6421883Z test_protect_honors_explicit_setup_adapter_scope (test_protect_command_normalization.ProtectCommandNormalizationTests.test_protect_honors_explicit_setup_adapter_scope) ... ok
2026-09-24T05:50:05.6925576Z test_forced_git_clean_is_denied_before_execution_and_never_mints_proof (test_protect_destructive_end_to_end.ProtectDestructiveEndToEndTests.test_forced_git_clean_is_denied_before_execution_and_never_mints_proof) ... ok
2026-09-24T05:50:05.6941742Z test_block_maps_to_provider_deny_without_allow_override (test_protect_ide_bridge.ProtectIdeBridgeTests.test_block_maps_to_provider_deny_without_allow_override) ... ok
2026-09-24T05:50:05.6949168Z test_clean_action_emits_no_permission_decision (test_protect_ide_bridge.ProtectIdeBridgeTests.test_clean_action_emits_no_permission_decision) ... ok
2026-09-24T05:50:05.6956242Z test_post_tool_feedback_is_explicitly_observed (test_protect_ide_bridge.ProtectIdeBridgeTests.test_post_tool_feedback_is_explicitly_observed) ... ok
2026-09-24T05:50:05.6961439Z test_pre_tool_bridge_failure_fails_closed (test_protect_ide_bridge.ProtectIdeBridgeTests.test_pre_tool_bridge_failure_fails_closed) ... ok
2026-09-24T05:50:05.6970000Z test_strict_confirmation_maps_to_provider_ask (test_protect_ide_bridge.ProtectIdeBridgeTests.test_strict_confirmation_maps_to_provider_ask) ... ok
2026-09-24T05:50:05.8335319Z test_codex_reenable_waits_for_observation_without_inventing_trust_state (test_provider_trust_readiness.ProviderTrustReadinessTests.test_codex_reenable_waits_for_observation_without_inventing_trust_state) ... ok
2026-09-24T05:50:05.8390950Z test_missing_native_observation_does_not_prove_pending_approval (test_provider_trust_readiness.ProviderTrustReadinessTests.test_missing_native_observation_does_not_prove_pending_approval) ... ok
2026-09-24T05:50:05.8392429Z test_entry_resolves_to_v03_package_frontend (test_public_frontend.PublicFrontendTests.test_entry_resolves_to_v03_package_frontend) ... ok
2026-09-24T05:50:05.8546740Z test_preservation_certificate_is_integrity_and_tree_verifiable (test_public_frontend.PublicFrontendTests.test_preservation_certificate_is_integrity_and_tree_verifiable) ... DiffWitness 0.4.0a1 - counterfactual patch evidence
2026-09-24T05:50:05.8548245Z repo:      /tmp/tmpeq5eyvpz
2026-09-24T05:50:05.8548997Z base:      9966447983b98294a5cd6eca619c41df03ed9900 (9966447983b9)
2026-09-24T05:50:05.8549465Z candidate: f6e71105a0535a7bc92ec80d438192a599d4a300 (f6e71105a053)
2026-09-24T05:50:05.8550029Z evidence:  "/opt/hostedtoolcache/Python/3.11.16/x64/bin/python" -m unittest discover -s tests -q
2026-09-24T05:50:05.8550519Z stability: 1 run(s) per variant
2026-09-24T05:50:05.8550786Z budget:    900s total; 300s per command
2026-09-24T05:50:05.8551132Z changes:   2 analyzed mutation(s); 1 changed test file(s)
2026-09-24T05:50:05.8551381Z 
2026-09-24T05:50:05.8551559Z contrast:  BASE STABLE-FAIL -> CANDIDATE STABLE-PASS
2026-09-24T05:50:05.8551805Z 
2026-09-24T05:50:05.8551963Z WITNESSED         +1/-1  calc.py hunk 1/2  [stable-fail]
2026-09-24T05:50:05.8552790Z UNWITNESSED       +1/-1  calc.py hunk 2/2 — def add(a, b):  [stable-pass]
2026-09-24T05:50:05.8553081Z 
2026-09-24T05:50:05.8553228Z summary: 1 witnessed, 1 unwitnessed, 0 inconclusive
2026-09-24T05:50:05.8553590Z core:    1 minimal sufficient set(s) of 1 hunk(s)
2026-09-24T05:50:05.8553914Z surplus: 1 strong surplus candidate hunk(s)
2026-09-24T05:50:05.8554213Z cert:    dw2_f8bd95991f3ac9ae7f73
2026-09-24T05:50:06.1169457Z DiffWitness Gate: preservation-evidence under balanced policy (dwa1_a303a8e048eaf0dce2a3)
2026-09-24T05:50:06.1170293Z DiffWitness Gate accepted: balanced policy accepts stable preservation assurance
2026-09-24T05:50:06.1171196Z Project continuity: 2 new change event(s) · dwchg_13b37335784480ab38a58e21
2026-09-24T05:50:06.1391900Z ok
2026-09-24T05:50:06.2940726Z test_current_proof_staleness_is_independent_of_native_readiness (test_readiness.ReadinessTests.test_current_proof_staleness_is_independent_of_native_readiness) ... ok
2026-09-24T05:50:06.3512467Z test_historical_observation_does_not_hide_missing_hook_or_executable (test_readiness.ReadinessTests.test_historical_observation_does_not_hide_missing_hook_or_executable) ... ok
2026-09-24T05:50:06.5496667Z test_ht005_missing_hooks_preserves_configured_but_repairs_in_every_view (test_readiness.ReadinessTests.test_ht005_missing_hooks_preserves_configured_but_repairs_in_every_view) ... ok
2026-09-24T05:50:06.7609448Z test_ht012_unobserved_then_observed_is_independent_of_provider_trust_and_proof (test_readiness.ReadinessTests.test_ht012_unobserved_then_observed_is_independent_of_provider_trust_and_proof) ... ok
2026-09-24T05:50:06.8141101Z test_mixed_adapters_do_not_hide_the_unobserved_one (test_readiness.ReadinessTests.test_mixed_adapters_do_not_hide_the_unobserved_one) ... ok
2026-09-24T05:50:06.9281406Z test_protect_optional_delegated_and_pending_are_separate_from_proof (test_readiness.ReadinessTests.test_protect_optional_delegated_and_pending_are_separate_from_proof) ... ok
2026-09-24T05:50:06.9649314Z test_verification_preflight_does_not_run_the_command (test_readiness.ReadinessTests.test_verification_preflight_does_not_run_the_command) ... ok
2026-09-24T05:50:06.9657262Z test_all_canonical_release_gates_requalify_main_merges (test_release_metadata.ReleaseMetadataTests.test_all_canonical_release_gates_requalify_main_merges) ... ok
2026-09-24T05:50:06.9663032Z test_distributed_hook_locations_match_local_desktop_and_cli_contracts (test_release_metadata.ReleaseMetadataTests.test_distributed_hook_locations_match_local_desktop_and_cli_contracts) ... ok
2026-09-24T05:50:06.9671290Z test_launch_docs_keep_native_agents_primary_and_guided_first (test_release_metadata.ReleaseMetadataTests.test_launch_docs_keep_native_agents_primary_and_guided_first) ... ok
2026-09-24T05:50:06.9682007Z test_python_and_plugin_versions_describe_the_same_release (test_release_metadata.ReleaseMetadataTests.test_python_and_plugin_versions_describe_the_same_release) ... ok
2026-09-24T05:50:06.9683946Z test_release_blocks_publication_until_exact_tag_consumer_passes (test_release_metadata.ReleaseMetadataTests.test_release_blocks_publication_until_exact_tag_consumer_passes) ... ok
2026-09-24T05:50:07.0219583Z test_repay_closes_historical_test_debt_only_after_discriminating_replay (test_repay_flow.RepayFlowTests.test_repay_closes_historical_test_debt_only_after_discriminating_replay) ... certificate: dwa1_a303a8e048eaf0dce2a3
2026-09-24T05:50:07.0220980Z integrity:   valid
2026-09-24T05:50:07.0221222Z freshness:   fresh against WORKTREE
2026-09-24T05:50:07.0221502Z candidate:   embedded-tree
2026-09-24T05:50:07.0221742Z base:        embedded-tree
2026-09-24T05:50:07.0221964Z verdict:     VALID
2026-09-24T05:50:07.0222207Z Debt impact: +8 point(s) across 2 obligation(s)
2026-09-24T05:50:07.0222517Z   unverified_change  +5
2026-09-24T05:50:07.0222735Z   test               +3
2026-09-24T05:50:07.0222870Z 
2026-09-24T05:50:07.0223564Z DW-C5341F14EA5A  + 5  unverified_change/deterministic — Executable change lacks accepted DiffWitness behavioral evidence
2026-09-24T05:50:07.0224362Z DW-BA962A6458EC  + 3  test/deterministic — Production change has no changed test surface
2026-09-24T05:50:07.0224709Z 
2026-09-24T05:50:07.0225248Z Budget: PASS — projected total 8; new 8
2026-09-24T05:50:07.0225596Z Ledger: +2 introduced, 0 reopened, 0 refreshed
2026-09-24T05:50:07.0916880Z DiffWitness Repay: 1 obligation(s), 3 point(s)
2026-09-24T05:50:07.0918365Z Agent: /opt/hostedtoolcache/Python/3.11.16/x64/bin/python -c from pathlib import Path; t=Path('tests/test_app.py'); t.parent.mkdir(exist_ok=True); t.write_text("import unittest\nfrom app import add\n\nclass T(unittest.TestCase):\n    def test_add(self):\n        self.assertEqual(add(2, 3), 5)\n", encoding='utf-8')
2026-09-24T05:50:07.5048423Z ok
2026-09-24T05:50:07.5358283Z test_saved_guided_view_applies_to_doctor_explain_context_and_protect (test_rr007_guided_surface.GuidedSurfaceContractTests.test_saved_guided_view_applies_to_doctor_explain_context_and_protect) ... ok
2026-09-24T05:50:07.5359662Z test_classifies_stability (test_runner.RunnerTests.test_classifies_stability) ... ok
2026-09-24T05:50:07.5366440Z test_non_finite_command_and_proof_budgets_fail_closed (test_runner.RunnerTests.test_non_finite_command_and_proof_budgets_fail_closed) ... ok
2026-09-24T05:50:07.7105478Z test_prepare_is_recreated_before_every_repetition (test_runner.RunnerTests.test_prepare_is_recreated_before_every_repetition) ... ok
2026-09-24T05:50:07.8507734Z test_proof_repetitions_remove_ignored_state_between_runs (test_runner.RunnerTests.test_proof_repetitions_remove_ignored_state_between_runs) ... ok
2026-09-24T05:50:07.8510159Z test_timeout_terminates_descendant_processes (test_runner.RunnerTests.test_timeout_terminates_descendant_processes)
2026-09-24T05:50:09.3548344Z A timed-out evidence command must not leak workers into later proof variants. ... ok
2026-09-24T05:50:09.3550006Z test_wall_clock_budget_caps_nested_evidence_command (test_runner.RunnerTests.test_wall_clock_budget_caps_nested_evidence_command)
2026-09-24T05:50:09.5576646Z A proof-wide deadline must cap commands even when their local timeout is much larger. ... ok
2026-09-24T05:50:09.5591580Z test_explicit_launcher_wins_over_other_installation_on_path (test_runtime_executable.RuntimeExecutableTests.test_explicit_launcher_wins_over_other_installation_on_path) ... ok
2026-09-24T05:50:09.5608315Z test_explicit_override_is_resolved_once_and_not_treated_as_shell_text (test_runtime_executable.RuntimeExecutableTests.test_explicit_override_is_resolved_once_and_not_treated_as_shell_text) ... ok
2026-09-24T05:50:09.5619026Z test_frozen_binary_uses_bootloader_not_argv_or_extraction_dir (test_runtime_executable.RuntimeExecutableTests.test_frozen_binary_uses_bootloader_not_argv_or_extraction_dir) ... ok
2026-09-24T05:50:09.5632100Z test_frozen_setup_requires_explicit_sidecar_instead_of_path (test_runtime_executable.RuntimeExecutableTests.test_frozen_setup_requires_explicit_sidecar_instead_of_path) ... ok
2026-09-24T05:50:09.5649874Z test_metadata_for_another_loaded_distribution_is_rejected (test_runtime_executable.RuntimeExecutableTests.test_metadata_for_another_loaded_distribution_is_rejected) ... ok
2026-09-24T05:50:09.5916386Z test_missing_override_does_not_remove_existing_hooks (test_runtime_executable.RuntimeExecutableTests.test_missing_override_does_not_remove_existing_hooks) ... ok
2026-09-24T05:50:09.5928827Z test_symlink_freezes_the_actual_installation (test_runtime_executable.RuntimeExecutableTests.test_symlink_freezes_the_actual_installation) ... ok
2026-09-24T05:50:09.5941353Z test_unknown_programmatic_entry_cannot_fall_back_to_path (test_runtime_executable.RuntimeExecutableTests.test_unknown_programmatic_entry_cannot_fall_back_to_path) ... ok
2026-09-24T05:50:09.5952902Z test_windows_console_launcher_recovers_stripped_exe_suffix (test_runtime_executable.RuntimeExecutableTests.test_windows_console_launcher_recovers_stripped_exe_suffix) ... ok
2026-09-24T05:50:10.2625518Z test_changed_lines_and_detection_keep_native_paths (test_sensor_native_paths.SensorNativePathTests.test_changed_lines_and_detection_keep_native_paths) ... ok
2026-09-24T05:50:10.2904662Z test_enumeration_is_exact_independent_of_git_quote_configuration (test_sensor_native_paths.SensorNativePathTests.test_enumeration_is_exact_independent_of_git_quote_configuration) ... ok
2026-09-24T05:50:10.3681766Z test_exact_move_is_not_new_code_and_edited_move_keeps_native_destination (test_sensor_native_paths.SensorNativePathTests.test_exact_move_is_not_new_code_and_edited_move_keeps_native_destination) ... ok
2026-09-24T05:50:10.3909265Z test_limit_is_visible_in_actual_sensor_coverage (test_sensor_native_paths.SensorNativePathTests.test_limit_is_visible_in_actual_sensor_coverage) ... ok
2026-09-24T05:50:10.4196839Z test_non_utf8_git_identity_is_explicitly_unsupported_without_an_alias (test_sensor_native_paths.SensorNativePathTests.test_non_utf8_git_identity_is_explicitly_unsupported_without_an_alias) ... ok
2026-09-24T05:50:10.4971766Z test_real_sensor_preserves_unicode_identity_and_advisory_authority (test_sensor_native_paths.SensorNativePathTests.test_real_sensor_preserves_unicode_identity_and_advisory_authority) ... ok
2026-09-24T05:50:10.5151591Z test_exact_inventory_rejects_extras_omissions_and_byte_changes (test_source_distribution_smoke.SourceDistributionInventoryTests.test_exact_inventory_rejects_extras_omissions_and_byte_changes) ... ok
2026-09-24T05:50:11.8735628Z test_real_accepted_proof_becomes_historical_after_failing_worktree_drift (test_stale_proof_end_to_end.StaleProofEndToEndTests.test_real_accepted_proof_becomes_historical_after_failing_worktree_drift) ... DiffWitness Gate rejected: candidate is not stably green
2026-09-24T05:50:11.8962717Z ok
2026-09-24T05:50:11.9324604Z test_clean_repo_preserves_v1_navigation_contract (test_status_cli.ProjectStatusTests.test_clean_repo_preserves_v1_navigation_contract) ... ok
2026-09-24T05:50:11.9672478Z test_configured_evidence_with_missing_executable_is_not_ready (test_status_cli.ProjectStatusTests.test_configured_evidence_with_missing_executable_is_not_ready) ... ok
2026-09-24T05:50:12.0023266Z test_dirty_repo_points_to_executable_gate_with_explicit_base (test_status_cli.ProjectStatusTests.test_dirty_repo_points_to_executable_gate_with_explicit_base) ... ok
2026-09-24T05:50:12.0376709Z test_guided_and_technical_views_share_exact_same_status_model (test_status_cli.ProjectStatusTests.test_guided_and_technical_views_share_exact_same_status_model) ... ok
2026-09-24T05:50:12.0980397Z test_json_cli_is_machine_readable_non_mutating_and_view_invariant (test_status_cli.ProjectStatusTests.test_json_cli_is_machine_readable_non_mutating_and_view_invariant) ... ok
2026-09-24T05:50:12.1322865Z test_native_scope_alone_requires_repair_before_normal_agent_use (test_status_cli.ProjectStatusTests.test_native_scope_alone_requires_repair_before_normal_agent_use) ... ok
2026-09-24T05:50:12.1658201Z test_untracked_python_cache_is_navigation_noise_not_user_change (test_status_cli.ProjectStatusTests.test_untracked_python_cache_is_navigation_noise_not_user_change) ... ok
2026-09-24T05:50:12.1750726Z test_concurrent_documents_and_rejections_remain_independent (test_strict_json_decoder.StrictDecoderTests.test_concurrent_documents_and_rejections_remain_independent) ... ok
2026-09-24T05:50:12.1753897Z test_documents_and_failed_parses_do_not_share_mutable_state (test_strict_json_decoder.StrictDecoderTests.test_documents_and_failed_parses_do_not_share_mutable_state) ... ok
2026-09-24T05:50:12.1891871Z test_encoding_and_type_compatibility (test_strict_json_decoder.StrictDecoderTests.test_encoding_and_type_compatibility) ... ok
2026-09-24T05:50:12.1898536Z test_contract_rejects_path_digest_authority_and_invalid_positions (test_structure_contract.StructureContractTests.test_contract_rejects_path_digest_authority_and_invalid_positions) ... ok
2026-09-24T05:50:12.2402509Z test_invalid_provider_result_cannot_delete_previous_index (test_structure_contract.StructureContractTests.test_invalid_provider_result_cannot_delete_previous_index) ... ok
2026-09-24T05:50:12.2406200Z test_line_positions_accept_python_universal_newlines (test_structure_contract.StructureContractTests.test_line_positions_accept_python_universal_newlines) ... ok
2026-09-24T05:50:12.2886900Z test_missing_extraction_contract_stamp_forces_refresh_at_same_tree (test_structure_contract.StructureContractTests.test_missing_extraction_contract_stamp_forces_refresh_at_same_tree) ... ok
2026-09-24T05:50:12.2889024Z test_parse_failure_has_no_symbol_or_relation_claims (test_structure_contract.StructureContractTests.test_parse_failure_has_no_symbol_or_relation_claims) ... ok
2026-09-24T05:50:12.2893451Z test_python_provider_exposes_source_bound_typed_facts_and_existing_names (test_structure_contract.StructureContractTests.test_python_provider_exposes_source_bound_typed_facts_and_existing_names) ... ok
2026-09-24T05:50:12.2895886Z test_actual_transport_hash_authority_positions_and_no_values (test_structure_data.DataSyntaxTests.test_actual_transport_hash_authority_positions_and_no_values) ... skipped 'actual optional SQL/config grammars not installed'
2026-09-24T05:50:12.2897329Z test_decoded_keys_positions_and_invalid_surrogates (test_structure_data.DataSyntaxTests.test_decoded_keys_positions_and_invalid_surrogates) ... skipped 'actual optional SQL/config grammars not installed'
2026-09-24T05:50:12.2898827Z test_duplicates_invalid_encodings_and_unsupported_sql_form_fail_closed (test_structure_data.DataSyntaxTests.test_duplicates_invalid_encodings_and_unsupported_sql_form_fail_closed) ... skipped 'actual optional SQL/config grammars not installed'
2026-09-24T05:50:12.2900451Z test_immutable_tree_index_keeps_keys_and_ddl_without_dirty_values (test_structure_data.DataSyntaxTests.test_immutable_tree_index_keeps_keys_and_ddl_without_dirty_values) ... skipped 'actual optional SQL/config grammars not installed'
2026-09-24T05:50:12.2907643Z test_json_keys_are_unambiguous_and_array_items_distinct (test_structure_data.DataSyntaxTests.test_json_keys_are_unambiguous_and_array_items_distinct) ... skipped 'actual optional SQL/config grammars not installed'
2026-09-24T05:50:12.2911809Z test_missing_grammars_remain_recognized_empty (test_structure_data.DataSyntaxTests.test_missing_grammars_remain_recognized_empty) ... ok
2026-09-24T05:50:12.2914439Z test_overflowing_json_values_fail_closed_at_every_nesting_level (test_structure_data.DataSyntaxTests.test_overflowing_json_values_fail_closed_at_every_nesting_level) ... skipped 'actual optional SQL/config grammars not installed'
2026-09-24T05:50:12.2917859Z test_sql_only_top_level_ddl_names_not_query_or_literal_decoys (test_structure_data.DataSyntaxTests.test_sql_only_top_level_ddl_names_not_query_or_literal_decoys) ... skipped 'actual optional SQL/config grammars not installed'
2026-09-24T05:50:12.2920768Z test_toml_tables_and_nested_array_table_scopes (test_structure_data.DataSyntaxTests.test_toml_tables_and_nested_array_table_scopes) ... skipped 'actual optional SQL/config grammars not installed'
2026-09-24T05:50:12.2923610Z test_yaml_document_scopes_without_alias_or_tag_execution (test_structure_data.DataSyntaxTests.test_yaml_document_scopes_without_alias_or_tag_execution) ... skipped 'actual optional SQL/config grammars not installed'
2026-09-24T05:50:12.2926835Z test_absolute_and_sequential_namespaces_and_unresolved_receivers (test_structure_dynamic.DynamicSyntaxTests.test_absolute_and_sequential_namespaces_and_unresolved_receivers) ... skipped 'actual optional Ruby/PHP grammars not installed'
2026-09-24T05:50:12.2929596Z test_actual_transport_source_and_authority (test_structure_dynamic.DynamicSyntaxTests.test_actual_transport_source_and_authority) ... skipped 'actual optional Ruby/PHP grammars not installed'
2026-09-24T05:50:12.2931161Z test_heredoc_decoys_dynamic_paths_and_actual_interpolation_calls (test_structure_dynamic.DynamicSyntaxTests.test_heredoc_decoys_dynamic_paths_and_actual_interpolation_calls) ... skipped 'actual optional Ruby/PHP grammars not installed'
2026-09-24T05:50:12.2933170Z test_immutable_git_tree_index_ignores_dirty_sources (test_structure_dynamic.DynamicSyntaxTests.test_immutable_git_tree_index_ignores_dirty_sources) ... skipped 'actual optional Ruby/PHP grammars not installed'
2026-09-24T05:50:12.2934716Z test_invalid_utf8_syntax_and_reopened_identity_fail_closed (test_structure_dynamic.DynamicSyntaxTests.test_invalid_utf8_syntax_and_reopened_identity_fail_closed) ... skipped 'actual optional Ruby/PHP grammars not installed'
2026-09-24T05:50:12.2937075Z test_missing_grammars_are_recognized_empty (test_structure_dynamic.DynamicSyntaxTests.test_missing_grammars_are_recognized_empty) ... ok
2026-09-24T05:50:12.2938317Z test_php_namespace_calls_do_not_bind_to_an_arbitrary_same_name (test_structure_dynamic.DynamicSyntaxTests.test_php_namespace_calls_do_not_bind_to_an_arbitrary_same_name) ... skipped 'actual optional Ruby/PHP grammars not installed'
2026-09-24T05:50:12.2939815Z test_php_namespace_types_signatures_and_grouped_use (test_structure_dynamic.DynamicSyntaxTests.test_php_namespace_types_signatures_and_grouped_use) ... skipped 'actual optional Ruby/PHP grammars not installed'
2026-09-24T05:50:12.2941398Z test_php_parenthesized_static_include_paths_keep_edges_without_dynamic_guesses (test_structure_dynamic.DynamicSyntaxTests.test_php_parenthesized_static_include_paths_keep_edges_without_dynamic_guesses) ... skipped 'actual optional Ruby/PHP grammars not installed'
2026-09-24T05:50:12.2942974Z test_ruby_lexical_types_methods_and_literal_require (test_structure_dynamic.DynamicSyntaxTests.test_ruby_lexical_types_methods_and_literal_require) ... skipped 'actual optional Ruby/PHP grammars not installed'
2026-09-24T05:50:12.2944510Z test_comments_parentheses_templates_and_import_options_have_exact_spans (test_structure_import_calls.ImportCallTests.test_comments_parentheses_templates_and_import_options_have_exact_spans) ... skipped 'actual JS/TS optional grammars not installed'
2026-09-24T05:50:12.2946614Z test_decoys_dynamic_and_loader_members_do_not_become_targets (test_structure_import_calls.ImportCallTests.test_decoys_dynamic_and_loader_members_do_not_become_targets) ... skipped 'actual JS/TS optional grammars not installed'
2026-09-24T05:50:12.2948041Z test_escaped_direct_eval_is_an_ambiguity_barrier (test_structure_import_calls.ImportCallTests.test_escaped_direct_eval_is_an_ambiguity_barrier) ... skipped 'actual JS/TS optional grammars not installed'
2026-09-24T05:50:12.2963580Z test_invalid_source_stays_completely_unparsed (test_structure_import_calls.ImportCallTests.test_invalid_source_stays_completely_unparsed) ... skipped 'actual JS/TS optional grammars not installed'
2026-09-24T05:50:12.2966370Z test_nested_literal_keyword_reference_and_transport_authority_are_preserved (test_structure_import_calls.ImportCallTests.test_nested_literal_keyword_reference_and_transport_authority_are_preserved) ... skipped 'actual JS/TS optional grammars not installed'
2026-09-24T05:50:12.2969213Z test_shadowing_and_writes_suppress_commonjs_candidates_but_keep_keyword_import (test_structure_import_calls.ImportCallTests.test_shadowing_and_writes_suppress_commonjs_candidates_but_keep_keyword_import) ... skipped 'actual JS/TS optional grammars not installed'
2026-09-24T05:50:12.2970908Z test_static_commonjs_and_import_keyword_reuse_each_js_ts_grammar (test_structure_import_calls.ImportCallTests.test_static_commonjs_and_import_keyword_reuse_each_js_ts_grammar) ... skipped 'actual JS/TS optional grammars not installed'
2026-09-24T05:50:12.2973124Z test_typescript_function_signatures_are_require_binding_barriers (test_structure_import_calls.ImportCallTests.test_typescript_function_signatures_are_require_binding_barriers) ... skipped 'actual JS/TS optional grammars not installed'
2026-09-24T05:50:12.2974941Z test_actual_syntax_import_positions_reuse_every_adapter (test_structure_import_references.ImportReferenceTests.test_actual_syntax_import_positions_reuse_every_adapter) ... skipped 'optional actual syntax grammars not installed'
2026-09-24T05:50:12.3431770Z test_immutable_index_never_picks_ambiguous_or_outside_relative_modules (test_structure_import_references.ImportReferenceTests.test_immutable_index_never_picks_ambiguous_or_outside_relative_modules) ... ok
2026-09-24T05:50:12.3434871Z test_import_detail_admission_rejects_invalid_positions_and_members (test_structure_import_references.ImportReferenceTests.test_import_detail_admission_rejects_invalid_positions_and_members) ... ok
2026-09-24T05:50:12.3438825Z test_outside_package_relative_imports_never_become_absolute_names (test_structure_import_references.ImportReferenceTests.test_outside_package_relative_imports_never_become_absolute_names) ... ok
2026-09-24T05:50:12.3440934Z test_package_initializer_retains_base_members_and_source_positions (test_structure_import_references.ImportReferenceTests.test_package_initializer_retains_base_members_and_source_positions) ... ok
2026-09-24T05:50:12.3442903Z test_python_aliases_crlf_and_decoys_preserve_only_import_syntax (test_structure_import_references.ImportReferenceTests.test_python_aliases_crlf_and_decoys_preserve_only_import_syntax) ... ok
2026-09-24T05:50:12.3447880Z test_v1_field_shape_is_preserved_and_v2_is_explicit (test_structure_import_references.ImportReferenceTests.test_v1_field_shape_is_preserved_and_v2_is_explicit) ... ok
2026-09-24T05:50:12.3457283Z test_actual_transport_source_binding_and_authority (test_structure_managed.ManagedSyntaxTests.test_actual_transport_source_binding_and_authority) ... skipped 'actual optional Java/Kotlin/C# grammars not installed'
2026-09-24T05:50:12.3460238Z test_csharp_file_namespace_nested_members_and_aliases (test_structure_managed.ManagedSyntaxTests.test_csharp_file_namespace_nested_members_and_aliases) ... skipped 'actual optional Java/Kotlin/C# grammars not installed'
2026-09-24T05:50:12.3463227Z test_errors_and_ambiguous_overloads_do_not_supply_partial_facts (test_structure_managed.ManagedSyntaxTests.test_errors_and_ambiguous_overloads_do_not_supply_partial_facts) ... skipped 'actual optional Java/Kotlin/C# grammars not installed'
2026-09-24T05:50:12.3466920Z test_immutable_tree_index_uses_all_three_shared_providers (test_structure_managed.ManagedSyntaxTests.test_immutable_tree_index_uses_all_three_shared_providers) ... skipped 'actual optional Java/Kotlin/C# grammars not installed'
2026-09-24T05:50:12.3469786Z test_java_package_types_nested_members_and_static_imports (test_structure_managed.ManagedSyntaxTests.test_java_package_types_nested_members_and_static_imports) ... skipped 'actual optional Java/Kotlin/C# grammars not installed'
2026-09-24T05:50:12.3472552Z test_kotlin_package_named_objects_aliases_and_decoys (test_structure_managed.ManagedSyntaxTests.test_kotlin_package_named_objects_aliases_and_decoys) ... skipped 'actual optional Java/Kotlin/C# grammars not installed'
2026-09-24T05:50:12.3475049Z test_kotlin_type_kinds_signatures_and_comment_free_import_paths (test_structure_managed.ManagedSyntaxTests.test_kotlin_type_kinds_signatures_and_comment_free_import_paths) ... skipped 'actual optional Java/Kotlin/C# grammars not installed'
2026-09-24T05:50:12.3476858Z test_missing_grammar_remains_recognized_empty (test_structure_managed.ManagedSyntaxTests.test_missing_grammar_remains_recognized_empty) ... ok
2026-09-24T05:50:12.3478301Z test_raw_strings_do_not_create_declarations_but_interpolation_keeps_real_calls (test_structure_managed.ManagedSyntaxTests.test_raw_strings_do_not_create_declarations_but_interpolation_keeps_real_calls) ... skipped 'actual optional Java/Kotlin/C# grammars not installed'
2026-09-24T05:50:12.3480330Z test_comments_inside_rust_paths_do_not_become_names_or_dependencies (test_structure_native.NativeSyntaxTests.test_comments_inside_rust_paths_do_not_become_names_or_dependencies) ... skipped 'optional actual Go/Rust grammars not installed'
2026-09-24T05:50:12.3481855Z test_go_functions_receivers_types_and_grouped_imports (test_structure_native.NativeSyntaxTests.test_go_functions_receivers_types_and_grouped_imports) ... skipped 'optional actual Go/Rust grammars not installed'
2026-09-24T05:50:12.3483252Z test_index_binds_go_and_rust_facts_to_captured_tree (test_structure_native.NativeSyntaxTests.test_index_binds_go_and_rust_facts_to_captured_tree) ... skipped 'optional actual Go/Rust grammars not installed'
2026-09-24T05:50:12.3484680Z test_malformed_syntax_encoding_and_transport_source_binding (test_structure_native.NativeSyntaxTests.test_malformed_syntax_encoding_and_transport_source_binding) ... skipped 'optional actual Go/Rust grammars not installed'
2026-09-24T05:50:12.3486741Z test_missing_grammars_preserve_recognized_empty_unparsed_coverage (test_structure_native.NativeSyntaxTests.test_missing_grammars_preserve_recognized_empty_unparsed_coverage) ... ok
2026-09-24T05:50:12.3488182Z test_new_suffixes_cannot_forge_javascript_local_import_resolution (test_structure_native.NativeSyntaxTests.test_new_suffixes_cannot_forge_javascript_local_import_resolution) ... ok
2026-09-24T05:50:12.3489756Z test_parenthesized_named_receivers_preserve_methods_without_guessing_tuple_types (test_structure_native.NativeSyntaxTests.test_parenthesized_named_receivers_preserve_methods_without_guessing_tuple_types) ... skipped 'optional actual Go/Rust grammars not installed'
2026-09-24T05:50:12.3491414Z test_qualified_rust_impl_and_trait_names_preserve_owner_scope (test_structure_native.NativeSyntaxTests.test_qualified_rust_impl_and_trait_names_preserve_owner_scope) ... skipped 'optional actual Go/Rust grammars not installed'
2026-09-24T05:50:12.3492817Z test_rust_scopes_import_groups_and_macro_decoys (test_structure_native.NativeSyntaxTests.test_rust_scopes_import_groups_and_macro_decoys) ... skipped 'optional actual Go/Rust grammars not installed'
2026-09-24T05:50:12.4475359Z test_bounded_coverage_and_parse_failures_are_visible_in_context (test_structure_snapshot.StructureSnapshotTests.test_bounded_coverage_and_parse_failures_are_visible_in_context) ... ok
2026-09-24T05:50:12.4962938Z test_corrupt_blob_response_cannot_replace_existing_index (test_structure_snapshot.StructureSnapshotTests.test_corrupt_blob_response_cannot_replace_existing_index) ... ok
2026-09-24T05:50:12.5592411Z test_dirty_untracked_and_deleted_working_files_cannot_change_head_bound_facts (test_structure_snapshot.StructureSnapshotTests.test_dirty_untracked_and_deleted_working_files_cannot_change_head_bound_facts) ... ok
2026-09-24T05:50:12.6073906Z test_git_symlink_mode_is_excluded_even_if_worktree_is_a_regular_python_file (test_structure_snapshot.StructureSnapshotTests.test_git_symlink_mode_is_excluded_even_if_worktree_is_a_regular_python_file) ... ok
2026-09-24T05:50:12.6820000Z test_head_advance_during_refresh_keeps_one_tree_and_next_refresh_updates (test_structure_snapshot.StructureSnapshotTests.test_head_advance_during_refresh_keeps_one_tree_and_next_refresh_updates) ... ok
2026-09-24T05:50:12.7515543Z test_old_tree_stamp_cannot_preserve_mutable_file_projection (test_structure_snapshot.StructureSnapshotTests.test_old_tree_stamp_cannot_preserve_mutable_file_projection) ... ok
2026-09-24T05:50:12.7737778Z test_total_byte_budget_omits_whole_blobs_and_reports_partial_coverage (test_structure_snapshot.StructureSnapshotTests.test_total_byte_budget_omits_whole_blobs_and_reports_partial_coverage) ... ok
2026-09-24T05:50:12.7739938Z test_ambient_typescript_declarations_are_observed_syntax (test_structure_syntax.StructureSyntaxTests.test_ambient_typescript_declarations_are_observed_syntax) ... skipped 'optional actual JS/TS parsers not installed'
2026-09-24T05:50:12.7741797Z test_dotted_basename_import_resolves_only_one_supported_source (test_structure_syntax.StructureSyntaxTests.test_dotted_basename_import_resolves_only_one_supported_source) ... ok
2026-09-24T05:50:12.7744050Z test_index_uses_immutable_tree_and_refreshes_provider_profile (test_structure_syntax.StructureSyntaxTests.test_index_uses_immutable_tree_and_refreshes_provider_profile) ... skipped 'optional actual JS/TS parsers not installed'
2026-09-24T05:50:12.7746469Z test_javascript_uses_syntax_not_strings_comments_or_template_text (test_structure_syntax.StructureSyntaxTests.test_javascript_uses_syntax_not_strings_comments_or_template_text) ... skipped 'optional actual JS/TS parsers not installed'
2026-09-24T05:50:12.7748447Z test_malformed_encoding_syntax_and_bounds_fail_empty (test_structure_syntax.StructureSyntaxTests.test_malformed_encoding_syntax_and_bounds_fail_empty) ... skipped 'optional actual JS/TS parsers not installed'
2026-09-24T05:50:12.7750115Z test_missing_optional_package_is_unparsed_not_heuristic_facts (test_structure_syntax.StructureSyntaxTests.test_missing_optional_package_is_unparsed_not_heuristic_facts) ... ok
2026-09-24T05:50:12.7751660Z test_python_and_unknown_fallback_keep_existing_contract (test_structure_syntax.StructureSyntaxTests.test_python_and_unknown_fallback_keep_existing_contract) ... ok
2026-09-24T05:50:12.7753301Z test_syntax_authority_admission_and_ambiguous_import_resolution (test_structure_syntax.StructureSyntaxTests.test_syntax_authority_admission_and_ambiguous_import_resolution) ... skipped 'optional actual JS/TS parsers not installed'
2026-09-24T05:50:12.7755466Z test_typescript_declarations_and_jsx_tsx_have_real_syntax_coverage (test_structure_syntax.StructureSyntaxTests.test_typescript_declarations_and_jsx_tsx_have_real_syntax_coverage) ... skipped 'optional actual JS/TS parsers not installed'
2026-09-24T05:50:13.1490508Z test_extraction_stays_independent_of_journal_proof_and_debt_services (test_structure_transport.StructureTransportTests.test_extraction_stays_independent_of_journal_proof_and_debt_services) ... ok
2026-09-24T05:50:14.0901085Z test_malformed_json_path_base64_schema_and_duplicate_paths_fail_atomically (test_structure_transport.StructureTransportTests.test_malformed_json_path_base64_schema_and_duplicate_paths_fail_atomically) ... ok
2026-09-24T05:50:14.3646791Z test_nonpython_extraction_loads_only_selected_provider_implementation (test_structure_transport.StructureTransportTests.test_nonpython_extraction_loads_only_selected_provider_implementation) ... ok
2026-09-24T05:50:14.3684059Z test_public_entry_never_discovers_repository_or_reads_language_preferences (test_structure_transport.StructureTransportTests.test_public_entry_never_discovers_repository_or_reads_language_preferences) ... ok
2026-09-24T05:50:14.4832227Z test_python_only_extraction_does_not_initialize_optional_distribution_metadata (test_structure_transport.StructureTransportTests.test_python_only_extraction_does_not_initialize_optional_distribution_metadata) ... ok
2026-09-24T05:50:14.6245011Z test_real_cli_outside_git_preserves_python_provider_and_french_json (test_structure_transport.StructureTransportTests.test_real_cli_outside_git_preserves_python_provider_and_french_json) ... ok
2026-09-24T05:50:14.6248401Z test_results_are_detached_and_empty_batch_is_valid (test_structure_transport.StructureTransportTests.test_results_are_detached_and_empty_batch_is_valid) ... ok
2026-09-24T05:50:14.8086317Z test_selected_extraction_parser_preserves_argument_rejections_and_help (test_structure_transport.StructureTransportTests.test_selected_extraction_parser_preserves_argument_rejections_and_help) ... ok
2026-09-24T05:50:14.8537335Z test_transport_limits_and_binary_or_invalid_python_have_explicit_coverage (test_structure_transport.StructureTransportTests.test_transport_limits_and_binary_or_invalid_python_have_explicit_coverage) ... ok
2026-09-24T05:50:14.8539701Z test_wire_bounds_reject_before_emitting_any_partial_response (test_structure_transport.StructureTransportTests.test_wire_bounds_reject_before_emitting_any_partial_response) ... ok
2026-09-24T05:50:14.9736667Z test_concurrent_first_identity_callers_agree (test_unborn_repository.UnbornRepositoryTests.test_concurrent_first_identity_callers_agree) ... ok
2026-09-24T05:50:14.9846654Z test_corrupt_head_is_never_silently_replaced_by_empty_base (test_unborn_repository.UnbornRepositoryTests.test_corrupt_head_is_never_silently_replaced_by_empty_base) ... ok
2026-09-24T05:50:15.0041657Z test_corrupt_local_identity_is_preserved_and_rejected (test_unborn_repository.UnbornRepositoryTests.test_corrupt_local_identity_is_preserved_and_rejected) ... ok
2026-09-24T05:50:15.0430981Z test_empty_base_is_deterministic_unreachable_and_not_an_ordinary_ref (test_unborn_repository.UnbornRepositoryTests.test_empty_base_is_deterministic_unreachable_and_not_an_ordinary_ref) ... ok
2026-09-24T05:50:15.1016560Z test_empty_native_session_does_not_manufacture_proof (test_unborn_repository.UnbornRepositoryTests.test_empty_native_session_does_not_manufacture_proof) ... ok
2026-09-24T05:50:15.1612486Z test_initial_snapshot_preserves_staging_and_excludes_only_owned_transients (test_unborn_repository.UnbornRepositoryTests.test_initial_snapshot_preserves_staging_and_excludes_only_owned_transients) ... ok
2026-09-24T05:50:15.2003571Z test_old_provisional_envelope_cannot_be_reingested_as_new_lineage (test_unborn_repository.UnbornRepositoryTests.test_old_provisional_envelope_cannot_be_reingested_as_new_lineage) ... ok
2026-09-24T05:50:15.2095071Z test_portal_cannot_send_provisional_identity (test_unborn_repository.UnbornRepositoryTests.test_portal_cannot_send_provisional_identity) ... ok
2026-09-24T05:50:15.2551889Z test_provisional_identity_is_distinct_durable_and_becomes_normal_root_lineage (test_unborn_repository.UnbornRepositoryTests.test_provisional_identity_is_distinct_durable_and_becomes_normal_root_lineage) ... ok
2026-09-24T05:50:15.6595920Z test_setup_and_status_are_useful_without_commits_or_evidence (test_unborn_repository.UnbornRepositoryTests.test_setup_and_status_are_useful_without_commits_or_evidence) ... ok
2026-09-24T05:50:15.6754272Z test_failing_test_only_diff_is_rejected (test_validation.ValidationOnlyTests.test_failing_test_only_diff_is_rejected) ... DiffWitness: validation-only stable-pass (dwv1_dba6214cb33190808ba8)
2026-09-24T05:50:15.6755922Z Project continuity: 2 new change event(s) · dwchg_90bc9240f4a4b6b19ff535b2
2026-09-24T05:50:15.6756243Z 
2026-09-24T05:50:15.6756439Z Repayment verification: 1/1 selected obligation(s) resolved
2026-09-24T05:50:15.6757150Z   DW-BA962A6458EC: resolved — current tests now discriminate the introducing candidate from its historical base
2026-09-24T05:50:15.6757691Z DiffWitness Repay: ACCEPTED
2026-09-24T05:50:15.6758273Z Project continuity: 3 Debt Ledger lifecycle event(s) projected
2026-09-24T05:50:15.7836406Z ok
2026-09-24T05:50:15.8015072Z test_test_only_diff_runs_evidence_and_is_attestable (test_validation.ValidationOnlyTests.test_test_only_diff_runs_evidence_and_is_attestable) ... DiffWitness: validation-only stable-fail (dwv1_e99867184d9b7e7b1a73)
2026-09-24T05:50:16.0120145Z DiffWitness: validation-only stable-pass (dwv1_300aaf696e3c6f8db8cf)
2026-09-24T05:50:16.0121485Z Project continuity: 2 new change event(s) · dwchg_4e862f568d9ee4ed7953bb3b
2026-09-24T05:50:16.0340563Z ok
2026-09-24T05:50:16.0546282Z test_cli_can_switch_both_directions_and_report_machine_state (test_view_mode.ViewModeTests.test_cli_can_switch_both_directions_and_report_machine_state) ... ok
2026-09-24T05:50:16.0692790Z test_defaults_to_guided_for_first_run (test_view_mode.ViewModeTests.test_defaults_to_guided_for_first_run) ... ok
2026-09-24T05:50:16.0844413Z test_invalid_stored_preference_fails_soft_to_guided (test_view_mode.ViewModeTests.test_invalid_stored_preference_fails_soft_to_guided) ... ok
2026-09-24T05:50:16.1114236Z test_root_help_is_guided_first_but_technical_is_one_command_away (test_view_mode.ViewModeTests.test_root_help_is_guided_first_but_technical_is_one_command_away) ... ok
2026-09-24T05:50:16.1382245Z test_switch_persists_inside_git_metadata_without_dirtying_repository (test_view_mode.ViewModeTests.test_switch_persists_inside_git_metadata_without_dirtying_repository) ... ok
2026-09-24T05:50:16.1385916Z test_health_semantic_sensor_reads_utf8_git_blob_without_degrading (test_windows_health_utf8_git_blob.WindowsUtf8SubprocessBoundaryTests.test_health_semantic_sensor_reads_utf8_git_blob_without_degrading) ... skipped 'Windows legacy-codepage regression'
2026-09-24T05:50:16.1389011Z test_proof_runner_keeps_non_utf8_diagnostics_json_safe (test_windows_health_utf8_git_blob.WindowsUtf8SubprocessBoundaryTests.test_proof_runner_keeps_non_utf8_diagnostics_json_safe) ... skipped 'Windows legacy-codepage regression'
2026-09-24T05:50:16.1391776Z test_proof_runner_preserves_utf8_stdout_and_stderr (test_windows_health_utf8_git_blob.WindowsUtf8SubprocessBoundaryTests.test_proof_runner_preserves_utf8_stdout_and_stderr) ... skipped 'Windows legacy-codepage regression'
2026-09-24T05:50:16.1394432Z test_acceptance_runner_decodes_utf8_child_output_without_locale_loss (test_windows_subprocess_utf8_reader.WindowsSubprocessUtf8ReaderRegressionTests.test_acceptance_runner_decodes_utf8_child_output_without_locale_loss)
2026-09-24T05:50:16.1397667Z A UTF-8 child must not be decoded through the host's legacy Windows code page. ... skipped 'Windows legacy-codepage reproduction'
2026-09-24T05:50:16.1398433Z 
2026-09-24T05:50:16.1398683Z ----------------------------------------------------------------------
2026-09-24T05:50:16.1399207Z Ran 809 tests in 130.915s
2026-09-24T05:50:16.1399435Z 
2026-09-24T05:50:16.1399567Z OK (skipped=52)
2026-09-24T05:50:16.1399902Z certificate: dwv1_300aaf696e3c6f8db8cf
2026-09-24T05:50:16.1400294Z integrity:   valid
2026-09-24T05:50:16.1400656Z freshness:   fresh against WORKTREE
2026-09-24T05:50:16.1401064Z candidate:   embedded-tree
2026-09-24T05:50:16.1401423Z base:        embedded-tree
2026-09-24T05:50:16.1401753Z verdict:     VALID
2026-09-24T05:50:16.2628326Z ##[group]Run actions/upload-artifact@v6
2026-09-24T05:50:16.2628638Z with:
2026-09-24T05:50:16.2628853Z   name: unittest-Linux-py3.11
2026-09-24T05:50:16.2629117Z   path: unittest.log
2026-09-24T05:50:16.2629334Z   if-no-files-found: error
2026-09-24T05:50:16.2629560Z   retention-days: 7
2026-09-24T05:50:16.2629768Z   compression-level: 6
2026-09-24T05:50:16.2629983Z   overwrite: false
2026-09-24T05:50:16.2630195Z   include-hidden-files: false
2026-09-24T05:50:16.2630425Z env:
2026-09-24T05:50:16.2630680Z   pythonLocation: /opt/hostedtoolcache/Python/3.11.16/x64
2026-09-24T05:50:16.2631118Z   PKG_CONFIG_PATH: /opt/hostedtoolcache/Python/3.11.16/x64/lib/pkgconfig
2026-09-24T05:50:16.2631548Z   Python_ROOT_DIR: /opt/hostedtoolcache/Python/3.11.16/x64
2026-09-24T05:50:16.2631931Z   Python2_ROOT_DIR: /opt/hostedtoolcache/Python/3.11.16/x64
2026-09-24T05:50:16.2632321Z   Python3_ROOT_DIR: /opt/hostedtoolcache/Python/3.11.16/x64
2026-09-24T05:50:16.2632748Z   LD_LIBRARY_PATH: /opt/hostedtoolcache/Python/3.11.16/x64/lib
2026-09-24T05:50:16.2633073Z ##[endgroup]
2026-09-24T05:50:16.4426468Z With the provided path, there will be 1 file uploaded
2026-09-24T05:50:16.4433470Z Artifact name is valid!
2026-09-24T05:50:16.4434451Z Root directory input is valid!
2026-09-24T05:50:16.7091563Z Beginning upload of artifact content to blob storage
2026-09-24T05:50:16.8440222Z Uploaded bytes 29937
2026-09-24T05:50:16.8723762Z Finished uploading artifact content to blob storage!
2026-09-24T05:50:16.8725735Z SHA256 digest of uploaded artifact zip is 67b13abd0debebfab0a0db87b0089e16747d82d54c51fedcd5e080f585ea4b5a
2026-09-24T05:50:16.8727405Z Finalizing artifact upload
2026-09-24T05:50:17.1345987Z Artifact unittest-Linux-py3.11.zip successfully finalized. Artifact ID 10793095364
2026-09-24T05:50:17.1347335Z Artifact unittest-Linux-py3.11 has been successfully uploaded! Final size is 29937 bytes. Artifact ID is 10793095364
2026-09-24T05:50:17.1348849Z Artifact download URL: https://github.com/TFourniax/tooltest/actions/runs/35961402783/artifacts/10793095364
2026-09-24T05:50:17.1503990Z ##[group]Run python -c "import diffwitness; from importlib.metadata import version; assert diffwitness.__version__ == version('diffwitness'), (diffwitness.__version__, version('diffwitness'))"
2026-09-24T05:50:17.1505872Z [36;1mpython -c "import diffwitness; from importlib.metadata import version; assert diffwitness.__version__ == version('diffwitness'), (diffwitness.__version__, version('diffwitness'))"[0m
2026-09-24T05:50:17.1542879Z shell: /usr/bin/bash -e {0}
2026-09-24T05:50:17.1543141Z env:
2026-09-24T05:50:17.1543419Z   pythonLocation: /opt/hostedtoolcache/Python/3.11.16/x64
2026-09-24T05:50:17.1543868Z   PKG_CONFIG_PATH: /opt/hostedtoolcache/Python/3.11.16/x64/lib/pkgconfig
2026-09-24T05:50:17.1544307Z   Python_ROOT_DIR: /opt/hostedtoolcache/Python/3.11.16/x64
2026-09-24T05:50:17.1544691Z   Python2_ROOT_DIR: /opt/hostedtoolcache/Python/3.11.16/x64
2026-09-24T05:50:17.1545345Z   Python3_ROOT_DIR: /opt/hostedtoolcache/Python/3.11.16/x64
2026-09-24T05:50:17.1545781Z   LD_LIBRARY_PATH: /opt/hostedtoolcache/Python/3.11.16/x64/lib
2026-09-24T05:50:17.1546116Z ##[endgroup]
2026-09-24T05:50:17.2210622Z ##[group]Run diffwitness --version
2026-09-24T05:50:17.2211001Z [36;1mdiffwitness --version[0m
2026-09-24T05:50:17.2211279Z [36;1mdiffwitness suggest --repo .[0m
2026-09-24T05:50:17.2211551Z [36;1mdw --version[0m
2026-09-24T05:50:17.2211768Z [36;1mdw --help[0m
2026-09-24T05:50:17.2211985Z [36;1mdw doctor --repo .[0m
2026-09-24T05:50:17.2212227Z [36;1mdw protect --help[0m
2026-09-24T05:50:17.2212477Z [36;1mdw protect status --json[0m
2026-09-24T05:50:17.2212733Z [36;1mdw engine --help[0m
2026-09-24T05:50:17.2212964Z [36;1mdw ledger --help[0m
2026-09-24T05:50:17.2213190Z [36;1mdw envelope --help[0m
2026-09-24T05:50:17.2213433Z [36;1mdw explain --help[0m
2026-09-24T05:50:17.2213661Z [36;1mdw portal --help[0m
2026-09-24T05:50:17.2213882Z [36;1mdw setup --help[0m
2026-09-24T05:50:17.2214130Z [36;1mdw health --repo . --no-record[0m
2026-09-24T05:50:17.2214426Z [36;1midleproof --version[0m
2026-09-24T05:50:17.2214668Z [36;1midleproof --help[0m
2026-09-24T05:50:17.2251538Z shell: /usr/bin/bash --noprofile --norc -e -o pipefail {0}
2026-09-24T05:50:17.2251897Z env:
2026-09-24T05:50:17.2252163Z   pythonLocation: /opt/hostedtoolcache/Python/3.11.16/x64
2026-09-24T05:50:17.2252613Z   PKG_CONFIG_PATH: /opt/hostedtoolcache/Python/3.11.16/x64/lib/pkgconfig
2026-09-24T05:50:17.2253048Z   Python_ROOT_DIR: /opt/hostedtoolcache/Python/3.11.16/x64
2026-09-24T05:50:17.2253438Z   Python2_ROOT_DIR: /opt/hostedtoolcache/Python/3.11.16/x64
2026-09-24T05:50:17.2253819Z   Python3_ROOT_DIR: /opt/hostedtoolcache/Python/3.11.16/x64
2026-09-24T05:50:17.2254205Z   LD_LIBRARY_PATH: /opt/hostedtoolcache/Python/3.11.16/x64/lib
2026-09-24T05:50:17.2254526Z ##[endgroup]
2026-09-24T05:50:17.3360527Z diffwitness 0.4.0a1
2026-09-24T05:50:17.4864010Z python -m pytest -q
2026-09-24T05:50:17.5354072Z diffwitness 0.4.0a1
2026-09-24T05:50:17.5934526Z DiffWitness · Guided view — understand what changed, what is verified, and what needs attention
2026-09-24T05:50:17.5935675Z 
2026-09-24T05:50:17.5935883Z Start here:
2026-09-24T05:50:17.5936348Z   dw setup                           Connect DiffWitness to Claude/Codex/Cursor for this Git project
2026-09-24T05:50:17.5936922Z   dw status                          See what is known, unknown, and what to do next
2026-09-24T05:50:17.5937456Z After setup, use your coding agent normally; run `dw status` after a change.
2026-09-24T05:50:17.5937795Z 
2026-09-24T05:50:17.5937887Z Useful when needed:
2026-09-24T05:50:17.5938319Z   dw explain                         Explain the latest change from local evidence, with no AI required
2026-09-24T05:50:17.5938927Z   dw state why ID                     Find the recorded reasons and sources behind a memory item
2026-09-24T05:50:17.5939496Z   dw ask "question"                  Read cited project facts or an explicit abstention
2026-09-24T05:50:17.5940100Z   dw protect detect                  Check optional live protection without changing configuration
2026-09-24T05:50:17.5940719Z   dw view technical                  Open the complete engineering command surface
2026-09-24T05:50:17.5941574Z 
2026-09-24T05:50:17.5941836Z A blocked or observed runtime action is not proof that the final software works.
2026-09-24T05:50:17.5942580Z DiffWitness verifies the resulting Git change independently. Source code and raw prompts/diffs stay local by default.
2026-09-24T05:50:17.5943091Z 
2026-09-24T05:50:17.5943359Z For every command and advanced workflow: `dw view technical`, then `dw --help`.
2026-09-24T05:50:17.5943710Z 
2026-09-24T05:50:17.5944210Z Language: English by default. Save with `dw language en|fr`; override once with `dw --language en|fr <command>`. OS locale never selects product language.
2026-09-24T05:50:17.8063987Z DIFFWITNESS · GUIDED CHECK-UP
2026-09-24T05:50:17.8064304Z 
2026-09-24T05:50:17.8064607Z • Current code: no accepted Proof covers this exact code yet.
2026-09-24T05:50:17.8065501Z   Verify the current change to establish exact-code coverage.
2026-09-24T05:50:17.8066695Z ✓ Ready to run verification: python -m unittest discover -s tests -q
2026-09-24T05:50:17.8067260Z   Automatically detected (tests/ directory detected).
2026-09-24T05:50:17.8067795Z • Agent integration not configured. Run `dw setup` for Claude Code/Codex.
2026-09-24T05:50:17.8068256Z • Live protection: off (optional)
2026-09-24T05:50:17.8068596Z ✓ Project memory: ready, currently empty
2026-09-24T05:50:17.8068820Z 
2026-09-24T05:50:17.8069074Z Ready to run verification. Run `dw setup` to use Claude Code/Codex without a wrapper.
2026-09-24T05:50:17.8069585Z Engineering details: `dw view technical`, then `dw doctor`.
2026-09-24T05:50:17.9201810Z usage: dw protect [-h] {status,detect,enable,disable,use,log} ...
2026-09-24T05:50:17.9202212Z 
2026-09-24T05:50:17.9202827Z Optional deterministic runtime protection for supported coding agents.
2026-09-24T05:50:17.9203378Z 
2026-09-24T05:50:17.9203846Z positional arguments:
2026-09-24T05:50:17.9204179Z   {status,detect,enable,disable,use,log}
2026-09-24T05:50:17.9204440Z 
2026-09-24T05:50:17.9204540Z options:
2026-09-24T05:50:17.9205115Z   -h, --help            show this help message and exit
2026-09-24T05:50:18.0086747Z {
2026-09-24T05:50:18.0087168Z   "adapters": {},
2026-09-24T05:50:18.0087551Z   "delegated": false,
2026-09-24T05:50:18.0087802Z   "enabled": false,
2026-09-24T05:50:18.0088055Z   "externalHarnessDetected": false,
2026-09-24T05:50:18.0088350Z   "health": "off",
2026-09-24T05:50:18.0088562Z   "mode": "off",
2026-09-24T05:50:18.0088794Z   "otherHookActivityDetected": false,
2026-09-24T05:50:18.0089082Z   "policy": "standard",
2026-09-24T05:50:18.0089318Z   "receipts": {
2026-09-24T05:50:18.0089695Z     "categories": {},
2026-09-24T05:50:18.0090134Z     "count": 0,
2026-09-24T05:50:18.0104926Z     "decisions": {},
2026-09-24T05:50:18.0105374Z     "integrity": true,
2026-09-24T05:50:18.0105864Z     "schema": "diffwitness.protection-summary.v1"
2026-09-24T05:50:18.0106402Z   },
2026-09-24T05:50:18.0106761Z   "schema": "diffwitness.protect-status.v1"
2026-09-24T05:50:18.0107202Z }
2026-09-24T05:50:18.0930595Z usage: dw engine [-h] [--repo REPO] [--config CONFIG]
2026-09-24T05:50:18.0931830Z                  {enable,status,disable} ...
2026-09-24T05:50:18.0932415Z 
2026-09-24T05:50:18.0932809Z Manage the machine-local advisory engine without changing the repository's
2026-09-24T05:50:18.0933371Z committed policy.
2026-09-24T05:50:18.0933539Z 
2026-09-24T05:50:18.0933666Z positional arguments:
2026-09-24T05:50:18.0933980Z   {enable,status,disable}
2026-09-24T05:50:18.0934431Z     enable              Preflight and activate an advisory engine in Git-local
2026-09-24T05:50:18.0935316Z                         state
2026-09-24T05:50:18.0935733Z     status              Show active engine source and run compatibility
2026-09-24T05:50:18.0936188Z                         preflight
2026-09-24T05:50:18.0936639Z     disable             Remove only the Git-local advisory-engine activation
2026-09-24T05:50:18.0937008Z 
2026-09-24T05:50:18.0937128Z options:
2026-09-24T05:50:18.0937524Z   -h, --help            show this help message and exit
2026-09-24T05:50:18.0938434Z   --repo REPO
2026-09-24T05:50:18.0938763Z   --config CONFIG       Optional project config used only for
2026-09-24T05:50:18.0939207Z                         precedence/status checks
2026-09-24T05:50:18.1975588Z usage: dw ledger [-h] [--repo REPO] [--config CONFIG]
2026-09-24T05:50:18.1976798Z                  {list,history,show,accept,unaccept,resolve,status,checkpoint,pull,push}
2026-09-24T05:50:18.1977389Z                  ...
2026-09-24T05:50:18.1977564Z 
2026-09-24T05:50:18.1977838Z Inspect, govern, checkpoint, and safely transport Debt Ledger obligations.
2026-09-24T05:50:18.1978224Z 
2026-09-24T05:50:18.1978351Z positional arguments:
2026-09-24T05:50:18.1978841Z   {list,history,show,accept,unaccept,resolve,status,checkpoint,pull,push}
2026-09-24T05:50:18.1979517Z     list                List active debt, or all historical items
2026-09-24T05:50:18.1980005Z     history             Show append-only events for one debt identity
2026-09-24T05:50:18.1980932Z     show                Explain one debt obligation, its provenance, and
2026-09-24T05:50:18.1981399Z                         replay path
2026-09-24T05:50:18.1981809Z     accept              Acknowledge debt without deleting or resolving it
2026-09-24T05:50:18.1982310Z     unaccept            Remove an explicit debt acceptance
2026-09-24T05:50:18.1982762Z     resolve             Manual last-resort resolution override
2026-09-24T05:50:18.1983269Z     status              Inspect local ledger and Git checkpoint relationship
2026-09-24T05:50:18.1983804Z     checkpoint          Store the current ledger on a local Git ref
2026-09-24T05:50:18.1984329Z     pull                Fetch and fast-forward the ledger from a remote Git
2026-09-24T05:50:18.1984970Z                         ref
2026-09-24T05:50:18.1985385Z     push                Checkpoint and push the ledger without force
2026-09-24T05:50:18.1985691Z 
2026-09-24T05:50:18.1985789Z options:
2026-09-24T05:50:18.1986115Z   -h, --help            show this help message and exit
2026-09-24T05:50:18.1986505Z   --repo REPO
2026-09-24T05:50:18.1986748Z   --config CONFIG
2026-09-24T05:50:18.2849995Z usage: dw envelope [-h] [--repo REPO] [--base BASE] [--candidate CANDIDATE]
2026-09-24T05:50:18.2851178Z                    [--proof PROOF] [--debt DEBT]
2026-09-24T05:50:18.2851877Z                    [--understanding UNDERSTANDING] [--out OUT] [--json]
2026-09-24T05:50:18.2852348Z 
2026-09-24T05:50:18.2852747Z Bind DiffWitness proof, Debt Ledger, and IdleProof evidence to one exact Git
2026-09-24T05:50:18.2853473Z change.
2026-09-24T05:50:18.2853657Z 
2026-09-24T05:50:18.2853807Z options:
2026-09-24T05:50:18.2854163Z   -h, --help            show this help message and exit
2026-09-24T05:50:18.2855032Z   --repo REPO
2026-09-24T05:50:18.2855440Z   --base BASE
2026-09-24T05:50:18.2855787Z   --candidate CANDIDATE
2026-09-24T05:50:18.2856181Z   --proof PROOF         DiffWitness certificate for this exact change
2026-09-24T05:50:18.2856936Z   --debt DEBT           JSON from `dw debt --json <file>` for this exact
2026-09-24T05:50:18.2857393Z                         change
2026-09-24T05:50:18.2857692Z   --understanding UNDERSTANDING
2026-09-24T05:50:18.2858086Z                         IdleProof receipt carrying an exact change identity
2026-09-24T05:50:18.2858595Z   --out OUT             Output file (default: .git/diffwitness/change-
2026-09-24T05:50:18.2859031Z                         envelope.json)
2026-09-24T05:50:18.2859410Z   --json                also print the complete envelope JSON
2026-09-24T05:50:18.3502531Z usage: dw explain [-h] [--repo REPO] [--json] [--view {guided,technical}]
2026-09-24T05:50:18.3503148Z 
2026-09-24T05:50:18.3503410Z Explain the latest exact-bound DiffWitness change using the saved
2026-09-24T05:50:18.3503918Z Guided/Technical view.
2026-09-24T05:50:18.3504075Z 
2026-09-24T05:50:18.3504176Z options:
2026-09-24T05:50:18.3504459Z   -h, --help            show this help message and exit
2026-09-24T05:50:18.3505128Z   --repo REPO
2026-09-24T05:50:18.3505355Z   --json
2026-09-24T05:50:18.3505619Z   --view {guided,technical}
2026-09-24T05:50:18.4421105Z DiffWitness Portal
2026-09-24T05:50:18.4421431Z 
2026-09-24T05:50:18.4421661Z   dw portal id [--json]              # preferred
2026-09-24T05:50:18.4422398Z   dw portal identity [--json]        # compatibility alias
2026-09-24T05:50:18.4422953Z   dw portal configure --endpoint URL --token-stdin
2026-09-24T05:50:18.4423560Z   dw portal configure --endpoint URL --token-env ENV_NAME
2026-09-24T05:50:18.4424066Z   dw portal status [--json]
2026-09-24T05:50:18.4424533Z   dw portal snapshot [--json]        # bounded local preview, no config/network
2026-09-24T05:50:18.4426561Z   dw portal sync [--json]
2026-09-24T05:50:18.4426909Z   dw portal assurance --envelope FILE [--json]
2026-09-24T05:50:18.4427294Z   dw portal disconnect
2026-09-24T05:50:18.4427482Z 
2026-09-24T05:50:18.4429210Z Credentials are never accepted as command-line token values. ``--token-stdin`` stores the scoped device token only under local .git metadata; ``--token-env`` stores only the environment-variable name.
2026-09-24T05:50:18.5398116Z usage: dw setup [-h] [--agent AGENT] [--json] [{install,status,uninstall}]
2026-09-24T05:50:18.5398856Z 
2026-09-24T05:50:18.5399158Z Connect DiffWitness to Claude Code/Codex/Cursor without wrapping the coding
2026-09-24T05:50:18.5399777Z agent.
2026-09-24T05:50:18.5399931Z 
2026-09-24T05:50:18.5400117Z positional arguments:
2026-09-24T05:50:18.5400513Z   {install,status,uninstall}
2026-09-24T05:50:18.5400974Z                         install (default), status, or uninstall
2026-09-24T05:50:18.5401309Z 
2026-09-24T05:50:18.5401466Z options:
2026-09-24T05:50:18.5401886Z   -h, --help            show this help message and exit
2026-09-24T05:50:18.5402479Z   --agent AGENT         auto, all, claude, codex, cursor, or a comma-separated
2026-09-24T05:50:18.5403067Z                         combination
2026-09-24T05:50:18.5403503Z   --json                emit machine-readable status
2026-09-24T05:50:23.4727422Z DIFFWITNESS
2026-09-24T05:50:23.4728056Z Project health / debt ledger
2026-09-24T05:50:23.4728540Z Debt                     0
2026-09-24T05:50:23.4728909Z --------------------------------
2026-09-24T05:50:23.4729188Z 
2026-09-24T05:50:23.4729388Z Current project scan: 35 point(s), 34 signal(s)
2026-09-24T05:50:23.4730260Z Trend 30d              +0 →
2026-09-24T05:50:23.4730667Z   introduced 0 / resolved 0 / reopened 0
2026-09-24T05:50:23.5739956Z idleproof 0.4.0a1 (bundled with DiffWitness)
2026-09-24T05:50:23.6733444Z usage: idleproof [-h] [--version] {integration,portal} ...
2026-09-24T05:50:23.6734049Z 
2026-09-24T05:50:23.6734421Z Local IdleProof integration and Portal connection tools shipped with
2026-09-24T05:50:23.6735354Z DiffWitness.
2026-09-24T05:50:23.6735563Z 
2026-09-24T05:50:23.6735715Z positional arguments:
2026-09-24T05:50:23.6736110Z   {integration,portal}
2026-09-24T05:50:23.6736624Z     integration         install/status/uninstall local IDE hooks
2026-09-24T05:50:23.6737370Z     portal              configure and sync bounded receipts to IdleProof
2026-09-24T05:50:23.6737956Z                         Portal
2026-09-24T05:50:23.6738206Z 
2026-09-24T05:50:23.6738339Z options:
2026-09-24T05:50:23.6738702Z   -h, --help            show this help message and exit
2026-09-24T05:50:23.6739329Z   --version             print the bundled IdleProof integration version
2026-09-24T05:50:23.6964691Z ##[group]Run python -c "import json, pathlib; paths=['.claude-plugin/plugin.json','.claude-plugin/marketplace.json','.codex-plugin/plugin.json','hooks/claude-hooks.json','hooks/codex-hooks.json','schema/diffwitness-report-v2.schema.json','schema/diffwitness-certificate.schema.json','schema/change-envelope-v1.schema.json']; [json.loads(pathlib.Path(p).read_text(encoding='utf-8')) for p in paths]; print('validated', len(paths), 'JSON contracts')"
2026-09-24T05:50:23.6968145Z [36;1mpython -c "import json, pathlib; paths=['.claude-plugin/plugin.json','.claude-plugin/marketplace.json','.codex-plugin/plugin.json','hooks/claude-hooks.json','hooks/codex-hooks.json','schema/diffwitness-report-v2.schema.json','schema/diffwitness-certificate.schema.json','schema/change-envelope-v1.schema.json']; [json.loads(pathlib.Path(p).read_text(encoding='utf-8')) for p in paths]; print('validated', len(paths), 'JSON contracts')"[0m
2026-09-24T05:50:23.7013140Z shell: /usr/bin/bash -e {0}
2026-09-24T05:50:23.7013487Z env:
2026-09-24T05:50:23.7013800Z   pythonLocation: /opt/hostedtoolcache/Python/3.11.16/x64
2026-09-24T05:50:23.7014262Z   PKG_CONFIG_PATH: /opt/hostedtoolcache/Python/3.11.16/x64/lib/pkgconfig
2026-09-24T05:50:23.7015002Z   Python_ROOT_DIR: /opt/hostedtoolcache/Python/3.11.16/x64
2026-09-24T05:50:23.7015424Z   Python2_ROOT_DIR: /opt/hostedtoolcache/Python/3.11.16/x64
2026-09-24T05:50:23.7015828Z   Python3_ROOT_DIR: /opt/hostedtoolcache/Python/3.11.16/x64
2026-09-24T05:50:23.7016223Z   LD_LIBRARY_PATH: /opt/hostedtoolcache/Python/3.11.16/x64/lib
2026-09-24T05:50:23.7016566Z ##[endgroup]
2026-09-24T05:50:23.7342161Z validated 8 JSON contracts
2026-09-24T05:50:23.7637454Z Post job cleanup.
2026-09-24T05:50:23.9827518Z Post job cleanup.
2026-09-24T05:50:24.1110587Z [command]/usr/bin/git version
2026-09-24T05:50:24.1183401Z git version 2.55.0
2026-09-24T05:50:24.1256862Z Temporarily overriding HOME='/home/runner/work/_temp/3e535781-61c8-4956-baaf-b8169f88cab1' before making global git config changes
2026-09-24T05:50:24.1261586Z Adding repository directory to the temporary git global config as a safe directory
2026-09-24T05:50:24.1276773Z [command]/usr/bin/git config --global --add safe.directory /home/runner/work/tooltest/tooltest
2026-09-24T05:50:24.1337225Z Removing SSH command configuration
2026-09-24T05:50:24.1346001Z [command]/usr/bin/git config --local --name-only --get-regexp core\.sshCommand
2026-09-24T05:50:24.1416826Z [command]/usr/bin/git submodule foreach --recursive sh -c "git config --local --name-only --get-regexp 'core\.sshCommand' && git config --local --unset-all 'core.sshCommand' || :"
2026-09-24T05:50:24.1989473Z Removing HTTP extra header
2026-09-24T05:50:24.1998592Z [command]/usr/bin/git config --local --name-only --get-regexp http\.https\:\/\/github\.com\/\.extraheader
2026-09-24T05:50:24.2080488Z [command]/usr/bin/git submodule foreach --recursive sh -c "git config --local --name-only --get-regexp 'http\.https\:\/\/github\.com\/\.extraheader' && git config --local --unset-all 'http.https://github.com/.extraheader' || :"
2026-09-24T05:50:24.2570695Z Removing includeIf entries pointing to credentials config files
2026-09-24T05:50:24.2582653Z [command]/usr/bin/git config --local --name-only --get-regexp ^includeIf\.gitdir:
2026-09-24T05:50:24.2624325Z includeif.gitdir:/home/runner/work/tooltest/tooltest/.git.path
2026-09-24T05:50:24.2627403Z includeif.gitdir:/home/runner/work/tooltest/tooltest/.git/worktrees/*.path
2026-09-24T05:50:24.2629027Z includeif.gitdir:/github/workspace/.git.path
2026-09-24T05:50:24.2630188Z includeif.gitdir:/github/workspace/.git/worktrees/*.path
2026-09-24T05:50:24.2638827Z [command]/usr/bin/git config --local --get-all includeif.gitdir:/home/runner/work/tooltest/tooltest/.git.path
2026-09-24T05:50:24.2686256Z /home/runner/work/_temp/git-credentials-454e18bb-6ac1-48a4-9aac-e90183fa0ca6.config
2026-09-24T05:50:24.2701509Z [command]/usr/bin/git config --local --unset includeif.gitdir:/home/runner/work/tooltest/tooltest/.git.path \/home\/runner\/work\/_temp\/git\-credentials\-454e18bb\-6ac1\-48a4\-9aac\-e90183fa0ca6\.config
2026-09-24T05:50:24.2764087Z [command]/usr/bin/git config --local --get-all includeif.gitdir:/home/runner/work/tooltest/tooltest/.git/worktrees/*.path
2026-09-24T05:50:24.2803871Z /home/runner/work/_temp/git-credentials-454e18bb-6ac1-48a4-9aac-e90183fa0ca6.config
2026-09-24T05:50:24.2817019Z [command]/usr/bin/git config --local --unset includeif.gitdir:/home/runner/work/tooltest/tooltest/.git/worktrees/*.path \/home\/runner\/work\/_temp\/git\-credentials\-454e18bb\-6ac1\-48a4\-9aac\-e90183fa0ca6\.config
2026-09-24T05:50:24.2867547Z [command]/usr/bin/git config --local --get-all includeif.gitdir:/github/workspace/.git.path
2026-09-24T05:50:24.2901039Z /github/runner_temp/git-credentials-454e18bb-6ac1-48a4-9aac-e90183fa0ca6.config
2026-09-24T05:50:24.2926975Z [command]/usr/bin/git config --local --unset includeif.gitdir:/github/workspace/.git.path \/github\/runner_temp\/git\-credentials\-454e18bb\-6ac1\-48a4\-9aac\-e90183fa0ca6\.config
2026-09-24T05:50:24.2982668Z [command]/usr/bin/git config --local --get-all includeif.gitdir:/github/workspace/.git/worktrees/*.path
2026-09-24T05:50:24.3056861Z /github/runner_temp/git-credentials-454e18bb-6ac1-48a4-9aac-e90183fa0ca6.config
2026-09-24T05:50:24.3062675Z [command]/usr/bin/git config --local --unset includeif.gitdir:/github/workspace/.git/worktrees/*.path \/github\/runner_temp\/git\-credentials\-454e18bb\-6ac1\-48a4\-9aac\-e90183fa0ca6\.config
2026-09-24T05:50:24.3143409Z [command]/usr/bin/git submodule foreach --recursive git config --local --show-origin --name-only --get-regexp remote.origin.url
2026-09-24T05:50:24.3488294Z Removing credentials config '/home/runner/work/_temp/git-credentials-454e18bb-6ac1-48a4-9aac-e90183fa0ca6.config'
2026-09-24T05:50:24.3723949Z Cleaning up orphan processes
