2026-09-24T06:07:25.4831846Z Current runner version: '2.337.0'
2026-09-24T06:07:25.4852763Z ##[group]Runner Image Provisioner
2026-09-24T06:07:25.4853403Z Hosted Compute Agent
2026-09-24T06:07:25.4853759Z Version: 20260828.587
2026-09-24T06:07:25.4854173Z Commit: abac92662cab4cc7352de4f9f9d2e2419aad9c29
2026-09-24T06:07:25.4854617Z Build Date: 2026-08-28T16:44:25Z
2026-09-24T06:07:25.4855067Z Worker ID: {ec7c27db-8f86-45c3-8af0-0e481e32e25a}
2026-09-24T06:07:25.4855541Z Azure Region: westus3
2026-09-24T06:07:25.4855919Z ##[endgroup]
2026-09-24T06:07:25.4856796Z ##[group]Operating System
2026-09-24T06:07:25.4857178Z Ubuntu
2026-09-24T06:07:25.4857528Z 24.04.5
2026-09-24T06:07:25.4857880Z LTS
2026-09-24T06:07:25.4858192Z ##[endgroup]
2026-09-24T06:07:25.4858517Z ##[group]Runner Image
2026-09-24T06:07:25.4858914Z Image: ubuntu-24.04
2026-09-24T06:07:25.4859292Z Version: 20260920.314.1
2026-09-24T06:07:25.4860122Z Included Software: https://github.com/actions/runner-images/blob/ubuntu24/20260920.314/images/ubuntu/Ubuntu2404-Readme.md
2026-09-24T06:07:25.4861024Z Image Release: https://github.com/actions/runner-images/releases/tag/ubuntu24%2F20260920.314
2026-09-24T06:07:25.4861854Z ##[endgroup]
2026-09-24T06:07:25.4862573Z ##[group]GITHUB_TOKEN Permissions
2026-09-24T06:07:25.4863935Z Contents: read
2026-09-24T06:07:25.4864311Z Metadata: read
2026-09-24T06:07:25.4864705Z ##[endgroup]
2026-09-24T06:07:25.4866237Z Secret source: Actions
2026-09-24T06:07:25.4866822Z Cache mode: write
2026-09-24T06:07:25.4867286Z Prepare workflow directory
2026-09-24T06:07:25.5140726Z Prepare all required actions
2026-09-24T06:07:25.5174646Z Getting action download info
2026-09-24T06:07:25.8494864Z Download action repository 'actions/checkout@v7' (SHA:3d3c42e5aac5ba805825da76410c181273ba90b1)
2026-09-24T06:07:25.9667952Z Download action repository 'actions/setup-python@v7' (SHA:5fda3b95a4ea91299a34e894583c3862153e4b97)
2026-09-24T06:07:26.0697423Z Download action repository 'actions/upload-artifact@v6' (SHA:b7c566a772e6b6bfb58ed0dc250532a479d7789f)
2026-09-24T06:07:26.3221003Z Complete job name: test (ubuntu-latest, 3.11)
2026-09-24T06:07:26.3816182Z ##[group]Run actions/checkout@v7
2026-09-24T06:07:26.3816713Z with:
2026-09-24T06:07:26.3817010Z   repository: TFourniax/tooltest
2026-09-24T06:07:26.3819521Z   token: ***
2026-09-24T06:07:26.3819792Z   ssh-strict: true
2026-09-24T06:07:26.3820077Z   ssh-user: git
2026-09-24T06:07:26.3820361Z   persist-credentials: true
2026-09-24T06:07:26.3820676Z   clean: true
2026-09-24T06:07:26.3820962Z   sparse-checkout-cone-mode: true
2026-09-24T06:07:26.3821289Z   fetch-depth: 1
2026-09-24T06:07:26.3821740Z   fetch-tags: false
2026-09-24T06:07:26.3822027Z   show-progress: true
2026-09-24T06:07:26.3822319Z   lfs: false
2026-09-24T06:07:26.3822603Z   submodules: false
2026-09-24T06:07:26.3822902Z   set-safe-directory: true
2026-09-24T06:07:26.3823230Z   allow-unsafe-pr-checkout: false
2026-09-24T06:07:26.3823661Z ##[endgroup]
2026-09-24T06:07:26.4622162Z Syncing repository: TFourniax/tooltest
2026-09-24T06:07:26.4624322Z ##[group]Getting Git version info
2026-09-24T06:07:26.4625211Z Working directory is '/home/runner/work/tooltest/tooltest'
2026-09-24T06:07:26.4633915Z [command]/usr/bin/git version
2026-09-24T06:07:26.4752678Z git version 2.55.0
2026-09-24T06:07:26.4770374Z ##[endgroup]
2026-09-24T06:07:26.4780693Z Temporarily overriding HOME='/home/runner/work/_temp/256d1dcc-89db-4f71-826e-a3ed87bd4751' before making global git config changes
2026-09-24T06:07:26.4782120Z Adding repository directory to the temporary git global config as a safe directory
2026-09-24T06:07:26.4788005Z [command]/usr/bin/git config --global --add safe.directory /home/runner/work/tooltest/tooltest
2026-09-24T06:07:26.4840361Z Deleting the contents of '/home/runner/work/tooltest/tooltest'
2026-09-24T06:07:26.4854011Z ##[group]Determining repository object format
2026-09-24T06:07:26.4855021Z ##[endgroup]
2026-09-24T06:07:26.4855974Z ##[group]Initializing the repository
2026-09-24T06:07:26.4856449Z [command]/usr/bin/git init /home/runner/work/tooltest/tooltest
2026-09-24T06:07:26.4977115Z hint: Using 'master' as the name for the initial branch. This default branch name
2026-09-24T06:07:26.4978238Z hint: will change to "main" in Git 3.0. To configure the initial branch name
2026-09-24T06:07:26.4978807Z hint: to use in all of your new repositories, which will suppress this warning,
2026-09-24T06:07:26.4979291Z hint: call:
2026-09-24T06:07:26.4979604Z hint:
2026-09-24T06:07:26.4979955Z hint: 	git config --global init.defaultBranch <name>
2026-09-24T06:07:26.4980332Z hint:
2026-09-24T06:07:26.4980692Z hint: Names commonly chosen instead of 'master' are 'main', 'trunk' and
2026-09-24T06:07:26.4981252Z hint: 'development'. The just-created branch can be renamed via this command:
2026-09-24T06:07:26.4982058Z hint:
2026-09-24T06:07:26.4982836Z hint: 	git branch -m <name>
2026-09-24T06:07:26.4983505Z hint:
2026-09-24T06:07:26.4984101Z hint: Disable this message with "git config set advice.defaultBranchName false"
2026-09-24T06:07:26.4985163Z Initialized empty Git repository in /home/runner/work/tooltest/tooltest/.git/
2026-09-24T06:07:26.4996797Z [command]/usr/bin/git remote add origin https://github.com/TFourniax/tooltest
2026-09-24T06:07:26.5066462Z ##[endgroup]
2026-09-24T06:07:26.5067340Z ##[group]Disabling automatic garbage collection
2026-09-24T06:07:26.5079517Z [command]/usr/bin/git config --local gc.auto 0
2026-09-24T06:07:26.5112191Z ##[endgroup]
2026-09-24T06:07:26.5112936Z ##[group]Setting up auth
2026-09-24T06:07:26.5113381Z Removing SSH command configuration
2026-09-24T06:07:26.5118400Z [command]/usr/bin/git config --local --name-only --get-regexp core\.sshCommand
2026-09-24T06:07:26.5160829Z [command]/usr/bin/git submodule foreach --recursive sh -c "git config --local --name-only --get-regexp 'core\.sshCommand' && git config --local --unset-all 'core.sshCommand' || :"
2026-09-24T06:07:26.5553674Z Removing HTTP extra header
2026-09-24T06:07:26.5555031Z [command]/usr/bin/git config --local --name-only --get-regexp http\.https\:\/\/github\.com\/\.extraheader
2026-09-24T06:07:26.5570771Z [command]/usr/bin/git submodule foreach --recursive sh -c "git config --local --name-only --get-regexp 'http\.https\:\/\/github\.com\/\.extraheader' && git config --local --unset-all 'http.https://github.com/.extraheader' || :"
2026-09-24T06:07:26.5797950Z Removing includeIf entries pointing to credentials config files
2026-09-24T06:07:26.5803219Z [command]/usr/bin/git config --local --name-only --get-regexp ^includeIf\.gitdir:
2026-09-24T06:07:26.5846021Z [command]/usr/bin/git submodule foreach --recursive git config --local --show-origin --name-only --get-regexp remote.origin.url
2026-09-24T06:07:26.6055958Z [command]/usr/bin/git config --file /home/runner/work/_temp/git-credentials-9e2d8479-403f-4ca8-ab94-1cd24bfb9cdd.config http.https://github.com/.extraheader AUTHORIZATION: basic ***
2026-09-24T06:07:26.6098715Z [command]/usr/bin/git config --local includeIf.gitdir:/home/runner/work/tooltest/tooltest/.git.path /home/runner/work/_temp/git-credentials-9e2d8479-403f-4ca8-ab94-1cd24bfb9cdd.config
2026-09-24T06:07:26.6164109Z [command]/usr/bin/git config --local includeIf.gitdir:/home/runner/work/tooltest/tooltest/.git/worktrees/*.path /home/runner/work/_temp/git-credentials-9e2d8479-403f-4ca8-ab94-1cd24bfb9cdd.config
2026-09-24T06:07:26.6205807Z [command]/usr/bin/git config --local includeIf.gitdir:/github/workspace/.git.path /github/runner_temp/git-credentials-9e2d8479-403f-4ca8-ab94-1cd24bfb9cdd.config
2026-09-24T06:07:26.6244570Z [command]/usr/bin/git config --local includeIf.gitdir:/github/workspace/.git/worktrees/*.path /github/runner_temp/git-credentials-9e2d8479-403f-4ca8-ab94-1cd24bfb9cdd.config
2026-09-24T06:07:26.6280473Z ##[endgroup]
2026-09-24T06:07:26.6281056Z ##[group]Fetching the repository
2026-09-24T06:07:26.6286494Z [command]/usr/bin/git -c protocol.version=2 fetch --no-tags --prune --no-recurse-submodules --depth=1 origin +824641c8143e52ef7887521eefe0d2c3c6dc420d:refs/remotes/pull/128/merge
2026-09-24T06:07:27.7639296Z From https://github.com/TFourniax/tooltest
2026-09-24T06:07:27.7642165Z  * [new ref]         824641c8143e52ef7887521eefe0d2c3c6dc420d -> pull/128/merge
2026-09-24T06:07:27.7645841Z ##[endgroup]
2026-09-24T06:07:27.7647189Z ##[group]Determining the checkout info
2026-09-24T06:07:27.7648651Z ##[endgroup]
2026-09-24T06:07:27.7649539Z [command]/usr/bin/git sparse-checkout disable
2026-09-24T06:07:27.7705245Z [command]/usr/bin/git config --local --unset-all extensions.worktreeConfig
2026-09-24T06:07:27.7740454Z ##[group]Checking out the ref
2026-09-24T06:07:27.7743265Z [command]/usr/bin/git checkout --progress --force refs/remotes/pull/128/merge
2026-09-24T06:07:27.8379791Z Note: switching to 'refs/remotes/pull/128/merge'.
2026-09-24T06:07:27.8380782Z 
2026-09-24T06:07:27.8381701Z You are in 'detached HEAD' state. You can look around, make experimental
2026-09-24T06:07:27.8383436Z changes and commit them, and you can discard any commits you make in this
2026-09-24T06:07:27.8385114Z state without impacting any branches by switching back to a branch.
2026-09-24T06:07:27.8386640Z 
2026-09-24T06:07:27.8387425Z If you want to create a new branch to retain commits you create, you may
2026-09-24T06:07:27.8388899Z do so (now or later) by using -c with the switch command. Example:
2026-09-24T06:07:27.8389582Z 
2026-09-24T06:07:27.8389892Z   git switch -c <new-branch-name>
2026-09-24T06:07:27.8390351Z 
2026-09-24T06:07:27.8390782Z Or undo this operation with:
2026-09-24T06:07:27.8391544Z 
2026-09-24T06:07:27.8392011Z   git switch -
2026-09-24T06:07:27.8392627Z 
2026-09-24T06:07:27.8393383Z Turn off this advice by setting config variable advice.detachedHead to false
2026-09-24T06:07:27.8394404Z 
2026-09-24T06:07:27.8395562Z HEAD is now at 824641c Merge 75add4e2ad8fd0d78370cecc9128d43d89ed6a60 into c03164e75e805ff1df976e55cdf6d86073e89b04
2026-09-24T06:07:27.8399547Z ##[endgroup]
2026-09-24T06:07:27.8441230Z [command]/usr/bin/git log -1 --format=%H
2026-09-24T06:07:27.8470534Z 824641c8143e52ef7887521eefe0d2c3c6dc420d
2026-09-24T06:07:27.8782865Z ##[group]Run actions/setup-python@v7
2026-09-24T06:07:27.8783668Z with:
2026-09-24T06:07:27.8784250Z   python-version: 3.11
2026-09-24T06:07:27.8784883Z   check-latest: false
2026-09-24T06:07:27.8791671Z   token: ***
2026-09-24T06:07:27.8792264Z   update-environment: true
2026-09-24T06:07:27.8792961Z   allow-prereleases: false
2026-09-24T06:07:27.8793673Z   freethreaded: false
2026-09-24T06:07:27.8794294Z ##[endgroup]
2026-09-24T06:07:27.9688794Z ##[group]Installed versions
2026-09-24T06:07:27.9755518Z Successfully set up CPython (3.11.16)
2026-09-24T06:07:27.9757255Z ##[endgroup]
2026-09-24T06:07:27.9967291Z ##[group]Run python -m pip install -e .
2026-09-24T06:07:27.9968778Z [36;1mpython -m pip install -e .[0m
2026-09-24T06:07:28.0237163Z shell: /usr/bin/bash -e {0}
2026-09-24T06:07:28.0237951Z env:
2026-09-24T06:07:28.0238712Z   pythonLocation: /opt/hostedtoolcache/Python/3.11.16/x64
2026-09-24T06:07:28.0239953Z   PKG_CONFIG_PATH: /opt/hostedtoolcache/Python/3.11.16/x64/lib/pkgconfig
2026-09-24T06:07:28.0241150Z   Python_ROOT_DIR: /opt/hostedtoolcache/Python/3.11.16/x64
2026-09-24T06:07:28.0242770Z   Python2_ROOT_DIR: /opt/hostedtoolcache/Python/3.11.16/x64
2026-09-24T06:07:28.0243862Z   Python3_ROOT_DIR: /opt/hostedtoolcache/Python/3.11.16/x64
2026-09-24T06:07:28.0244988Z   LD_LIBRARY_PATH: /opt/hostedtoolcache/Python/3.11.16/x64/lib
2026-09-24T06:07:28.0245910Z ##[endgroup]
2026-09-24T06:07:30.1806595Z Obtaining file:///home/runner/work/tooltest/tooltest
2026-09-24T06:07:30.1821184Z   Installing build dependencies: started
2026-09-24T06:07:30.9621323Z   Installing build dependencies: finished with status 'done'
2026-09-24T06:07:30.9628040Z   Checking if build backend supports build_editable: started
2026-09-24T06:07:31.2192680Z   Checking if build backend supports build_editable: finished with status 'done'
2026-09-24T06:07:31.2199535Z   Getting requirements to build editable: started
2026-09-24T06:07:31.4724535Z   Getting requirements to build editable: finished with status 'done'
2026-09-24T06:07:31.4732307Z   Preparing editable metadata (pyproject.toml): started
2026-09-24T06:07:31.6211189Z   Preparing editable metadata (pyproject.toml): finished with status 'done'
2026-09-24T06:07:31.6248262Z Building wheels for collected packages: diffwitness
2026-09-24T06:07:31.6254589Z   Building editable for diffwitness (pyproject.toml): started
2026-09-24T06:07:31.7856772Z   Building editable for diffwitness (pyproject.toml): finished with status 'done'
2026-09-24T06:07:31.7862286Z   Created wheel for diffwitness: filename=diffwitness-0.4.0a1-0.editable-py3-none-any.whl size=13332 sha256=56e9ea4e2c60054b36026e1af42f4ab849950cdfd3906714c659eb6632f675ab
2026-09-24T06:07:31.7863247Z   Stored in directory: /tmp/pip-ephem-wheel-cache-588bku8n/wheels/1d/e2/0c/8df4c5f7ed0b68981a66a62e05333067f34d74dcef53b2c7d9
2026-09-24T06:07:31.7885562Z Successfully built diffwitness
2026-09-24T06:07:31.7987459Z Installing collected packages: diffwitness
2026-09-24T06:07:31.8049394Z Successfully installed diffwitness-0.4.0a1
2026-09-24T06:07:31.8683994Z ##[group]Run python -m pip check
2026-09-24T06:07:31.8684232Z [36;1mpython -m pip check[0m
2026-09-24T06:07:31.8740250Z shell: /usr/bin/bash -e {0}
2026-09-24T06:07:31.8740491Z env:
2026-09-24T06:07:31.8740662Z   pythonLocation: /opt/hostedtoolcache/Python/3.11.16/x64
2026-09-24T06:07:31.8740916Z   PKG_CONFIG_PATH: /opt/hostedtoolcache/Python/3.11.16/x64/lib/pkgconfig
2026-09-24T06:07:31.8741163Z   Python_ROOT_DIR: /opt/hostedtoolcache/Python/3.11.16/x64
2026-09-24T06:07:31.8741383Z   Python2_ROOT_DIR: /opt/hostedtoolcache/Python/3.11.16/x64
2026-09-24T06:07:31.8741756Z   Python3_ROOT_DIR: /opt/hostedtoolcache/Python/3.11.16/x64
2026-09-24T06:07:31.8741981Z   LD_LIBRARY_PATH: /opt/hostedtoolcache/Python/3.11.16/x64/lib
2026-09-24T06:07:31.8742174Z ##[endgroup]
2026-09-24T06:07:32.0158081Z No broken requirements found.
2026-09-24T06:07:32.0444811Z ##[group]Run python -m compileall -q src integrations scripts
2026-09-24T06:07:32.0445095Z [36;1mpython -m compileall -q src integrations scripts[0m
2026-09-24T06:07:32.0499655Z shell: /usr/bin/bash -e {0}
2026-09-24T06:07:32.0499812Z env:
2026-09-24T06:07:32.0499970Z   pythonLocation: /opt/hostedtoolcache/Python/3.11.16/x64
2026-09-24T06:07:32.0500223Z   PKG_CONFIG_PATH: /opt/hostedtoolcache/Python/3.11.16/x64/lib/pkgconfig
2026-09-24T06:07:32.0500463Z   Python_ROOT_DIR: /opt/hostedtoolcache/Python/3.11.16/x64
2026-09-24T06:07:32.0500705Z   Python2_ROOT_DIR: /opt/hostedtoolcache/Python/3.11.16/x64
2026-09-24T06:07:32.0500918Z   Python3_ROOT_DIR: /opt/hostedtoolcache/Python/3.11.16/x64
2026-09-24T06:07:32.0501133Z   LD_LIBRARY_PATH: /opt/hostedtoolcache/Python/3.11.16/x64/lib
2026-09-24T06:07:32.0501318Z ##[endgroup]
2026-09-24T06:07:32.2860265Z ##[group]Run set +e
2026-09-24T06:07:32.2860530Z [36;1mset +e[0m
2026-09-24T06:07:32.2860835Z [36;1mpython -m unittest discover -s tests -v 2>&1 | tee unittest.log[0m
2026-09-24T06:07:32.2861199Z [36;1mrc=${PIPESTATUS[0]}[0m
2026-09-24T06:07:32.2861628Z [36;1mecho "return_code=$rc" >> "$GITHUB_OUTPUT"[0m
2026-09-24T06:07:32.2861900Z [36;1mexit "$rc"[0m
2026-09-24T06:07:32.2920142Z shell: /usr/bin/bash --noprofile --norc -e -o pipefail {0}
2026-09-24T06:07:32.2920355Z env:
2026-09-24T06:07:32.2920529Z   pythonLocation: /opt/hostedtoolcache/Python/3.11.16/x64
2026-09-24T06:07:32.2920781Z   PKG_CONFIG_PATH: /opt/hostedtoolcache/Python/3.11.16/x64/lib/pkgconfig
2026-09-24T06:07:32.2921031Z   Python_ROOT_DIR: /opt/hostedtoolcache/Python/3.11.16/x64
2026-09-24T06:07:32.2921252Z   Python2_ROOT_DIR: /opt/hostedtoolcache/Python/3.11.16/x64
2026-09-24T06:07:32.2921635Z   Python3_ROOT_DIR: /opt/hostedtoolcache/Python/3.11.16/x64
2026-09-24T06:07:32.2921897Z   LD_LIBRARY_PATH: /opt/hostedtoolcache/Python/3.11.16/x64/lib
2026-09-24T06:07:32.2922084Z ##[endgroup]
2026-09-24T06:07:32.9015804Z test_acceptance_harnesses_preserve_utf8_subprocess_output (test_acceptance_utf8.AcceptanceEncodingTests.test_acceptance_harnesses_preserve_utf8_subprocess_output) ... ok
2026-09-24T06:07:33.1887625Z test_advisory_partition_can_spend_tiny_budget_but_public_runner_still_proves_removal (test_adaptive.AdaptiveCoreTests.test_advisory_partition_can_spend_tiny_budget_but_public_runner_still_proves_removal) ... ok
2026-09-24T06:07:33.7403246Z test_finds_one_hunk_core_without_testing_every_surplus_hunk (test_adaptive.AdaptiveCoreTests.test_finds_one_hunk_core_without_testing_every_surplus_hunk) ... ok
2026-09-24T06:07:33.7803931Z test_invalid_advisory_plan_fails_before_any_search (test_adaptive.AdaptiveCoreTests.test_invalid_advisory_plan_fails_before_any_search) ... ok
2026-09-24T06:07:33.8990383Z test_behavior_preserving_refactor_gets_preservation_evidence (test_assurance.AssuranceTests.test_behavior_preserving_refactor_gets_preservation_evidence) ... ok
2026-09-24T06:07:34.0526836Z test_changed_tests_that_already_pass_on_base_are_non_discriminating (test_assurance.AssuranceTests.test_changed_tests_that_already_pass_on_base_are_non_discriminating) ... DiffWitness Gate rejected: changed tests do not discriminate the production change from base
2026-09-24T06:07:34.0544388Z ok
2026-09-24T06:07:34.0672613Z test_gate_balanced_accepts_and_public_verify_understands_assurance (test_assurance.AssuranceTests.test_gate_balanced_accepts_and_public_verify_understands_assurance) ... DiffWitness Gate: non-discriminating-change under balanced policy (dwa1_d94812c1503ab3dd8e9c)
2026-09-24T06:07:34.2388551Z DiffWitness Gate: preservation-evidence under balanced policy (dwa1_36f2cef2d9781d7d870b)
2026-09-24T06:07:34.2389133Z DiffWitness Gate accepted: balanced policy accepts stable preservation assurance
2026-09-24T06:07:34.2390050Z Project continuity: 2 new change event(s) · dwchg_f4fd37eeb2af32215babfb7e
2026-09-24T06:07:34.2553119Z certificate: dwa1_36f2cef2d9781d7d870b
2026-09-24T06:07:34.2553367Z integrity:   valid
2026-09-24T06:07:34.2553514Z freshness:   fresh against WORKTREE
2026-09-24T06:07:34.2553679Z candidate:   embedded-tree
2026-09-24T06:07:34.2553833Z base:        embedded-tree
2026-09-24T06:07:34.2554065Z verdict:     VALID
2026-09-24T06:07:34.2712223Z certificate: dwa1_36f2cef2d9781d7d870b
2026-09-24T06:07:34.2732881Z integrity:   valid
2026-09-24T06:07:34.2733124Z freshness:   stale against WORKTREE
2026-09-24T06:07:34.2733375Z candidate:   embedded-tree
2026-09-24T06:07:34.2733526Z base:        embedded-tree
2026-09-24T06:07:34.2733740Z verdict:     INVALID
2026-09-24T06:07:34.4087379Z DiffWitness Gate rejected: candidate is not stably green
2026-09-24T06:07:34.4109685Z ok
2026-09-24T06:07:34.4242270Z test_noop_certificate_is_fresh_then_stale_after_content_changes (test_attest.AttestationTests.test_noop_certificate_is_fresh_then_stale_after_content_changes) ... DiffWitness Gate: candidate-not-stable-green under strict policy (dwa1_e99129e75889dd0ce16c)
2026-09-24T06:07:34.4620473Z DiffWitness: proof not required (dw0_2c5d1a1671d236a607fa); no executable causal mutation detected.
2026-09-24T06:07:34.4898611Z certificate: dw0_2c5d1a1671d236a607fa
2026-09-24T06:07:34.4898943Z integrity:   valid
2026-09-24T06:07:34.4899167Z freshness:   fresh against WORKTREE
2026-09-24T06:07:34.4899414Z candidate:   embedded-tree
2026-09-24T06:07:34.4899603Z base:        embedded-tree
2026-09-24T06:07:34.4899850Z artifacts:   ignored proof.json
2026-09-24T06:07:34.4900073Z verdict:     VALID
2026-09-24T06:07:34.5077477Z ok
2026-09-24T06:07:34.5195932Z test_tree_bound_validation_proof_verifies_in_fresh_clone_without_snapshot_commit (test_attest.AttestationTests.test_tree_bound_validation_proof_verifies_in_fresh_clone_without_snapshot_commit) ... certificate: dw0_2c5d1a1671d236a607fa
2026-09-24T06:07:34.5196541Z integrity:   valid
2026-09-24T06:07:34.5196687Z freshness:   stale against WORKTREE
2026-09-24T06:07:34.5196889Z candidate:   embedded-tree
2026-09-24T06:07:34.5197031Z base:        embedded-tree
2026-09-24T06:07:34.5197173Z artifacts:   ignored proof.json
2026-09-24T06:07:34.5197317Z verdict:     INVALID
2026-09-24T06:07:34.6695126Z DiffWitness: validation-only stable-pass (dwv1_938ee0320e3c9e31214e)
2026-09-24T06:07:34.6696043Z Project continuity: 2 new change event(s) · dwchg_692867df4275d7e2cd861ff5
2026-09-24T06:07:34.6825261Z ok
2026-09-24T06:07:34.6945558Z test_verified_worktree_proof_can_be_attached_after_identical_commit (test_attest.AttestationTests.test_verified_worktree_proof_can_be_attached_after_identical_commit) ... certificate: dwv1_938ee0320e3c9e31214e
2026-09-24T06:07:34.6946084Z integrity:   valid
2026-09-24T06:07:34.6946229Z freshness:   fresh against HEAD
2026-09-24T06:07:34.6946388Z candidate:   embedded-tree
2026-09-24T06:07:34.6946538Z base:        embedded-tree
2026-09-24T06:07:34.6946673Z verdict:     VALID
2026-09-24T06:07:34.7213795Z DiffWitness: proof not required (dw0_2c5d1a1671d236a607fa); no executable causal mutation detected.
2026-09-24T06:07:34.7367237Z ok
2026-09-24T06:07:34.7372111Z test_detects_pytest_configuration (test_autodetect.AutoDetectTests.test_detects_pytest_configuration) ... ok
2026-09-24T06:07:34.7376181Z test_falls_back_to_unittest_for_plain_tests_directory (test_autodetect.AutoDetectTests.test_falls_back_to_unittest_for_plain_tests_directory) ... ok
2026-09-24T06:07:34.7383291Z test_prefers_declared_pnpm_test_script (test_autodetect.AutoDetectTests.test_prefers_declared_pnpm_test_script) ... ok
2026-09-24T06:07:34.7386970Z test_unified_schema_declares_every_public_certificate_family (test_certificate_schema.CertificateSchemaTests.test_unified_schema_declares_every_public_certificate_family) ... ok
2026-09-24T06:07:34.7963702Z test_binds_proof_debt_and_idleproof_to_one_exact_change (test_change_envelope.ChangeEnvelopeTests.test_binds_proof_debt_and_idleproof_to_one_exact_change) ... ok
2026-09-24T06:07:34.8290929Z test_corrupt_evidence_and_empty_envelope_fail_closed (test_change_envelope.ChangeEnvelopeTests.test_corrupt_evidence_and_empty_envelope_fail_closed) ... ok
2026-09-24T06:07:34.8465749Z test_idleproof_state_and_local_hook_files_do_not_change_diffwitness_worktree_identity (test_change_envelope.ChangeEnvelopeTests.test_idleproof_state_and_local_hook_files_do_not_change_diffwitness_worktree_identity) ... ok
2026-09-24T06:07:34.9009882Z test_mismatched_debt_candidate_tree_fails_closed (test_change_envelope.ChangeEnvelopeTests.test_mismatched_debt_candidate_tree_fails_closed) ... ok
2026-09-24T06:07:34.9544179Z test_mismatched_idleproof_change_fails_closed (test_change_envelope.ChangeEnvelopeTests.test_mismatched_idleproof_change_fails_closed) ... ok
2026-09-24T06:07:35.0740325Z test_init_creates_pinned_workflow_with_explicit_commands (test_cli.CliTests.test_init_creates_pinned_workflow_with_explicit_commands) ... ok
2026-09-24T06:07:35.3896059Z test_prove_writes_v2_certificate_and_markdown (test_cli.CliTests.test_prove_writes_v2_certificate_and_markdown) ... ok
2026-09-24T06:07:35.5992690Z test_direct_frontends_also_parse_before_preflight_or_discovery (test_cli_informational_safety.InformationalSafetyTests.test_direct_frontends_also_parse_before_preflight_or_discovery) ... ok
2026-09-24T06:07:35.9243458Z test_explicit_proof_still_executes_repository_tests (test_cli_informational_safety.InformationalSafetyTests.test_explicit_proof_still_executes_repository_tests) ... ok
2026-09-24T06:07:38.0912400Z test_help_and_version_preserve_repository_and_historical_evidence (test_cli_informational_safety.InformationalSafetyTests.test_help_and_version_preserve_repository_and_historical_evidence) ... ok
2026-09-24T06:07:38.4531811Z test_help_inside_explicit_test_command_still_executes (test_cli_informational_safety.InformationalSafetyTests.test_help_inside_explicit_test_command_still_executes) ... ok
2026-09-24T06:07:39.0320603Z test_invalid_options_fail_before_execution_or_certificate_deletion (test_cli_informational_safety.InformationalSafetyTests.test_invalid_options_fail_before_execution_or_certificate_deletion) ... ok
2026-09-24T06:07:39.0333131Z test_invalid_policy_and_budget_are_rejected (test_config.ConfigTests.test_invalid_policy_and_budget_are_rejected) ... ok
2026-09-24T06:07:39.0351687Z test_non_finite_timeouts_are_rejected_in_core_and_engine_config (test_config.ConfigTests.test_non_finite_timeouts_are_rejected_in_core_and_engine_config) ... ok
2026-09-24T06:07:39.0354788Z test_unknown_key_fails_closed (test_config.ConfigTests.test_unknown_key_fails_closed) ... ok
2026-09-24T06:07:39.0373591Z test_valid_gate_configuration_round_trips (test_config.ConfigTests.test_valid_gate_configuration_round_trips) ... ok
2026-09-24T06:07:39.0638159Z test_context_uses_project_test_configuration_without_private_engine_access (test_context_process_budget.ContextProcessBudgetTests.test_context_uses_project_test_configuration_without_private_engine_access) ... ok
2026-09-24T06:07:39.0780658Z test_failed_committed_history_walk_is_not_an_unborn_fingerprint (test_context_process_budget.ContextProcessBudgetTests.test_failed_committed_history_walk_is_not_an_unborn_fingerprint) ... ok
2026-09-24T06:07:39.1054831Z test_fingerprint_uses_reachable_roots_and_ignores_other_refs (test_context_process_budget.ContextProcessBudgetTests.test_fingerprint_uses_reachable_roots_and_ignores_other_refs) ... ok
2026-09-24T06:07:39.1474654Z test_malformed_project_configuration_still_fails (test_context_process_budget.ContextProcessBudgetTests.test_malformed_project_configuration_still_fails) ... ok
2026-09-24T06:07:39.1949647Z test_warm_context_uses_at_most_five_git_processes (test_context_process_budget.ContextProcessBudgetTests.test_warm_context_uses_at_most_five_git_processes) ... ok
2026-09-24T06:07:39.2561661Z test_bounds_and_repository_eviction_force_complete_validation (test_continuity_append_cache.AppendCacheTests.test_bounds_and_repository_eviction_force_complete_validation) ... ok
2026-09-24T06:07:39.2910656Z test_caller_inputs_and_results_cannot_mutate_cached_history (test_continuity_append_cache.AppendCacheTests.test_caller_inputs_and_results_cannot_mutate_cached_history) ... ok
2026-09-24T06:07:39.4943013Z test_concurrent_calls_have_one_chain_and_dedupe (test_continuity_append_cache.AppendCacheTests.test_concurrent_calls_have_one_chain_and_dedupe) ... ok
2026-09-24T06:07:39.5200180Z test_crt_text_translation_cannot_make_cached_bytes_differ_from_disk (test_continuity_append_cache.AppendCacheTests.test_crt_text_translation_cannot_make_cached_bytes_differ_from_disk) ... ok
2026-09-24T06:07:39.5485520Z test_external_suffix_is_validated_and_invalid_suffix_fails_closed (test_continuity_append_cache.AppendCacheTests.test_external_suffix_is_validated_and_invalid_suffix_fails_closed) ... ok
2026-09-24T06:07:39.5822627Z test_failed_batch_cannot_advance_cached_lifecycle_or_dedupe (test_continuity_append_cache.AppendCacheTests.test_failed_batch_cannot_advance_cached_lifecycle_or_dedupe) ... ok
2026-09-24T06:07:39.6143047Z test_failed_task_reference_cannot_replace_cached_task_identity (test_continuity_append_cache.AppendCacheTests.test_failed_task_reference_cannot_replace_cached_task_identity) ... ok
2026-09-24T06:07:39.6688686Z test_hash_valid_invalid_profile_and_duplicate_json_external_suffix_fail_closed (test_continuity_append_cache.AppendCacheTests.test_hash_valid_invalid_profile_and_duplicate_json_external_suffix_fail_closed) ... ok
2026-09-24T06:07:39.7024607Z test_partial_write_never_publishes_checkpoint (test_continuity_append_cache.AppendCacheTests.test_partial_write_never_publishes_checkpoint) ... ok
2026-09-24T06:07:39.7277771Z test_repeated_append_validates_only_new_suffix_but_public_read_remains_complete (test_continuity_append_cache.AppendCacheTests.test_repeated_append_validates_only_new_suffix_but_public_read_remains_complete) ... ok
2026-09-24T06:07:39.7525661Z test_same_size_timestamp_corruption_is_rejected_before_append (test_continuity_append_cache.AppendCacheTests.test_same_size_timestamp_corruption_is_rejected_before_append) ... ok
2026-09-24T06:07:39.7780188Z test_unterminated_valid_record_gets_separator_without_changing_old_bytes (test_continuity_append_cache.AppendCacheTests.test_unterminated_valid_record_gets_separator_without_changing_old_bytes) ... ok
2026-09-24T06:07:39.8162004Z test_valid_rewrite_truncation_and_crlf_unicode_keep_chain_truth (test_continuity_append_cache.AppendCacheTests.test_valid_rewrite_truncation_and_crlf_unicode_keep_chain_truth) ... ok
2026-09-24T06:07:39.8967228Z test_authoritative_flag_consistency_preserves_existing_runner_boundary (test_continuity_artifact_profile.ArtifactProfileTests.test_authoritative_flag_consistency_preserves_existing_runner_boundary) ... ok
2026-09-24T06:07:39.9683387Z test_compatible_legacy_reimport_preserves_original_events_and_bytes (test_continuity_artifact_profile.ArtifactProfileTests.test_compatible_legacy_reimport_preserves_original_events_and_bytes) ... ok
2026-09-24T06:07:40.0475466Z test_consumed_input_types_are_checked_before_projection (test_continuity_artifact_profile.ArtifactProfileTests.test_consumed_input_types_are_checked_before_projection) ... ok
2026-09-24T06:07:40.0939133Z test_declaration_and_relation_json_conflicts_fail_atomically (test_continuity_artifact_profile.ArtifactProfileTests.test_declaration_and_relation_json_conflicts_fail_atomically) ... ok
2026-09-24T06:07:40.1277065Z test_descriptor_advertises_profile_without_new_proof_authority (test_continuity_artifact_profile.ArtifactProfileTests.test_descriptor_advertises_profile_without_new_proof_authority) ... ok
2026-09-24T06:07:40.1946231Z test_invalid_legacy_cannot_gain_profile_compatibility_via_ignored_fields (test_continuity_artifact_profile.ArtifactProfileTests.test_invalid_legacy_cannot_gain_profile_compatibility_via_ignored_fields) ... ok
2026-09-24T06:07:40.3873243Z test_json_type_conflicts_are_not_silently_deduped (test_continuity_artifact_profile.ArtifactProfileTests.test_json_type_conflicts_are_not_silently_deduped) ... ok
2026-09-24T06:07:40.4309521Z test_legacy_digest_and_ephemeral_sha_exceptions_survive_profile_adoption (test_continuity_artifact_profile.ArtifactProfileTests.test_legacy_digest_and_ephemeral_sha_exceptions_survive_profile_adoption) ... ok
2026-09-24T06:07:40.5584314Z test_malformed_profile_batches_are_atomic (test_continuity_artifact_profile.ArtifactProfileTests.test_malformed_profile_batches_are_atomic) ... ok
2026-09-24T06:07:40.6057465Z test_mixed_history_replay_and_checkpoint_preserve_legacy_extensions (test_continuity_artifact_profile.ArtifactProfileTests.test_mixed_history_replay_and_checkpoint_preserve_legacy_extensions) ... ok
2026-09-24T06:07:40.6607564Z test_native_producer_profiles_all_five_types_without_promoting_imports (test_continuity_artifact_profile.ArtifactProfileTests.test_native_producer_profiles_all_five_types_without_promoting_imports) ... ok
2026-09-24T06:07:40.7221339Z test_native_reimport_adopts_legacy_without_rewriting_it (test_continuity_artifact_profile.ArtifactProfileTests.test_native_reimport_adopts_legacy_without_rewriting_it) ... ok
2026-09-24T06:07:40.7796173Z test_profile_does_not_hide_real_conflicts_or_other_profiles (test_continuity_artifact_profile.ArtifactProfileTests.test_profile_does_not_hide_real_conflicts_or_other_profiles) ... ok
2026-09-24T06:07:40.8366675Z test_readers_and_old_cache_cannot_bypass_typed_validation (test_continuity_artifact_profile.ArtifactProfileTests.test_readers_and_old_cache_cannot_bypass_typed_validation) ... ok
2026-09-24T06:07:40.8615246Z test_canonical_bytes_match_independent_reference_for_extensions_and_unicode (test_continuity_canonical_integrity.CanonicalIntegrityTests.test_canonical_bytes_match_independent_reference_for_extensions_and_unicode) ... ok
2026-09-24T06:07:40.8618818Z test_corruption_of_any_integrity_input_remains_visible (test_continuity_canonical_integrity.CanonicalIntegrityTests.test_corruption_of_any_integrity_input_remains_visible) ... ok
2026-09-24T06:07:40.8621967Z test_finite_json_and_circular_reference_checks_remain_active (test_continuity_canonical_integrity.CanonicalIntegrityTests.test_finite_json_and_circular_reference_checks_remain_active) ... ok
2026-09-24T06:07:40.8627183Z test_full_validator_encodes_nested_payload_only_once (test_continuity_canonical_integrity.CanonicalIntegrityTests.test_full_validator_encodes_nested_payload_only_once) ... ok
2026-09-24T06:07:40.8638646Z test_missing_or_malformed_identity_still_rejects_and_matches_reference (test_continuity_canonical_integrity.CanonicalIntegrityTests.test_missing_or_malformed_identity_still_rejects_and_matches_reference) ... ok
2026-09-24T06:07:40.8648080Z test_nested_identity_lookalikes_and_missing_actor_match_reference (test_continuity_canonical_integrity.CanonicalIntegrityTests.test_nested_identity_lookalikes_and_missing_actor_match_reference) ... ok
2026-09-24T06:07:40.8649566Z test_nonstandard_python_mapping_keeps_reference_encoding (test_continuity_canonical_integrity.CanonicalIntegrityTests.test_nonstandard_python_mapping_keeps_reference_encoding) ... ok
2026-09-24T06:07:40.8662778Z test_ordinary_validation_needs_one_complete_canonical_encoding (test_continuity_canonical_integrity.CanonicalIntegrityTests.test_ordinary_validation_needs_one_complete_canonical_encoding) ... ok
2026-09-24T06:07:40.8663522Z test_size_limit_counts_utf8_and_hash_member_exactly (test_continuity_canonical_integrity.CanonicalIntegrityTests.test_size_limit_counts_utf8_and_hash_member_exactly) ... ok
2026-09-24T06:07:40.8669838Z test_stream_rejection_closes_file_after_earlier_valid_events (test_continuity_canonical_integrity.CanonicalIntegrityTests.test_stream_rejection_closes_file_after_earlier_valid_events) ... ok
2026-09-24T06:07:40.9241741Z test_byte_budget_counts_utf8_bytes_instead_of_characters (test_continuity_change_paths.ChangePathAdmissionTests.test_byte_budget_counts_utf8_bytes_instead_of_characters) ... ok
2026-09-24T06:07:40.9550355Z test_exact_unicode_whitespace_control_and_backslash_paths (test_continuity_change_paths.ChangePathAdmissionTests.test_exact_unicode_whitespace_control_and_backslash_paths) ... ok
2026-09-24T06:07:40.9985104Z test_file_facts_use_change_identity_trees_not_unrelated_or_missing_commit_hints (test_continuity_change_paths.ChangePathAdmissionTests.test_file_facts_use_change_identity_trees_not_unrelated_or_missing_commit_hints) ... ok
2026-09-24T06:07:41.0654265Z test_forged_coverage_is_rejected_atomically (test_continuity_change_paths.ChangePathAdmissionTests.test_forged_coverage_is_rejected_atomically) ... ok
2026-09-24T06:07:41.1186822Z test_human_context_quotes_paths_without_terminal_control_execution (test_continuity_change_paths.ChangePathAdmissionTests.test_human_context_quotes_paths_without_terminal_control_execution) ... ok
2026-09-24T06:07:41.2502321Z test_installed_cli_reports_safe_exact_and_partial_admission (test_continuity_change_paths.ChangePathAdmissionTests.test_installed_cli_reports_safe_exact_and_partial_admission) ... ok
2026-09-24T06:07:41.3153272Z test_large_changes_keep_bounded_whole_paths_and_explicit_coverage (test_continuity_change_paths.ChangePathAdmissionTests.test_large_changes_keep_bounded_whole_paths_and_explicit_coverage) ... ok
2026-09-24T06:07:41.3445422Z test_unavailable_tree_is_not_presented_as_observed_empty_change (test_continuity_change_paths.ChangePathAdmissionTests.test_unavailable_tree_is_not_presented_as_observed_empty_change) ... ok
2026-09-24T06:07:41.4970435Z test_unknown_legacy_coverage_extension_cannot_crash_context (test_continuity_change_paths.ChangePathAdmissionTests.test_unknown_legacy_coverage_extension_cannot_crash_context) ... ok
2026-09-24T06:07:41.5271389Z test_unrepresentable_names_are_omitted_whole_without_relabeling (test_continuity_change_paths.ChangePathAdmissionTests.test_unrepresentable_names_are_omitted_whole_without_relabeling) ... ok
2026-09-24T06:07:41.5744486Z test_untrusted_commit_hint_cannot_be_a_git_option (test_continuity_change_paths.ChangePathAdmissionTests.test_untrusted_commit_hint_cannot_be_a_git_option) ... ok
2026-09-24T06:07:41.6252624Z test_whole_path_byte_budget_keeps_the_original_event_limit (test_continuity_change_paths.ChangePathAdmissionTests.test_whole_path_byte_budget_keeps_the_original_event_limit) ... ok
2026-09-24T06:07:41.7619945Z test_append_after_validation_is_visible_on_next_context (test_continuity_context_cache.ContinuityContextCacheTests.test_append_after_validation_is_visible_on_next_context) ... ok
2026-09-24T06:07:41.8407861Z test_concurrent_rebuild_cannot_inherit_another_snapshot_digest (test_continuity_context_cache.ContinuityContextCacheTests.test_concurrent_rebuild_cannot_inherit_another_snapshot_digest) ... ok
2026-09-24T06:07:41.9649661Z test_corruption_after_validation_never_becomes_a_trusted_cache_anchor (test_continuity_context_cache.ContinuityContextCacheTests.test_corruption_after_validation_never_becomes_a_trusted_cache_anchor) ... ok
2026-09-24T06:07:42.0227732Z test_hot_cache_detects_historical_tampering_before_serving_context (test_continuity_context_cache.ContinuityContextCacheTests.test_hot_cache_detects_historical_tampering_before_serving_context) ... ok
2026-09-24T06:07:42.0590960Z test_legacy_unvalidated_digest_is_not_trusted_after_upgrade (test_continuity_context_cache.ContinuityContextCacheTests.test_legacy_unvalidated_digest_is_not_trusted_after_upgrade) ... ok
2026-09-24T06:07:42.1331318Z test_legitimate_append_invalidates_cache_and_rebuilds_strictly (test_continuity_context_cache.ContinuityContextCacheTests.test_legitimate_append_invalidates_cache_and_rebuilds_strictly) ... ok
2026-09-24T06:07:42.1676532Z test_rebuilt_state_digest_belongs_to_the_bytes_that_were_validated (test_continuity_context_cache.ContinuityContextCacheTests.test_rebuilt_state_digest_belongs_to_the_bytes_that_were_validated) ... ok
2026-09-24T06:07:42.2034353Z test_unchanged_cache_does_not_reparse_the_journal (test_continuity_context_cache.ContinuityContextCacheTests.test_unchanged_cache_does_not_reparse_the_journal) ... ok
2026-09-24T06:07:42.2892346Z test_citation_tracks_the_exact_assertion_not_the_latest_journal_head (test_continuity_context_sources.ContextSourceTests.test_citation_tracks_the_exact_assertion_not_the_latest_journal_head) ... ok
2026-09-24T06:07:42.3431020Z test_confirmation_cites_its_review_separately_from_the_assertion (test_continuity_context_sources.ContextSourceTests.test_confirmation_cites_its_review_separately_from_the_assertion) ... ok
2026-09-24T06:07:42.4029678Z test_inconsistent_assertion_status_or_details_cannot_be_cited (test_continuity_context_sources.ContextSourceTests.test_inconsistent_assertion_status_or_details_cannot_be_cited) ... ok
2026-09-24T06:07:42.4640082Z test_missing_assertion_row_cannot_produce_a_fabricated_citation (test_continuity_context_sources.ContextSourceTests.test_missing_assertion_row_cannot_produce_a_fabricated_citation) ... ok
2026-09-24T06:07:42.5118960Z test_packet_anchor_and_citations_share_a_read_snapshot (test_continuity_context_sources.ContextSourceTests.test_packet_anchor_and_citations_share_a_read_snapshot) ... ok
2026-09-24T06:07:42.6230704Z test_stale_source_pointer_with_identical_assertions_is_rejected (test_continuity_context_sources.ContextSourceTests.test_stale_source_pointer_with_identical_assertions_is_rejected) ... ok
2026-09-24T06:07:42.6232278Z test_contract_covers_concepts_without_renaming_historical_wire_kinds (test_continuity_contract.ContinuityContractTests.test_contract_covers_concepts_without_renaming_historical_wire_kinds) ... ok
2026-09-24T06:07:42.6245040Z test_discovery_preserves_the_existing_human_relation_boundary (test_continuity_contract.ContinuityContractTests.test_discovery_preserves_the_existing_human_relation_boundary) ... ok
2026-09-24T06:07:42.6247561Z test_exported_metadata_cannot_mutate_live_contract_rules (test_continuity_contract.ContinuityContractTests.test_exported_metadata_cannot_mutate_live_contract_rules) ... ok
2026-09-24T06:07:42.6535666Z test_legacy_extensions_and_projection_lifecycle_survive_reconstruction (test_continuity_contract.ContinuityContractTests.test_legacy_extensions_and_projection_lifecycle_survive_reconstruction) ... ok
2026-09-24T06:07:42.7460926Z test_public_json_discovery_is_repository_independent_read_only_and_language_stable (test_continuity_contract.ContinuityContractTests.test_public_json_discovery_is_repository_independent_read_only_and_language_stable) ... ok
2026-09-24T06:07:42.7764639Z test_corrupt_debt_ledger_never_becomes_project_history (test_continuity_debt_bridge.ContinuityDebtBridgeTests.test_corrupt_debt_ledger_never_becomes_project_history) ... ok
2026-09-24T06:07:42.8587978Z test_full_ledger_lifecycle_projects_idempotently (test_continuity_debt_bridge.ContinuityDebtBridgeTests.test_full_ledger_lifecycle_projects_idempotently) ... ok
2026-09-24T06:07:42.8864622Z test_only_exact_available_base_and_well_formed_tree_can_identify_a_change (test_continuity_debt_bridge.ContinuityDebtBridgeTests.test_only_exact_available_base_and_well_formed_tree_can_identify_a_change) ... ok
2026-09-24T06:07:42.9278476Z test_option_like_historical_report_retains_debt_without_invented_change_link (test_continuity_debt_bridge.ContinuityDebtBridgeTests.test_option_like_historical_report_retains_debt_without_invented_change_link) ... ok
2026-09-24T06:07:42.9389443Z test_both_readers_reject_profile_mismatch_even_with_valid_hashes (test_continuity_declaration_profile.DeclarationProfileTests.test_both_readers_reject_profile_mismatch_even_with_valid_hashes) ... ok
2026-09-24T06:07:42.9801900Z test_cache_from_json_only_validation_cannot_skip_profile_admission (test_continuity_declaration_profile.DeclarationProfileTests.test_cache_from_json_only_validation_cannot_skip_profile_admission) ... ok
2026-09-24T06:07:42.9909684Z test_descriptor_exposes_opt_in_profile_without_claiming_proof_authority (test_continuity_declaration_profile.DeclarationProfileTests.test_descriptor_exposes_opt_in_profile_without_claiming_proof_authority) ... ok
2026-09-24T06:07:43.0755518Z test_invalid_profile_batch_fails_before_any_append (test_continuity_declaration_profile.DeclarationProfileTests.test_invalid_profile_batch_fails_before_any_append) ... ok
2026-09-24T06:07:43.0971905Z test_legacy_extensions_and_typed_events_share_history_without_rewriting (test_continuity_declaration_profile.DeclarationProfileTests.test_legacy_extensions_and_typed_events_share_history_without_rewriting) ... ok
2026-09-24T06:07:43.1824143Z test_native_commands_adopt_profile_and_keep_declared_authority (test_continuity_declaration_profile.DeclarationProfileTests.test_native_commands_adopt_profile_and_keep_declared_authority) ... ok
2026-09-24T06:07:43.2297398Z test_ambiguous_and_nonfinite_source_json_fails_before_append (test_continuity_envelope_admission.EnvelopeAdmissionTests.test_ambiguous_and_nonfinite_source_json_fails_before_append) ... ok
2026-09-24T06:07:43.2974355Z test_legacy_absence_and_idempotency_remain_compatible (test_continuity_envelope_admission.EnvelopeAdmissionTests.test_legacy_absence_and_idempotency_remain_compatible) ... ok
2026-09-24T06:07:43.3980753Z test_malformed_containers_fail_with_controlled_errors (test_continuity_envelope_admission.EnvelopeAdmissionTests.test_malformed_containers_fail_with_controlled_errors) ... ok
2026-09-24T06:07:43.5088265Z test_native_builder_output_remains_importable_and_observed (test_continuity_envelope_admission.EnvelopeAdmissionTests.test_native_builder_output_remains_importable_and_observed) ... ok
2026-09-24T06:07:43.6128931Z test_public_cli_rejects_string_false_without_writing_history (test_continuity_envelope_admission.EnvelopeAdmissionTests.test_public_cli_rejects_string_false_without_writing_history) ... ok
2026-09-24T06:07:43.6775718Z test_valid_false_zero_and_nullable_budget_keep_exact_meaning (test_continuity_envelope_admission.EnvelopeAdmissionTests.test_valid_false_zero_and_nullable_budget_keep_exact_meaning) ... ok
2026-09-24T06:07:43.8366667Z test_wrong_summary_scalars_fail_atomically (test_continuity_envelope_admission.EnvelopeAdmissionTests.test_wrong_summary_scalars_fail_atomically) ... ok
2026-09-24T06:07:43.8717940Z test_conflicting_object_and_path_are_rejected_without_append (test_continuity_envelope_snapshot.EnvelopeSnapshotTests.test_conflicting_object_and_path_are_rejected_without_append) ... ok
2026-09-24T06:07:43.9159053Z test_direct_object_has_no_invented_file_digest (test_continuity_envelope_snapshot.EnvelopeSnapshotTests.test_direct_object_has_no_invented_file_digest) ... ok
2026-09-24T06:07:44.0437603Z test_matching_dual_input_preserves_raw_unicode_and_line_endings (test_continuity_envelope_snapshot.EnvelopeSnapshotTests.test_matching_dual_input_preserves_raw_unicode_and_line_endings) ... ok
2026-09-24T06:07:44.1047959Z test_replacement_or_deletion_after_parse_keeps_parsed_snapshot_digest (test_continuity_envelope_snapshot.EnvelopeSnapshotTests.test_replacement_or_deletion_after_parse_keeps_parsed_snapshot_digest) ... ok
2026-09-24T06:07:44.1766103Z test_supplied_object_cannot_bypass_invalid_or_missing_source (test_continuity_envelope_snapshot.EnvelopeSnapshotTests.test_supplied_object_cannot_bypass_invalid_or_missing_source) ... ok
2026-09-24T06:07:44.2428193Z test_all_branches_include_merge_parents_and_disconnected_roots_without_proof (test_continuity_git_branches.GitBranchHistoryTests.test_all_branches_include_merge_parents_and_disconnected_roots_without_proof) ... Switched to a new branch 'unrelated'
2026-09-24T06:07:44.3190915Z ok
2026-09-24T06:07:44.3838326Z test_cli_resumption_hint_keeps_explicit_message_policy (test_continuity_git_branches.GitBranchHistoryTests.test_cli_resumption_hint_keeps_explicit_message_policy) ... Switched to a new branch 'unrelated'
2026-09-24T06:07:44.4795736Z ok
2026-09-24T06:07:44.5638816Z test_consistent_cursor_cannot_claim_unimported_messages (test_continuity_git_branches.GitBranchHistoryTests.test_consistent_cursor_cannot_claim_unimported_messages) ... Switched to a new branch 'unrelated'
2026-09-24T06:07:44.6228126Z ok
2026-09-24T06:07:44.6815447Z test_consistent_cursor_cannot_skip_unimported_commits (test_continuity_git_branches.GitBranchHistoryTests.test_consistent_cursor_cannot_skip_unimported_commits) ... Switched to a new branch 'unrelated'
2026-09-24T06:07:44.7222965Z ok
2026-09-24T06:07:44.7775757Z test_cursor_prefix_rechecks_corrupt_journal_bytes_with_preserved_size_and_time (test_continuity_git_branches.GitBranchHistoryTests.test_cursor_prefix_rechecks_corrupt_journal_bytes_with_preserved_size_and_time) ... Switched to a new branch 'unrelated'
2026-09-24T06:07:44.8150951Z ok
2026-09-24T06:07:44.8759539Z test_cursor_rejects_invalid_typed_fields_even_with_recomputed_checksum (test_continuity_git_branches.GitBranchHistoryTests.test_cursor_rejects_invalid_typed_fields_even_with_recomputed_checksum) ... Switched to a new branch 'unrelated'
2026-09-24T06:07:44.9184534Z ok
2026-09-24T06:07:44.9729147Z test_declared_messages_remain_opt_in_and_cannot_change_cursor_policy (test_continuity_git_branches.GitBranchHistoryTests.test_declared_messages_remain_opt_in_and_cannot_change_cursor_policy) ... Switched to a new branch 'unrelated'
2026-09-24T06:07:45.0138500Z ok
2026-09-24T06:07:45.0883617Z test_empty_sha256_and_localized_cli_preserve_compatible_modes (test_continuity_git_branches.GitBranchHistoryTests.test_empty_sha256_and_localized_cli_preserve_compatible_modes) ... Switched to a new branch 'unrelated'
2026-09-24T06:07:45.2729602Z ok
2026-09-24T06:07:45.3323094Z test_interruption_and_concurrent_page_imports_retain_journal_integrity (test_continuity_git_branches.GitBranchHistoryTests.test_interruption_and_concurrent_page_imports_retain_journal_integrity) ... Switched to a new branch 'unrelated'
2026-09-24T06:07:45.4389351Z ok
2026-09-24T06:07:45.4939071Z test_invalid_options_and_corrupted_cursor_fail_without_appending (test_continuity_git_branches.GitBranchHistoryTests.test_invalid_options_and_corrupted_cursor_fail_without_appending) ... Switched to a new branch 'unrelated'
2026-09-24T06:07:45.5369039Z ok
2026-09-24T06:07:45.6046205Z test_missing_non_first_parent_and_excessive_branch_capture_fail_before_append (test_continuity_git_branches.GitBranchHistoryTests.test_missing_non_first_parent_and_excessive_branch_capture_fail_before_append) ... Switched to a new branch 'unrelated'
2026-09-24T06:07:45.6608841Z ok
2026-09-24T06:07:45.7156912Z test_remote_tracking_tips_are_included_but_tag_only_history_is_explicitly_outside_scope (test_continuity_git_branches.GitBranchHistoryTests.test_remote_tracking_tips_are_included_but_tag_only_history_is_explicitly_outside_scope) ... Switched to a new branch 'unrelated'
2026-09-24T06:07:45.8195683Z ok
2026-09-24T06:07:45.8742988Z test_shallow_and_grafted_parent_lists_never_claim_complete_history (test_continuity_git_branches.GitBranchHistoryTests.test_shallow_and_grafted_parent_lists_never_claim_complete_history) ... Switched to a new branch 'unrelated'
2026-09-24T06:07:46.0209399Z ok
2026-09-24T06:07:46.0785461Z test_small_pages_retry_idempotently_and_keep_the_captured_tips_after_ref_movement (test_continuity_git_branches.GitBranchHistoryTests.test_small_pages_retry_idempotently_and_keep_the_captured_tips_after_ref_movement) ... Switched to a new branch 'unrelated'
2026-09-24T06:07:46.3007365Z ok
2026-09-24T06:07:46.5325378Z test_blocking_child_is_terminated_at_the_command_deadline (test_continuity_git_history.GitHistoryTests.test_blocking_child_is_terminated_at_the_command_deadline) ... ok
2026-09-24T06:07:46.6519017Z test_cli_rejects_bad_limit_and_imports_unicode_paths (test_continuity_git_history.GitHistoryTests.test_cli_rejects_bad_limit_and_imports_unicode_paths) ... ok
2026-09-24T06:07:46.6927277Z test_corrupt_commit_and_bounded_git_output_fail_before_append (test_continuity_git_history.GitHistoryTests.test_corrupt_commit_and_bounded_git_output_fail_before_append) ... ok
2026-09-24T06:07:46.7555621Z test_empty_and_sha256_repositories_are_supported (test_continuity_git_history.GitHistoryTests.test_empty_and_sha256_repositories_are_supported) ... ok
2026-09-24T06:07:46.8249015Z test_head_advance_and_replacement_objects_cannot_relabel_captured_commit (test_continuity_git_history.GitHistoryTests.test_head_advance_and_replacement_objects_cannot_relabel_captured_commit) ... ok
2026-09-24T06:07:46.8960067Z test_message_truncation_and_path_omission_are_explicit (test_continuity_git_history.GitHistoryTests.test_message_truncation_and_path_omission_are_explicit) ... ok
2026-09-24T06:07:46.9988316Z test_messages_are_separate_declared_opt_in_and_do_not_replace_commit_authority (test_continuity_git_history.GitHistoryTests.test_messages_are_separate_declared_opt_in_and_do_not_replace_commit_authority) ... ok
2026-09-24T06:07:47.0492650Z test_non_utf8_message_retains_only_digest_and_explicit_coverage (test_continuity_git_history.GitHistoryTests.test_non_utf8_message_retains_only_digest_and_explicit_coverage) ... ok
2026-09-24T06:07:47.0966483Z test_oversized_object_and_invalid_ref_cannot_partially_import_a_page (test_continuity_git_history.GitHistoryTests.test_oversized_object_and_invalid_ref_cannot_partially_import_a_page) ... ok
2026-09-24T06:07:47.1886278Z test_page_resumption_is_idempotent_and_excludes_dirty_bytes_and_private_headers (test_continuity_git_history.GitHistoryTests.test_page_resumption_is_idempotent_and_excludes_dirty_bytes_and_private_headers) ... ok
2026-09-24T06:07:47.2593676Z test_preappend_interruption_leaves_page_retryable (test_continuity_git_history.GitHistoryTests.test_preappend_interruption_leaves_page_retryable) ... ok
2026-09-24T06:07:47.3447808Z test_profile_cannot_promote_messages_or_invent_unbound_paths (test_continuity_git_history.GitHistoryTests.test_profile_cannot_promote_messages_or_invent_unbound_paths) ... ok
2026-09-24T06:07:47.4368365Z test_root_and_merge_observe_first_parent_diff_without_importing_side_branch (test_continuity_git_history.GitHistoryTests.test_root_and_merge_observe_first_parent_diff_without_importing_side_branch) ... ok
2026-09-24T06:07:47.5772592Z test_shallow_boundary_is_explicit_and_resumes_after_deepening (test_continuity_git_history.GitHistoryTests.test_shallow_boundary_is_explicit_and_resumes_after_deepening) ... ok
2026-09-24T06:07:47.6686415Z test_corrupt_tree_and_blob_bytes_are_rechecked_after_successful_import (test_continuity_git_lineage.GitLineageTests.test_corrupt_tree_and_blob_bytes_are_rechecked_after_successful_import) ... ok
2026-09-24T06:07:47.7709373Z test_cursor_policy_is_compatible_and_forged_opt_in_cannot_skip_assessments (test_continuity_git_lineage.GitLineageTests.test_cursor_policy_is_compatible_and_forged_opt_in_cannot_skip_assessments) ... ok
2026-09-24T06:07:47.9247741Z test_duplicate_content_copy_edit_and_mode_changes_are_not_silent_identity_merges (test_continuity_git_lineage.GitLineageTests.test_duplicate_content_copy_edit_and_mode_changes_are_not_silent_identity_merges) ... ok
2026-09-24T06:07:47.9727575Z test_excluded_regular_names_still_prevent_false_unique_matches (test_continuity_git_lineage.GitLineageTests.test_excluded_regular_names_still_prevent_false_unique_matches) ... ok
2026-09-24T06:07:48.0425390Z test_existing_assertion_authority_stays_bound_to_its_original_entity (test_continuity_git_lineage.GitLineageTests.test_existing_assertion_authority_stays_bound_to_its_original_entity) ... ok
2026-09-24T06:07:48.2596393Z test_limits_and_preappend_interruption_preserve_atomic_retry (test_continuity_git_lineage.GitLineageTests.test_limits_and_preappend_interruption_preserve_atomic_retry) ... ok
2026-09-24T06:07:48.3030392Z test_nonregular_replacement_is_not_a_removed_path (test_continuity_git_lineage.GitLineageTests.test_nonregular_replacement_is_not_a_removed_path) ... ok
2026-09-24T06:07:48.4194830Z test_opt_in_persists_inferred_relocation_with_exact_binding_and_no_proof_transfer (test_continuity_git_lineage.GitLineageTests.test_opt_in_persists_inferred_relocation_with_exact_binding_and_no_proof_transfer) ... ok
2026-09-24T06:07:48.4833351Z test_profile_rejects_promoted_authority_unbound_paths_and_altered_relations (test_continuity_git_lineage.GitLineageTests.test_profile_rejects_promoted_authority_unbound_paths_and_altered_relations) ... ok
2026-09-24T06:07:48.5332801Z test_profile_validation_has_specific_causes_independent_of_dedupe (test_continuity_git_lineage.GitLineageTests.test_profile_validation_has_specific_causes_independent_of_dedupe) ... ok
2026-09-24T06:07:48.6252960Z test_query_limits_exact_citations_and_journal_corruption (test_continuity_git_lineage.GitLineageTests.test_query_limits_exact_citations_and_journal_corruption) ... ok
2026-09-24T06:07:48.8149480Z test_real_pair_budget_rejects_whole_page_and_deadline_rejects_without_append (test_continuity_git_lineage.GitLineageTests.test_real_pair_budget_rejects_whole_page_and_deadline_rejects_without_append) ... ok
2026-09-24T06:07:49.0316247Z test_rename_back_and_branch_divergence_retain_distinct_cited_observations (test_continuity_git_lineage.GitLineageTests.test_rename_back_and_branch_divergence_retain_distinct_cited_observations) ... ok
2026-09-24T06:07:49.2266319Z test_sha256_root_merge_and_shallow_boundary_preserve_original_meaning (test_continuity_git_lineage.GitLineageTests.test_sha256_root_merge_and_shallow_boundary_preserve_original_meaning) ... ok
2026-09-24T06:07:49.2674991Z test_valid_hash_does_not_admit_malformed_or_unsafe_tree_structure (test_continuity_git_lineage.GitLineageTests.test_valid_hash_does_not_admit_malformed_or_unsafe_tree_structure) ... ok
2026-09-24T06:07:50.6279244Z test_guard_then_codex_stop_same_tree_keeps_current_proof_coherent (test_continuity_guard_native_reverification.GuardNativeReverificationTests.test_guard_then_codex_stop_same_tree_keeps_current_proof_coherent) ... ok
2026-09-24T06:07:50.6821791Z test_bounds_cycles_unknown_nodes_and_repeated_calls_are_deterministic (test_continuity_history.MemoryNavigationTests.test_bounds_cycles_unknown_nodes_and_repeated_calls_are_deterministic) ... ok
2026-09-24T06:07:50.7092128Z test_corrupt_journal_cannot_supply_history_or_reasons (test_continuity_history.MemoryNavigationTests.test_corrupt_journal_cannot_supply_history_or_reasons) ... ok
2026-09-24T06:07:50.7612493Z test_cursor_rejects_wrong_identity_truncation_and_valid_divergent_prefix (test_continuity_history.MemoryNavigationTests.test_cursor_rejects_wrong_identity_truncation_and_valid_divergent_prefix) ... ok
2026-09-24T06:07:50.8358991Z test_depth_and_reason_truncation_are_explicit (test_continuity_history.MemoryNavigationTests.test_depth_and_reason_truncation_are_explicit) ... ok
2026-09-24T06:07:50.8575272Z test_empty_history_and_unknown_identity_are_explicit_without_persistence (test_continuity_history.MemoryNavigationTests.test_empty_history_and_unknown_identity_are_explicit_without_persistence) ... ok
2026-09-24T06:07:50.8936510Z test_exact_citation_opens_original_event_and_rejects_wrong_hash_or_missing_id (test_continuity_history.MemoryNavigationTests.test_exact_citation_opens_original_event_and_rejects_wrong_hash_or_missing_id) ... ok
2026-09-24T06:07:50.9877377Z test_history_byte_bound_preserves_whole_events_and_all_pages (test_continuity_history.MemoryNavigationTests.test_history_byte_bound_preserves_whole_events_and_all_pages) ... ok
2026-09-24T06:07:51.0404238Z test_history_retains_exact_events_and_pages_a_stable_prefix_across_appends (test_continuity_history.MemoryNavigationTests.test_history_retains_exact_events_and_pages_a_stable_prefix_across_appends) ... ok
2026-09-24T06:07:51.0863168Z test_latest_edge_is_selected_with_its_own_source_and_old_event_remains_in_history (test_continuity_history.MemoryNavigationTests.test_latest_edge_is_selected_with_its_own_source_and_old_event_remains_in_history) ... ok
2026-09-24T06:07:51.1564280Z test_public_cli_json_and_french_text_are_read_only_and_escape_recorded_controls (test_continuity_history.MemoryNavigationTests.test_public_cli_json_and_french_text_are_read_only_and_escape_recorded_controls) ... ok
2026-09-24T06:07:51.1821540Z test_public_cli_rejects_non_repository_without_traceback_or_files (test_continuity_history.MemoryNavigationTests.test_public_cli_rejects_non_repository_without_traceback_or_files) ... ok
2026-09-24T06:07:51.2300567Z test_review_does_not_replace_assertion_and_inactive_memory_stays_explicit (test_continuity_history.MemoryNavigationTests.test_review_does_not_replace_assertion_and_inactive_memory_stays_explicit) ... ok
2026-09-24T06:07:51.2785160Z test_why_traverses_both_directions_and_preserves_separate_authorities_and_reasons (test_continuity_history.MemoryNavigationTests.test_why_traverses_both_directions_and_preserves_separate_authorities_and_reasons) ... ok
2026-09-24T06:07:51.3923455Z test_actual_git_delta_is_durable_cited_bidirectional_and_not_proof (test_continuity_impact.ImpactTests.test_actual_git_delta_is_durable_cited_bidirectional_and_not_proof) ... ok
2026-09-24T06:07:51.5009304Z test_actual_partial_path_coverage_keeps_unobserved_expectations_unknown (test_continuity_impact.ImpactTests.test_actual_partial_path_coverage_keeps_unobserved_expectations_unknown) ... ok
2026-09-24T06:07:51.5820246Z test_actual_unavailable_git_tree_and_exact_cited_memory (test_continuity_impact.ImpactTests.test_actual_unavailable_git_tree_and_exact_cited_memory) ... ok
2026-09-24T06:07:51.6980076Z test_dirty_plan_uses_exact_worktree_without_mutating_user_index (test_continuity_impact.ImpactTests.test_dirty_plan_uses_exact_worktree_without_mutating_user_index) ... ok
2026-09-24T06:07:51.7777099Z test_import_rejects_forged_delta_reference_hash_and_authority (test_continuity_impact.ImpactTests.test_import_rejects_forged_delta_reference_hash_and_authority) ... ok
2026-09-24T06:07:51.8315880Z test_invalid_inputs_fail_before_journal_write_and_no_path_aliases (test_continuity_impact.ImpactTests.test_invalid_inputs_fail_before_journal_write_and_no_path_aliases) ... ok
2026-09-24T06:07:51.9142332Z test_missing_git_objects_produce_unknown_not_false_absence (test_continuity_impact.ImpactTests.test_missing_git_objects_produce_unknown_not_false_absence) ... ok
2026-09-24T06:07:52.2732263Z test_real_cli_french_english_show_is_read_only_and_help_has_no_effects (test_continuity_impact.ImpactTests.test_real_cli_french_english_show_is_read_only_and_help_has_no_effects) ... ok
2026-09-24T06:07:52.3562752Z test_recording_plan_after_observed_change_is_not_anticipation (test_continuity_impact.ImpactTests.test_recording_plan_after_observed_change_is_not_anticipation) ... ok
2026-09-24T06:07:52.4269062Z test_unanticipated_path_and_partial_scope_are_explicit (test_continuity_impact.ImpactTests.test_unanticipated_path_and_partial_scope_are_explicit) ... ok
2026-09-24T06:07:52.5131028Z test_append_and_corruption_after_snapshot_never_stamp_unvalidated_bytes (test_continuity_incremental.IncrementalStateTests.test_append_and_corruption_after_snapshot_never_stamp_unvalidated_bytes) ... ok
2026-09-24T06:07:52.5668946Z test_append_checks_old_event_shape_once_and_batch_references_still_reject_atomically (test_continuity_incremental.IncrementalStateTests.test_append_checks_old_event_shape_once_and_batch_references_still_reject_atomically) ... ok
2026-09-24T06:07:52.6260794Z test_append_projects_only_suffix_with_one_validated_snapshot (test_continuity_incremental.IncrementalStateTests.test_append_projects_only_suffix_with_one_validated_snapshot) ... ok
2026-09-24T06:07:52.6836598Z test_busy_sqlite_writer_is_not_replaced_or_silently_rebuilt (test_continuity_incremental.IncrementalStateTests.test_busy_sqlite_writer_is_not_replaced_or_silently_rebuilt) ... ok
2026-09-24T06:07:52.7431700Z test_existing_reader_snapshot_remains_coherent_across_suffix_commit (test_continuity_incremental.IncrementalStateTests.test_existing_reader_snapshot_remains_coherent_across_suffix_commit) ... ok
2026-09-24T06:07:52.7865542Z test_hash_valid_invalid_prefix_reference_rejects_update_and_append (test_continuity_incremental.IncrementalStateTests.test_hash_valid_invalid_prefix_reference_rejects_update_and_append) ... ok
2026-09-24T06:07:52.9551055Z test_legacy_framing_and_duplicate_conflicts_preserve_exact_bytes (test_continuity_incremental.IncrementalStateTests.test_legacy_framing_and_duplicate_conflicts_preserve_exact_bytes) ... ok
2026-09-24T06:07:53.1636532Z test_materializers_and_explicit_rebuild_serialize_before_reading_journal (test_continuity_incremental.IncrementalStateTests.test_materializers_and_explicit_rebuild_serialize_before_reading_journal) ... ok
2026-09-24T06:07:53.3119592Z test_mixed_history_and_citations_match_rebuild_without_reprojecting_prefix (test_continuity_incremental.IncrementalStateTests.test_mixed_history_and_citations_match_rebuild_without_reprojecting_prefix) ... ok
2026-09-24T06:07:53.3516697Z test_same_size_same_mtime_prefix_corruption_is_rejected_and_preserves_state (test_continuity_incremental.IncrementalStateTests.test_same_size_same_mtime_prefix_corruption_is_rejected_and_preserves_state) ... ok
2026-09-24T06:07:53.4187890Z test_suffix_failure_rolls_back_rows_head_digest_and_retry_converges (test_continuity_incremental.IncrementalStateTests.test_suffix_failure_rolls_back_rows_head_digest_and_retry_converges) ... ok
2026-09-24T06:07:53.7073752Z test_truncation_divergence_missing_anchor_and_event_row_damage_reconstruct (test_continuity_incremental.IncrementalStateTests.test_truncation_divergence_missing_anchor_and_event_row_damage_reconstruct) ... ok
2026-09-24T06:07:53.7634682Z test_changed_payload_removes_stale_terms_but_inherited_label_remains_searchable (test_continuity_indexed_context.IndexedContextTests.test_changed_payload_removes_stale_terms_but_inherited_label_remains_searchable) ... ok
2026-09-24T06:07:53.8041726Z test_complete_two_hop_graph_critical_and_component_seeds_survive_selection (test_continuity_indexed_context.IndexedContextTests.test_complete_two_hop_graph_critical_and_component_seeds_survive_selection) ... ok
2026-09-24T06:07:53.8360839Z test_exact_short_id_and_short_component_seed_do_not_depend_on_lexical_tokens (test_continuity_indexed_context.IndexedContextTests.test_exact_short_id_and_short_component_seed_do_not_depend_on_lexical_tokens) ... ok
2026-09-24T06:07:53.9122204Z test_indexed_retrieval_matches_full_scan_on_mixed_graph (test_continuity_indexed_context.IndexedContextTests.test_indexed_retrieval_matches_full_scan_on_mixed_graph) ... ok
2026-09-24T06:07:54.0901232Z test_selective_query_does_not_decode_thousands_of_unrelated_entities (test_continuity_indexed_context.IndexedContextTests.test_selective_query_does_not_decode_thousands_of_unrelated_entities) ... ok
2026-09-24T06:07:54.1529619Z test_cache_from_permissive_parser_cannot_bypass_strict_validation (test_continuity_json_contract.ContinuityJSONContractTests.test_cache_from_permissive_parser_cannot_bypass_strict_validation) ... ok
2026-09-24T06:07:54.1725120Z test_duplicate_members_are_rejected_at_every_nesting_level (test_continuity_json_contract.ContinuityJSONContractTests.test_duplicate_members_are_rejected_at_every_nesting_level) ... ok
2026-09-24T06:07:54.2351010Z test_invalid_checkpoint_does_not_rewrite_local_journal (test_continuity_json_contract.ContinuityJSONContractTests.test_invalid_checkpoint_does_not_rewrite_local_journal) ... ok
2026-09-24T06:07:54.2519652Z test_legacy_non_finite_history_is_rejected_even_with_valid_old_hashes (test_continuity_json_contract.ContinuityJSONContractTests.test_legacy_non_finite_history_is_rejected_even_with_valid_old_hashes) ... ok
2026-09-24T06:07:54.2993527Z test_non_finite_writer_rejects_entire_batch_before_append (test_continuity_json_contract.ContinuityJSONContractTests.test_non_finite_writer_rejects_entire_batch_before_append) ... ok
2026-09-24T06:07:54.3177246Z test_unicode_line_separators_inside_strings_do_not_split_events (test_continuity_json_contract.ContinuityJSONContractTests.test_unicode_line_separators_inside_strings_do_not_split_events) ... ok
2026-09-24T06:07:54.3908942Z test_valid_history_keeps_exact_bytes_identifiers_and_reconstruction (test_continuity_json_contract.ContinuityJSONContractTests.test_valid_history_keeps_exact_bytes_identifiers_and_reconstruction) ... ok
2026-09-24T06:07:54.3910177Z test_component_identity_is_provider_neutral_and_path_safe (test_continuity_kernel.ContinuityKernelTests.test_component_identity_is_provider_neutral_and_path_safe) ... ok
2026-09-24T06:07:54.5341856Z test_context_compiler_joins_human_memory_structure_and_change_evidence (test_continuity_kernel.ContinuityKernelTests.test_context_compiler_joins_human_memory_structure_and_change_evidence) ... ok
2026-09-24T06:07:54.5929302Z test_event_and_state_do_not_store_raw_diff_or_prompt_fields (test_continuity_kernel.ContinuityKernelTests.test_event_and_state_do_not_store_raw_diff_or_prompt_fields) ... ok
2026-09-24T06:07:54.6737430Z test_manual_envelope_cannot_self_promote_proof_to_verified (test_continuity_kernel.ContinuityKernelTests.test_manual_envelope_cannot_self_promote_proof_to_verified) ... ok
2026-09-24T06:07:54.6988615Z test_project_event_log_is_hash_chained_and_tamper_evident (test_continuity_kernel.ContinuityKernelTests.test_project_event_log_is_hash_chained_and_tamper_evident) ... ok
2026-09-24T06:07:54.7262144Z test_python_structure_separates_observed_from_inferred (test_continuity_kernel.ContinuityKernelTests.test_python_structure_separates_observed_from_inferred) ... ok
2026-09-24T06:07:54.7726724Z test_state_db_is_disposable_and_rebuilt_from_events (test_continuity_kernel.ContinuityKernelTests.test_state_db_is_disposable_and_rebuilt_from_events) ... ok
2026-09-24T06:07:54.8437151Z test_accented_query_matches_plain_label_and_french_ligatures (test_continuity_language_retrieval.LanguageRetrievalTests.test_accented_query_matches_plain_label_and_french_ligatures) ... ok
2026-09-24T06:07:54.8563427Z test_ascii_token_behavior_is_preserved (test_continuity_language_retrieval.LanguageRetrievalTests.test_ascii_token_behavior_is_preserved) ... ok
2026-09-24T06:07:54.9380663Z test_compatibility_forms_match_memory_in_both_directions (test_continuity_language_retrieval.LanguageRetrievalTests.test_compatibility_forms_match_memory_in_both_directions) ... ok
2026-09-24T06:07:55.0351928Z test_french_accents_and_canonical_unicode_forms_recall_exact_assertion (test_continuity_language_retrieval.LanguageRetrievalTests.test_french_accents_and_canonical_unicode_forms_recall_exact_assertion) ... ok
2026-09-24T06:07:55.0780291Z test_legacy_index_rebuilds_without_changing_the_journal (test_continuity_language_retrieval.LanguageRetrievalTests.test_legacy_index_rebuilds_without_changing_the_journal) ... ok
2026-09-24T06:07:55.1138632Z test_normalized_terms_do_not_merge_distinct_identities_or_authorities (test_continuity_language_retrieval.LanguageRetrievalTests.test_normalized_terms_do_not_merge_distinct_identities_or_authorities) ... ok
2026-09-24T06:07:55.1682871Z test_query_is_not_persisted_and_unrelated_query_has_no_match (test_continuity_language_retrieval.LanguageRetrievalTests.test_query_is_not_persisted_and_unrelated_query_has_no_match) ... ok
2026-09-24T06:07:55.2240034Z test_replacement_removes_old_normalized_payload_terms (test_continuity_language_retrieval.LanguageRetrievalTests.test_replacement_removes_old_normalized_payload_terms) ... ok
2026-09-24T06:07:55.2743675Z test_retired_memory_is_not_revived_by_normalization (test_continuity_language_retrieval.LanguageRetrievalTests.test_retired_memory_is_not_revived_by_normalization) ... ok
2026-09-24T06:07:55.3116460Z test_short_exact_id_keeps_literal_matching (test_continuity_language_retrieval.LanguageRetrievalTests.test_short_exact_id_keeps_literal_matching) ... ok
2026-09-24T06:07:55.3499716Z test_contract_exposes_both_profiles_without_proof_authority (test_continuity_lifecycle_profiles.LifecycleProfileTests.test_contract_exposes_both_profiles_without_proof_authority) ... ok
2026-09-24T06:07:55.4429725Z test_invalid_profiled_ledger_batch_cannot_append_or_promote_authority (test_continuity_lifecycle_profiles.LifecycleProfileTests.test_invalid_profiled_ledger_batch_cannot_append_or_promote_authority) ... ok
2026-09-24T06:07:55.5264533Z test_malformed_consumed_ledger_values_are_rejected_before_projection (test_continuity_lifecycle_profiles.LifecycleProfileTests.test_malformed_consumed_ledger_values_are_rejected_before_projection) ... ok
2026-09-24T06:07:55.5584238Z test_missing_historical_git_object_and_zero_points_preserve_absence (test_continuity_lifecycle_profiles.LifecycleProfileTests.test_missing_historical_git_object_and_zero_points_preserve_absence) ... ok
2026-09-24T06:07:55.6424054Z test_native_legacy_ledger_reimport_preserves_every_original_byte (test_continuity_lifecycle_profiles.LifecycleProfileTests.test_native_legacy_ledger_reimport_preserves_every_original_byte) ... ok
2026-09-24T06:07:55.7209190Z test_native_legacy_relation_reimport_is_immutable (test_continuity_lifecycle_profiles.LifecycleProfileTests.test_native_legacy_relation_reimport_is_immutable) ... ok
2026-09-24T06:07:55.7801324Z test_profile_adoption_does_not_mask_real_ledger_or_relation_conflicts (test_continuity_lifecycle_profiles.LifecycleProfileTests.test_profile_adoption_does_not_mask_real_ledger_or_relation_conflicts) ... ok
2026-09-24T06:07:55.8818755Z test_public_relation_preserves_source_authority_and_payload (test_continuity_lifecycle_profiles.LifecycleProfileTests.test_public_relation_preserves_source_authority_and_payload) ... ok
2026-09-24T06:07:55.9337239Z test_readers_checkpoints_and_old_cache_reject_hash_valid_invalid_profile (test_continuity_lifecycle_profiles.LifecycleProfileTests.test_readers_checkpoints_and_old_cache_reject_hash_valid_invalid_profile) ... ok
2026-09-24T06:07:56.0117555Z test_real_six_state_lifecycle_is_profiled_idempotent_and_replayable (test_continuity_lifecycle_profiles.LifecycleProfileTests.test_real_six_state_lifecycle_is_profiled_idempotent_and_replayable) ... ok
2026-09-24T06:07:56.0804090Z test_relation_profile_rejects_promotion_missing_provenance_and_invalid_edges (test_continuity_lifecycle_profiles.LifecycleProfileTests.test_relation_profile_rejects_promotion_missing_provenance_and_invalid_edges) ... ok
2026-09-24T06:07:56.1015208Z test_denial_followed_by_live_owner_does_not_authorize_entry (test_continuity_lock.EventLockTests.test_denial_followed_by_live_owner_does_not_authorize_entry) ... ok
2026-09-24T06:07:56.1182324Z test_non_windows_permission_denial_is_not_retried (test_continuity_lock.EventLockTests.test_non_windows_permission_denial_is_not_retried) ... ok
2026-09-24T06:07:56.1347214Z test_persistent_denial_cannot_enter_mutate_or_remove_foreign_lock (test_continuity_lock.EventLockTests.test_persistent_denial_cannot_enter_mutate_or_remove_foreign_lock) ... ok
2026-09-24T06:07:56.2058456Z test_transient_windows_create_denial_retries_exclusively_before_append (test_continuity_lock.EventLockTests.test_transient_windows_create_denial_retries_exclusively_before_append) ... ok
2026-09-24T06:07:56.2358688Z test_debt_refresh_never_promotes_replacement_measurement (test_continuity_memory_authority.MemoryAuthorityTests.test_debt_refresh_never_promotes_replacement_measurement) ... ok
2026-09-24T06:07:56.3049647Z test_legacy_materialization_is_rebuilt_without_journal_mutation (test_continuity_memory_authority.MemoryAuthorityTests.test_legacy_materialization_is_rebuilt_without_journal_mutation) ... ok
2026-09-24T06:07:57.0140229Z test_real_proof_cannot_certify_a_later_public_cli_declaration (test_continuity_memory_authority.MemoryAuthorityTests.test_real_proof_cannot_certify_a_later_public_cli_declaration) ... ok
2026-09-24T06:07:57.0654566Z test_relation_only_event_does_not_replace_source_entity (test_continuity_memory_authority.MemoryAuthorityTests.test_relation_only_event_does_not_replace_source_entity) ... ok
2026-09-24T06:07:57.0943886Z test_relation_update_never_inherits_authority_for_new_metadata (test_continuity_memory_authority.MemoryAuthorityTests.test_relation_update_never_inherits_authority_for_new_metadata) ... ok
2026-09-24T06:07:57.1813365Z test_replacement_facts_carry_their_own_authority_and_provenance (test_continuity_memory_authority.MemoryAuthorityTests.test_replacement_facts_carry_their_own_authority_and_provenance) ... ok
2026-09-24T06:07:57.2420285Z test_batch_write_failure_preserves_existing_database_and_all_journal_bytes (test_continuity_projection_batches.ProjectionBatchTests.test_batch_write_failure_preserves_existing_database_and_all_journal_bytes) ... ok
2026-09-24T06:07:57.6977665Z test_bounded_batches_equal_sequential_projection_across_updates_and_lifecycle (test_continuity_projection_batches.ProjectionBatchTests.test_bounded_batches_equal_sequential_projection_across_updates_and_lifecycle) ... ok
2026-09-24T06:07:57.7726567Z test_abbreviated_month_dates_never_become_path_terms (test_continuity_questions.MemoryQuestionTests.test_abbreviated_month_dates_never_become_path_terms) ... ok
2026-09-24T06:07:57.8820410Z test_abbreviated_month_ordinal_dates_never_become_path_terms (test_continuity_questions.MemoryQuestionTests.test_abbreviated_month_ordinal_dates_never_become_path_terms) ... ok
2026-09-24T06:07:58.2005396Z test_actual_cli_bilingual_json_is_identical_and_help_has_no_writes (test_continuity_questions.MemoryQuestionTests.test_actual_cli_bilingual_json_is_identical_and_help_has_no_writes) ... ok
2026-09-24T06:07:58.2563976Z test_adjacent_french_elided_forms_never_disappear_into_names (test_continuity_questions.MemoryQuestionTests.test_adjacent_french_elided_forms_never_disappear_into_names) ... ok
2026-09-24T06:07:58.3491722Z test_adjacent_period_question_clauses_preserve_dotted_names (test_continuity_questions.MemoryQuestionTests.test_adjacent_period_question_clauses_preserve_dotted_names) ... ok
2026-09-24T06:07:58.3959093Z test_ambiguous_dependency_targets_abstain_unless_literal_identity_is_given (test_continuity_questions.MemoryQuestionTests.test_ambiguous_dependency_targets_abstain_unless_literal_identity_is_given) ... ok
2026-09-24T06:07:58.4620411Z test_bare_iso_bound_retains_terminal_sentence_punctuation (test_continuity_questions.MemoryQuestionTests.test_bare_iso_bound_retains_terminal_sentence_punctuation) ... ok
2026-09-24T06:07:58.5082956Z test_bounds_determinism_literal_entity_and_corrupt_journal_fail_closed (test_continuity_questions.MemoryQuestionTests.test_bounds_determinism_literal_entity_and_corrupt_journal_fail_closed) ... ok
2026-09-24T06:07:58.5625743Z test_car_is_allowed_in_incoming_target_names (test_continuity_questions.MemoryQuestionTests.test_car_is_allowed_in_incoming_target_names) ... ok
2026-09-24T06:07:58.6005790Z test_changes_require_all_search_terms_not_a_shared_generic_word (test_continuity_questions.MemoryQuestionTests.test_changes_require_all_search_terms_not_a_shared_generic_word) ... ok
2026-09-24T06:07:58.6614232Z test_clock_qualifiers_do_not_become_matching_path_components (test_continuity_questions.MemoryQuestionTests.test_clock_qualifiers_do_not_become_matching_path_components) ... ok
2026-09-24T06:07:58.7017897Z test_colon_separated_question_forms_abstain_with_literal_entity (test_continuity_questions.MemoryQuestionTests.test_colon_separated_question_forms_abstain_with_literal_entity) ... ok
2026-09-24T06:07:58.8583643Z test_compact_fiscal_and_quarter_periods_never_become_path_terms (test_continuity_questions.MemoryQuestionTests.test_compact_fiscal_and_quarter_periods_never_become_path_terms) ... ok
2026-09-24T06:07:58.8976964Z test_compound_dependency_questions_do_not_ignore_outgoing_clause (test_continuity_questions.MemoryQuestionTests.test_compound_dependency_questions_do_not_ignore_outgoing_clause) ... ok
2026-09-24T06:07:58.9295561Z test_conjoined_remember_is_a_command_not_a_noun_name_suffix (test_continuity_questions.MemoryQuestionTests.test_conjoined_remember_is_a_command_not_a_noun_name_suffix) ... ok
2026-09-24T06:07:59.1510220Z test_conjunctive_names_preserve_intent_words_and_exact_sources (test_continuity_questions.MemoryQuestionTests.test_conjunctive_names_preserve_intent_words_and_exact_sources) ... ok
2026-09-24T06:07:59.2751110Z test_dash_separated_question_clauses_never_become_name_terms (test_continuity_questions.MemoryQuestionTests.test_dash_separated_question_clauses_never_become_name_terms) ... ok
2026-09-24T06:07:59.3816459Z test_dependency_entity_names_do_not_become_other_intents (test_continuity_questions.MemoryQuestionTests.test_dependency_entity_names_do_not_become_other_intents) ... ok
2026-09-24T06:07:59.4305444Z test_dependency_target_uses_all_distinguishing_terms (test_continuity_questions.MemoryQuestionTests.test_dependency_target_uses_all_distinguishing_terms) ... ok
2026-09-24T06:07:59.5961691Z test_dependency_verb_words_in_names_are_not_embedded_clauses (test_continuity_questions.MemoryQuestionTests.test_dependency_verb_words_in_names_are_not_embedded_clauses) ... ok
2026-09-24T06:07:59.7617719Z test_dotted_software_versions_are_not_unintroduced_date_filters (test_continuity_questions.MemoryQuestionTests.test_dotted_software_versions_are_not_unintroduced_date_filters) ... ok
2026-09-24T06:07:59.9041805Z test_entity_intent_words_are_preserved_in_why_and_explicit_memory (test_continuity_questions.MemoryQuestionTests.test_entity_intent_words_are_preserved_in_why_and_explicit_memory) ... ok
2026-09-24T06:07:59.9775348Z test_equal_lexical_terms_keep_all_sources_until_identity_is_selected (test_continuity_questions.MemoryQuestionTests.test_equal_lexical_terms_keep_all_sources_until_identity_is_selected) ... ok
2026-09-24T06:08:00.0192480Z test_explicit_bound_does_not_erase_question_side_time_constraints (test_continuity_questions.MemoryQuestionTests.test_explicit_bound_does_not_erase_question_side_time_constraints) ... ok
2026-09-24T06:08:00.0692756Z test_explicit_dotted_date_constraints_do_not_become_version_terms (test_continuity_questions.MemoryQuestionTests.test_explicit_dotted_date_constraints_do_not_become_version_terms) ... ok
2026-09-24T06:08:00.2003007Z test_explicit_empty_bounds_have_bounded_cli_rejection (test_continuity_questions.MemoryQuestionTests.test_explicit_empty_bounds_have_bounded_cli_rejection) ... ok
2026-09-24T06:08:00.2227226Z test_explicit_empty_bounds_raise_instead_of_becoming_unbounded (test_continuity_questions.MemoryQuestionTests.test_explicit_empty_bounds_raise_instead_of_becoming_unbounded) ... ok
2026-09-24T06:08:00.4400215Z test_extreme_timezone_bounds_have_bounded_cli_rejection (test_continuity_questions.MemoryQuestionTests.test_extreme_timezone_bounds_have_bounded_cli_rejection) ... ok
2026-09-24T06:08:00.4803490Z test_french_english_why_cite_exact_reason_without_promoting_it (test_continuity_questions.MemoryQuestionTests.test_french_english_why_cite_exact_reason_without_promoting_it) ... ok
2026-09-24T06:08:00.5414577Z test_generic_time_zone_clocks_never_become_path_terms (test_continuity_questions.MemoryQuestionTests.test_generic_time_zone_clocks_never_become_path_terms) ... ok
2026-09-24T06:08:00.5774152Z test_generic_zone_homographs_remain_literal_lowercase_name_terms (test_continuity_questions.MemoryQuestionTests.test_generic_zone_homographs_remain_literal_lowercase_name_terms) ... 
2026-09-24T06:08:00.5775637Z   test_generic_zone_homographs_remain_literal_lowercase_name_terms (test_continuity_questions.MemoryQuestionTests.test_generic_zone_homographs_remain_literal_lowercase_name_terms) (question='Why plan 9 et migration?') ... FAIL
2026-09-24T06:08:00.5818110Z   test_generic_zone_homographs_remain_literal_lowercase_name_terms (test_continuity_questions.MemoryQuestionTests.test_generic_zone_homographs_remain_literal_lowercase_name_terms) (question='Pourquoi plan 9 et migration ?') ... FAIL
2026-09-24T06:08:00.5855805Z   test_generic_zone_homographs_remain_literal_lowercase_name_terms (test_continuity_questions.MemoryQuestionTests.test_generic_zone_homographs_remain_literal_lowercase_name_terms) (question='Why 12 pt typography?') ... FAIL
2026-09-24T06:08:00.5893174Z   test_generic_zone_homographs_remain_literal_lowercase_name_terms (test_continuity_questions.MemoryQuestionTests.test_generic_zone_homographs_remain_literal_lowercase_name_terms) (question='Pourquoi 12 pt typography ?') ... FAIL
2026-09-24T06:08:00.5930166Z   test_generic_zone_homographs_remain_literal_lowercase_name_terms (test_continuity_questions.MemoryQuestionTests.test_generic_zone_homographs_remain_literal_lowercase_name_terms) (question='Why 12pt typeface?') ... FAIL
2026-09-24T06:08:00.5966371Z   test_generic_zone_homographs_remain_literal_lowercase_name_terms (test_continuity_questions.MemoryQuestionTests.test_generic_zone_homographs_remain_literal_lowercase_name_terms) (question='Pourquoi 12pt typeface ?') ... FAIL
2026-09-24T06:08:00.6002960Z   test_generic_zone_homographs_remain_literal_lowercase_name_terms (test_continuity_questions.MemoryQuestionTests.test_generic_zone_homographs_remain_literal_lowercase_name_terms) (question='Why 12 Pt lettering?') ... FAIL
2026-09-24T06:08:00.6040606Z   test_generic_zone_homographs_remain_literal_lowercase_name_terms (test_continuity_questions.MemoryQuestionTests.test_generic_zone_homographs_remain_literal_lowercase_name_terms) (question='Pourquoi 12 Pt lettering ?') ... FAIL
2026-09-24T06:08:00.6467871Z test_import_and_call_questions_cannot_fall_back_to_memory (test_continuity_questions.MemoryQuestionTests.test_import_and_call_questions_cannot_fall_back_to_memory) ... ok
2026-09-24T06:08:00.6851153Z test_inactive_edge_cannot_make_an_active_unknown_target_ambiguous (test_continuity_questions.MemoryQuestionTests.test_inactive_edge_cannot_make_an_active_unknown_target_ambiguous) ... ok
2026-09-24T06:08:00.7234462Z test_inactive_source_cannot_name_an_unknown_target_for_an_active_edge (test_continuity_questions.MemoryQuestionTests.test_inactive_source_cannot_name_an_unknown_target_for_an_active_edge) ... ok
2026-09-24T06:08:00.7740990Z test_incoming_dependencies_have_exact_relation_source_and_direction (test_continuity_questions.MemoryQuestionTests.test_incoming_dependencies_have_exact_relation_source_and_direction) ... ok
2026-09-24T06:08:00.8621706Z test_iso_date_substrings_remain_literal_entity_identifiers (test_continuity_questions.MemoryQuestionTests.test_iso_date_substrings_remain_literal_entity_identifiers) ... ok
2026-09-24T06:08:00.9234134Z test_iso_weekday_dates_never_become_path_terms (test_continuity_questions.MemoryQuestionTests.test_iso_weekday_dates_never_become_path_terms) ... ok
2026-09-24T06:08:00.9816461Z test_literal_entity_does_not_erase_unmatched_question_terms (test_continuity_questions.MemoryQuestionTests.test_literal_entity_does_not_erase_unmatched_question_terms) ... ok
2026-09-24T06:08:01.0257593Z test_missing_reason_unrelated_question_and_ambiguous_dates_abstain (test_continuity_questions.MemoryQuestionTests.test_missing_reason_unrelated_question_and_ambiguous_dates_abstain) ... ok
2026-09-24T06:08:01.0936360Z test_mixed_intents_never_choose_one_partial_answer (test_continuity_questions.MemoryQuestionTests.test_mixed_intents_never_choose_one_partial_answer) ... ok
2026-09-24T06:08:01.1565033Z test_named_zone_clocks_never_become_path_terms (test_continuity_questions.MemoryQuestionTests.test_named_zone_clocks_never_become_path_terms) ... ok
2026-09-24T06:08:01.1951989Z test_natural_date_with_time_qualification_never_becomes_midnight (test_continuity_questions.MemoryQuestionTests.test_natural_date_with_time_qualification_never_becomes_midnight) ... ok
2026-09-24T06:08:01.2423592Z test_non_iso_hyphenated_dates_never_become_path_terms (test_continuity_questions.MemoryQuestionTests.test_non_iso_hyphenated_dates_never_become_path_terms) ... ok
2026-09-24T06:08:01.3492738Z test_numeric_technology_and_compound_identifiers_are_not_year_filters (test_continuity_questions.MemoryQuestionTests.test_numeric_technology_and_compound_identifiers_are_not_year_filters) ... ok
2026-09-24T06:08:01.3888155Z test_outgoing_dependency_wording_abstains_in_both_languages (test_continuity_questions.MemoryQuestionTests.test_outgoing_dependency_wording_abstains_in_both_languages) ... ok
2026-09-24T06:08:01.5419715Z test_oversized_context_refuses_instead_of_cutting_reason_or_citation (test_continuity_questions.MemoryQuestionTests.test_oversized_context_refuses_instead_of_cutting_reason_or_citation) ... ok
2026-09-24T06:08:01.6384340Z test_partial_iso_and_day_constraints_never_become_unbounded_paths (test_continuity_questions.MemoryQuestionTests.test_partial_iso_and_day_constraints_never_become_unbounded_paths) ... ok
2026-09-24T06:08:01.7132606Z test_prefixed_compound_memory_commands_never_become_name_terms (test_continuity_questions.MemoryQuestionTests.test_prefixed_compound_memory_commands_never_become_name_terms) ... ok
2026-09-24T06:08:01.7789121Z test_punctuation_bearing_technology_names_remain_distinct (test_continuity_questions.MemoryQuestionTests.test_punctuation_bearing_technology_names_remain_distinct) ... ok
2026-09-24T06:08:01.8324766Z test_quarters_and_unqualified_years_never_match_path_years_as_time (test_continuity_questions.MemoryQuestionTests.test_quarters_and_unqualified_years_never_match_path_years_as_time) ... ok
2026-09-24T06:08:01.8714423Z test_query_and_recorded_instructions_remain_data_without_side_effects (test_continuity_questions.MemoryQuestionTests.test_query_and_recorded_instructions_remain_data_without_side_effects) ... ok
2026-09-24T06:08:01.9143119Z test_relative_constraints_are_checked_for_every_question_kind (test_continuity_questions.MemoryQuestionTests.test_relative_constraints_are_checked_for_every_question_kind) ... ok
2026-09-24T06:08:01.9755584Z test_relative_time_phrases_do_not_return_all_changes (test_continuity_questions.MemoryQuestionTests.test_relative_time_phrases_do_not_return_all_changes) ... ok
2026-09-24T06:08:02.1362873Z test_remaining_relative_phrases_abstain_with_or_without_entity (test_continuity_questions.MemoryQuestionTests.test_remaining_relative_phrases_abstain_with_or_without_entity) ... ok
2026-09-24T06:08:02.1954471Z test_repeated_same_intent_clauses_abstain_even_with_literal_entity (test_continuity_questions.MemoryQuestionTests.test_repeated_same_intent_clauses_abstain_even_with_literal_entity) ... ok
2026-09-24T06:08:02.2505913Z test_resolved_unknown_target_keeps_every_active_incoming_edge (test_continuity_questions.MemoryQuestionTests.test_resolved_unknown_target_keeps_every_active_incoming_edge) ... ok
2026-09-24T06:08:02.2946209Z test_retired_assertion_is_not_current_answer_and_confirmed_source_is_cited (test_continuity_questions.MemoryQuestionTests.test_retired_assertion_is_not_current_answer_and_confirmed_source_is_cited) ... ok
2026-09-24T06:08:02.3337739Z test_season_named_technology_without_period_qualifier_is_queryable (test_continuity_questions.MemoryQuestionTests.test_season_named_technology_without_period_qualifier_is_queryable) ... ok
2026-09-24T06:08:02.3931585Z test_short_query_terms_distinguish_versions_and_single_letter_names (test_continuity_questions.MemoryQuestionTests.test_short_query_terms_distinguish_versions_and_single_letter_names) ... ok
2026-09-24T06:08:02.5202301Z test_spaced_standard_identifiers_are_not_standalone_years (test_continuity_questions.MemoryQuestionTests.test_spaced_standard_identifiers_are_not_standalone_years) ... ok
2026-09-24T06:08:02.6294433Z test_standalone_three_component_dotted_dates_preserve_versions (test_continuity_questions.MemoryQuestionTests.test_standalone_three_component_dotted_dates_preserve_versions) ... ok
2026-09-24T06:08:02.6684244Z test_temporal_changes_use_recorded_instants_and_preserve_unknown_coverage (test_continuity_questions.MemoryQuestionTests.test_temporal_changes_use_recorded_instants_and_preserve_unknown_coverage) ... ok
2026-09-24T06:08:02.7065935Z test_unicode_query_terms_are_not_silently_discarded (test_continuity_questions.MemoryQuestionTests.test_unicode_query_terms_are_not_silently_discarded) ... ok
2026-09-24T06:08:02.7608561Z test_unknown_auto_intent_abstains_but_explicit_memory_lookup_remains (test_continuity_questions.MemoryQuestionTests.test_unknown_auto_intent_abstains_but_explicit_memory_lookup_remains) ... ok
2026-09-24T06:08:02.8096716Z test_unsupported_named_period_bounds_abstain (test_continuity_questions.MemoryQuestionTests.test_unsupported_named_period_bounds_abstain) ... ok
2026-09-24T06:08:02.8716012Z test_variable_width_year_first_dates_never_become_path_terms (test_continuity_questions.MemoryQuestionTests.test_variable_width_year_first_dates_never_become_path_terms) ... ok
2026-09-24T06:08:03.0359974Z test_weekends_seasons_and_long_relative_periods_abstain (test_continuity_questions.MemoryQuestionTests.test_weekends_seasons_and_long_relative_periods_abstain) ... ok
2026-09-24T06:08:03.0752386Z test_why_requires_all_search_terms_not_a_shared_generic_word (test_continuity_questions.MemoryQuestionTests.test_why_requires_all_search_terms_not_a_shared_generic_word) ... ok
2026-09-24T06:08:03.1603512Z test_word_clock_and_unsupported_at_constraints_abstain (test_continuity_questions.MemoryQuestionTests.test_word_clock_and_unsupported_at_constraints_abstain) ... ok
2026-09-24T06:08:03.1965651Z test_year_only_from_bound_cannot_match_a_year_in_recorded_paths (test_continuity_questions.MemoryQuestionTests.test_year_only_from_bound_cannot_match_a_year_in_recorded_paths) ... ok
2026-09-24T06:08:03.2321796Z test_fallback_keeps_its_minimum_term_length (test_continuity_related_changes.ContinuityRelatedChangeTests.test_fallback_keeps_its_minimum_term_length) ... ok
2026-09-24T06:08:03.5068356Z test_french_ligatures_match_recorded_file_names_in_both_directions (test_continuity_related_changes.ContinuityRelatedChangeTests.test_french_ligatures_match_recorded_file_names_in_both_directions) ... ok
2026-09-24T06:08:03.5457773Z test_human_calcul_query_recovers_verified_calculator_change (test_continuity_related_changes.ContinuityRelatedChangeTests.test_human_calcul_query_recovers_verified_calculator_change) ... ok
2026-09-24T06:08:03.5854520Z test_unrelated_query_does_not_return_recent_change_just_because_it_is_recent (test_continuity_related_changes.ContinuityRelatedChangeTests.test_unrelated_query_does_not_return_recent_change_just_because_it_is_recent) ... ok
2026-09-24T06:08:03.6254001Z test_bridge_reverification_keeps_one_change_and_advances_current_proof (test_continuity_reverification.ContinuityReverificationTests.test_bridge_reverification_keeps_one_change_and_advances_current_proof) ... ok
2026-09-24T06:08:03.6592844Z test_same_tree_change_accepts_new_certificate_despite_new_snapshot_shas (test_continuity_reverification.ContinuityReverificationTests.test_same_tree_change_accepts_new_certificate_despite_new_snapshot_shas) ... ok
2026-09-24T06:08:03.6613590Z test_deferred_indexes_keep_constraints_and_exact_final_schema (test_continuity_schema_transaction.SchemaTransactionTests.test_deferred_indexes_keep_constraints_and_exact_final_schema) ... ok
2026-09-24T06:08:03.7100347Z test_failed_rebuild_preserves_old_state_and_cleans_temporary_database (test_continuity_schema_transaction.SchemaTransactionTests.test_failed_rebuild_preserves_old_state_and_cleans_temporary_database) ... ok
2026-09-24T06:08:03.7587564Z test_late_index_failure_keeps_previous_projection_and_journal (test_continuity_schema_transaction.SchemaTransactionTests.test_late_index_failure_keeps_previous_projection_and_journal) ... ok
2026-09-24T06:08:03.7597015Z test_schema_and_rows_can_be_rolled_back_together (test_continuity_schema_transaction.SchemaTransactionTests.test_schema_and_rows_can_be_rolled_back_together) ... ok
2026-09-24T06:08:03.7996542Z test_v8_lexical_table_rebuild_preserves_terms_and_journal (test_continuity_schema_transaction.SchemaTransactionTests.test_v8_lexical_table_rebuild_preserves_terms_and_journal) ... ok
2026-09-24T06:08:03.8007926Z test_classification_is_conservative_and_state_is_outside_project (test_continuity_task_session.ContinuityTaskSessionTests.test_classification_is_conservative_and_state_is_outside_project) ... ok
2026-09-24T06:08:03.8022455Z test_short_followup_keeps_anchor_and_task_identity (test_continuity_task_session.ContinuityTaskSessionTests.test_short_followup_keeps_anchor_and_task_identity) ... ok
2026-09-24T06:08:03.8045379Z test_substantive_focus_stays_inside_task_until_explicit_pivot (test_continuity_task_session.ContinuityTaskSessionTests.test_substantive_focus_stays_inside_task_until_explicit_pivot) ... ok
2026-09-24T06:08:03.8046464Z test_task_id_has_frozen_cross_runtime_vector (test_continuity_task_session.ContinuityTaskSessionTests.test_task_id_has_frozen_cross_runtime_vector) ... ok
2026-09-24T06:08:03.9186816Z test_boundary_participation_keeps_pivots_and_excludes_other_sessions_and_boundaries (test_continuity_tasks.DurableTaskTests.test_boundary_participation_keeps_pivots_and_excludes_other_sessions_and_boundaries) ... ok
2026-09-24T06:08:04.2636606Z test_explicit_task_cli_description_link_and_history_retrieval (test_continuity_tasks.DurableTaskTests.test_explicit_task_cli_description_link_and_history_retrieval) ... ok
2026-09-24T06:08:04.3286363Z test_hash_valid_broken_references_are_rejected_by_readers_checkpoints_and_old_cache (test_continuity_tasks.DurableTaskTests.test_hash_valid_broken_references_are_rejected_by_readers_checkpoints_and_old_cache) ... ok
2026-09-24T06:08:05.0530627Z test_installed_guided_technical_french_and_english_context_show_declared_task (test_continuity_tasks.DurableTaskTests.test_installed_guided_technical_french_and_english_context_show_declared_task) ... ok
2026-09-24T06:08:05.1525158Z test_invalid_or_cross_task_reference_aborts_whole_envelope_batch (test_continuity_tasks.DurableTaskTests.test_invalid_or_cross_task_reference_aborts_whole_envelope_batch) ... ok
2026-09-24T06:08:05.2310111Z test_lost_native_participant_stays_degraded_after_a_later_successful_prompt (test_continuity_tasks.DurableTaskTests.test_lost_native_participant_stays_degraded_after_a_later_successful_prompt) ... ok
2026-09-24T06:08:05.3323198Z test_native_link_is_atomic_idempotent_observed_and_survives_session_cleanup (test_continuity_tasks.DurableTaskTests.test_native_link_is_atomic_idempotent_observed_and_survives_session_cleanup) ... ok
2026-09-24T06:08:05.5700853Z test_native_link_rejects_extra_text_and_preserves_description (test_continuity_tasks.DurableTaskTests.test_native_link_rejects_extra_text_and_preserves_description) ... ok
2026-09-24T06:08:05.6360468Z test_native_prompt_persists_stable_identity_without_raw_prompt_or_session (test_continuity_tasks.DurableTaskTests.test_native_prompt_persists_stable_identity_without_raw_prompt_or_session) ... ok
2026-09-24T06:08:05.8246915Z test_native_task_can_be_explicitly_described_without_reimport_conflict (test_continuity_tasks.DurableTaskTests.test_native_task_can_be_explicitly_described_without_reimport_conflict) ... ok
2026-09-24T06:08:05.8748010Z test_profile_rejects_raw_prompt_extensions_and_authority_promotion (test_continuity_tasks.DurableTaskTests.test_profile_rejects_raw_prompt_extensions_and_authority_promotion) ... ok
2026-09-24T06:08:06.0708026Z test_task_cli_unknown_links_fail_without_changing_history (test_continuity_tasks.DurableTaskTests.test_task_cli_unknown_links_fail_without_changing_history) ... ok
2026-09-24T06:08:06.1553308Z test_task_identity_cannot_replace_existing_entity_and_unprofiled_extensions_keep_projection (test_continuity_tasks.DurableTaskTests.test_task_identity_cannot_replace_existing_entity_and_unprofiled_extensions_keep_projection) ... ok
2026-09-24T06:08:06.2030028Z test_checkpoint_is_idempotent_and_never_moves_head (test_continuity_transport.ContinuityTransportTests.test_checkpoint_is_idempotent_and_never_moves_head) ... ok
2026-09-24T06:08:06.3967738Z test_concurrent_remote_update_is_never_force_overwritten (test_continuity_transport.ContinuityTransportTests.test_concurrent_remote_update_is_never_force_overwritten) ... ok
2026-09-24T06:08:06.6117012Z test_divergent_project_histories_fail_closed (test_continuity_transport.ContinuityTransportTests.test_divergent_project_histories_fail_closed) ... ok
2026-09-24T06:08:06.7355475Z test_push_then_fresh_clone_pull_restores_exact_history_without_touching_code_head (test_continuity_transport.ContinuityTransportTests.test_push_then_fresh_clone_pull_restores_exact_history_without_touching_code_head) ... ok
2026-09-24T06:08:06.7356965Z test_action_binds_policy_to_base_revision_not_candidate_config (test_debt_action.DebtActionContractTests.test_action_binds_policy_to_base_revision_not_candidate_config) ... ok
2026-09-24T06:08:06.7357973Z test_action_exposes_proof_and_debt_outputs (test_debt_action.DebtActionContractTests.test_action_exposes_proof_and_debt_outputs) ... ok
2026-09-24T06:08:06.7358890Z test_action_restores_but_never_pushes_cumulative_ledger (test_debt_action.DebtActionContractTests.test_action_restores_but_never_pushes_cumulative_ledger) ... ok
2026-09-24T06:08:06.7379460Z test_existing_lineage_is_not_double_counted (test_debt_budget.DebtBudgetTests.test_existing_lineage_is_not_double_counted) ... ok
2026-09-24T06:08:06.7394902Z test_total_change_and_category_limits (test_debt_budget.DebtBudgetTests.test_total_change_and_category_limits) ... ok
2026-09-24T06:08:06.7417460Z test_explicit_accounting_can_record_a_real_over_budget_change (test_debt_budget_transaction.DebtBudgetTransactionTests.test_explicit_accounting_can_record_a_real_over_budget_change) ... ok
2026-09-24T06:08:06.7425076Z test_read_only_atomic_budget_check_does_not_mutate (test_debt_budget_transaction.DebtBudgetTransactionTests.test_read_only_atomic_budget_check_does_not_mutate) ... ok
2026-09-24T06:08:06.7453248Z test_two_stale_agents_cannot_both_consume_the_same_remaining_budget (test_debt_budget_transaction.DebtBudgetTransactionTests.test_two_stale_agents_cannot_both_consume_the_same_remaining_budget) ... ok
2026-09-24T06:08:06.7724478Z test_assurance_certificate_must_be_content_addressed_and_tree_bound (test_debt_certificate.DebtCertificateTests.test_assurance_certificate_must_be_content_addressed_and_tree_bound) ... ok
2026-09-24T06:08:06.7906790Z test_noop_certificate_is_rehashed_and_requires_candidate_binding (test_debt_certificate.DebtCertificateTests.test_noop_certificate_is_rehashed_and_requires_candidate_binding) ... ok
2026-09-24T06:08:06.8498485Z test_acceptance_requires_reason_and_remains_visible (test_debt_cli.DebtCliTests.test_acceptance_requires_reason_and_remains_visible) ... ok
2026-09-24T06:08:06.8932049Z test_debt_records_local_git_ledger_and_plan_surfaces_it (test_debt_cli.DebtCliTests.test_debt_records_local_git_ledger_and_plan_surfaces_it) ... ok
2026-09-24T06:08:06.9261374Z test_forged_certificate_cannot_waive_change_debt (test_debt_cli.DebtCliTests.test_forged_certificate_cannot_waive_change_debt) ... ok
2026-09-24T06:08:06.9797561Z test_health_trend_and_ledger_show_are_human_readable (test_debt_cli.DebtCliTests.test_health_trend_and_ledger_show_are_human_readable) ... ok
2026-09-24T06:08:06.9811154Z test_nested_diffwitness_debt_supported (test_debt_config.DebtConfigTests.test_nested_diffwitness_debt_supported) ... ok
2026-09-24T06:08:06.9824410Z test_top_level_debt_and_category_tables_normalize (test_debt_config.DebtConfigTests.test_top_level_debt_and_category_tables_normalize) ... ok
2026-09-24T06:08:06.9827741Z test_unknown_debt_key_fails_closed (test_debt_config.DebtConfigTests.test_unknown_debt_key_fails_closed) ... ok
2026-09-24T06:08:07.0113342Z test_tampered_certificate_fails_before_accounting (test_debt_entry.DebtEntryTests.test_tampered_certificate_fails_before_accounting) ... ok
2026-09-24T06:08:07.0145153Z test_trend_reconstructs_prior_balance_from_events (test_debt_history.DebtHistoryTests.test_trend_reconstructs_prior_balance_from_events) ... ok
2026-09-24T06:08:07.0450098Z test_health_does_not_count_duplicate_blocks_only_in_test_fixtures (test_debt_integrity.DebtIntegrityTests.test_health_does_not_count_duplicate_blocks_only_in_test_fixtures) ... ok
2026-09-24T06:08:07.0806877Z test_health_filters_function_local_python_cycle_but_keeps_real_import_cycle (test_debt_integrity.DebtIntegrityTests.test_health_filters_function_local_python_cycle_but_keeps_real_import_cycle) ... ok
2026-09-24T06:08:07.1252628Z test_health_scan_is_bound_to_the_dirty_worktree_it_actually_reads (test_debt_integrity.DebtIntegrityTests.test_health_scan_is_bound_to_the_dirty_worktree_it_actually_reads) ... ok
2026-09-24T06:08:07.2177690Z test_mutation_recheck_cleans_control_run_side_effects_before_counterfactual (test_debt_integrity.DebtIntegrityTests.test_mutation_recheck_cleans_control_run_side_effects_before_counterfactual) ... ok
2026-09-24T06:08:07.2178709Z test_dedupe_keeps_strongest_same_lineage (test_debt_models.DebtModelTests.test_dedupe_keeps_strongest_same_lineage) ... ok
2026-09-24T06:08:07.2182018Z test_report_is_additive_and_explicit (test_debt_models.DebtModelTests.test_report_is_additive_and_explicit) ... ok
2026-09-24T06:08:07.2182680Z test_stable_identity_ignores_explanation_and_points (test_debt_models.DebtModelTests.test_stable_identity_ignores_explanation_and_points) ... ok
2026-09-24T06:08:07.2376055Z test_plan_separates_automatic_repayment_from_manual_review (test_debt_planning.DebtPlanningTests.test_plan_separates_automatic_repayment_from_manual_review) ... ok
2026-09-24T06:08:07.2559141Z test_repay_all_ignores_manual_backlog_instead_of_promising_closure (test_debt_planning.DebtPlanningTests.test_repay_all_ignores_manual_backlog_instead_of_promising_closure) ... ok
2026-09-24T06:08:07.2733266Z test_repay_refuses_lineage_without_automatic_closure_adapter (test_debt_planning.DebtPlanningTests.test_repay_refuses_lineage_without_automatic_closure_adapter) ... ok
2026-09-24T06:08:07.2981195Z test_change_only_rules_are_not_mislabeled_as_project_replay (test_debt_scan.DebtScanTests.test_change_only_rules_are_not_mislabeled_as_project_replay) ... ok
2026-09-24T06:08:07.3222494Z test_change_security_scan_ignores_added_python_string_literal (test_debt_scan.DebtScanTests.test_change_security_scan_ignores_added_python_string_literal) ... ok
2026-09-24T06:08:07.3498344Z test_non_probative_certificate_cannot_hide_unverified_change (test_debt_scan.DebtScanTests.test_non_probative_certificate_cannot_hide_unverified_change) ... ok
2026-09-24T06:08:07.3782308Z test_preservation_certificate_prevents_fake_test_debt_but_not_security_review (test_debt_scan.DebtScanTests.test_preservation_certificate_prevents_fake_test_debt_but_not_security_review) ... ok
2026-09-24T06:08:07.3969204Z test_project_scan_finds_one_duplicate_region_and_local_cycle (test_debt_scan.DebtScanTests.test_project_scan_finds_one_duplicate_region_and_local_cycle) ... ok
2026-09-24T06:08:07.4141323Z test_python_security_scan_detects_structural_call_keywords (test_debt_scan.DebtScanTests.test_python_security_scan_detects_structural_call_keywords) ... ok
2026-09-24T06:08:07.4315842Z test_python_security_scan_ignores_signature_strings_and_comments (test_debt_scan.DebtScanTests.test_python_security_scan_ignores_signature_strings_and_comments) ... ok
2026-09-24T06:08:07.4601919Z test_security_rule_has_same_identity_in_change_and_project_scan (test_debt_scan.DebtScanTests.test_security_rule_has_same_identity_in_change_and_project_scan) ... ok
2026-09-24T06:08:07.4854311Z test_unverified_change_and_no_changed_test_surface_are_explicit (test_debt_scan.DebtScanTests.test_unverified_change_and_no_changed_test_surface_are_explicit) ... ok
2026-09-24T06:08:07.5127206Z test_structurally_unrelated_function_is_not_flagged (test_debt_sensor_precision.SemanticRedundancyPrecisionTests.test_structurally_unrelated_function_is_not_flagged) ... ok
2026-09-24T06:08:07.5447626Z test_accounting_boundary_enriches_report_but_zero_point_sensor_cannot_break_budget (test_debt_sensors.SemanticRedundancySensorTests.test_accounting_boundary_enriches_report_but_zero_point_sensor_cannot_break_budget) ... ok
2026-09-24T06:08:07.5824751Z test_change_and_project_modes_keep_same_debt_identity (test_debt_sensors.SemanticRedundancySensorTests.test_change_and_project_modes_keep_same_debt_identity) ... ok
2026-09-24T06:08:07.6113789Z test_change_sensor_finds_renamed_reimplementation_without_exporting_source (test_debt_sensors.SemanticRedundancySensorTests.test_change_sensor_finds_renamed_reimplementation_without_exporting_source) ... ok
2026-09-24T06:08:07.6383926Z test_exact_source_copy_is_left_to_existing_deterministic_duplicate_rule (test_debt_sensors.SemanticRedundancySensorTests.test_exact_source_copy_is_left_to_existing_deterministic_duplicate_rule) ... ok
2026-09-24T06:08:07.6644641Z test_sensor_can_be_disabled_at_accounting_boundary (test_debt_sensors.SemanticRedundancySensorTests.test_sensor_can_be_disabled_at_accounting_boundary) ... ok
2026-09-24T06:08:07.8117614Z test_historical_test_debt_resolves_when_current_tests_discriminate_origin (test_debt_verify.DebtVerifyTests.test_historical_test_debt_resolves_when_current_tests_discriminate_origin) ... ok
2026-09-24T06:08:08.0487662Z test_mutation_debt_resolves_when_current_tests_make_it_necessary (test_debt_verify.DebtVerifyTests.test_mutation_debt_resolves_when_current_tests_make_it_necessary) ... ok
2026-09-24T06:08:08.0488667Z test_binary_change_is_never_misrepresented_as_line_hunk (test_diff_edgecases.DiffEdgeCaseTests.test_binary_change_is_never_misrepresented_as_line_hunk) ... ok
2026-09-24T06:08:08.0489677Z test_documentation_new_file_does_not_enter_executable_causal_surface (test_diff_edgecases.DiffEdgeCaseTests.test_documentation_new_file_does_not_enter_executable_causal_surface) ... ok
2026-09-24T06:08:08.0490496Z test_new_production_file_is_conservative_structural_mutation (test_diff_edgecases.DiffEdgeCaseTests.test_new_production_file_is_conservative_structural_mutation) ... ok
2026-09-24T06:08:08.0491348Z test_path_with_spaces_remains_one_hunk_mutation (test_diff_edgecases.DiffEdgeCaseTests.test_path_with_spaces_remains_one_hunk_mutation) ... ok
2026-09-24T06:08:08.0492246Z test_rename_is_file_level_even_with_text_hunk (test_diff_edgecases.DiffEdgeCaseTests.test_rename_is_file_level_even_with_text_hunk) ... ok
2026-09-24T06:08:08.0493018Z test_documentation_classifier_is_narrow (test_diffing.DiffingTests.test_documentation_classifier_is_narrow) ... ok
2026-09-24T06:08:08.0494052Z test_documentation_hunks_are_excluded_by_default_but_can_be_included (test_diffing.DiffingTests.test_documentation_hunks_are_excluded_by_default_but_can_be_included) ... ok
2026-09-24T06:08:08.0494888Z test_hunk_ranges_become_annotation_lines (test_diffing.DiffingTests.test_hunk_ranges_become_annotation_lines) ... ok
2026-09-24T06:08:08.0496250Z test_test_path_detection (test_diffing.DiffingTests.test_test_path_detection) ... ok
2026-09-24T06:08:10.1477451Z test_real_no_proof_fresh_drift_clean_stale_and_failed_attempt (test_doctor_proof_truthfulness.DoctorProofTruthfulnessTests.test_real_no_proof_fresh_drift_clean_stale_and_failed_attempt) ... DiffWitness Gate rejected: candidate is not stably green
2026-09-24T06:08:10.1478633Z 
2026-09-24T06:08:10.1478763Z DiffWitness Guard: PROOF REJECTED
2026-09-24T06:08:10.6307321Z ok
2026-09-24T06:08:10.6308269Z test_engine_command_is_argv_not_shell_text (test_engine_config.EngineConfigTests.test_engine_command_is_argv_not_shell_text) ... ok
2026-09-24T06:08:10.6312575Z test_required_engine_needs_command (test_engine_config.EngineConfigTests.test_required_engine_needs_command) ... ok
2026-09-24T06:08:10.6314254Z test_top_level_engine_table_loads_without_relaxing_unknown_keys (test_engine_config.EngineConfigTests.test_top_level_engine_table_loads_without_relaxing_unknown_keys) ... ok
2026-09-24T06:08:10.6606991Z test_capability_preflight_accepts_compatible_bounded_engine (test_engine_doctor.EngineDoctorTests.test_capability_preflight_accepts_compatible_bounded_engine) ... ok
2026-09-24T06:08:10.6906723Z test_capability_preflight_rejects_ambiguous_json (test_engine_doctor.EngineDoctorTests.test_capability_preflight_rejects_ambiguous_json) ... ok
2026-09-24T06:08:10.7366251Z test_capability_preflight_rejects_protocol_or_authority_drift (test_engine_doctor.EngineDoctorTests.test_capability_preflight_rejects_protocol_or_authority_drift) ... ok
2026-09-24T06:08:10.7824300Z test_dw_doctor_fails_preflight_for_incompatible_required_engine (test_engine_doctor.EngineDoctorTests.test_dw_doctor_fails_preflight_for_incompatible_required_engine) ... ok
2026-09-24T06:08:10.8118362Z test_dw_doctor_keeps_community_only_onboarding_clean (test_engine_doctor.EngineDoctorTests.test_dw_doctor_keeps_community_only_onboarding_clean) ... ok
2026-09-24T06:08:10.8569317Z test_dw_doctor_reports_compatible_required_private_engine (test_engine_doctor.EngineDoctorTests.test_dw_doctor_reports_compatible_required_private_engine) ... ok
2026-09-24T06:08:10.8762138Z test_committed_project_engine_wins_over_machine_local_profile (test_engine_local.LocalEngineTests.test_committed_project_engine_wins_over_machine_local_profile) ... ok
2026-09-24T06:08:10.9014022Z test_corrupt_machine_local_profile_fails_closed (test_engine_local.LocalEngineTests.test_corrupt_machine_local_profile_fails_closed) ... ok
2026-09-24T06:08:11.0074747Z test_dw_engine_enable_status_doctor_disable_is_git_local (test_engine_local.LocalEngineTests.test_dw_engine_enable_status_doctor_disable_is_git_local) ... ok
2026-09-24T06:08:11.4051568Z test_real_gate_consumes_git_local_private_plan_but_public_runner_owns_verdict (test_engine_local_gate.LocalEngineGateTests.test_real_gate_consumes_git_local_private_plan_but_public_runner_owns_verdict) ... ok
2026-09-24T06:08:11.4618483Z test_ambiguous_engine_json_is_rejected_before_plan_validation (test_engine_protocol.EngineProtocolTests.test_ambiguous_engine_json_is_rejected_before_plan_validation) ... ok
2026-09-24T06:08:11.4620521Z test_canonical_compat_vector_has_frozen_request_id_and_digest (test_engine_protocol.EngineProtocolTests.test_canonical_compat_vector_has_frozen_request_id_and_digest) ... ok
2026-09-24T06:08:11.4622007Z test_change_identity_depends_on_repository_and_git_trees (test_engine_protocol.EngineProtocolTests.test_change_identity_depends_on_repository_and_git_trees) ... ok
2026-09-24T06:08:11.4864085Z test_non_finite_planning_budget_is_rejected_before_request_hashing (test_engine_protocol.EngineProtocolTests.test_non_finite_planning_budget_is_rejected_before_request_hashing) ... ok
2026-09-24T06:08:11.5432736Z test_optional_engine_failure_degrades_but_required_engine_fails_closed (test_engine_protocol.EngineProtocolTests.test_optional_engine_failure_degrades_but_required_engine_fails_closed) ... ok
2026-09-24T06:08:11.5692498Z test_plan_must_be_exactly_bound_and_cover_every_mutation_once (test_engine_protocol.EngineProtocolTests.test_plan_must_be_exactly_bound_and_cover_every_mutation_once) ... ok
2026-09-24T06:08:11.6272841Z test_real_subprocess_plan_is_validated_before_use (test_engine_protocol.EngineProtocolTests.test_real_subprocess_plan_is_validated_before_use) ... ok
2026-09-24T06:08:11.6541516Z test_request_is_content_bound_without_embedding_test_command_or_patch (test_engine_protocol.EngineProtocolTests.test_request_is_content_bound_without_embedding_test_command_or_patch) ... ok
2026-09-24T06:08:11.6662367Z test_code_change_does_not_get_noop_preflight (test_entry.EntryTests.test_code_change_does_not_get_noop_preflight) ... DiffWitness proof dw0_2c5d1a1671d236a607fa attached to f1dfa032ab61 via refs/notes/diffwitness.
2026-09-24T06:08:11.6663206Z Publish it with: git push origin refs/notes/diffwitness
2026-09-24T06:08:11.6663579Z Invariant INV-IMPACT: Keep identity
2026-09-24T06:08:11.6663864Z Objective OBJ-REFUNDS: Support partial refunds safely
2026-09-24T06:08:11.6664203Z Decision DEC-IDEMPOTENCY: Keep refund operations idempotent
2026-09-24T06:08:11.6664479Z Invariant INV-CAPTURE-LIMIT: Refund total must never exceed captured payment
2026-09-24T06:08:11.6664751Z Failed approach FAIL-DIRECT-CHARGE: Mutating charge rows directly
2026-09-24T06:08:11.6890829Z DiffWitness: No evidence command could be detected. Run `dw doctor`, pass --test, or create .diffwitness.toml.
2026-09-24T06:08:11.6905432Z ok
2026-09-24T06:08:11.7264708Z test_docs_only_prove_succeeds_without_test_command_and_writes_noop_certificate (test_entry.EntryTests.test_docs_only_prove_succeeds_without_test_command_and_writes_noop_certificate) ... ok
2026-09-24T06:08:11.7265832Z test_public_version_options_bypass_friendly_unknown_router (test_entry.EntryTests.test_public_version_options_bypass_friendly_unknown_router) ... ok
2026-09-24T06:08:11.7398104Z test_unknown_test_only_surface_without_evidence_never_becomes_noop_success (test_fail_closed.FailClosedTests.test_unknown_test_only_surface_without_evidence_never_becomes_noop_success) ... DiffWitness: proof not required (dw0_e2e843797703325b2ce5); no executable causal mutation detected.
2026-09-24T06:08:11.7622640Z DiffWitness: this change contains tests but DiffWitness cannot determine how to execute evidence. Failing closed: pass --test or configure [diffwitness].test.
2026-09-24T06:08:11.7636040Z ok
2026-09-24T06:08:12.2010271Z test_auto_routes_surplus_patch_to_adaptive_and_rejects_it (test_gate.GateTests.test_auto_routes_surplus_patch_to_adaptive_and_rejects_it) ... DiffWitness Gate rejected: Adaptive Core found 1 mutation(s) removable while preserving the selected stable evidence
2026-09-24T06:08:12.2030005Z ok
2026-09-24T06:08:12.2159468Z test_docs_only_gate_becomes_formal_proof_not_required (test_gate.GateTests.test_docs_only_gate_becomes_formal_proof_not_required) ... DiffWitness Gate: causal contrast proven; adaptive strategy for 2 production mutation(s) under balanced policy (899.9s proof budget remaining)
2026-09-24T06:08:12.2160195Z DiffWitness Adaptive Core
2026-09-24T06:08:12.2160598Z contrast:    PROVEN
2026-09-24T06:08:12.2160827Z mutations:   2 original
2026-09-24T06:08:12.2161068Z core:        1 retained
2026-09-24T06:08:12.2161273Z removable:   1 observed removable
2026-09-24T06:08:12.2161606Z experiments: 3/10
2026-09-24T06:08:12.2161879Z 1-minimal:   yes
2026-09-24T06:08:12.2162082Z certificate: dwac1_0c21e3bdb63ef5ab28ca
2026-09-24T06:08:12.2162230Z 
2026-09-24T06:08:12.2162348Z Causal core:
2026-09-24T06:08:12.2162557Z   KEEP    calc.py hunk 1/2
2026-09-24T06:08:12.2162697Z 
2026-09-24T06:08:12.2162781Z Evidence-removable surface:
2026-09-24T06:08:12.2163383Z   REVIEW  calc.py hunk 2/2 — def add(a, b):
2026-09-24T06:08:12.2789926Z ok
2026-09-24T06:08:12.2926114Z test_explicit_nondefault_config_supplies_evidence_command (test_gate.GateTests.test_explicit_nondefault_config_supplies_evidence_command) ... DiffWitness: proof not required (dw0_435c95c2cdac13720cb1); no executable causal mutation detected.
2026-09-24T06:08:12.2937679Z Project continuity: 2 new change event(s) · dwchg_2d7c186e2b3097a570708b96
2026-09-24T06:08:12.4392567Z DiffWitness Gate: causal contrast proven; exhaustive strategy for 1 production mutation(s) under strict policy (899.9s proof budget remaining)
2026-09-24T06:08:12.7059025Z ok
2026-09-24T06:08:12.7185040Z test_small_proven_fix_uses_exhaustive_gate_and_writes_certificate (test_gate.GateTests.test_small_proven_fix_uses_exhaustive_gate_and_writes_certificate) ... DiffWitness 0.4.0a1 - counterfactual patch evidence
2026-09-24T06:08:12.7185580Z repo:      /tmp/tmpu9h9a6ab/repo
2026-09-24T06:08:12.7185791Z base:      df96dec56414020ef1cee019a4f2bf802ca2e8dc (df96dec56414)
2026-09-24T06:08:12.7186052Z candidate: fb3518a767f01395ec856031907bae05f2cad976 (fb3518a767f0)
2026-09-24T06:08:12.7186388Z evidence:  "/opt/hostedtoolcache/Python/3.11.16/x64/bin/python" -m unittest discover -s tests -q
2026-09-24T06:08:12.7186665Z stability: 1 run(s) per variant
2026-09-24T06:08:12.7186820Z budget:    899.893s total; 300s per command
2026-09-24T06:08:12.7187015Z changes:   1 analyzed mutation(s); 1 changed test file(s)
2026-09-24T06:08:12.7187155Z 
2026-09-24T06:08:12.7187241Z contrast:  BASE STABLE-FAIL -> CANDIDATE STABLE-PASS
2026-09-24T06:08:12.7187370Z 
2026-09-24T06:08:12.7187460Z WITNESSED         +1/-1  calc.py hunk 1/1  [stable-fail]
2026-09-24T06:08:12.7187586Z 
2026-09-24T06:08:12.7187664Z summary: 1 witnessed, 0 unwitnessed, 0 inconclusive
2026-09-24T06:08:12.7187853Z core:    1 minimal sufficient set(s) of 1 hunk(s)
2026-09-24T06:08:12.7188026Z cert:    dw2_c1322d457c8ebab8d27b
2026-09-24T06:08:12.7188196Z DiffWitness Gate accepted (dw2_c1322d457c8ebab8d27b)
2026-09-24T06:08:12.7188714Z Project continuity: 2 new change event(s) · dwchg_d744d397f56aaaaffcbd7086
2026-09-24T06:08:12.8609056Z DiffWitness Gate: causal contrast proven; exhaustive strategy for 1 production mutation(s) under strict policy (899.9s proof budget remaining)
2026-09-24T06:08:13.1283929Z ok
2026-09-24T06:08:13.1284574Z test_unwitnessed_hunk_becomes_file_warning (test_github_actions.GitHubActionTests.test_unwitnessed_hunk_becomes_file_warning) ... ok
2026-09-24T06:08:13.1448843Z test_clean_worktree_reuses_head_exactly (test_gitops_snapshot_fastpath.SnapshotFastPathTests.test_clean_worktree_reuses_head_exactly) ... ok
2026-09-24T06:08:13.1697543Z test_meaningful_untracked_file_forces_exact_snapshot (test_gitops_snapshot_fastpath.SnapshotFastPathTests.test_meaningful_untracked_file_forces_exact_snapshot) ... ok
2026-09-24T06:08:13.1855901Z test_only_known_untracked_runtime_artifacts_still_reuse_head (test_gitops_snapshot_fastpath.SnapshotFastPathTests.test_only_known_untracked_runtime_artifacts_still_reuse_head) ... ok
2026-09-24T06:08:13.2114846Z test_staged_change_is_not_mistaken_for_clean_state (test_gitops_snapshot_fastpath.SnapshotFastPathTests.test_staged_change_is_not_mistaken_for_clean_state) ... ok
2026-09-24T06:08:13.2425828Z test_tracked_cache_like_file_is_never_filtered (test_gitops_snapshot_fastpath.SnapshotFastPathTests.test_tracked_cache_like_file_is_never_filtered) ... ok
2026-09-24T06:08:13.2671866Z test_tracked_worktree_change_forces_exact_snapshot (test_gitops_snapshot_fastpath.SnapshotFastPathTests.test_tracked_worktree_change_forces_exact_snapshot) ... ok
2026-09-24T06:08:13.2780672Z test_public_guard_delegates_proven_agent_patch_to_gate (test_guard.PublicGuardTests.test_public_guard_delegates_proven_agent_patch_to_gate) ... DiffWitness 0.4.0a1 - counterfactual patch evidence
2026-09-24T06:08:13.2781739Z repo:      /tmp/tmplbk8r8pg
2026-09-24T06:08:13.2781950Z base:      df96dec56414020ef1cee019a4f2bf802ca2e8dc (df96dec56414)
2026-09-24T06:08:13.2782203Z candidate: fb3518a767f01395ec856031907bae05f2cad976 (fb3518a767f0)
2026-09-24T06:08:13.2782509Z evidence:  "/opt/hostedtoolcache/Python/3.11.16/x64/bin/python" -m unittest discover -s tests -q
2026-09-24T06:08:13.2782783Z stability: 1 run(s) per variant
2026-09-24T06:08:13.2782939Z budget:    899.892s total; 300s per command
2026-09-24T06:08:13.2783137Z changes:   1 analyzed mutation(s); 1 changed test file(s)
2026-09-24T06:08:13.2783270Z 
2026-09-24T06:08:13.2783356Z contrast:  BASE STABLE-FAIL -> CANDIDATE STABLE-PASS
2026-09-24T06:08:13.2783480Z 
2026-09-24T06:08:13.2783569Z WITNESSED         +1/-1  calc.py hunk 1/1  [stable-fail]
2026-09-24T06:08:13.2783696Z 
2026-09-24T06:08:13.2783768Z summary: 1 witnessed, 0 unwitnessed, 0 inconclusive
2026-09-24T06:08:13.2783954Z core:    1 minimal sufficient set(s) of 1 hunk(s)
2026-09-24T06:08:13.2784308Z cert:    dw2_450b91a626dc5b352079
2026-09-24T06:08:13.2784479Z DiffWitness Gate accepted (dw2_450b91a626dc5b352079)
2026-09-24T06:08:13.2785021Z Project continuity: 2 new change event(s) · dwchg_d744d397f56aaaaffcbd7086
2026-09-24T06:08:13.4354518Z DiffWitness Guard armed at 86b7a62b8c1b
2026-09-24T06:08:13.4355490Z Agent:    /opt/hostedtoolcache/Python/3.11.16/x64/bin/python -c from pathlib import Path; Path('calc.py').write_text('def add(a, b):\n    return a + b\n', encoding='utf-8'); Path('tests').mkdir(exist_ok=True); Path('tests/test_calc.py').write_text("import unittest\nfrom calc import add\n\nclass T(unittest.TestCase):\n    def test_add(self):\n        self.assertEqual(add(2, 3), 5)\n", encoding='utf-8')
2026-09-24T06:08:13.4356302Z Policy:   strict
2026-09-24T06:08:13.4356433Z Strategy: auto
2026-09-24T06:08:13.4356574Z Proof budget: 900s after agent exit
2026-09-24T06:08:13.4356686Z 
2026-09-24T06:08:13.4356967Z DiffWitness Gate: causal contrast proven; exhaustive strategy for 1 production mutation(s) under strict policy (899.9s proof budget remaining)
2026-09-24T06:08:13.7181672Z ok
2026-09-24T06:08:13.7288638Z test_public_guard_preserves_agent_failure_code_without_claiming_proof (test_guard.PublicGuardTests.test_public_guard_preserves_agent_failure_code_without_claiming_proof) ... DiffWitness 0.4.0a1 - counterfactual patch evidence
2026-09-24T06:08:13.7289209Z repo:      /tmp/tmp5aqia9b7
2026-09-24T06:08:13.7289620Z base:      86b7a62b8c1b7605a33533f44f053dce2a7c4b49 (86b7a62b8c1b)
2026-09-24T06:08:13.7289971Z candidate: 55f22fadf1eececdf5cd8dff0b4afd9a31202436 (55f22fadf1ee)
2026-09-24T06:08:13.7290386Z evidence:  "/opt/hostedtoolcache/Python/3.11.16/x64/bin/python" -m unittest discover -s tests -q
2026-09-24T06:08:13.7290841Z stability: 1 run(s) per variant
2026-09-24T06:08:13.7291032Z budget:    899.897s total; 300s per command
2026-09-24T06:08:13.7291229Z changes:   1 analyzed mutation(s); 1 changed test file(s)
2026-09-24T06:08:13.7291365Z 
2026-09-24T06:08:13.7291620Z contrast:  BASE STABLE-FAIL -> CANDIDATE STABLE-PASS
2026-09-24T06:08:13.7291864Z 
2026-09-24T06:08:13.7292162Z WITNESSED         +1/-1  calc.py hunk 1/1  [stable-fail]
2026-09-24T06:08:13.7292363Z 
2026-09-24T06:08:13.7292493Z summary: 1 witnessed, 0 unwitnessed, 0 inconclusive
2026-09-24T06:08:13.7292775Z core:    1 minimal sufficient set(s) of 1 hunk(s)
2026-09-24T06:08:13.7293038Z cert:    dw2_4e9b95fcaf40642e59a1
2026-09-24T06:08:13.7293228Z DiffWitness Gate accepted (dw2_4e9b95fcaf40642e59a1)
2026-09-24T06:08:13.7293351Z 
2026-09-24T06:08:13.7293410Z DiffWitness Guard: PROOF ACCEPTED
2026-09-24T06:08:13.7293509Z 
2026-09-24T06:08:13.7293558Z CHANGE DEBT
2026-09-24T06:08:13.7293686Z +0 point(s) / 0 obligation(s)
2026-09-24T06:08:13.7294105Z Debt budget: PASS — projected total 0; new 0
2026-09-24T06:08:13.7294295Z Debt Ledger: +0 introduced, 0 reopened, 0 refreshed
2026-09-24T06:08:13.7294558Z IdleProof explanation: /tmp/tmp5aqia9b7/.git/diffwitness/idleproof-explanation.json
2026-09-24T06:08:13.7294864Z Change envelope: /tmp/tmp5aqia9b7/.git/diffwitness/change-envelope.json
2026-09-24T06:08:13.7295191Z Project continuity: 3 new change event(s) · dwchg_a6ed6da8f1eb742ebd81c29c
2026-09-24T06:08:13.7486605Z DiffWitness Guard: agent exited with code 7; proof was not attempted.
2026-09-24T06:08:13.7550535Z ok
2026-09-24T06:08:13.7664760Z test_guard_records_agent_provenance_after_proof (test_guard_debt.GuardDebtTests.test_guard_records_agent_provenance_after_proof) ... DiffWitness Guard armed at 8ebb9a983149
2026-09-24T06:08:13.7665551Z Agent:    /opt/hostedtoolcache/Python/3.11.16/x64/bin/python -c raise SystemExit(7)
2026-09-24T06:08:13.7665910Z Policy:   config/default
2026-09-24T06:08:13.7666166Z Strategy: config/default
2026-09-24T06:08:13.7666449Z Proof budget: 900s after agent exit
2026-09-24T06:08:13.7666672Z 
2026-09-24T06:08:13.9295950Z DiffWitness Guard armed at eb7e59c2c3f5
2026-09-24T06:08:13.9297148Z Agent:    /opt/hostedtoolcache/Python/3.11.16/x64/bin/python -c from pathlib import Path; p=Path('auth/session.py'); p.write_text('def add(a, b):\n    return a + b\n', encoding='utf-8'); t=Path('tests/test_session.py'); t.parent.mkdir(exist_ok=True); t.write_text("import unittest\nfrom auth.session import add\n\nclass T(unittest.TestCase):\n    def test_add(self):\n        self.assertEqual(add(2, 3), 5)\n", encoding='utf-8')
2026-09-24T06:08:13.9297951Z Policy:   strict
2026-09-24T06:08:13.9298094Z Strategy: config/default
2026-09-24T06:08:13.9298239Z Proof budget: 900s after agent exit
2026-09-24T06:08:13.9298348Z 
2026-09-24T06:08:13.9298583Z DiffWitness Gate: causal contrast proven; exhaustive strategy for 1 production mutation(s) under strict policy (899.9s proof budget remaining)
2026-09-24T06:08:14.2212541Z ok
2026-09-24T06:08:14.2322809Z test_guard_rejects_over_budget_patch_without_admitting_rejected_debt (test_guard_debt.GuardDebtTests.test_guard_rejects_over_budget_patch_without_admitting_rejected_debt) ... DiffWitness 0.4.0a1 - counterfactual patch evidence
2026-09-24T06:08:14.2323688Z repo:      /tmp/tmpo6xdj55d
2026-09-24T06:08:14.2323923Z base:      eb7e59c2c3f53cf93cd04c4d52689a088a127e2a (eb7e59c2c3f5)
2026-09-24T06:08:14.2324247Z candidate: aba24b53c9059d1098b4b1cac167f8f6c8852f2f (aba24b53c905)
2026-09-24T06:08:14.2324720Z evidence:  "/opt/hostedtoolcache/Python/3.11.16/x64/bin/python" -m unittest discover -s tests -q
2026-09-24T06:08:14.2325133Z stability: 1 run(s) per variant
2026-09-24T06:08:14.2325643Z budget:    899.892s total; 300s per command
2026-09-24T06:08:14.2326079Z changes:   1 analyzed mutation(s); 1 changed test file(s)
2026-09-24T06:08:14.2326291Z 
2026-09-24T06:08:14.2326418Z contrast:  BASE STABLE-FAIL -> CANDIDATE STABLE-PASS
2026-09-24T06:08:14.2326618Z 
2026-09-24T06:08:14.2326771Z WITNESSED         +1/-1  auth/session.py hunk 1/1  [stable-fail]
2026-09-24T06:08:14.2326989Z 
2026-09-24T06:08:14.2327113Z summary: 1 witnessed, 0 unwitnessed, 0 inconclusive
2026-09-24T06:08:14.2327414Z core:    1 minimal sufficient set(s) of 1 hunk(s)
2026-09-24T06:08:14.2327698Z cert:    dw2_0313e74cfa4dc56a0148
2026-09-24T06:08:14.2327976Z DiffWitness Gate accepted (dw2_0313e74cfa4dc56a0148)
2026-09-24T06:08:14.2328180Z 
2026-09-24T06:08:14.2328278Z DiffWitness Guard: PROOF ACCEPTED
2026-09-24T06:08:14.2328432Z 
2026-09-24T06:08:14.2328507Z CHANGE DEBT
2026-09-24T06:08:14.2328690Z +1 point(s) / 1 obligation(s)
2026-09-24T06:08:14.2328910Z   security           +1
2026-09-24T06:08:14.2329550Z   DW-F90AD233C569 +1 security/heuristic — Security-sensitive surface changed
2026-09-24T06:08:14.2329959Z Debt budget: PASS — projected total 1; new 1
2026-09-24T06:08:14.2330243Z Debt Ledger: +1 introduced, 0 reopened, 0 refreshed
2026-09-24T06:08:14.2330648Z IdleProof explanation: /tmp/tmpo6xdj55d/.git/diffwitness/idleproof-explanation.json
2026-09-24T06:08:14.2331110Z Change envelope: /tmp/tmpo6xdj55d/.git/diffwitness/change-envelope.json
2026-09-24T06:08:14.2331771Z Project continuity: 4 new change event(s) · dwchg_ecc772bab6e943aa8926eb88
2026-09-24T06:08:14.2332187Z Project continuity: 1 Debt Ledger lifecycle event(s) projected
2026-09-24T06:08:14.3955319Z DiffWitness Guard armed at 1e8458572ce3
2026-09-24T06:08:14.3956251Z Agent:    /opt/hostedtoolcache/Python/3.11.16/x64/bin/python -c from pathlib import Path; p=Path('auth/session.py'); p.write_text('def add(a, b):\n    return a + b\n', encoding='utf-8'); t=Path('tests/test_session.py'); t.parent.mkdir(exist_ok=True); t.write_text("import unittest\nfrom auth.session import add\n\nclass T(unittest.TestCase):\n    def test_add(self):\n        self.assertEqual(add(2, 3), 5)\n", encoding='utf-8')
2026-09-24T06:08:14.3957087Z Policy:   strict
2026-09-24T06:08:14.3957214Z Strategy: config/default
2026-09-24T06:08:14.3957362Z Proof budget: 900s after agent exit
2026-09-24T06:08:14.3957466Z 
2026-09-24T06:08:14.3957706Z DiffWitness Gate: causal contrast proven; exhaustive strategy for 1 production mutation(s) under strict policy (899.9s proof budget remaining)
2026-09-24T06:08:14.6633577Z DiffWitness Guard: DEBT BUDGET REJECTED
2026-09-24T06:08:14.6932006Z ok
2026-09-24T06:08:14.7138681Z test_default_guided_root_help_is_a_bounded_onboarding_surface (test_ht001_guided_first_run.GuidedFirstRunDensityTests.test_default_guided_root_help_is_a_bounded_onboarding_surface) ... ok
2026-09-24T06:08:14.7269199Z test_french_guided_root_help_has_the_same_bounded_information_shape (test_ht001_guided_first_run.GuidedFirstRunDensityTests.test_french_guided_root_help_has_the_same_bounded_information_shape) ... ok
2026-09-24T06:08:14.7435587Z test_technical_help_keeps_the_complete_engineering_surface (test_ht001_guided_first_run.GuidedFirstRunDensityTests.test_technical_help_keeps_the_complete_engineering_surface) ... ok
2026-09-24T06:08:14.7452027Z test_default_guided_english_explains_how_to_reach_a_valid_doctor_context (test_ht002_doctor_outside_git.DoctorOutsideGitActionabilityTests.test_default_guided_english_explains_how_to_reach_a_valid_doctor_context) ... ok
2026-09-24T06:08:14.7467039Z test_guided_french_has_the_same_actionable_failure_shape (test_ht002_doctor_outside_git.DoctorOutsideGitActionabilityTests.test_guided_french_has_the_same_actionable_failure_shape) ... ok
2026-09-24T06:08:14.7481925Z test_json_outside_git_preserves_raw_failure_contract (test_ht002_doctor_outside_git.DoctorOutsideGitActionabilityTests.test_json_outside_git_preserves_raw_failure_contract) ... ok
2026-09-24T06:08:14.7492275Z test_other_git_failures_do_not_get_outside_repository_advice (test_ht002_doctor_outside_git.DoctorOutsideGitActionabilityTests.test_other_git_failures_do_not_get_outside_repository_advice) ... ok
2026-09-24T06:08:14.7506924Z test_technical_outside_git_still_fails_without_inventing_readiness (test_ht002_doctor_outside_git.DoctorOutsideGitActionabilityTests.test_technical_outside_git_still_fails_without_inventing_readiness) ... ok
2026-09-24T06:08:14.7508099Z test_every_diffwitness_owned_sidecar_diagnostic_has_a_guided_rendering (test_ht004_guided_vocabulary.HT004GuidedVocabularyTests.test_every_diffwitness_owned_sidecar_diagnostic_has_a_guided_rendering) ... ok
2026-09-24T06:08:15.1368124Z test_guided_setup_hides_internal_sidecar_term_without_changing_machine_or_technical_detail (test_ht004_guided_vocabulary.HT004GuidedVocabularyTests.test_guided_setup_hides_internal_sidecar_term_without_changing_machine_or_technical_detail) ... ok
2026-09-24T06:08:15.1993069Z test_idleproof_help_does_not_expose_internal_sidecar_architecture (test_ht004_guided_vocabulary.HT004GuidedVocabularyTests.test_idleproof_help_does_not_expose_internal_sidecar_architecture) ... ok
2026-09-24T06:08:15.2535451Z test_frontend_error_public_export_remains_available_on_demand (test_ht006_cli_startup.HT006CliStartupTests.test_frontend_error_public_export_remains_available_on_demand) ... ok
2026-09-24T06:08:15.2748300Z test_importing_public_entry_does_not_eagerly_load_full_frontend (test_ht006_cli_startup.HT006CliStartupTests.test_importing_public_entry_does_not_eagerly_load_full_frontend) ... ok
2026-09-24T06:08:15.2752387Z test_version_fast_path_does_not_run_git (test_ht006_cli_startup.HT006CliStartupTests.test_version_fast_path_does_not_run_git) ... ok
2026-09-24T06:08:15.2753085Z test_version_output_contract_remains_exact (test_ht006_cli_startup.HT006CliStartupTests.test_version_output_contract_remains_exact) ... ok
2026-09-24T06:08:15.2753728Z test_explicit_codex_setup_bounds_protect_scope_when_claude_is_detectable (test_ht007_provider_scope.HT007ProviderScopeQualificationTests.test_explicit_codex_setup_bounds_protect_scope_when_claude_is_detectable)
2026-09-24T06:08:15.8926941Z Public setup scope must win over broader provider auto-detection in Protect. ... ok
2026-09-24T06:08:16.8414438Z test_claude_hooks_use_exec_form_and_complete_native_change (test_human_blocker_regressions.HumanBlockerRegressionTests.test_claude_hooks_use_exec_form_and_complete_native_change) ... ok
2026-09-24T06:08:17.6284787Z test_manual_gate_persists_current_worktree_verification (test_human_blocker_regressions.HumanBlockerRegressionTests.test_manual_gate_persists_current_worktree_verification) ... ok
2026-09-24T06:08:17.6615734Z test_continuity_projection_failure_is_durable_degradation_and_recovery_clears_it (test_ide_handoff_fail_closed.IdeHandoffFailClosedTests.test_continuity_projection_failure_is_durable_degradation_and_recovery_clears_it) ... ok
2026-09-24T06:08:17.6628660Z test_exhausted_continuation_budget_never_becomes_approval (test_ide_handoff_fail_closed.IdeHandoffFailClosedTests.test_exhausted_continuation_budget_never_becomes_approval) ... ok
2026-09-24T06:08:17.6773487Z test_missing_or_invalid_native_start_capture_terminates_unverified_without_a_loop (test_ide_handoff_fail_closed.IdeHandoffFailClosedTests.test_missing_or_invalid_native_start_capture_terminates_unverified_without_a_loop) ... ok
2026-09-24T06:08:17.6776767Z test_session_model_receives_evidence_first_policy_and_optional_soul (test_idleproof_agent_session.IdleProofAgentSessionTests.test_session_model_receives_evidence_first_policy_and_optional_soul) ... ok
2026-09-24T06:08:17.6778538Z test_session_policy_does_not_require_soul_or_any_provider (test_idleproof_agent_session.IdleProofAgentSessionTests.test_session_policy_does_not_require_soul_or_any_provider) ... ok
2026-09-24T06:08:17.6996592Z test_authoritative_proof_path_has_no_model_or_http_client_dependency (test_idleproof_architecture_invariants.IdleProofArchitectureInvariantTests.test_authoritative_proof_path_has_no_model_or_http_client_dependency) ... ok
2026-09-24T06:08:17.6998144Z test_guard_may_emit_deterministic_idleproof_but_not_call_optional_inference (test_idleproof_architecture_invariants.IdleProofArchitectureInvariantTests.test_guard_may_emit_deterministic_idleproof_but_not_call_optional_inference) ... ok
2026-09-24T06:08:17.9450801Z test_optional_user_inference_never_flows_back_into_proof_debt_or_continuity_modules (test_idleproof_architecture_invariants.IdleProofArchitectureInvariantTests.test_optional_user_inference_never_flows_back_into_proof_debt_or_continuity_modules) ... ok
2026-09-24T06:08:17.9452698Z test_user_owned_cache_stays_in_git_metadata_not_project_source (test_idleproof_architecture_invariants.IdleProofArchitectureInvariantTests.test_user_owned_cache_stays_in_git_metadata_not_project_source) ... ok
2026-09-24T06:08:17.9453965Z test_binary_change_is_explained_conservatively (test_idleproof_explanation.DeterministicExplanationTests.test_binary_change_is_explained_conservatively) ... ok
2026-09-24T06:08:17.9455075Z test_empty_change_still_has_an_explicit_result (test_idleproof_explanation.DeterministicExplanationTests.test_empty_change_still_has_an_explicit_result) ... ok
2026-09-24T06:08:17.9456143Z test_heuristic_sensor_never_becomes_a_verified_fact (test_idleproof_explanation.DeterministicExplanationTests.test_heuristic_sensor_never_becomes_a_verified_fact) ... ok
2026-09-24T06:08:17.9457098Z test_renderer_is_useful_without_network_or_llm (test_idleproof_explanation.DeterministicExplanationTests.test_renderer_is_useful_without_network_or_llm) ... ok
2026-09-24T06:08:17.9458086Z test_unaccepted_proof_is_never_described_as_proven (test_idleproof_explanation.DeterministicExplanationTests.test_unaccepted_proof_is_never_described_as_proven) ... ok
2026-09-24T06:08:17.9458978Z test_builder_quota_is_exactly_500 (test_idleproof_explanation.ManagedInferencePolicyTests.test_builder_quota_is_exactly_500) ... ok
2026-09-24T06:08:17.9460034Z test_free_alpha_and_unknown_plans_can_never_use_diffwitness_managed_inference (test_idleproof_explanation.ManagedInferencePolicyTests.test_free_alpha_and_unknown_plans_can_never_use_diffwitness_managed_inference) ... ok
2026-09-24T06:08:17.9461341Z test_managed_quota_exhaustion_falls_back_to_deterministic_not_another_paid_route (test_idleproof_explanation.ManagedInferencePolicyTests.test_managed_quota_exhaustion_falls_back_to_deterministic_not_another_paid_route) ... ok
2026-09-24T06:08:17.9462732Z test_pro_quota_is_exactly_1200 (test_idleproof_explanation.ManagedInferencePolicyTests.test_pro_quota_is_exactly_1200) ... ok
2026-09-24T06:08:17.9463853Z test_team_and_enterprise_are_finite_in_shared_policy (test_idleproof_explanation.ManagedInferencePolicyTests.test_team_and_enterprise_are_finite_in_shared_policy) ... ok
2026-09-24T06:08:17.9464639Z test_user_owned_compute_remains_available_on_free (test_idleproof_explanation.ManagedInferencePolicyTests.test_user_owned_compute_remains_available_on_free) ... ok
2026-09-24T06:08:17.9465247Z test_llm_context_contains_only_bounded_facts_and_style (test_idleproof_explanation.SoulAndLlmContextTests.test_llm_context_contains_only_bounded_facts_and_style) ... ok
2026-09-24T06:08:17.9465828Z test_local_soul_is_style_only_and_bounded (test_idleproof_explanation.SoulAndLlmContextTests.test_local_soul_is_style_only_and_bounded) ... ok
2026-09-24T06:08:18.0041911Z test_historical_accepted_proof_cannot_claim_drifted_worktree_is_verified (test_idleproof_freshness.IdleProofFreshnessTests.test_historical_accepted_proof_cannot_claim_drifted_worktree_is_verified) ... ok
2026-09-24T06:08:18.0206967Z test_snapshot_omits_invalid_local_protection_projection (test_idleproof_protect_projection.IdleProofProtectProjectionTests.test_snapshot_omits_invalid_local_protection_projection) ... ok
2026-09-24T06:08:18.0373029Z test_snapshot_projects_only_bounded_aggregate_protection (test_idleproof_protect_projection.IdleProofProtectProjectionTests.test_snapshot_projects_only_bounded_aggregate_protection) ... ok
2026-09-24T06:08:18.0546623Z test_auto_installs_only_detected_project_providers (test_idleproof_sidecar.IntegrationTests.test_auto_installs_only_detected_project_providers) ... ok
2026-09-24T06:08:18.0670910Z test_auto_without_a_detected_provider_is_actionable_and_non_mutating (test_idleproof_sidecar.IntegrationTests.test_auto_without_a_detected_provider_is_actionable_and_non_mutating) ... ok
2026-09-24T06:08:18.0838570Z test_install_migrates_provider_neutral_hooks_without_double_execution (test_idleproof_sidecar.IntegrationTests.test_install_migrates_provider_neutral_hooks_without_double_execution) ... ok
2026-09-24T06:08:18.1056089Z test_install_status_and_uninstall_are_non_destructive (test_idleproof_sidecar.IntegrationTests.test_install_status_and_uninstall_are_non_destructive) ... ok
2026-09-24T06:08:18.1218872Z test_local_project_identity_is_stable_and_repo_bound (test_idleproof_sidecar.IntegrationTests.test_local_project_identity_is_stable_and_repo_bound) ... ok
2026-09-24T06:08:18.1339657Z test_assurance_bridge_rejects_envelope_that_violates_privacy_boundary (test_idleproof_sidecar.PortalSidecarTests.test_assurance_bridge_rejects_envelope_that_violates_privacy_boundary) ... ok
2026-09-24T06:08:18.1550260Z test_dry_run_needs_no_token_and_exposes_bounded_snapshot (test_idleproof_sidecar.PortalSidecarTests.test_dry_run_needs_no_token_and_exposes_bounded_snapshot) ... ok
2026-09-24T06:08:18.1697598Z test_endpoint_policy_and_token_is_never_persisted (test_idleproof_sidecar.PortalSidecarTests.test_endpoint_policy_and_token_is_never_persisted) ... ok
2026-09-24T06:08:18.7042184Z test_real_local_http_sync_sends_only_bounded_snapshot_and_uses_env_token (test_idleproof_sidecar.PortalSidecarTests.test_real_local_http_sync_sends_only_bounded_snapshot_and_uses_env_token) ... ok
2026-09-24T06:08:18.7284327Z test_snapshot_is_bounded_deterministic_and_preserves_inconclusive_proof (test_idleproof_sidecar.PortalSidecarTests.test_snapshot_is_bounded_deterministic_and_preserves_inconclusive_proof) ... ok
2026-09-24T06:08:18.7636536Z test_tracked_soul_remains_part_of_the_software_tree (test_idleproof_soul_snapshot.IdleProofSoulSnapshotTests.test_tracked_soul_remains_part_of_the_software_tree) ... ok
2026-09-24T06:08:18.7857142Z test_untracked_soul_preferences_do_not_change_candidate_tree (test_idleproof_soul_snapshot.IdleProofSoulSnapshotTests.test_untracked_soul_preferences_do_not_change_candidate_tree) ... ok
2026-09-24T06:08:18.7858619Z test_api_key_cannot_be_sent_over_plain_http_except_loopback (test_idleproof_user_inference.IdleProofUserInferenceTests.test_api_key_cannot_be_sent_over_plain_http_except_loopback) ... ok
2026-09-24T06:08:18.8038484Z test_cache_is_content_addressed_by_context_endpoint_and_model (test_idleproof_user_inference.IdleProofUserInferenceTests.test_cache_is_content_addressed_by_context_endpoint_and_model) ... ok
2026-09-24T06:08:18.8400488Z test_default_dw_explain_never_builds_a_network_opener (test_idleproof_user_inference.IdleProofUserInferenceTests.test_default_dw_explain_never_builds_a_network_opener) ... ok
2026-09-24T06:08:18.8403469Z test_human_output_always_shows_deterministic_original_before_labelled_ai_wording (test_idleproof_user_inference.IdleProofUserInferenceTests.test_human_output_always_shows_deterministic_original_before_labelled_ai_wording) ... ok
2026-09-24T06:08:18.8749564Z test_managed_engine_is_impossible_from_oss_cli_and_falls_back (test_idleproof_user_inference.IdleProofUserInferenceTests.test_managed_engine_is_impossible_from_oss_cli_and_falls_back) ... ok
2026-09-24T06:08:18.9284163Z test_openrouter_uses_only_user_key_and_cache_prevents_second_provider_call (test_idleproof_user_inference.IdleProofUserInferenceTests.test_openrouter_uses_only_user_key_and_cache_prevents_second_provider_call) ... ok
2026-09-24T06:08:18.9289677Z test_provider_control_characters_are_neutralized_before_display_or_cache (test_idleproof_user_inference.IdleProofUserInferenceTests.test_provider_control_characters_are_neutralized_before_display_or_cache) ... ok
2026-09-24T06:08:18.9294226Z test_slots_presentation_units_serialize_and_provider_rewrites_only_existing_ids (test_idleproof_user_inference.IdleProofUserInferenceTests.test_slots_presentation_units_serialize_and_provider_rewrites_only_existing_ids) ... ok
2026-09-24T06:08:20.3029191Z test_minimal_sufficient_core_and_surplus_hunk (test_integration.IntegrationTests.test_minimal_sufficient_core_and_surplus_hunk) ... ok
2026-09-24T06:08:20.7474500Z test_mutual_backup_pair_is_detected (test_integration.IntegrationTests.test_mutual_backup_pair_is_detected) ... ok
2026-09-24T06:08:20.7770724Z test_snapshot_ignores_untracked_runtime_caches_but_keeps_untracked_source (test_integration.IntegrationTests.test_snapshot_ignores_untracked_runtime_caches_but_keeps_untracked_source) ... ok
2026-09-24T06:08:20.8006633Z test_tracked_cache_named_file_is_never_silently_hidden (test_integration.IntegrationTests.test_tracked_cache_named_file_is_never_silently_hidden) ... ok
2026-09-24T06:08:20.8225436Z test_worktree_snapshot_does_not_require_persistent_git_identity (test_integration.IntegrationTests.test_worktree_snapshot_does_not_require_persistent_git_identity) ... ok
2026-09-24T06:08:20.9367895Z test_explicit_french_and_precedence_preserve_view_and_never_leak (test_language.LanguageTests.test_explicit_french_and_precedence_preserve_view_and_never_leak) ... ok
2026-09-24T06:08:21.1276105Z test_french_environment_defaults_to_english_without_persisting_language (test_language.LanguageTests.test_french_environment_defaults_to_english_without_persisting_language) ... ok
2026-09-24T06:08:21.6800141Z test_french_human_surfaces_and_json_are_language_and_view_invariant (test_language.LanguageTests.test_french_human_surfaces_and_json_are_language_and_view_invariant) ... ok
2026-09-24T06:08:21.6868827Z test_invalid_choice_and_missing_repo_do_not_save_or_leak (test_language.LanguageTests.test_invalid_choice_and_missing_repo_do_not_save_or_leak) ... ok
2026-09-24T06:08:21.6967470Z test_native_protocol_and_agent_arguments_do_not_inherit_ui_language (test_language.LanguageTests.test_native_protocol_and_agent_arguments_do_not_inherit_ui_language) ... ok
2026-09-24T06:08:21.9720431Z test_same_executed_evidence_produces_identical_certificates_in_both_languages (test_language.LanguageTests.test_same_executed_evidence_produces_identical_certificates_in_both_languages) ... ok
2026-09-24T06:08:21.9775913Z test_event_sourced_lifecycle_and_reopen (test_ledger.LedgerTests.test_event_sourced_lifecycle_and_reopen) ... ok
2026-09-24T06:08:21.9796962Z test_hash_valid_but_invalid_transition_fails_closed (test_ledger.LedgerTests.test_hash_valid_but_invalid_transition_fails_closed) ... ok
2026-09-24T06:08:21.9834023Z test_project_reconciliation_only_closes_project_rules (test_ledger.LedgerTests.test_project_reconciliation_only_closes_project_rules) ... ok
2026-09-24T06:08:21.9836293Z test_semantic_identity_mismatch_fails_closed_on_load (test_ledger.LedgerTests.test_semantic_identity_mismatch_fails_closed_on_load)
2026-09-24T06:08:21.9853387Z A hash-valid imported event cannot relabel a signal under another DW id. ... ok
2026-09-24T06:08:21.9890661Z test_stale_accept_cannot_accept_debt_resolved_by_another_process (test_ledger.LedgerTests.test_stale_accept_cannot_accept_debt_resolved_by_another_process) ... ok
2026-09-24T06:08:21.9891207Z test_stale_instances_append_without_losing_events (test_ledger.LedgerTests.test_stale_instances_append_without_losing_events)
2026-09-24T06:08:21.9923018Z Two agents that loaded the same ledger must not overwrite each other. ... ok
2026-09-24T06:08:21.9923418Z test_stale_instances_do_not_double_introduce_same_debt (test_ledger.LedgerTests.test_stale_instances_do_not_double_introduce_same_debt)
2026-09-24T06:08:21.9948670Z The state decision and append must share the same lock, not only the disk write. ... ok
2026-09-24T06:08:21.9970634Z test_stale_persist_cannot_overwrite_newer_history (test_ledger.LedgerTests.test_stale_persist_cannot_overwrite_newer_history) ... ok
2026-09-24T06:08:21.9989702Z test_tampering_breaks_integrity (test_ledger.LedgerTests.test_tampering_breaks_integrity) ... ok
2026-09-24T06:08:21.9991898Z test_unknown_event_type_is_rejected (test_ledger.LedgerTests.test_unknown_event_type_is_rejected) ... ok
2026-09-24T06:08:22.0571763Z test_checkpoint_and_status_are_exposed_through_dw (test_ledger_cli.LedgerCliTests.test_checkpoint_and_status_are_exposed_through_dw) ... ok
2026-09-24T06:08:22.0683995Z test_missing_remote_is_reported_as_cli_error_not_traceback (test_ledger_cli.LedgerCliTests.test_missing_remote_is_reported_as_cli_error_not_traceback) ... DiffWitness 0.4.0a1 - counterfactual patch evidence
2026-09-24T06:08:22.0684516Z repo:      /tmp/tmpt9jo8hxl
2026-09-24T06:08:22.0684722Z base:      1e8458572ce33a1450afee8b31585f8c8b21976a (1e8458572ce3)
2026-09-24T06:08:22.0685155Z candidate: 33f6bc018398393205299532dbe513ff1566ed0c (33f6bc018398)
2026-09-24T06:08:22.0685717Z evidence:  "/opt/hostedtoolcache/Python/3.11.16/x64/bin/python" -m unittest discover -s tests -q
2026-09-24T06:08:22.0686076Z stability: 1 run(s) per variant
2026-09-24T06:08:22.0686378Z budget:    899.893s total; 300s per command
2026-09-24T06:08:22.0686744Z changes:   1 analyzed mutation(s); 1 changed test file(s)
2026-09-24T06:08:22.0686992Z 
2026-09-24T06:08:22.0687308Z contrast:  BASE STABLE-FAIL -> CANDIDATE STABLE-PASS
2026-09-24T06:08:22.0688961Z 
2026-09-24T06:08:22.0689441Z WITNESSED         +1/-1  auth/session.py hunk 1/1  [stable-fail]
2026-09-24T06:08:22.0689684Z 
2026-09-24T06:08:22.0689802Z summary: 1 witnessed, 0 unwitnessed, 0 inconclusive
2026-09-24T06:08:22.0690112Z core:    1 minimal sufficient set(s) of 1 hunk(s)
2026-09-24T06:08:22.0690388Z cert:    dw2_979784f953ee609b3fae
2026-09-24T06:08:22.0690661Z DiffWitness Gate accepted (dw2_979784f953ee609b3fae)
2026-09-24T06:08:22.0690860Z 
2026-09-24T06:08:22.0690963Z DiffWitness Guard: PROOF ACCEPTED
2026-09-24T06:08:22.0691127Z 
2026-09-24T06:08:22.0691208Z CHANGE DEBT
2026-09-24T06:08:22.0691510Z +1 point(s) / 1 obligation(s)
2026-09-24T06:08:22.0691732Z   security           +1
2026-09-24T06:08:22.0692361Z   DW-F90AD233C569 +1 security/heuristic — Security-sensitive surface changed
2026-09-24T06:08:22.0692677Z Debt budget: EXCEEDED — projected total 1; new 1
2026-09-24T06:08:22.0692866Z   ! new debt 1 exceeds per-change budget 0
2026-09-24T06:08:22.0693092Z Debt Ledger: rejected change was not admitted to the durable ledger.
2026-09-24T06:08:22.0693385Z IdleProof explanation: /tmp/tmpt9jo8hxl/.git/diffwitness/idleproof-explanation.json
2026-09-24T06:08:22.0693687Z Change envelope: /tmp/tmpt9jo8hxl/.git/diffwitness/change-envelope.json
2026-09-24T06:08:22.0694022Z Project continuity: 4 new change event(s) · dwchg_5bf016988f0ed077d9581cb1
2026-09-24T06:08:22.0864709Z ok
2026-09-24T06:08:22.0868651Z test_non_object_jsonl_record_fails_closed (test_ledger_corruption.LedgerCorruptionTests.test_non_object_jsonl_record_fails_closed) ... ok
2026-09-24T06:08:22.0889957Z test_truncated_jsonl_tail_fails_closed_and_is_not_repaired_silently (test_ledger_corruption.LedgerCorruptionTests.test_truncated_jsonl_tail_fails_closed_and_is_not_repaired_silently) ... ok
2026-09-24T06:08:22.1319136Z test_checkpoint_history_is_fast_forward_only (test_ledger_transport.LedgerTransportTests.test_checkpoint_history_is_fast_forward_only) ... ok
2026-09-24T06:08:22.1609699Z test_checkpoint_is_idempotent_for_unchanged_ledger (test_ledger_transport.LedgerTransportTests.test_checkpoint_is_idempotent_for_unchanged_ledger) ... ok
2026-09-24T06:08:22.1919607Z test_checkpoint_restores_into_empty_clone_state_without_touching_head (test_ledger_transport.LedgerTransportTests.test_checkpoint_restores_into_empty_clone_state_without_touching_head) ... ok
2026-09-24T06:08:22.2167829Z test_checkpoint_tree_and_blob_are_platform_canonical (test_ledger_transport.LedgerTransportTests.test_checkpoint_tree_and_blob_are_platform_canonical) ... ok
2026-09-24T06:08:22.3006534Z test_missing_remote_ref_cannot_reuse_stale_tracking_ref (test_ledger_transport.LedgerTransportTests.test_missing_remote_ref_cannot_reuse_stale_tracking_ref) ... ok
2026-09-24T06:08:22.4531834Z test_remote_concurrent_update_never_force_overwrites (test_ledger_transport.LedgerTransportTests.test_remote_concurrent_update_never_force_overwrites) ... ok
2026-09-24T06:08:22.5519374Z test_remote_push_and_fresh_pull_round_trip (test_ledger_transport.LedgerTransportTests.test_remote_push_and_fresh_pull_round_trip) ... ok
2026-09-24T06:08:22.6068519Z test_exhausted_failed_proof_terminates_unverified (test_legacy_stop_contract.LegacyStopContractTests.test_exhausted_failed_proof_terminates_unverified) ... ok
2026-09-24T06:08:22.6265491Z test_missing_or_invalid_start_state_terminates_unverified_without_a_loop (test_legacy_stop_contract.LegacyStopContractTests.test_missing_or_invalid_start_state_terminates_unverified_without_a_loop) ... ok
2026-09-24T06:08:22.6514488Z test_no_change_success_omits_decision (test_legacy_stop_contract.LegacyStopContractTests.test_no_change_success_omits_decision) ... ok
2026-09-24T06:08:22.6515518Z test_payload_contract_reserves_decision_for_blocks (test_legacy_stop_contract.LegacyStopContractTests.test_payload_contract_reserves_decision_for_blocks) ... ok
2026-09-24T06:08:23.0371022Z test_native_proof_debt_understand_and_status_use_real_worktree_metadata (test_linked_worktree_product.LinkedWorktreeProductTests.test_native_proof_debt_understand_and_status_use_real_worktree_metadata) ... ok
2026-09-24T06:08:23.0538341Z test_damaged_or_duplicate_marker_blocks_fail_closed_without_rewriting_user_rules (test_local_git_state.LocalGitStateTests.test_damaged_or_duplicate_marker_blocks_fail_closed_without_rewriting_user_rules) ... ok
2026-09-24T06:08:23.0809893Z test_local_excludes_are_idempotent_preserve_user_rules_and_keep_tracked_files_visible (test_local_git_state.LocalGitStateTests.test_local_excludes_are_idempotent_preserve_user_rules_and_keep_tracked_files_visible) ... ok
2026-09-24T06:08:23.0960409Z test_setup_install_fails_before_sidecar_if_git_metadata_cannot_be_prepared (test_local_git_state.LocalGitStateTests.test_setup_install_fails_before_sidecar_if_git_metadata_cannot_be_prepared) ... ok
2026-09-24T06:08:23.1272026Z test_setup_install_prepares_local_excludes_before_sidecar_runs (test_local_git_state.LocalGitStateTests.test_setup_install_prepares_local_excludes_before_sidecar_runs) ... ok
2026-09-24T06:08:24.7193441Z test_all_kinds_nonascii_and_fr_en_keep_same_citations (test_memory_code.MemoryCodeTests.test_all_kinds_nonascii_and_fr_en_keep_same_citations) ... ok
2026-09-24T06:08:25.2780338Z test_code_drift_revalidation_keeps_authorities_and_index (test_memory_code.MemoryCodeTests.test_code_drift_revalidation_keeps_authorities_and_index) ... ok
2026-09-24T06:08:25.7298214Z test_deleted_and_explicitly_moved_reference (test_memory_code.MemoryCodeTests.test_deleted_and_explicitly_moved_reference) ... ok
2026-09-24T06:08:26.1692040Z test_deleted_role_can_be_explicitly_cleared_but_not_both_roles (test_memory_code.MemoryCodeTests.test_deleted_role_can_be_explicitly_cleared_but_not_both_roles) ... ok
2026-09-24T06:08:26.2429064Z test_forged_git_digest_cannot_be_reported_as_unchanged (test_memory_code.MemoryCodeTests.test_forged_git_digest_cannot_be_reported_as_unchanged) ... ok
2026-09-24T06:08:26.3476623Z test_forged_source_reference_rejected_on_all_readers (test_memory_code.MemoryCodeTests.test_forged_source_reference_rejected_on_all_readers) ... ok
2026-09-24T06:08:26.7780909Z test_invalid_selections_and_inactive_memory_do_not_append (test_memory_code.MemoryCodeTests.test_invalid_selections_and_inactive_memory_do_not_append) ... ok
2026-09-24T06:08:26.9346017Z test_missing_baseline_object_and_corrupt_bytes_fail_closed (test_memory_code.MemoryCodeTests.test_missing_baseline_object_and_corrupt_bytes_fail_closed) ... ok
2026-09-24T06:08:27.0028551Z test_schema_authority_and_subject_collision_rejected (test_memory_code.MemoryCodeTests.test_schema_authority_and_subject_collision_rejected) ... ok
2026-09-24T06:08:27.3859313Z test_stale_binding_and_memory_revision_fail_atomically (test_memory_code.MemoryCodeTests.test_stale_binding_and_memory_revision_fail_atomically) ... ok
2026-09-24T06:08:27.5445732Z test_types_and_budgets_fail_without_false_unchanged (test_memory_code.MemoryCodeTests.test_types_and_budgets_fail_without_false_unchanged) ... ok
2026-09-24T06:08:29.0647182Z test_all_four_kinds_confirm_retire_and_reconsider_preserve_assertion (test_memory_lifecycle.MemoryLifecycleTests.test_all_four_kinds_confirm_retire_and_reconsider_preserve_assertion) ... ok
2026-09-24T06:08:29.1739939Z test_confirmation_does_not_promote_or_replace_original_assertion_authority (test_memory_lifecycle.MemoryLifecycleTests.test_confirmation_does_not_promote_or_replace_original_assertion_authority) ... ok
2026-09-24T06:08:29.2852800Z test_hash_valid_invalid_revision_is_rejected_by_checkpoint_and_old_cache (test_memory_lifecycle.MemoryLifecycleTests.test_hash_valid_invalid_revision_is_rejected_by_checkpoint_and_old_cache) ... ok
2026-09-24T06:08:30.0239714Z test_installed_presentations_retain_failed_approaches_and_distinct_review_authority (test_memory_lifecycle.MemoryLifecycleTests.test_installed_presentations_retain_failed_approaches_and_distinct_review_authority) ... ok
2026-09-24T06:08:30.4844465Z test_invalid_replacements_and_unknown_kind_fail_without_partial_history (test_memory_lifecycle.MemoryLifecycleTests.test_invalid_replacements_and_unknown_kind_fail_without_partial_history) ... ok
2026-09-24T06:08:30.5215309Z test_profile_cannot_promote_judgment_or_smuggle_replacement_relations (test_memory_lifecycle.MemoryLifecycleTests.test_profile_cannot_promote_judgment_or_smuggle_replacement_relations) ... ok
2026-09-24T06:08:30.6750645Z test_public_redeclaration_of_managed_identity_is_a_controlled_rejection (test_memory_lifecycle.MemoryLifecycleTests.test_public_redeclaration_of_managed_identity_is_a_controlled_rejection) ... ok
2026-09-24T06:08:30.9194258Z test_rejected_memory_and_edges_do_not_seed_context_but_history_remains (test_memory_lifecycle.MemoryLifecycleTests.test_rejected_memory_and_edges_do_not_seed_context_but_history_remains) ... ok
2026-09-24T06:08:31.0298653Z test_stale_revision_is_rejected_atomically_and_source_cannot_be_overwritten (test_memory_lifecycle.MemoryLifecycleTests.test_stale_revision_is_rejected_atomically_and_source_cannot_be_overwritten) ... ok
2026-09-24T06:08:31.3537161Z test_supersession_is_immutable_and_bidirectional_with_exact_replacement_reference (test_memory_lifecycle.MemoryLifecycleTests.test_supersession_is_immutable_and_bidirectional_with_exact_replacement_reference) ... ok
2026-09-24T06:08:31.3768903Z test_codex_configuration_never_implies_provider_trust (test_native_activation.NativeActivationTests.test_codex_configuration_never_implies_provider_trust) ... ok
2026-09-24T06:08:31.6459992Z test_concurrent_provider_observations_do_not_lose_updates (test_native_activation.NativeActivationTests.test_concurrent_provider_observations_do_not_lose_updates) ... ok
2026-09-24T06:08:31.6751781Z test_linked_worktree_uses_real_git_metadata_and_keeps_activation_local (test_native_activation.NativeActivationTests.test_linked_worktree_uses_real_git_metadata_and_keeps_activation_local) ... ok
2026-09-24T06:08:31.6929159Z test_start_cause_cannot_be_mistaken_for_a_provider (test_native_activation.NativeActivationTests.test_start_cause_cannot_be_mistaken_for_a_provider) ... ok
2026-09-24T06:08:31.7145400Z test_successful_provider_session_start_records_real_observation (test_native_activation.NativeActivationTests.test_successful_provider_session_start_records_real_observation) ... ok
2026-09-24T06:08:31.7278320Z test_unknown_source_cannot_fabricate_native_provider_observation (test_native_activation.NativeActivationTests.test_unknown_source_cannot_fabricate_native_provider_observation) ... ok
2026-09-24T06:08:31.7707993Z test_native_prompt_context_never_tells_active_agent_to_launch_guard (test_native_hook_contracts.NativeHookContractTests.test_native_prompt_context_never_tells_active_agent_to_launch_guard) ... ok
2026-09-24T06:08:31.8055257Z test_native_prompt_without_session_start_does_not_spawn_fallback_agent (test_native_hook_contracts.NativeHookContractTests.test_native_prompt_without_session_start_does_not_spawn_fallback_agent) ... ok
2026-09-24T06:08:31.8056408Z test_stop_block_preserves_block_and_reason (test_native_hook_contracts.NativeHookContractTests.test_stop_block_preserves_block_and_reason) ... ok
2026-09-24T06:08:31.8057597Z test_stop_success_omits_unsupported_approve_decision (test_native_hook_contracts.NativeHookContractTests.test_stop_success_omits_unsupported_approve_decision) ... ok
2026-09-24T06:08:31.8058240Z test_terminal_stop_failure_never_requests_another_agent_turn (test_native_hook_contracts.NativeHookContractTests.test_terminal_stop_failure_never_requests_another_agent_turn) ... ok
2026-09-24T06:08:31.8500933Z test_committed_patch_round_trip_preserves_mixed_endings_and_utf8_context (test_native_patch_bytes.NativePatchBytesTests.test_committed_patch_round_trip_preserves_mixed_endings_and_utf8_context) ... ok
2026-09-24T06:08:33.0589319Z test_native_staged_unborn_counterfactual_uses_exact_lf_and_crlf_bytes (test_native_patch_bytes.NativePatchBytesTests.test_native_staged_unborn_counterfactual_uses_exact_lf_and_crlf_bytes) ... ok
2026-09-24T06:08:33.0801081Z test_a_new_scope_never_reuses_a_previous_git_resolution (test_native_prompt_resolution.NativeResolutionTests.test_a_new_scope_never_reuses_a_previous_git_resolution) ... ok
2026-09-24T06:08:33.1313505Z test_historical_corruption_between_prompts_cannot_reuse_advisory_memory (test_native_prompt_resolution.NativeResolutionTests.test_historical_corruption_between_prompts_cannot_reuse_advisory_memory) ... ok
2026-09-24T06:08:33.1495454Z test_linked_worktree_roots_are_distinct_but_journal_is_shared (test_native_prompt_resolution.NativeResolutionTests.test_linked_worktree_roots_are_distinct_but_journal_is_shared) ... Preparing worktree (detached HEAD 23d6a31)
2026-09-24T06:08:33.1597541Z ok
2026-09-24T06:08:33.2246863Z test_native_prompt_reuses_only_repository_paths_within_one_invocation (test_native_prompt_resolution.NativeResolutionTests.test_native_prompt_reuses_only_repository_paths_within_one_invocation) ... ok
2026-09-24T06:08:33.2502220Z test_scoped_paths_are_discarded_on_exit_and_exception (test_native_prompt_resolution.NativeResolutionTests.test_scoped_paths_are_discarded_on_exit_and_exception) ... ok
2026-09-24T06:08:37.9418485Z test_generated_hooks_complete_all_guided_and_technical_provider_journeys (test_native_setup_journeys.NativeSetupJourneyTests.test_generated_hooks_complete_all_guided_and_technical_provider_journeys) ... ok
2026-09-24T06:08:37.9572912Z test_invalid_bytes_are_not_reinterpreted_as_locale_text (test_native_utf8_protocol.NativeUtf8ProtocolTests.test_invalid_bytes_are_not_reinterpreted_as_locale_text) ... ok
2026-09-24T06:08:38.2110415Z test_real_adapters_ignore_locale_for_native_utf8_input_and_output (test_native_utf8_protocol.NativeUtf8ProtocolTests.test_real_adapters_ignore_locale_for_native_utf8_input_and_output) ... ok
2026-09-24T06:08:38.2111680Z test_text_streams_and_non_object_payloads_keep_existing_contract (test_native_utf8_protocol.NativeUtf8ProtocolTests.test_text_streams_and_non_object_payloads_keep_existing_contract) ... ok
2026-09-24T06:08:38.2292188Z test_nested_idleproof_and_agent_hook_state_are_not_software_changes (test_nested_idleproof_plumbing.NestedLocalToolArtifactsTests.test_nested_idleproof_and_agent_hook_state_are_not_software_changes) ... ok
2026-09-24T06:08:38.2293484Z test_distinct_invalid_bytes_are_rejected_before_identity (test_patch_encoding_boundary.PatchEncodingBoundaryTests.test_distinct_invalid_bytes_are_rejected_before_identity) ... ok
2026-09-24T06:08:38.2941244Z test_real_prove_rejects_non_utf8_before_analysis_or_outputs (test_patch_encoding_boundary.PatchEncodingBoundaryTests.test_real_prove_rejects_non_utf8_before_analysis_or_outputs) ... ok
2026-09-24T06:08:38.7529855Z test_utf8_prove_persists_certificate_and_exact_crlf_reduction (test_patch_encoding_boundary.PatchEncodingBoundaryTests.test_utf8_prove_persists_certificate_and_exact_crlf_reduction) ... ok
2026-09-24T06:08:38.7908305Z test_native_handoff_blocks_an_intact_but_canonically_unaccepted_proof_before_debt_or_continuity (test_plugin_context_hook.PluginContextHookTests.test_native_handoff_blocks_an_intact_but_canonically_unaccepted_proof_before_debt_or_continuity) ... ok
2026-09-24T06:08:39.4942394Z test_native_session_stop_converges_on_proof_debt_envelope_and_continuity_without_guard_wrapper (test_plugin_context_hook.PluginContextHookTests.test_native_session_stop_converges_on_proof_debt_envelope_and_continuity_without_guard_wrapper) ... ok
2026-09-24T06:08:39.5638797Z test_prompt_submit_fails_open_outside_git_repository (test_plugin_context_hook.PluginContextHookTests.test_prompt_submit_fails_open_outside_git_repository) ... ok
2026-09-24T06:08:39.7138236Z test_prompt_submit_injects_bounded_epistemic_context_without_persisting_prompt (test_plugin_context_hook.PluginContextHookTests.test_prompt_submit_injects_bounded_epistemic_context_without_persisting_prompt) ... ok
2026-09-24T06:08:39.7952215Z test_prompt_submit_without_text_is_noop (test_plugin_context_hook.PluginContextHookTests.test_prompt_submit_without_text_is_noop) ... ok
2026-09-24T06:08:39.7972266Z test_help_exposes_only_diffwitness_commands (test_portal_proxy.PortalProxyTests.test_help_exposes_only_diffwitness_commands) ... ok
2026-09-24T06:08:39.7973013Z test_local_git_exclude_failure_blocks_state_creating_commands (test_portal_proxy.PortalProxyTests.test_local_git_exclude_failure_blocks_state_creating_commands) ... ok
2026-09-24T06:08:39.7973553Z test_missing_sidecar_is_actionable (test_portal_proxy.PortalProxyTests.test_missing_sidecar_is_actionable) ... ok
2026-09-24T06:08:39.7974047Z test_proxy_forwards_argv_without_shell_or_token_rewriting (test_portal_proxy.PortalProxyTests.test_proxy_forwards_argv_without_shell_or_token_rewriting) ... ok
2026-09-24T06:08:39.7978679Z test_snapshot_is_local_and_does_not_require_sidecar_or_portal_config (test_portal_proxy.PortalProxyTests.test_snapshot_is_local_and_does_not_require_sidecar_or_portal_config) ... ok
2026-09-24T06:08:39.7982054Z test_snapshot_rejects_unknown_options_without_network_or_sidecar (test_portal_proxy.PortalProxyTests.test_snapshot_rejects_unknown_options_without_network_or_sidecar) ... ok
2026-09-24T06:08:39.7986854Z test_start_failure_does_not_expose_internal_sidecar_term (test_portal_proxy.PortalProxyTests.test_start_failure_does_not_expose_internal_sidecar_term) ... ok
2026-09-24T06:08:39.7990548Z test_unknown_sidecar_surface_is_rejected (test_portal_proxy.PortalProxyTests.test_unknown_sidecar_surface_is_rejected) ... ok
2026-09-24T06:08:39.7991058Z test_balanced_and_strict_policies_are_distinct (test_proof_cli.ProofCliTests.test_balanced_and_strict_policies_are_distinct) ... ok
2026-09-24T06:08:39.8054235Z test_doctor_explains_default_detection (test_proof_cli.ProofCliTests.test_doctor_explains_default_detection) ... ok
2026-09-24T06:08:40.0107870Z test_guard_adaptive_accepts_one_hunk_proven_fix (test_proof_cli.ProofCliTests.test_guard_adaptive_accepts_one_hunk_proven_fix) ... ok
2026-09-24T06:08:40.3818629Z test_guard_auto_routes_large_enough_patch_to_adaptive_and_rejects_surplus (test_proof_cli.ProofCliTests.test_guard_auto_routes_large_enough_patch_to_adaptive_and_rejects_surplus) ... 
2026-09-24T06:08:40.3819305Z DiffWitness Guard: PROOF REJECTED - Adaptive Core found 1 mutation(s) removable while preserving the selected stable evidence
2026-09-24T06:08:40.3837927Z ok
2026-09-24T06:08:40.4304321Z test_guard_captures_pre_agent_state_and_accepts_proven_fix (test_proof_cli.ProofCliTests.test_guard_captures_pre_agent_state_and_accepts_proven_fix) ... DiffWitness Guard armed at 609fa0a32fb1
2026-09-24T06:08:40.4305289Z Evidence: "/opt/hostedtoolcache/Python/3.11.16/x64/bin/python" -m unittest discover -s tests -q
2026-09-24T06:08:40.4305718Z Policy:   strict
2026-09-24T06:08:40.4305919Z Strategy: adaptive
2026-09-24T06:08:40.4306172Z Budget:   900s proof wall clock
2026-09-24T06:08:40.4306327Z 
2026-09-24T06:08:40.4306567Z DiffWitness Guard selected adaptive proof for 1 production mutation(s).
2026-09-24T06:08:40.4306933Z DiffWitness Adaptive Core
2026-09-24T06:08:40.4307153Z contrast:    PROVEN
2026-09-24T06:08:40.4307351Z mutations:   1 original
2026-09-24T06:08:40.4307549Z core:        1 retained
2026-09-24T06:08:40.4307745Z removable:   0 observed removable
2026-09-24T06:08:40.4307961Z experiments: 1/40
2026-09-24T06:08:40.4308378Z 1-minimal:   yes
2026-09-24T06:08:40.4308565Z certificate: dwac1_e2e330076d7fda9dc5a1
2026-09-24T06:08:40.4308710Z 
2026-09-24T06:08:40.4308780Z Causal core:
2026-09-24T06:08:40.4308950Z   KEEP    calc.py hunk 1/1
2026-09-24T06:08:40.4309073Z 
2026-09-24T06:08:40.4309210Z DiffWitness Guard: PROOF ACCEPTED (dwac1_e2e330076d7fda9dc5a1)
2026-09-24T06:08:40.4309513Z DiffWitness Guard armed at fa918e80e86c
2026-09-24T06:08:40.4309909Z Evidence: "/opt/hostedtoolcache/Python/3.11.16/x64/bin/python" -m unittest discover -s tests -q
2026-09-24T06:08:40.4310299Z Policy:   balanced
2026-09-24T06:08:40.4310489Z Strategy: auto
2026-09-24T06:08:40.4310681Z Budget:   900s proof wall clock
2026-09-24T06:08:40.4310828Z 
2026-09-24T06:08:40.4311016Z DiffWitness Guard selected adaptive proof for 2 production mutation(s).
2026-09-24T06:08:40.4311372Z DiffWitness Adaptive Core
2026-09-24T06:08:40.4311752Z contrast:    PROVEN
2026-09-24T06:08:40.4311950Z mutations:   2 original
2026-09-24T06:08:40.4312159Z core:        1 retained
2026-09-24T06:08:40.4312371Z removable:   1 observed removable
2026-09-24T06:08:40.4312601Z experiments: 3/10
2026-09-24T06:08:40.4312784Z 1-minimal:   yes
2026-09-24T06:08:40.4312980Z certificate: dwac1_94b7f66cec0aed7c1f78
2026-09-24T06:08:40.4313148Z 
2026-09-24T06:08:40.4313224Z Causal core:
2026-09-24T06:08:40.4313409Z   KEEP    calc.py hunk 1/2
2026-09-24T06:08:40.4313546Z 
2026-09-24T06:08:40.4313638Z Evidence-removable surface:
2026-09-24T06:08:40.4314186Z   REVIEW  calc.py hunk 2/2 — def add(a, b):
2026-09-24T06:08:40.4314462Z DiffWitness Guard armed at cc88bfbbf333
2026-09-24T06:08:40.4314900Z Evidence: "/opt/hostedtoolcache/Python/3.11.16/x64/bin/python" -m unittest discover -s tests -q
2026-09-24T06:08:40.4315319Z Policy:   strict
2026-09-24T06:08:40.4315506Z Strategy: auto
2026-09-24T06:08:40.4315701Z Budget:   900s proof wall clock
2026-09-24T06:08:40.4315854Z 
2026-09-24T06:08:40.4316047Z DiffWitness Guard selected exhaustive proof for 1 production mutation(s).
2026-09-24T06:08:40.6584839Z ok
2026-09-24T06:08:40.7040939Z test_guard_rejects_scope_creep_under_strict_policy (test_proof_cli.ProofCliTests.test_guard_rejects_scope_creep_under_strict_policy) ... DiffWitness 0.4.0a1 - counterfactual patch evidence
2026-09-24T06:08:40.7041520Z repo:      /tmp/tmpv1csvcf2
2026-09-24T06:08:40.7041728Z base:      cc88bfbbf333e1d87950e984022a6cf381802321 (cc88bfbbf333)
2026-09-24T06:08:40.7041970Z candidate: a5fb438ab2d91632432de622740a11f3330d4a35 (a5fb438ab2d9)
2026-09-24T06:08:40.7042273Z evidence:  "/opt/hostedtoolcache/Python/3.11.16/x64/bin/python" -m unittest discover -s tests -q
2026-09-24T06:08:40.7042755Z stability: 1 run(s) per variant
2026-09-24T06:08:40.7042914Z budget:    900s total; 300s per command
2026-09-24T06:08:40.7043096Z changes:   1 analyzed mutation(s); 1 changed test file(s)
2026-09-24T06:08:40.7043229Z 
2026-09-24T06:08:40.7043312Z contrast:  BASE STABLE-FAIL -> CANDIDATE STABLE-PASS
2026-09-24T06:08:40.7043432Z 
2026-09-24T06:08:40.7043518Z WITNESSED         +1/-1  calc.py hunk 1/1  [stable-fail]
2026-09-24T06:08:40.7043655Z 
2026-09-24T06:08:40.7043728Z summary: 1 witnessed, 0 unwitnessed, 0 inconclusive
2026-09-24T06:08:40.7043910Z core:    1 minimal sufficient set(s) of 1 hunk(s)
2026-09-24T06:08:40.7044081Z cert:    dw2_46c8bed7cf8a0f1dc0ea
2026-09-24T06:08:40.7044174Z 
2026-09-24T06:08:40.7044266Z DiffWitness Guard: PROOF ACCEPTED (dw2_46c8bed7cf8a0f1dc0ea)
2026-09-24T06:08:40.7044466Z DiffWitness Guard armed at fa918e80e86c
2026-09-24T06:08:40.7044711Z Evidence: "/opt/hostedtoolcache/Python/3.11.16/x64/bin/python" -m unittest discover -s tests -q
2026-09-24T06:08:40.7044958Z Policy:   strict
2026-09-24T06:08:40.7045071Z Strategy: auto
2026-09-24T06:08:40.7045189Z Budget:   900s proof wall clock
2026-09-24T06:08:40.7045278Z 
2026-09-24T06:08:40.7045391Z DiffWitness Guard selected exhaustive proof for 2 production mutation(s).
2026-09-24T06:08:41.0344909Z 
2026-09-24T06:08:41.0345606Z DiffWitness Guard: PROOF REJECTED - 1 strong surplus candidate hunk(s) were found
2026-09-24T06:08:41.0365180Z ok
2026-09-24T06:08:42.9567058Z test_all_real_public_producers_verify_then_feed_debt_unchanged (test_proof_debt_families.ProofDebtFamilyTests.test_all_real_public_producers_verify_then_feed_debt_unchanged) ... ok
2026-09-24T06:08:44.1109431Z test_binding_conflicts_and_unknown_schemas_are_refused_by_both_readers (test_proof_debt_families.ProofDebtFamilyTests.test_binding_conflicts_and_unknown_schemas_are_refused_by_both_readers) ... ok
2026-09-24T06:08:45.7035874Z test_wrong_base_is_refused_before_measurement_for_every_real_family (test_proof_debt_families.ProofDebtFamilyTests.test_wrong_base_is_refused_before_measurement_for_every_real_family) ... ok
2026-09-24T06:08:46.7929917Z test_reference_semantics_all_hold (test_proofbench.ProofBenchTests.test_reference_semantics_all_hold) ... ok
2026-09-24T06:08:46.8177216Z test_codex_requires_live_activation_then_becomes_ready_after_observed_hook (test_protect.ProtectTests.test_codex_requires_live_activation_then_becomes_ready_after_observed_hook) ... ok
2026-09-24T06:08:46.8440580Z test_codex_safe_live_hook_promotes_readiness_without_a_risk_finding (test_protect.ProtectTests.test_codex_safe_live_hook_promotes_readiness_without_a_risk_finding) ... ok
2026-09-24T06:08:46.8511586Z test_default_is_off_and_never_gates (test_protect.ProtectTests.test_default_is_off_and_never_gates) ... ok
2026-09-24T06:08:46.8612112Z test_external_harness_marker_delegates_without_force (test_protect.ProtectTests.test_external_harness_marker_delegates_without_force) ... ok
2026-09-24T06:08:46.8799446Z test_force_builtin_merges_and_disable_preserves_foreign_hooks (test_protect.ProtectTests.test_force_builtin_merges_and_disable_preserves_foreign_hooks) ... ok
2026-09-24T06:08:46.8914994Z test_no_detected_adapter_does_not_create_provider_scaffolds (test_protect.ProtectTests.test_no_detected_adapter_does_not_create_provider_scaffolds) ... ok
2026-09-24T06:08:46.9077960Z test_observe_policy_records_but_does_not_block (test_protect.ProtectTests.test_observe_policy_records_but_does_not_block) ... ok
2026-09-24T06:08:47.0816239Z test_parallel_first_codex_hooks_record_one_durable_activation (test_protect.ProtectTests.test_parallel_first_codex_hooks_record_one_durable_activation) ... ok
2026-09-24T06:08:47.2787394Z test_parallel_receipt_appends_preserve_one_valid_chain (test_protect.ProtectTests.test_parallel_receipt_appends_preserve_one_valid_chain) ... ok
2026-09-24T06:08:47.2955620Z test_post_tool_reports_invalid_json_as_observed (test_protect.ProtectTests.test_post_tool_reports_invalid_json_as_observed) ... ok
2026-09-24T06:08:47.3123645Z test_receipt_integrity_detects_tampering (test_protect.ProtectTests.test_receipt_integrity_detects_tampering) ... ok
2026-09-24T06:08:47.3274853Z test_secret_is_blocked_but_secret_value_is_not_persisted (test_protect.ProtectTests.test_secret_is_blocked_but_secret_value_is_not_persisted) ... ok
2026-09-24T06:08:47.3430164Z test_standard_blocks_destructive_git_without_recording_raw_command (test_protect.ProtectTests.test_standard_blocks_destructive_git_without_recording_raw_command) ... ok
2026-09-24T06:08:47.3488889Z test_status_is_bounded_and_contains_no_raw_agent_data (test_protect.ProtectTests.test_status_is_bounded_and_contains_no_raw_agent_data) ... ok
2026-09-24T06:08:47.3693220Z test_strict_dependency_install_blocks_on_current_codex_adapter (test_protect.ProtectTests.test_strict_dependency_install_blocks_on_current_codex_adapter) ... ok
2026-09-24T06:08:47.3897846Z test_strict_dependency_install_requests_confirmation_for_claude (test_protect.ProtectTests.test_strict_dependency_install_requests_confirmation_for_claude) ... ok
2026-09-24T06:08:47.4054982Z test_tampered_tail_cannot_be_silently_extended (test_protect.ProtectTests.test_tampered_tail_cannot_be_silently_extended) ... ok
2026-09-24T06:08:47.4216161Z test_write_outside_repository_is_blocked (test_protect.ProtectTests.test_write_outside_repository_is_blocked) ... ok
2026-09-24T06:08:47.4491225Z test_claude_protect_uses_exec_form_and_preserves_native_hooks (test_protect_claude_exec_hooks.ProtectClaudeExecHookTests.test_claude_protect_uses_exec_form_and_preserves_native_hooks) ... ok
2026-09-24T06:08:47.4669718Z test_dry_run_clean_is_not_misclassified_as_forced (test_protect_command_normalization.ProtectCommandNormalizationTests.test_dry_run_clean_is_not_misclassified_as_forced) ... ok
2026-09-24T06:08:47.5095831Z test_git_global_options_cannot_bypass_forced_clean (test_protect_command_normalization.ProtectCommandNormalizationTests.test_git_global_options_cannot_bypass_forced_clean) ... ok
2026-09-24T06:08:47.5464468Z test_global_options_are_normalized_for_other_destructive_git_subcommands (test_protect_command_normalization.ProtectCommandNormalizationTests.test_global_options_are_normalized_for_other_destructive_git_subcommands) ... ok
2026-09-24T06:08:47.5586798Z test_protect_honors_explicit_setup_adapter_scope (test_protect_command_normalization.ProtectCommandNormalizationTests.test_protect_honors_explicit_setup_adapter_scope) ... ok
2026-09-24T06:08:47.5965274Z test_forced_git_clean_is_denied_before_execution_and_never_mints_proof (test_protect_destructive_end_to_end.ProtectDestructiveEndToEndTests.test_forced_git_clean_is_denied_before_execution_and_never_mints_proof) ... ok
2026-09-24T06:08:47.5977630Z test_block_maps_to_provider_deny_without_allow_override (test_protect_ide_bridge.ProtectIdeBridgeTests.test_block_maps_to_provider_deny_without_allow_override) ... ok
2026-09-24T06:08:47.5982096Z test_clean_action_emits_no_permission_decision (test_protect_ide_bridge.ProtectIdeBridgeTests.test_clean_action_emits_no_permission_decision) ... ok
2026-09-24T06:08:47.5985896Z test_post_tool_feedback_is_explicitly_observed (test_protect_ide_bridge.ProtectIdeBridgeTests.test_post_tool_feedback_is_explicitly_observed) ... ok
2026-09-24T06:08:47.5988842Z test_pre_tool_bridge_failure_fails_closed (test_protect_ide_bridge.ProtectIdeBridgeTests.test_pre_tool_bridge_failure_fails_closed) ... ok
2026-09-24T06:08:47.5993801Z test_strict_confirmation_maps_to_provider_ask (test_protect_ide_bridge.ProtectIdeBridgeTests.test_strict_confirmation_maps_to_provider_ask) ... ok
2026-09-24T06:08:47.7008867Z test_codex_reenable_waits_for_observation_without_inventing_trust_state (test_provider_trust_readiness.ProviderTrustReadinessTests.test_codex_reenable_waits_for_observation_without_inventing_trust_state) ... ok
2026-09-24T06:08:47.7057698Z test_missing_native_observation_does_not_prove_pending_approval (test_provider_trust_readiness.ProviderTrustReadinessTests.test_missing_native_observation_does_not_prove_pending_approval) ... ok
2026-09-24T06:08:47.7058644Z test_entry_resolves_to_v03_package_frontend (test_public_frontend.PublicFrontendTests.test_entry_resolves_to_v03_package_frontend) ... ok
2026-09-24T06:08:47.7186104Z test_preservation_certificate_is_integrity_and_tree_verifiable (test_public_frontend.PublicFrontendTests.test_preservation_certificate_is_integrity_and_tree_verifiable) ... DiffWitness 0.4.0a1 - counterfactual patch evidence
2026-09-24T06:08:47.7186962Z repo:      /tmp/tmps5kq7s7o
2026-09-24T06:08:47.7187282Z base:      fa918e80e86c49c080d0c231f5689a87236b7e74 (fa918e80e86c)
2026-09-24T06:08:47.7187640Z candidate: 85d4fffbe95494802052f2a15f19f1f81605e442 (85d4fffbe954)
2026-09-24T06:08:47.7188113Z evidence:  "/opt/hostedtoolcache/Python/3.11.16/x64/bin/python" -m unittest discover -s tests -q
2026-09-24T06:08:47.7188516Z stability: 1 run(s) per variant
2026-09-24T06:08:47.7188799Z budget:    900s total; 300s per command
2026-09-24T06:08:47.7189180Z changes:   2 analyzed mutation(s); 1 changed test file(s)
2026-09-24T06:08:47.7189391Z 
2026-09-24T06:08:47.7189532Z contrast:  BASE STABLE-FAIL -> CANDIDATE STABLE-PASS
2026-09-24T06:08:47.7189728Z 
2026-09-24T06:08:47.7189857Z WITNESSED         +1/-1  calc.py hunk 1/2  [stable-fail]
2026-09-24T06:08:47.7190537Z UNWITNESSED       +1/-1  calc.py hunk 2/2 — def add(a, b):  [stable-pass]
2026-09-24T06:08:47.7190775Z 
2026-09-24T06:08:47.7190887Z summary: 1 witnessed, 1 unwitnessed, 0 inconclusive
2026-09-24T06:08:47.7191184Z core:    1 minimal sufficient set(s) of 1 hunk(s)
2026-09-24T06:08:47.7191887Z surplus: 1 strong surplus candidate hunk(s)
2026-09-24T06:08:47.7192149Z cert:    dw2_282e35d8439da6b97624
2026-09-24T06:08:47.8929861Z DiffWitness Gate: preservation-evidence under balanced policy (dwa1_ecbd91860249cde7baf4)
2026-09-24T06:08:47.8930470Z DiffWitness Gate accepted: balanced policy accepts stable preservation assurance
2026-09-24T06:08:47.8931249Z Project continuity: 2 new change event(s) · dwchg_4625ac838946cb2503525198
2026-09-24T06:08:47.9105277Z ok
2026-09-24T06:08:48.0044078Z test_current_proof_staleness_is_independent_of_native_readiness (test_readiness.ReadinessTests.test_current_proof_staleness_is_independent_of_native_readiness) ... ok
2026-09-24T06:08:48.0340550Z test_historical_observation_does_not_hide_missing_hook_or_executable (test_readiness.ReadinessTests.test_historical_observation_does_not_hide_missing_hook_or_executable) ... ok
2026-09-24T06:08:48.1599894Z test_ht005_missing_hooks_preserves_configured_but_repairs_in_every_view (test_readiness.ReadinessTests.test_ht005_missing_hooks_preserves_configured_but_repairs_in_every_view) ... ok
2026-09-24T06:08:48.3005999Z test_ht012_unobserved_then_observed_is_independent_of_provider_trust_and_proof (test_readiness.ReadinessTests.test_ht012_unobserved_then_observed_is_independent_of_provider_trust_and_proof) ... ok
2026-09-24T06:08:48.3371857Z test_mixed_adapters_do_not_hide_the_unobserved_one (test_readiness.ReadinessTests.test_mixed_adapters_do_not_hide_the_unobserved_one) ... ok
2026-09-24T06:08:48.4121083Z test_protect_optional_delegated_and_pending_are_separate_from_proof (test_readiness.ReadinessTests.test_protect_optional_delegated_and_pending_are_separate_from_proof) ... ok
2026-09-24T06:08:48.4378404Z test_verification_preflight_does_not_run_the_command (test_readiness.ReadinessTests.test_verification_preflight_does_not_run_the_command) ... ok
2026-09-24T06:08:48.4383352Z test_all_canonical_release_gates_requalify_main_merges (test_release_metadata.ReleaseMetadataTests.test_all_canonical_release_gates_requalify_main_merges) ... ok
2026-09-24T06:08:48.4386792Z test_distributed_hook_locations_match_local_desktop_and_cli_contracts (test_release_metadata.ReleaseMetadataTests.test_distributed_hook_locations_match_local_desktop_and_cli_contracts) ... ok
2026-09-24T06:08:48.4392504Z test_launch_docs_keep_native_agents_primary_and_guided_first (test_release_metadata.ReleaseMetadataTests.test_launch_docs_keep_native_agents_primary_and_guided_first) ... ok
2026-09-24T06:08:48.4399305Z test_python_and_plugin_versions_describe_the_same_release (test_release_metadata.ReleaseMetadataTests.test_python_and_plugin_versions_describe_the_same_release) ... ok
2026-09-24T06:08:48.4400359Z test_release_blocks_publication_until_exact_tag_consumer_passes (test_release_metadata.ReleaseMetadataTests.test_release_blocks_publication_until_exact_tag_consumer_passes) ... ok
2026-09-24T06:08:48.4794050Z test_repay_closes_historical_test_debt_only_after_discriminating_replay (test_repay_flow.RepayFlowTests.test_repay_closes_historical_test_debt_only_after_discriminating_replay) ... certificate: dwa1_ecbd91860249cde7baf4
2026-09-24T06:08:48.4794931Z integrity:   valid
2026-09-24T06:08:48.4795145Z freshness:   fresh against WORKTREE
2026-09-24T06:08:48.4795389Z candidate:   embedded-tree
2026-09-24T06:08:48.4795612Z base:        embedded-tree
2026-09-24T06:08:48.4795806Z verdict:     VALID
2026-09-24T06:08:48.4796020Z Debt impact: +8 point(s) across 2 obligation(s)
2026-09-24T06:08:48.4796287Z   unverified_change  +5
2026-09-24T06:08:48.4796479Z   test               +3
2026-09-24T06:08:48.4796599Z 
2026-09-24T06:08:48.4797292Z DW-220F025B4B71  + 5  unverified_change/deterministic — Executable change lacks accepted DiffWitness behavioral evidence
2026-09-24T06:08:48.4797954Z DW-5E945F585064  + 3  test/deterministic — Production change has no changed test surface
2026-09-24T06:08:48.4798239Z 
2026-09-24T06:08:48.4798381Z Budget: PASS — projected total 8; new 8
2026-09-24T06:08:48.4798649Z Ledger: +2 introduced, 0 reopened, 0 refreshed
2026-09-24T06:08:48.5167553Z DiffWitness Repay: 1 obligation(s), 3 point(s)
2026-09-24T06:08:48.5168379Z Agent: /opt/hostedtoolcache/Python/3.11.16/x64/bin/python -c from pathlib import Path; t=Path('tests/test_app.py'); t.parent.mkdir(exist_ok=True); t.write_text("import unittest\nfrom app import add\n\nclass T(unittest.TestCase):\n    def test_add(self):\n        self.assertEqual(add(2, 3), 5)\n", encoding='utf-8')
2026-09-24T06:08:48.7724882Z ok
2026-09-24T06:08:48.7941325Z test_saved_guided_view_applies_to_doctor_explain_context_and_protect (test_rr007_guided_surface.GuidedSurfaceContractTests.test_saved_guided_view_applies_to_doctor_explain_context_and_protect) ... ok
2026-09-24T06:08:48.7942469Z test_classifies_stability (test_runner.RunnerTests.test_classifies_stability) ... ok
2026-09-24T06:08:48.7943180Z test_non_finite_command_and_proof_budgets_fail_closed (test_runner.RunnerTests.test_non_finite_command_and_proof_budgets_fail_closed) ... ok
2026-09-24T06:08:48.8914862Z test_prepare_is_recreated_before_every_repetition (test_runner.RunnerTests.test_prepare_is_recreated_before_every_repetition) ... ok
2026-09-24T06:08:48.9570094Z test_proof_repetitions_remove_ignored_state_between_runs (test_runner.RunnerTests.test_proof_repetitions_remove_ignored_state_between_runs) ... ok
2026-09-24T06:08:48.9570968Z test_timeout_terminates_descendant_processes (test_runner.RunnerTests.test_timeout_terminates_descendant_processes)
2026-09-24T06:08:50.4602818Z A timed-out evidence command must not leak workers into later proof variants. ... ok
2026-09-24T06:08:50.4603621Z test_wall_clock_budget_caps_nested_evidence_command (test_runner.RunnerTests.test_wall_clock_budget_caps_nested_evidence_command)
2026-09-24T06:08:50.6629814Z A proof-wide deadline must cap commands even when their local timeout is much larger. ... ok
2026-09-24T06:08:50.6640743Z test_explicit_launcher_wins_over_other_installation_on_path (test_runtime_executable.RuntimeExecutableTests.test_explicit_launcher_wins_over_other_installation_on_path) ... ok
2026-09-24T06:08:50.6651619Z test_explicit_override_is_resolved_once_and_not_treated_as_shell_text (test_runtime_executable.RuntimeExecutableTests.test_explicit_override_is_resolved_once_and_not_treated_as_shell_text) ... ok
2026-09-24T06:08:50.6658590Z test_frozen_binary_uses_bootloader_not_argv_or_extraction_dir (test_runtime_executable.RuntimeExecutableTests.test_frozen_binary_uses_bootloader_not_argv_or_extraction_dir) ... ok
2026-09-24T06:08:50.6669036Z test_frozen_setup_requires_explicit_sidecar_instead_of_path (test_runtime_executable.RuntimeExecutableTests.test_frozen_setup_requires_explicit_sidecar_instead_of_path) ... ok
2026-09-24T06:08:50.6679962Z test_metadata_for_another_loaded_distribution_is_rejected (test_runtime_executable.RuntimeExecutableTests.test_metadata_for_another_loaded_distribution_is_rejected) ... ok
2026-09-24T06:08:50.6894291Z test_missing_override_does_not_remove_existing_hooks (test_runtime_executable.RuntimeExecutableTests.test_missing_override_does_not_remove_existing_hooks) ... ok
2026-09-24T06:08:50.6903717Z test_symlink_freezes_the_actual_installation (test_runtime_executable.RuntimeExecutableTests.test_symlink_freezes_the_actual_installation) ... ok
2026-09-24T06:08:50.6912420Z test_unknown_programmatic_entry_cannot_fall_back_to_path (test_runtime_executable.RuntimeExecutableTests.test_unknown_programmatic_entry_cannot_fall_back_to_path) ... ok
2026-09-24T06:08:50.6919730Z test_windows_console_launcher_recovers_stripped_exe_suffix (test_runtime_executable.RuntimeExecutableTests.test_windows_console_launcher_recovers_stripped_exe_suffix) ... ok
2026-09-24T06:08:51.1335343Z test_changed_lines_and_detection_keep_native_paths (test_sensor_native_paths.SensorNativePathTests.test_changed_lines_and_detection_keep_native_paths) ... ok
2026-09-24T06:08:51.1603414Z test_enumeration_is_exact_independent_of_git_quote_configuration (test_sensor_native_paths.SensorNativePathTests.test_enumeration_is_exact_independent_of_git_quote_configuration) ... ok
2026-09-24T06:08:51.2078489Z test_exact_move_is_not_new_code_and_edited_move_keeps_native_destination (test_sensor_native_paths.SensorNativePathTests.test_exact_move_is_not_new_code_and_edited_move_keeps_native_destination) ... ok
2026-09-24T06:08:51.2255667Z test_limit_is_visible_in_actual_sensor_coverage (test_sensor_native_paths.SensorNativePathTests.test_limit_is_visible_in_actual_sensor_coverage) ... ok
2026-09-24T06:08:51.2485633Z test_non_utf8_git_identity_is_explicitly_unsupported_without_an_alias (test_sensor_native_paths.SensorNativePathTests.test_non_utf8_git_identity_is_explicitly_unsupported_without_an_alias) ... ok
2026-09-24T06:08:51.2857062Z test_real_sensor_preserves_unicode_identity_and_advisory_authority (test_sensor_native_paths.SensorNativePathTests.test_real_sensor_preserves_unicode_identity_and_advisory_authority) ... ok
2026-09-24T06:08:51.2989946Z test_exact_inventory_rejects_extras_omissions_and_byte_changes (test_source_distribution_smoke.SourceDistributionInventoryTests.test_exact_inventory_rejects_extras_omissions_and_byte_changes) ... ok
2026-09-24T06:08:52.0352676Z test_real_accepted_proof_becomes_historical_after_failing_worktree_drift (test_stale_proof_end_to_end.StaleProofEndToEndTests.test_real_accepted_proof_becomes_historical_after_failing_worktree_drift) ... DiffWitness Gate rejected: candidate is not stably green
2026-09-24T06:08:52.0525670Z ok
2026-09-24T06:08:52.0774167Z test_clean_repo_preserves_v1_navigation_contract (test_status_cli.ProjectStatusTests.test_clean_repo_preserves_v1_navigation_contract) ... ok
2026-09-24T06:08:52.1019039Z test_configured_evidence_with_missing_executable_is_not_ready (test_status_cli.ProjectStatusTests.test_configured_evidence_with_missing_executable_is_not_ready) ... ok
2026-09-24T06:08:52.1269654Z test_dirty_repo_points_to_executable_gate_with_explicit_base (test_status_cli.ProjectStatusTests.test_dirty_repo_points_to_executable_gate_with_explicit_base) ... ok
2026-09-24T06:08:52.1515615Z test_guided_and_technical_views_share_exact_same_status_model (test_status_cli.ProjectStatusTests.test_guided_and_technical_views_share_exact_same_status_model) ... ok
2026-09-24T06:08:52.1957496Z test_json_cli_is_machine_readable_non_mutating_and_view_invariant (test_status_cli.ProjectStatusTests.test_json_cli_is_machine_readable_non_mutating_and_view_invariant) ... ok
2026-09-24T06:08:52.2203107Z test_native_scope_alone_requires_repair_before_normal_agent_use (test_status_cli.ProjectStatusTests.test_native_scope_alone_requires_repair_before_normal_agent_use) ... ok
2026-09-24T06:08:52.2495889Z test_untracked_python_cache_is_navigation_noise_not_user_change (test_status_cli.ProjectStatusTests.test_untracked_python_cache_is_navigation_noise_not_user_change) ... ok
2026-09-24T06:08:52.2546603Z test_concurrent_documents_and_rejections_remain_independent (test_strict_json_decoder.StrictDecoderTests.test_concurrent_documents_and_rejections_remain_independent) ... ok
2026-09-24T06:08:52.2547867Z test_documents_and_failed_parses_do_not_share_mutable_state (test_strict_json_decoder.StrictDecoderTests.test_documents_and_failed_parses_do_not_share_mutable_state) ... ok
2026-09-24T06:08:52.2682206Z test_encoding_and_type_compatibility (test_strict_json_decoder.StrictDecoderTests.test_encoding_and_type_compatibility) ... ok
2026-09-24T06:08:52.2686886Z test_contract_rejects_path_digest_authority_and_invalid_positions (test_structure_contract.StructureContractTests.test_contract_rejects_path_digest_authority_and_invalid_positions) ... ok
2026-09-24T06:08:52.3070982Z test_invalid_provider_result_cannot_delete_previous_index (test_structure_contract.StructureContractTests.test_invalid_provider_result_cannot_delete_previous_index) ... ok
2026-09-24T06:08:52.3072841Z test_line_positions_accept_python_universal_newlines (test_structure_contract.StructureContractTests.test_line_positions_accept_python_universal_newlines) ... ok
2026-09-24T06:08:52.3419061Z test_missing_extraction_contract_stamp_forces_refresh_at_same_tree (test_structure_contract.StructureContractTests.test_missing_extraction_contract_stamp_forces_refresh_at_same_tree) ... ok
2026-09-24T06:08:52.3420281Z test_parse_failure_has_no_symbol_or_relation_claims (test_structure_contract.StructureContractTests.test_parse_failure_has_no_symbol_or_relation_claims) ... ok
2026-09-24T06:08:52.3440353Z test_python_provider_exposes_source_bound_typed_facts_and_existing_names (test_structure_contract.StructureContractTests.test_python_provider_exposes_source_bound_typed_facts_and_existing_names) ... ok
2026-09-24T06:08:52.3441840Z test_actual_transport_hash_authority_positions_and_no_values (test_structure_data.DataSyntaxTests.test_actual_transport_hash_authority_positions_and_no_values) ... skipped 'actual optional SQL/config grammars not installed'
2026-09-24T06:08:52.3443103Z test_decoded_keys_positions_and_invalid_surrogates (test_structure_data.DataSyntaxTests.test_decoded_keys_positions_and_invalid_surrogates) ... skipped 'actual optional SQL/config grammars not installed'
2026-09-24T06:08:52.3444426Z test_duplicates_invalid_encodings_and_unsupported_sql_form_fail_closed (test_structure_data.DataSyntaxTests.test_duplicates_invalid_encodings_and_unsupported_sql_form_fail_closed) ... skipped 'actual optional SQL/config grammars not installed'
2026-09-24T06:08:52.3445459Z test_immutable_tree_index_keeps_keys_and_ddl_without_dirty_values (test_structure_data.DataSyntaxTests.test_immutable_tree_index_keeps_keys_and_ddl_without_dirty_values) ... skipped 'actual optional SQL/config grammars not installed'
2026-09-24T06:08:52.3446275Z test_json_keys_are_unambiguous_and_array_items_distinct (test_structure_data.DataSyntaxTests.test_json_keys_are_unambiguous_and_array_items_distinct) ... skipped 'actual optional SQL/config grammars not installed'
2026-09-24T06:08:52.3446937Z test_missing_grammars_remain_recognized_empty (test_structure_data.DataSyntaxTests.test_missing_grammars_remain_recognized_empty) ... ok
2026-09-24T06:08:52.3447613Z test_overflowing_json_values_fail_closed_at_every_nesting_level (test_structure_data.DataSyntaxTests.test_overflowing_json_values_fail_closed_at_every_nesting_level) ... skipped 'actual optional SQL/config grammars not installed'
2026-09-24T06:08:52.3448439Z test_sql_only_top_level_ddl_names_not_query_or_literal_decoys (test_structure_data.DataSyntaxTests.test_sql_only_top_level_ddl_names_not_query_or_literal_decoys) ... skipped 'actual optional SQL/config grammars not installed'
2026-09-24T06:08:52.3449194Z test_toml_tables_and_nested_array_table_scopes (test_structure_data.DataSyntaxTests.test_toml_tables_and_nested_array_table_scopes) ... skipped 'actual optional SQL/config grammars not installed'
2026-09-24T06:08:52.3450116Z test_yaml_document_scopes_without_alias_or_tag_execution (test_structure_data.DataSyntaxTests.test_yaml_document_scopes_without_alias_or_tag_execution) ... skipped 'actual optional SQL/config grammars not installed'
2026-09-24T06:08:52.3450947Z test_absolute_and_sequential_namespaces_and_unresolved_receivers (test_structure_dynamic.DynamicSyntaxTests.test_absolute_and_sequential_namespaces_and_unresolved_receivers) ... skipped 'actual optional Ruby/PHP grammars not installed'
2026-09-24T06:08:52.3451979Z test_actual_transport_source_and_authority (test_structure_dynamic.DynamicSyntaxTests.test_actual_transport_source_and_authority) ... skipped 'actual optional Ruby/PHP grammars not installed'
2026-09-24T06:08:52.3452764Z test_heredoc_decoys_dynamic_paths_and_actual_interpolation_calls (test_structure_dynamic.DynamicSyntaxTests.test_heredoc_decoys_dynamic_paths_and_actual_interpolation_calls) ... skipped 'actual optional Ruby/PHP grammars not installed'
2026-09-24T06:08:52.3453586Z test_immutable_git_tree_index_ignores_dirty_sources (test_structure_dynamic.DynamicSyntaxTests.test_immutable_git_tree_index_ignores_dirty_sources) ... skipped 'actual optional Ruby/PHP grammars not installed'
2026-09-24T06:08:52.3454379Z test_invalid_utf8_syntax_and_reopened_identity_fail_closed (test_structure_dynamic.DynamicSyntaxTests.test_invalid_utf8_syntax_and_reopened_identity_fail_closed) ... skipped 'actual optional Ruby/PHP grammars not installed'
2026-09-24T06:08:52.3455164Z test_missing_grammars_are_recognized_empty (test_structure_dynamic.DynamicSyntaxTests.test_missing_grammars_are_recognized_empty) ... ok
2026-09-24T06:08:52.3455833Z test_php_namespace_calls_do_not_bind_to_an_arbitrary_same_name (test_structure_dynamic.DynamicSyntaxTests.test_php_namespace_calls_do_not_bind_to_an_arbitrary_same_name) ... skipped 'actual optional Ruby/PHP grammars not installed'
2026-09-24T06:08:52.3456636Z test_php_namespace_types_signatures_and_grouped_use (test_structure_dynamic.DynamicSyntaxTests.test_php_namespace_types_signatures_and_grouped_use) ... skipped 'actual optional Ruby/PHP grammars not installed'
2026-09-24T06:08:52.3457499Z test_php_parenthesized_static_include_paths_keep_edges_without_dynamic_guesses (test_structure_dynamic.DynamicSyntaxTests.test_php_parenthesized_static_include_paths_keep_edges_without_dynamic_guesses) ... skipped 'actual optional Ruby/PHP grammars not installed'
2026-09-24T06:08:52.3458368Z test_ruby_lexical_types_methods_and_literal_require (test_structure_dynamic.DynamicSyntaxTests.test_ruby_lexical_types_methods_and_literal_require) ... skipped 'actual optional Ruby/PHP grammars not installed'
2026-09-24T06:08:52.3459206Z test_comments_parentheses_templates_and_import_options_have_exact_spans (test_structure_import_calls.ImportCallTests.test_comments_parentheses_templates_and_import_options_have_exact_spans) ... skipped 'actual JS/TS optional grammars not installed'
2026-09-24T06:08:52.3460071Z test_decoys_dynamic_and_loader_members_do_not_become_targets (test_structure_import_calls.ImportCallTests.test_decoys_dynamic_and_loader_members_do_not_become_targets) ... skipped 'actual JS/TS optional grammars not installed'
2026-09-24T06:08:52.3460838Z test_escaped_direct_eval_is_an_ambiguity_barrier (test_structure_import_calls.ImportCallTests.test_escaped_direct_eval_is_an_ambiguity_barrier) ... skipped 'actual JS/TS optional grammars not installed'
2026-09-24T06:08:52.3461785Z test_invalid_source_stays_completely_unparsed (test_structure_import_calls.ImportCallTests.test_invalid_source_stays_completely_unparsed) ... skipped 'actual JS/TS optional grammars not installed'
2026-09-24T06:08:52.3462612Z test_nested_literal_keyword_reference_and_transport_authority_are_preserved (test_structure_import_calls.ImportCallTests.test_nested_literal_keyword_reference_and_transport_authority_are_preserved) ... skipped 'actual JS/TS optional grammars not installed'
2026-09-24T06:08:52.3463657Z test_shadowing_and_writes_suppress_commonjs_candidates_but_keep_keyword_import (test_structure_import_calls.ImportCallTests.test_shadowing_and_writes_suppress_commonjs_candidates_but_keep_keyword_import) ... skipped 'actual JS/TS optional grammars not installed'
2026-09-24T06:08:52.3464552Z test_static_commonjs_and_import_keyword_reuse_each_js_ts_grammar (test_structure_import_calls.ImportCallTests.test_static_commonjs_and_import_keyword_reuse_each_js_ts_grammar) ... skipped 'actual JS/TS optional grammars not installed'
2026-09-24T06:08:52.3465400Z test_typescript_function_signatures_are_require_binding_barriers (test_structure_import_calls.ImportCallTests.test_typescript_function_signatures_are_require_binding_barriers) ... skipped 'actual JS/TS optional grammars not installed'
2026-09-24T06:08:52.3466254Z test_actual_syntax_import_positions_reuse_every_adapter (test_structure_import_references.ImportReferenceTests.test_actual_syntax_import_positions_reuse_every_adapter) ... skipped 'optional actual syntax grammars not installed'
2026-09-24T06:08:52.3815670Z test_immutable_index_never_picks_ambiguous_or_outside_relative_modules (test_structure_import_references.ImportReferenceTests.test_immutable_index_never_picks_ambiguous_or_outside_relative_modules) ... ok
2026-09-24T06:08:52.3817487Z test_import_detail_admission_rejects_invalid_positions_and_members (test_structure_import_references.ImportReferenceTests.test_import_detail_admission_rejects_invalid_positions_and_members) ... ok
2026-09-24T06:08:52.3819811Z test_outside_package_relative_imports_never_become_absolute_names (test_structure_import_references.ImportReferenceTests.test_outside_package_relative_imports_never_become_absolute_names) ... ok
2026-09-24T06:08:52.3821597Z test_package_initializer_retains_base_members_and_source_positions (test_structure_import_references.ImportReferenceTests.test_package_initializer_retains_base_members_and_source_positions) ... ok
2026-09-24T06:08:52.3832957Z test_python_aliases_crlf_and_decoys_preserve_only_import_syntax (test_structure_import_references.ImportReferenceTests.test_python_aliases_crlf_and_decoys_preserve_only_import_syntax) ... ok
2026-09-24T06:08:52.3834167Z test_v1_field_shape_is_preserved_and_v2_is_explicit (test_structure_import_references.ImportReferenceTests.test_v1_field_shape_is_preserved_and_v2_is_explicit) ... ok
2026-09-24T06:08:52.3835387Z test_actual_transport_source_binding_and_authority (test_structure_managed.ManagedSyntaxTests.test_actual_transport_source_binding_and_authority) ... skipped 'actual optional Java/Kotlin/C# grammars not installed'
2026-09-24T06:08:52.3836686Z test_csharp_file_namespace_nested_members_and_aliases (test_structure_managed.ManagedSyntaxTests.test_csharp_file_namespace_nested_members_and_aliases) ... skipped 'actual optional Java/Kotlin/C# grammars not installed'
2026-09-24T06:08:52.3838079Z test_errors_and_ambiguous_overloads_do_not_supply_partial_facts (test_structure_managed.ManagedSyntaxTests.test_errors_and_ambiguous_overloads_do_not_supply_partial_facts) ... skipped 'actual optional Java/Kotlin/C# grammars not installed'
2026-09-24T06:08:52.3839416Z test_immutable_tree_index_uses_all_three_shared_providers (test_structure_managed.ManagedSyntaxTests.test_immutable_tree_index_uses_all_three_shared_providers) ... skipped 'actual optional Java/Kotlin/C# grammars not installed'
2026-09-24T06:08:52.3840256Z test_java_package_types_nested_members_and_static_imports (test_structure_managed.ManagedSyntaxTests.test_java_package_types_nested_members_and_static_imports) ... skipped 'actual optional Java/Kotlin/C# grammars not installed'
2026-09-24T06:08:52.3841298Z test_kotlin_package_named_objects_aliases_and_decoys (test_structure_managed.ManagedSyntaxTests.test_kotlin_package_named_objects_aliases_and_decoys) ... skipped 'actual optional Java/Kotlin/C# grammars not installed'
2026-09-24T06:08:52.3842299Z test_kotlin_type_kinds_signatures_and_comment_free_import_paths (test_structure_managed.ManagedSyntaxTests.test_kotlin_type_kinds_signatures_and_comment_free_import_paths) ... skipped 'actual optional Java/Kotlin/C# grammars not installed'
2026-09-24T06:08:52.3843203Z test_missing_grammar_remains_recognized_empty (test_structure_managed.ManagedSyntaxTests.test_missing_grammar_remains_recognized_empty) ... ok
2026-09-24T06:08:52.3843971Z test_raw_strings_do_not_create_declarations_but_interpolation_keeps_real_calls (test_structure_managed.ManagedSyntaxTests.test_raw_strings_do_not_create_declarations_but_interpolation_keeps_real_calls) ... skipped 'actual optional Java/Kotlin/C# grammars not installed'
2026-09-24T06:08:52.3844903Z test_comments_inside_rust_paths_do_not_become_names_or_dependencies (test_structure_native.NativeSyntaxTests.test_comments_inside_rust_paths_do_not_become_names_or_dependencies) ... skipped 'optional actual Go/Rust grammars not installed'
2026-09-24T06:08:52.3845727Z test_go_functions_receivers_types_and_grouped_imports (test_structure_native.NativeSyntaxTests.test_go_functions_receivers_types_and_grouped_imports) ... skipped 'optional actual Go/Rust grammars not installed'
2026-09-24T06:08:52.3846484Z test_index_binds_go_and_rust_facts_to_captured_tree (test_structure_native.NativeSyntaxTests.test_index_binds_go_and_rust_facts_to_captured_tree) ... skipped 'optional actual Go/Rust grammars not installed'
2026-09-24T06:08:52.3847259Z test_malformed_syntax_encoding_and_transport_source_binding (test_structure_native.NativeSyntaxTests.test_malformed_syntax_encoding_and_transport_source_binding) ... skipped 'optional actual Go/Rust grammars not installed'
2026-09-24T06:08:52.3848112Z test_missing_grammars_preserve_recognized_empty_unparsed_coverage (test_structure_native.NativeSyntaxTests.test_missing_grammars_preserve_recognized_empty_unparsed_coverage) ... ok
2026-09-24T06:08:52.3848793Z test_new_suffixes_cannot_forge_javascript_local_import_resolution (test_structure_native.NativeSyntaxTests.test_new_suffixes_cannot_forge_javascript_local_import_resolution) ... ok
2026-09-24T06:08:52.3849838Z test_parenthesized_named_receivers_preserve_methods_without_guessing_tuple_types (test_structure_native.NativeSyntaxTests.test_parenthesized_named_receivers_preserve_methods_without_guessing_tuple_types) ... skipped 'optional actual Go/Rust grammars not installed'
2026-09-24T06:08:52.3850768Z test_qualified_rust_impl_and_trait_names_preserve_owner_scope (test_structure_native.NativeSyntaxTests.test_qualified_rust_impl_and_trait_names_preserve_owner_scope) ... skipped 'optional actual Go/Rust grammars not installed'
2026-09-24T06:08:52.3851698Z test_rust_scopes_import_groups_and_macro_decoys (test_structure_native.NativeSyntaxTests.test_rust_scopes_import_groups_and_macro_decoys) ... skipped 'optional actual Go/Rust grammars not installed'
2026-09-24T06:08:52.4586965Z test_bounded_coverage_and_parse_failures_are_visible_in_context (test_structure_snapshot.StructureSnapshotTests.test_bounded_coverage_and_parse_failures_are_visible_in_context) ... ok
2026-09-24T06:08:52.4981059Z test_corrupt_blob_response_cannot_replace_existing_index (test_structure_snapshot.StructureSnapshotTests.test_corrupt_blob_response_cannot_replace_existing_index) ... ok
2026-09-24T06:08:52.5447286Z test_dirty_untracked_and_deleted_working_files_cannot_change_head_bound_facts (test_structure_snapshot.StructureSnapshotTests.test_dirty_untracked_and_deleted_working_files_cannot_change_head_bound_facts) ... ok
2026-09-24T06:08:52.5828255Z test_git_symlink_mode_is_excluded_even_if_worktree_is_a_regular_python_file (test_structure_snapshot.StructureSnapshotTests.test_git_symlink_mode_is_excluded_even_if_worktree_is_a_regular_python_file) ... ok
2026-09-24T06:08:52.6408615Z test_head_advance_during_refresh_keeps_one_tree_and_next_refresh_updates (test_structure_snapshot.StructureSnapshotTests.test_head_advance_during_refresh_keeps_one_tree_and_next_refresh_updates) ... ok
2026-09-24T06:08:52.6906845Z test_old_tree_stamp_cannot_preserve_mutable_file_projection (test_structure_snapshot.StructureSnapshotTests.test_old_tree_stamp_cannot_preserve_mutable_file_projection) ... ok
2026-09-24T06:08:52.7076928Z test_total_byte_budget_omits_whole_blobs_and_reports_partial_coverage (test_structure_snapshot.StructureSnapshotTests.test_total_byte_budget_omits_whole_blobs_and_reports_partial_coverage) ... ok
2026-09-24T06:08:52.7078021Z test_ambient_typescript_declarations_are_observed_syntax (test_structure_syntax.StructureSyntaxTests.test_ambient_typescript_declarations_are_observed_syntax) ... skipped 'optional actual JS/TS parsers not installed'
2026-09-24T06:08:52.7078949Z test_dotted_basename_import_resolves_only_one_supported_source (test_structure_syntax.StructureSyntaxTests.test_dotted_basename_import_resolves_only_one_supported_source) ... ok
2026-09-24T06:08:52.7079889Z test_index_uses_immutable_tree_and_refreshes_provider_profile (test_structure_syntax.StructureSyntaxTests.test_index_uses_immutable_tree_and_refreshes_provider_profile) ... skipped 'optional actual JS/TS parsers not installed'
2026-09-24T06:08:52.7080929Z test_javascript_uses_syntax_not_strings_comments_or_template_text (test_structure_syntax.StructureSyntaxTests.test_javascript_uses_syntax_not_strings_comments_or_template_text) ... skipped 'optional actual JS/TS parsers not installed'
2026-09-24T06:08:52.7082873Z test_malformed_encoding_syntax_and_bounds_fail_empty (test_structure_syntax.StructureSyntaxTests.test_malformed_encoding_syntax_and_bounds_fail_empty) ... skipped 'optional actual JS/TS parsers not installed'
2026-09-24T06:08:52.7083756Z test_missing_optional_package_is_unparsed_not_heuristic_facts (test_structure_syntax.StructureSyntaxTests.test_missing_optional_package_is_unparsed_not_heuristic_facts) ... ok
2026-09-24T06:08:52.7084691Z test_python_and_unknown_fallback_keep_existing_contract (test_structure_syntax.StructureSyntaxTests.test_python_and_unknown_fallback_keep_existing_contract) ... ok
2026-09-24T06:08:52.7085585Z test_syntax_authority_admission_and_ambiguous_import_resolution (test_structure_syntax.StructureSyntaxTests.test_syntax_authority_admission_and_ambiguous_import_resolution) ... skipped 'optional actual JS/TS parsers not installed'
2026-09-24T06:08:52.7086542Z test_typescript_declarations_and_jsx_tsx_have_real_syntax_coverage (test_structure_syntax.StructureSyntaxTests.test_typescript_declarations_and_jsx_tsx_have_real_syntax_coverage) ... skipped 'optional actual JS/TS parsers not installed'
2026-09-24T06:08:52.9494985Z test_extraction_stays_independent_of_journal_proof_and_debt_services (test_structure_transport.StructureTransportTests.test_extraction_stays_independent_of_journal_proof_and_debt_services) ... ok
2026-09-24T06:08:53.6307879Z test_malformed_json_path_base64_schema_and_duplicate_paths_fail_atomically (test_structure_transport.StructureTransportTests.test_malformed_json_path_base64_schema_and_duplicate_paths_fail_atomically) ... ok
2026-09-24T06:08:53.8248243Z test_nonpython_extraction_loads_only_selected_provider_implementation (test_structure_transport.StructureTransportTests.test_nonpython_extraction_loads_only_selected_provider_implementation) ... ok
2026-09-24T06:08:53.8269961Z test_public_entry_never_discovers_repository_or_reads_language_preferences (test_structure_transport.StructureTransportTests.test_public_entry_never_discovers_repository_or_reads_language_preferences) ... ok
2026-09-24T06:08:53.9105928Z test_python_only_extraction_does_not_initialize_optional_distribution_metadata (test_structure_transport.StructureTransportTests.test_python_only_extraction_does_not_initialize_optional_distribution_metadata) ... ok
2026-09-24T06:08:53.9973364Z test_real_cli_outside_git_preserves_python_provider_and_french_json (test_structure_transport.StructureTransportTests.test_real_cli_outside_git_preserves_python_provider_and_french_json) ... ok
2026-09-24T06:08:53.9975538Z test_results_are_detached_and_empty_batch_is_valid (test_structure_transport.StructureTransportTests.test_results_are_detached_and_empty_batch_is_valid) ... ok
2026-09-24T06:08:54.1241092Z test_selected_extraction_parser_preserves_argument_rejections_and_help (test_structure_transport.StructureTransportTests.test_selected_extraction_parser_preserves_argument_rejections_and_help) ... ok
2026-09-24T06:08:54.1521377Z test_transport_limits_and_binary_or_invalid_python_have_explicit_coverage (test_structure_transport.StructureTransportTests.test_transport_limits_and_binary_or_invalid_python_have_explicit_coverage) ... ok
2026-09-24T06:08:54.1523190Z test_wire_bounds_reject_before_emitting_any_partial_response (test_structure_transport.StructureTransportTests.test_wire_bounds_reject_before_emitting_any_partial_response) ... ok
2026-09-24T06:08:54.2371011Z test_concurrent_first_identity_callers_agree (test_unborn_repository.UnbornRepositoryTests.test_concurrent_first_identity_callers_agree) ... ok
2026-09-24T06:08:54.2477126Z test_corrupt_head_is_never_silently_replaced_by_empty_base (test_unborn_repository.UnbornRepositoryTests.test_corrupt_head_is_never_silently_replaced_by_empty_base) ... ok
2026-09-24T06:08:54.2630065Z test_corrupt_local_identity_is_preserved_and_rejected (test_unborn_repository.UnbornRepositoryTests.test_corrupt_local_identity_is_preserved_and_rejected) ... ok
2026-09-24T06:08:54.2928836Z test_empty_base_is_deterministic_unreachable_and_not_an_ordinary_ref (test_unborn_repository.UnbornRepositoryTests.test_empty_base_is_deterministic_unreachable_and_not_an_ordinary_ref) ... ok
2026-09-24T06:08:54.3374587Z test_empty_native_session_does_not_manufacture_proof (test_unborn_repository.UnbornRepositoryTests.test_empty_native_session_does_not_manufacture_proof) ... ok
2026-09-24T06:08:54.3848941Z test_initial_snapshot_preserves_staging_and_excludes_only_owned_transients (test_unborn_repository.UnbornRepositoryTests.test_initial_snapshot_preserves_staging_and_excludes_only_owned_transients) ... ok
2026-09-24T06:08:54.4160605Z test_old_provisional_envelope_cannot_be_reingested_as_new_lineage (test_unborn_repository.UnbornRepositoryTests.test_old_provisional_envelope_cannot_be_reingested_as_new_lineage) ... ok
2026-09-24T06:08:54.4234419Z test_portal_cannot_send_provisional_identity (test_unborn_repository.UnbornRepositoryTests.test_portal_cannot_send_provisional_identity) ... ok
2026-09-24T06:08:54.4586096Z test_provisional_identity_is_distinct_durable_and_becomes_normal_root_lineage (test_unborn_repository.UnbornRepositoryTests.test_provisional_identity_is_distinct_durable_and_becomes_normal_root_lineage) ... ok
2026-09-24T06:08:54.7486354Z test_setup_and_status_are_useful_without_commits_or_evidence (test_unborn_repository.UnbornRepositoryTests.test_setup_and_status_are_useful_without_commits_or_evidence) ... ok
2026-09-24T06:08:54.7608923Z test_failing_test_only_diff_is_rejected (test_validation.ValidationOnlyTests.test_failing_test_only_diff_is_rejected) ... DiffWitness: validation-only stable-pass (dwv1_413395fc3f9dbffe4106)
2026-09-24T06:08:54.7609798Z Project continuity: 2 new change event(s) · dwchg_58f7daecde9c4bd6045373a9
2026-09-24T06:08:54.7609973Z 
2026-09-24T06:08:54.7610072Z Repayment verification: 1/1 selected obligation(s) resolved
2026-09-24T06:08:54.7610465Z   DW-5E945F585064: resolved — current tests now discriminate the introducing candidate from its historical base
2026-09-24T06:08:54.7610763Z DiffWitness Repay: ACCEPTED
2026-09-24T06:08:54.7610964Z Project continuity: 3 Debt Ledger lifecycle event(s) projected
2026-09-24T06:08:54.8309826Z ok
2026-09-24T06:08:54.8434431Z test_test_only_diff_runs_evidence_and_is_attestable (test_validation.ValidationOnlyTests.test_test_only_diff_runs_evidence_and_is_attestable) ... DiffWitness: validation-only stable-fail (dwv1_66f8439423e4383231b0)
2026-09-24T06:08:54.9984440Z DiffWitness: validation-only stable-pass (dwv1_8c5f8e3271626a6d3945)
2026-09-24T06:08:54.9985204Z Project continuity: 2 new change event(s) · dwchg_007814e1b3b1d2160d2cfa7e
2026-09-24T06:08:55.0251332Z ok
2026-09-24T06:08:55.0574353Z test_cli_can_switch_both_directions_and_report_machine_state (test_view_mode.ViewModeTests.test_cli_can_switch_both_directions_and_report_machine_state) ... ok
2026-09-24T06:08:55.0793754Z test_defaults_to_guided_for_first_run (test_view_mode.ViewModeTests.test_defaults_to_guided_for_first_run) ... ok
2026-09-24T06:08:55.0924138Z test_invalid_stored_preference_fails_soft_to_guided (test_view_mode.ViewModeTests.test_invalid_stored_preference_fails_soft_to_guided) ... ok
2026-09-24T06:08:55.1139352Z test_root_help_is_guided_first_but_technical_is_one_command_away (test_view_mode.ViewModeTests.test_root_help_is_guided_first_but_technical_is_one_command_away) ... ok
2026-09-24T06:08:55.1385722Z test_switch_persists_inside_git_metadata_without_dirtying_repository (test_view_mode.ViewModeTests.test_switch_persists_inside_git_metadata_without_dirtying_repository) ... ok
2026-09-24T06:08:55.1387404Z test_health_semantic_sensor_reads_utf8_git_blob_without_degrading (test_windows_health_utf8_git_blob.WindowsUtf8SubprocessBoundaryTests.test_health_semantic_sensor_reads_utf8_git_blob_without_degrading) ... skipped 'Windows legacy-codepage regression'
2026-09-24T06:08:55.1388874Z test_proof_runner_keeps_non_utf8_diagnostics_json_safe (test_windows_health_utf8_git_blob.WindowsUtf8SubprocessBoundaryTests.test_proof_runner_keeps_non_utf8_diagnostics_json_safe) ... skipped 'Windows legacy-codepage regression'
2026-09-24T06:08:55.1390346Z test_proof_runner_preserves_utf8_stdout_and_stderr (test_windows_health_utf8_git_blob.WindowsUtf8SubprocessBoundaryTests.test_proof_runner_preserves_utf8_stdout_and_stderr) ... skipped 'Windows legacy-codepage regression'
2026-09-24T06:08:55.1391907Z test_acceptance_runner_decodes_utf8_child_output_without_locale_loss (test_windows_subprocess_utf8_reader.WindowsSubprocessUtf8ReaderRegressionTests.test_acceptance_runner_decodes_utf8_child_output_without_locale_loss)
2026-09-24T06:08:55.1393351Z A UTF-8 child must not be decoded through the host's legacy Windows code page. ... skipped 'Windows legacy-codepage reproduction'
2026-09-24T06:08:55.1393827Z 
2026-09-24T06:08:55.1394204Z ======================================================================
2026-09-24T06:08:55.1395970Z FAIL: test_generic_zone_homographs_remain_literal_lowercase_name_terms (test_continuity_questions.MemoryQuestionTests.test_generic_zone_homographs_remain_literal_lowercase_name_terms) (question='Why plan 9 et migration?')
2026-09-24T06:08:55.1396819Z ----------------------------------------------------------------------
2026-09-24T06:08:55.1397140Z Traceback (most recent call last):
2026-09-24T06:08:55.1404057Z   File "/home/runner/work/tooltest/tooltest/tests/test_continuity_questions.py", line 1015, in test_generic_zone_homographs_remain_literal_lowercase_name_terms
2026-09-24T06:08:55.1404723Z     self.assertEqual(result['status'],'cited-records')
2026-09-24T06:08:55.1405041Z AssertionError: 'abstained' != 'cited-records'
2026-09-24T06:08:55.1405300Z - abstained
2026-09-24T06:08:55.1405470Z + cited-records
2026-09-24T06:08:55.1405577Z 
2026-09-24T06:08:55.1405581Z 
2026-09-24T06:08:55.1405688Z ======================================================================
2026-09-24T06:08:55.1406540Z FAIL: test_generic_zone_homographs_remain_literal_lowercase_name_terms (test_continuity_questions.MemoryQuestionTests.test_generic_zone_homographs_remain_literal_lowercase_name_terms) (question='Pourquoi plan 9 et migration ?')
2026-09-24T06:08:55.1407404Z ----------------------------------------------------------------------
2026-09-24T06:08:55.1407704Z Traceback (most recent call last):
2026-09-24T06:08:55.1408327Z   File "/home/runner/work/tooltest/tooltest/tests/test_continuity_questions.py", line 1015, in test_generic_zone_homographs_remain_literal_lowercase_name_terms
2026-09-24T06:08:55.1408923Z     self.assertEqual(result['status'],'cited-records')
2026-09-24T06:08:55.1409227Z AssertionError: 'abstained' != 'cited-records'
2026-09-24T06:08:55.1409476Z - abstained
2026-09-24T06:08:55.1409641Z + cited-records
2026-09-24T06:08:55.1409750Z 
2026-09-24T06:08:55.1409755Z 
2026-09-24T06:08:55.1409851Z ======================================================================
2026-09-24T06:08:55.1410651Z FAIL: test_generic_zone_homographs_remain_literal_lowercase_name_terms (test_continuity_questions.MemoryQuestionTests.test_generic_zone_homographs_remain_literal_lowercase_name_terms) (question='Why 12 pt typography?')
2026-09-24T06:08:55.1411868Z ----------------------------------------------------------------------
2026-09-24T06:08:55.1412163Z Traceback (most recent call last):
2026-09-24T06:08:55.1412769Z   File "/home/runner/work/tooltest/tooltest/tests/test_continuity_questions.py", line 1015, in test_generic_zone_homographs_remain_literal_lowercase_name_terms
2026-09-24T06:08:55.1413373Z     self.assertEqual(result['status'],'cited-records')
2026-09-24T06:08:55.1413668Z AssertionError: 'abstained' != 'cited-records'
2026-09-24T06:08:55.1413916Z - abstained
2026-09-24T06:08:55.1414081Z + cited-records
2026-09-24T06:08:55.1414186Z 
2026-09-24T06:08:55.1414190Z 
2026-09-24T06:08:55.1414288Z ======================================================================
2026-09-24T06:08:55.1415090Z FAIL: test_generic_zone_homographs_remain_literal_lowercase_name_terms (test_continuity_questions.MemoryQuestionTests.test_generic_zone_homographs_remain_literal_lowercase_name_terms) (question='Pourquoi 12 pt typography ?')
2026-09-24T06:08:55.1415902Z ----------------------------------------------------------------------
2026-09-24T06:08:55.1416190Z Traceback (most recent call last):
2026-09-24T06:08:55.1416783Z   File "/home/runner/work/tooltest/tooltest/tests/test_continuity_questions.py", line 1015, in test_generic_zone_homographs_remain_literal_lowercase_name_terms
2026-09-24T06:08:55.1417380Z     self.assertEqual(result['status'],'cited-records')
2026-09-24T06:08:55.1417918Z AssertionError: 'abstained' != 'cited-records'
2026-09-24T06:08:55.1418166Z - abstained
2026-09-24T06:08:55.1418326Z + cited-records
2026-09-24T06:08:55.1418425Z 
2026-09-24T06:08:55.1418428Z 
2026-09-24T06:08:55.1418525Z ======================================================================
2026-09-24T06:08:55.1419254Z FAIL: test_generic_zone_homographs_remain_literal_lowercase_name_terms (test_continuity_questions.MemoryQuestionTests.test_generic_zone_homographs_remain_literal_lowercase_name_terms) (question='Why 12pt typeface?')
2026-09-24T06:08:55.1420006Z ----------------------------------------------------------------------
2026-09-24T06:08:55.1420282Z Traceback (most recent call last):
2026-09-24T06:08:55.1420840Z   File "/home/runner/work/tooltest/tooltest/tests/test_continuity_questions.py", line 1015, in test_generic_zone_homographs_remain_literal_lowercase_name_terms
2026-09-24T06:08:55.1421752Z     self.assertEqual(result['status'],'cited-records')
2026-09-24T06:08:55.1422037Z AssertionError: 'abstained' != 'cited-records'
2026-09-24T06:08:55.1422269Z - abstained
2026-09-24T06:08:55.1422429Z + cited-records
2026-09-24T06:08:55.1422525Z 
2026-09-24T06:08:55.1422528Z 
2026-09-24T06:08:55.1422620Z ======================================================================
2026-09-24T06:08:55.1423350Z FAIL: test_generic_zone_homographs_remain_literal_lowercase_name_terms (test_continuity_questions.MemoryQuestionTests.test_generic_zone_homographs_remain_literal_lowercase_name_terms) (question='Pourquoi 12pt typeface ?')
2026-09-24T06:08:55.1424101Z ----------------------------------------------------------------------
2026-09-24T06:08:55.1424380Z Traceback (most recent call last):
2026-09-24T06:08:55.1424941Z   File "/home/runner/work/tooltest/tooltest/tests/test_continuity_questions.py", line 1015, in test_generic_zone_homographs_remain_literal_lowercase_name_terms
2026-09-24T06:08:55.1425495Z     self.assertEqual(result['status'],'cited-records')
2026-09-24T06:08:55.1425767Z AssertionError: 'abstained' != 'cited-records'
2026-09-24T06:08:55.1426001Z - abstained
2026-09-24T06:08:55.1426155Z + cited-records
2026-09-24T06:08:55.1426254Z 
2026-09-24T06:08:55.1426258Z 
2026-09-24T06:08:55.1426359Z ======================================================================
2026-09-24T06:08:55.1427087Z FAIL: test_generic_zone_homographs_remain_literal_lowercase_name_terms (test_continuity_questions.MemoryQuestionTests.test_generic_zone_homographs_remain_literal_lowercase_name_terms) (question='Why 12 Pt lettering?')
2026-09-24T06:08:55.1427833Z ----------------------------------------------------------------------
2026-09-24T06:08:55.1428247Z Traceback (most recent call last):
2026-09-24T06:08:55.1428803Z   File "/home/runner/work/tooltest/tooltest/tests/test_continuity_questions.py", line 1015, in test_generic_zone_homographs_remain_literal_lowercase_name_terms
2026-09-24T06:08:55.1429360Z     self.assertEqual(result['status'],'cited-records')
2026-09-24T06:08:55.1429633Z AssertionError: 'abstained' != 'cited-records'
2026-09-24T06:08:55.1429862Z - abstained
2026-09-24T06:08:55.1430019Z + cited-records
2026-09-24T06:08:55.1430118Z 
2026-09-24T06:08:55.1430121Z 
2026-09-24T06:08:55.1430219Z ======================================================================
2026-09-24T06:08:55.1430957Z FAIL: test_generic_zone_homographs_remain_literal_lowercase_name_terms (test_continuity_questions.MemoryQuestionTests.test_generic_zone_homographs_remain_literal_lowercase_name_terms) (question='Pourquoi 12 Pt lettering ?')
2026-09-24T06:08:55.1431839Z ----------------------------------------------------------------------
2026-09-24T06:08:55.1432115Z Traceback (most recent call last):
2026-09-24T06:08:55.1432668Z   File "/home/runner/work/tooltest/tooltest/tests/test_continuity_questions.py", line 1015, in test_generic_zone_homographs_remain_literal_lowercase_name_terms
2026-09-24T06:08:55.1433227Z     self.assertEqual(result['status'],'cited-records')
2026-09-24T06:08:55.1433502Z AssertionError: 'abstained' != 'cited-records'
2026-09-24T06:08:55.1433845Z - abstained
2026-09-24T06:08:55.1434002Z + cited-records
2026-09-24T06:08:55.1434098Z 
2026-09-24T06:08:55.1434101Z 
2026-09-24T06:08:55.1434222Z ----------------------------------------------------------------------
2026-09-24T06:08:55.1434492Z Ran 814 tests in 82.255s
2026-09-24T06:08:55.1434619Z 
2026-09-24T06:08:55.1434701Z FAILED (failures=8, skipped=52)
2026-09-24T06:08:55.1434917Z certificate: dwv1_8c5f8e3271626a6d3945
2026-09-24T06:08:55.1435132Z integrity:   valid
2026-09-24T06:08:55.1435318Z freshness:   fresh against WORKTREE
2026-09-24T06:08:55.1435536Z candidate:   embedded-tree
2026-09-24T06:08:55.1435738Z base:        embedded-tree
2026-09-24T06:08:55.1435925Z verdict:     VALID
2026-09-24T06:08:55.2094575Z ##[error]Process completed with exit code 1.
2026-09-24T06:08:55.2654578Z ##[group]Run actions/upload-artifact@v6
2026-09-24T06:08:55.2654746Z with:
2026-09-24T06:08:55.2654873Z   name: unittest-Linux-py3.11
2026-09-24T06:08:55.2655019Z   path: unittest.log
2026-09-24T06:08:55.2655161Z   if-no-files-found: error
2026-09-24T06:08:55.2655293Z   retention-days: 7
2026-09-24T06:08:55.2655415Z   compression-level: 6
2026-09-24T06:08:55.2655541Z   overwrite: false
2026-09-24T06:08:55.2655665Z   include-hidden-files: false
2026-09-24T06:08:55.2655799Z env:
2026-09-24T06:08:55.2655952Z   pythonLocation: /opt/hostedtoolcache/Python/3.11.16/x64
2026-09-24T06:08:55.2656193Z   PKG_CONFIG_PATH: /opt/hostedtoolcache/Python/3.11.16/x64/lib/pkgconfig
2026-09-24T06:08:55.2656429Z   Python_ROOT_DIR: /opt/hostedtoolcache/Python/3.11.16/x64
2026-09-24T06:08:55.2656649Z   Python2_ROOT_DIR: /opt/hostedtoolcache/Python/3.11.16/x64
2026-09-24T06:08:55.2656860Z   Python3_ROOT_DIR: /opt/hostedtoolcache/Python/3.11.16/x64
2026-09-24T06:08:55.2657123Z   LD_LIBRARY_PATH: /opt/hostedtoolcache/Python/3.11.16/x64/lib
2026-09-24T06:08:55.2657303Z ##[endgroup]
2026-09-24T06:08:55.3846411Z With the provided path, there will be 1 file uploaded
2026-09-24T06:08:55.3849631Z Artifact name is valid!
2026-09-24T06:08:55.3850332Z Root directory input is valid!
2026-09-24T06:08:55.7527924Z Beginning upload of artifact content to blob storage
2026-09-24T06:08:56.0376137Z Uploaded bytes 30478
2026-09-24T06:08:56.0939988Z Finished uploading artifact content to blob storage!
2026-09-24T06:08:56.0940406Z SHA256 digest of uploaded artifact zip is 490afa09bfd4260022a211e0e9000daccef51bf5024f98039df98eb3ccc6f9e5
2026-09-24T06:08:56.0941357Z Finalizing artifact upload
2026-09-24T06:08:56.4875381Z Artifact unittest-Linux-py3.11.zip successfully finalized. Artifact ID 10793126594
2026-09-24T06:08:56.4876038Z Artifact unittest-Linux-py3.11 has been successfully uploaded! Final size is 30478 bytes. Artifact ID is 10793126594
2026-09-24T06:08:56.4879425Z Artifact download URL: https://github.com/TFourniax/tooltest/actions/runs/35962880322/artifacts/10793126594
2026-09-24T06:08:56.5059475Z Post job cleanup.
2026-09-24T06:08:56.5699503Z [command]/usr/bin/git version
2026-09-24T06:08:56.5736206Z git version 2.55.0
2026-09-24T06:08:56.5762002Z Temporarily overriding HOME='/home/runner/work/_temp/80d3f61d-ffa3-4741-8bc3-a7598b0f2b2d' before making global git config changes
2026-09-24T06:08:56.5762729Z Adding repository directory to the temporary git global config as a safe directory
2026-09-24T06:08:56.5766799Z [command]/usr/bin/git config --global --add safe.directory /home/runner/work/tooltest/tooltest
2026-09-24T06:08:56.5818492Z Removing SSH command configuration
2026-09-24T06:08:56.5819101Z [command]/usr/bin/git config --local --name-only --get-regexp core\.sshCommand
2026-09-24T06:08:56.5856436Z [command]/usr/bin/git submodule foreach --recursive sh -c "git config --local --name-only --get-regexp 'core\.sshCommand' && git config --local --unset-all 'core.sshCommand' || :"
2026-09-24T06:08:56.6086710Z Removing HTTP extra header
2026-09-24T06:08:56.6092457Z [command]/usr/bin/git config --local --name-only --get-regexp http\.https\:\/\/github\.com\/\.extraheader
2026-09-24T06:08:56.6157461Z [command]/usr/bin/git submodule foreach --recursive sh -c "git config --local --name-only --get-regexp 'http\.https\:\/\/github\.com\/\.extraheader' && git config --local --unset-all 'http.https://github.com/.extraheader' || :"
2026-09-24T06:08:56.6365328Z Removing includeIf entries pointing to credentials config files
2026-09-24T06:08:56.6371341Z [command]/usr/bin/git config --local --name-only --get-regexp ^includeIf\.gitdir:
2026-09-24T06:08:56.6402394Z includeif.gitdir:/home/runner/work/tooltest/tooltest/.git.path
2026-09-24T06:08:56.6402714Z includeif.gitdir:/home/runner/work/tooltest/tooltest/.git/worktrees/*.path
2026-09-24T06:08:56.6403051Z includeif.gitdir:/github/workspace/.git.path
2026-09-24T06:08:56.6403378Z includeif.gitdir:/github/workspace/.git/worktrees/*.path
2026-09-24T06:08:56.6411594Z [command]/usr/bin/git config --local --get-all includeif.gitdir:/home/runner/work/tooltest/tooltest/.git.path
2026-09-24T06:08:56.6439249Z /home/runner/work/_temp/git-credentials-9e2d8479-403f-4ca8-ab94-1cd24bfb9cdd.config
2026-09-24T06:08:56.6448934Z [command]/usr/bin/git config --local --unset includeif.gitdir:/home/runner/work/tooltest/tooltest/.git.path \/home\/runner\/work\/_temp\/git\-credentials\-9e2d8479\-403f\-4ca8\-ab94\-1cd24bfb9cdd\.config
2026-09-24T06:08:56.6489913Z [command]/usr/bin/git config --local --get-all includeif.gitdir:/home/runner/work/tooltest/tooltest/.git/worktrees/*.path
2026-09-24T06:08:56.6527246Z /home/runner/work/_temp/git-credentials-9e2d8479-403f-4ca8-ab94-1cd24bfb9cdd.config
2026-09-24T06:08:56.6535644Z [command]/usr/bin/git config --local --unset includeif.gitdir:/home/runner/work/tooltest/tooltest/.git/worktrees/*.path \/home\/runner\/work\/_temp\/git\-credentials\-9e2d8479\-403f\-4ca8\-ab94\-1cd24bfb9cdd\.config
2026-09-24T06:08:56.6573638Z [command]/usr/bin/git config --local --get-all includeif.gitdir:/github/workspace/.git.path
2026-09-24T06:08:56.6603699Z /github/runner_temp/git-credentials-9e2d8479-403f-4ca8-ab94-1cd24bfb9cdd.config
2026-09-24T06:08:56.6610638Z [command]/usr/bin/git config --local --unset includeif.gitdir:/github/workspace/.git.path \/github\/runner_temp\/git\-credentials\-9e2d8479\-403f\-4ca8\-ab94\-1cd24bfb9cdd\.config
2026-09-24T06:08:56.6652404Z [command]/usr/bin/git config --local --get-all includeif.gitdir:/github/workspace/.git/worktrees/*.path
2026-09-24T06:08:56.6681154Z /github/runner_temp/git-credentials-9e2d8479-403f-4ca8-ab94-1cd24bfb9cdd.config
2026-09-24T06:08:56.6687952Z [command]/usr/bin/git config --local --unset includeif.gitdir:/github/workspace/.git/worktrees/*.path \/github\/runner_temp\/git\-credentials\-9e2d8479\-403f\-4ca8\-ab94\-1cd24bfb9cdd\.config
2026-09-24T06:08:56.6763432Z [command]/usr/bin/git submodule foreach --recursive git config --local --show-origin --name-only --get-regexp remote.origin.url
2026-09-24T06:08:56.6973085Z Removing credentials config '/home/runner/work/_temp/git-credentials-9e2d8479-403f-4ca8-ab94-1cd24bfb9cdd.config'
2026-09-24T06:08:56.7113173Z Cleaning up orphan processes
