2026-09-24T05:20:25.3884753Z Current runner version: '2.337.0'
2026-09-24T05:20:25.3910280Z ##[group]Runner Image Provisioner
2026-09-24T05:20:25.3911242Z Hosted Compute Agent
2026-09-24T05:20:25.3911867Z Version: 20260828.587
2026-09-24T05:20:25.3912537Z Commit: abac92662cab4cc7352de4f9f9d2e2419aad9c29
2026-09-24T05:20:25.3913396Z Build Date: 2026-08-28T16:44:25Z
2026-09-24T05:20:25.3914108Z Worker ID: {306d3ffb-954b-458c-aadf-41ce3d1a934b}
2026-09-24T05:20:25.3914923Z Azure Region: centralus
2026-09-24T05:20:25.3915825Z ##[endgroup]
2026-09-24T05:20:25.3917252Z ##[group]Operating System
2026-09-24T05:20:25.3917985Z Ubuntu
2026-09-24T05:20:25.3918532Z 24.04.5
2026-09-24T05:20:25.3919120Z LTS
2026-09-24T05:20:25.3919735Z ##[endgroup]
2026-09-24T05:20:25.3920306Z ##[group]Runner Image
2026-09-24T05:20:25.3921013Z Image: ubuntu-24.04
2026-09-24T05:20:25.3921616Z Version: 20260907.300.1
2026-09-24T05:20:25.3923000Z Included Software: https://github.com/actions/runner-images/blob/ubuntu24/20260907.300/images/ubuntu/Ubuntu2404-Readme.md
2026-09-24T05:20:25.3924565Z Image Release: https://github.com/actions/runner-images/releases/tag/ubuntu24%2F20260907.300
2026-09-24T05:20:25.3925836Z ##[endgroup]
2026-09-24T05:20:25.3926980Z ##[group]GITHUB_TOKEN Permissions
2026-09-24T05:20:25.3929061Z Contents: read
2026-09-24T05:20:25.3929687Z Metadata: read
2026-09-24T05:20:25.3930268Z ##[endgroup]
2026-09-24T05:20:25.3932387Z Secret source: Actions
2026-09-24T05:20:25.3933394Z Cache mode: write
2026-09-24T05:20:25.3934195Z Prepare workflow directory
2026-09-24T05:20:25.4318701Z Prepare all required actions
2026-09-24T05:20:25.4385293Z Getting action download info
2026-09-24T05:20:25.6886598Z Download action repository 'actions/checkout@v7' (SHA:3d3c42e5aac5ba805825da76410c181273ba90b1)
2026-09-24T05:20:25.7732176Z Download action repository 'actions/setup-python@v7' (SHA:5fda3b95a4ea91299a34e894583c3862153e4b97)
2026-09-24T05:20:25.8507274Z Download action repository 'actions/upload-artifact@v6' (SHA:b7c566a772e6b6bfb58ed0dc250532a479d7789f)
2026-09-24T05:20:26.0674819Z Complete job name: test (ubuntu-latest, 3.11)
2026-09-24T05:20:26.1440766Z ##[group]Run actions/checkout@v7
2026-09-24T05:20:26.1441576Z with:
2026-09-24T05:20:26.1442018Z   repository: TFourniax/tooltest
2026-09-24T05:20:26.1446191Z   token: ***
2026-09-24T05:20:26.1446649Z   ssh-strict: true
2026-09-24T05:20:26.1447091Z   ssh-user: git
2026-09-24T05:20:26.1447540Z   persist-credentials: true
2026-09-24T05:20:26.1448023Z   clean: true
2026-09-24T05:20:26.1448457Z   sparse-checkout-cone-mode: true
2026-09-24T05:20:26.1448968Z   fetch-depth: 1
2026-09-24T05:20:26.1449394Z   fetch-tags: false
2026-09-24T05:20:26.1449834Z   show-progress: true
2026-09-24T05:20:26.1450300Z   lfs: false
2026-09-24T05:20:26.1450725Z   submodules: false
2026-09-24T05:20:26.1451177Z   set-safe-directory: true
2026-09-24T05:20:26.1451680Z   allow-unsafe-pr-checkout: false
2026-09-24T05:20:26.1452392Z ##[endgroup]
2026-09-24T05:20:26.2442740Z Syncing repository: TFourniax/tooltest
2026-09-24T05:20:26.2445501Z ##[group]Getting Git version info
2026-09-24T05:20:26.2446668Z Working directory is '/home/runner/work/tooltest/tooltest'
2026-09-24T05:20:26.2447691Z [command]/usr/bin/git version
2026-09-24T05:20:26.2506077Z git version 2.55.0
2026-09-24T05:20:26.2531654Z ##[endgroup]
2026-09-24T05:20:26.2538589Z Temporarily overriding HOME='/home/runner/work/_temp/2d6dd080-7d89-474d-a608-ebd194ffa46e' before making global git config changes
2026-09-24T05:20:26.2540143Z Adding repository directory to the temporary git global config as a safe directory
2026-09-24T05:20:26.2544909Z [command]/usr/bin/git config --global --add safe.directory /home/runner/work/tooltest/tooltest
2026-09-24T05:20:26.2594222Z Deleting the contents of '/home/runner/work/tooltest/tooltest'
2026-09-24T05:20:26.2614718Z ##[group]Determining repository object format
2026-09-24T05:20:26.2616448Z ##[endgroup]
2026-09-24T05:20:26.2617571Z ##[group]Initializing the repository
2026-09-24T05:20:26.2618643Z [command]/usr/bin/git init /home/runner/work/tooltest/tooltest
2026-09-24T05:20:26.2691120Z hint: Using 'master' as the name for the initial branch. This default branch name
2026-09-24T05:20:26.2692936Z hint: will change to "main" in Git 3.0. To configure the initial branch name
2026-09-24T05:20:26.2694534Z hint: to use in all of your new repositories, which will suppress this warning,
2026-09-24T05:20:26.2695427Z hint: call:
2026-09-24T05:20:26.2696462Z hint:
2026-09-24T05:20:26.2697242Z hint: 	git config --global init.defaultBranch <name>
2026-09-24T05:20:26.2697956Z hint:
2026-09-24T05:20:26.2698798Z hint: Names commonly chosen instead of 'master' are 'main', 'trunk' and
2026-09-24T05:20:26.2700249Z hint: 'development'. The just-created branch can be renamed via this command:
2026-09-24T05:20:26.2701115Z hint:
2026-09-24T05:20:26.2701544Z hint: 	git branch -m <name>
2026-09-24T05:20:26.2702029Z hint:
2026-09-24T05:20:26.2702672Z hint: Disable this message with "git config set advice.defaultBranchName false"
2026-09-24T05:20:26.2703657Z Initialized empty Git repository in /home/runner/work/tooltest/tooltest/.git/
2026-09-24T05:20:26.2705272Z [command]/usr/bin/git remote add origin https://github.com/TFourniax/tooltest
2026-09-24T05:20:26.2753419Z ##[endgroup]
2026-09-24T05:20:26.2754710Z ##[group]Disabling automatic garbage collection
2026-09-24T05:20:26.2757338Z [command]/usr/bin/git config --local gc.auto 0
2026-09-24T05:20:26.2793049Z ##[endgroup]
2026-09-24T05:20:26.2794542Z ##[group]Setting up auth
2026-09-24T05:20:26.2795816Z Removing SSH command configuration
2026-09-24T05:20:26.2798632Z [command]/usr/bin/git config --local --name-only --get-regexp core\.sshCommand
2026-09-24T05:20:26.2836806Z [command]/usr/bin/git submodule foreach --recursive sh -c "git config --local --name-only --get-regexp 'core\.sshCommand' && git config --local --unset-all 'core.sshCommand' || :"
2026-09-24T05:20:26.3165330Z Removing HTTP extra header
2026-09-24T05:20:26.3172962Z [command]/usr/bin/git config --local --name-only --get-regexp http\.https\:\/\/github\.com\/\.extraheader
2026-09-24T05:20:26.3219640Z [command]/usr/bin/git submodule foreach --recursive sh -c "git config --local --name-only --get-regexp 'http\.https\:\/\/github\.com\/\.extraheader' && git config --local --unset-all 'http.https://github.com/.extraheader' || :"
2026-09-24T05:20:26.3469620Z Removing includeIf entries pointing to credentials config files
2026-09-24T05:20:26.3543618Z [command]/usr/bin/git config --local --name-only --get-regexp ^includeIf\.gitdir:
2026-09-24T05:20:26.3546653Z [command]/usr/bin/git submodule foreach --recursive git config --local --show-origin --name-only --get-regexp remote.origin.url
2026-09-24T05:20:26.3772424Z [command]/usr/bin/git config --file /home/runner/work/_temp/git-credentials-d885b2c3-d642-448a-b86a-d767f33df778.config http.https://github.com/.extraheader AUTHORIZATION: basic ***
2026-09-24T05:20:26.3814445Z [command]/usr/bin/git config --local includeIf.gitdir:/home/runner/work/tooltest/tooltest/.git.path /home/runner/work/_temp/git-credentials-d885b2c3-d642-448a-b86a-d767f33df778.config
2026-09-24T05:20:26.3849859Z [command]/usr/bin/git config --local includeIf.gitdir:/home/runner/work/tooltest/tooltest/.git/worktrees/*.path /home/runner/work/_temp/git-credentials-d885b2c3-d642-448a-b86a-d767f33df778.config
2026-09-24T05:20:26.3888087Z [command]/usr/bin/git config --local includeIf.gitdir:/github/workspace/.git.path /github/runner_temp/git-credentials-d885b2c3-d642-448a-b86a-d767f33df778.config
2026-09-24T05:20:26.3926945Z [command]/usr/bin/git config --local includeIf.gitdir:/github/workspace/.git/worktrees/*.path /github/runner_temp/git-credentials-d885b2c3-d642-448a-b86a-d767f33df778.config
2026-09-24T05:20:26.3960387Z ##[endgroup]
2026-09-24T05:20:26.3961148Z ##[group]Fetching the repository
2026-09-24T05:20:26.3967632Z [command]/usr/bin/git -c protocol.version=2 fetch --no-tags --prune --no-recurse-submodules --depth=1 origin +ea6cb33ac4e050945b78f8f12f34a8d44c447a62:refs/remotes/pull/128/merge
2026-09-24T05:20:27.3246959Z From https://github.com/TFourniax/tooltest
2026-09-24T05:20:27.3248561Z  * [new ref]         ea6cb33ac4e050945b78f8f12f34a8d44c447a62 -> pull/128/merge
2026-09-24T05:20:27.3277890Z ##[endgroup]
2026-09-24T05:20:27.3278981Z ##[group]Determining the checkout info
2026-09-24T05:20:27.3280137Z ##[endgroup]
2026-09-24T05:20:27.3280988Z [command]/usr/bin/git sparse-checkout disable
2026-09-24T05:20:27.3316131Z [command]/usr/bin/git config --local --unset-all extensions.worktreeConfig
2026-09-24T05:20:27.3353469Z ##[group]Checking out the ref
2026-09-24T05:20:27.3356660Z [command]/usr/bin/git checkout --progress --force refs/remotes/pull/128/merge
2026-09-24T05:20:27.4121720Z Note: switching to 'refs/remotes/pull/128/merge'.
2026-09-24T05:20:27.4122800Z 
2026-09-24T05:20:27.4123594Z You are in 'detached HEAD' state. You can look around, make experimental
2026-09-24T05:20:27.4125775Z changes and commit them, and you can discard any commits you make in this
2026-09-24T05:20:27.4127746Z state without impacting any branches by switching back to a branch.
2026-09-24T05:20:27.4128961Z 
2026-09-24T05:20:27.4129778Z If you want to create a new branch to retain commits you create, you may
2026-09-24T05:20:27.4131683Z do so (now or later) by using -c with the switch command. Example:
2026-09-24T05:20:27.4132669Z 
2026-09-24T05:20:27.4133055Z   git switch -c <new-branch-name>
2026-09-24T05:20:27.4133631Z 
2026-09-24T05:20:27.4134006Z Or undo this operation with:
2026-09-24T05:20:27.4134523Z 
2026-09-24T05:20:27.4134933Z   git switch -
2026-09-24T05:20:27.4135365Z 
2026-09-24T05:20:27.4136516Z Turn off this advice by setting config variable advice.detachedHead to false
2026-09-24T05:20:27.4137861Z 
2026-09-24T05:20:27.4139052Z HEAD is now at ea6cb33 Merge c960ee625d28ab3e6ab386e6b15a820286ed1dfc into c03164e75e805ff1df976e55cdf6d86073e89b04
2026-09-24T05:20:27.4142736Z ##[endgroup]
2026-09-24T05:20:27.4190141Z [command]/usr/bin/git log -1 --format=%H
2026-09-24T05:20:27.4222045Z ea6cb33ac4e050945b78f8f12f34a8d44c447a62
2026-09-24T05:20:27.4626471Z ##[group]Run actions/setup-python@v7
2026-09-24T05:20:27.4627757Z with:
2026-09-24T05:20:27.4628657Z   python-version: 3.11
2026-09-24T05:20:27.4629679Z   check-latest: false
2026-09-24T05:20:27.4639642Z   token: ***
2026-09-24T05:20:27.4640594Z   update-environment: true
2026-09-24T05:20:27.4641704Z   allow-prereleases: false
2026-09-24T05:20:27.4642797Z   freethreaded: false
2026-09-24T05:20:27.4643789Z ##[endgroup]
2026-09-24T05:20:27.5804117Z ##[group]Installed versions
2026-09-24T05:20:27.5876713Z Successfully set up CPython (3.11.16)
2026-09-24T05:20:27.5879097Z ##[endgroup]
2026-09-24T05:20:27.6077290Z ##[group]Run python -m pip install -e .
2026-09-24T05:20:27.6078718Z [36;1mpython -m pip install -e .[0m
2026-09-24T05:20:27.6149344Z shell: /usr/bin/bash -e {0}
2026-09-24T05:20:27.6150521Z env:
2026-09-24T05:20:27.6151751Z   pythonLocation: /opt/hostedtoolcache/Python/3.11.16/x64
2026-09-24T05:20:27.6153838Z   PKG_CONFIG_PATH: /opt/hostedtoolcache/Python/3.11.16/x64/lib/pkgconfig
2026-09-24T05:20:27.6158295Z   Python_ROOT_DIR: /opt/hostedtoolcache/Python/3.11.16/x64
2026-09-24T05:20:27.6160874Z   Python2_ROOT_DIR: /opt/hostedtoolcache/Python/3.11.16/x64
2026-09-24T05:20:27.6163385Z   Python3_ROOT_DIR: /opt/hostedtoolcache/Python/3.11.16/x64
2026-09-24T05:20:27.6165356Z   LD_LIBRARY_PATH: /opt/hostedtoolcache/Python/3.11.16/x64/lib
2026-09-24T05:20:27.6167398Z ##[endgroup]
2026-09-24T05:20:28.2524444Z Obtaining file:///home/runner/work/tooltest/tooltest
2026-09-24T05:20:28.2541884Z   Installing build dependencies: started
2026-09-24T05:20:29.0404201Z   Installing build dependencies: finished with status 'done'
2026-09-24T05:20:29.0409620Z   Checking if build backend supports build_editable: started
2026-09-24T05:20:29.3338467Z   Checking if build backend supports build_editable: finished with status 'done'
2026-09-24T05:20:29.3349023Z   Getting requirements to build editable: started
2026-09-24T05:20:29.6460886Z   Getting requirements to build editable: finished with status 'done'
2026-09-24T05:20:29.6486609Z   Preparing editable metadata (pyproject.toml): started
2026-09-24T05:20:29.8289762Z   Preparing editable metadata (pyproject.toml): finished with status 'done'
2026-09-24T05:20:29.8337943Z Building wheels for collected packages: diffwitness
2026-09-24T05:20:29.8356683Z   Building editable for diffwitness (pyproject.toml): started
2026-09-24T05:20:30.0456066Z   Building editable for diffwitness (pyproject.toml): finished with status 'done'
2026-09-24T05:20:30.0462191Z   Created wheel for diffwitness: filename=diffwitness-0.4.0a1-0.editable-py3-none-any.whl size=13332 sha256=f1ea469eb3cbe740897b2fc14506a6ef5b94b668a86bf9ee6b13fb77c0bf90ed
2026-09-24T05:20:30.0464229Z   Stored in directory: /tmp/pip-ephem-wheel-cache-pxusbhnu/wheels/1d/e2/0c/8df4c5f7ed0b68981a66a62e05333067f34d74dcef53b2c7d9
2026-09-24T05:20:30.0496565Z Successfully built diffwitness
2026-09-24T05:20:30.0639438Z Installing collected packages: diffwitness
2026-09-24T05:20:30.0709492Z Successfully installed diffwitness-0.4.0a1
2026-09-24T05:20:30.1309036Z ##[group]Run python -m pip check
2026-09-24T05:20:30.1309433Z [36;1mpython -m pip check[0m
2026-09-24T05:20:30.1351855Z shell: /usr/bin/bash -e {0}
2026-09-24T05:20:30.1352139Z env:
2026-09-24T05:20:30.1352428Z   pythonLocation: /opt/hostedtoolcache/Python/3.11.16/x64
2026-09-24T05:20:30.1352886Z   PKG_CONFIG_PATH: /opt/hostedtoolcache/Python/3.11.16/x64/lib/pkgconfig
2026-09-24T05:20:30.1353315Z   Python_ROOT_DIR: /opt/hostedtoolcache/Python/3.11.16/x64
2026-09-24T05:20:30.1353695Z   Python2_ROOT_DIR: /opt/hostedtoolcache/Python/3.11.16/x64
2026-09-24T05:20:30.1354107Z   Python3_ROOT_DIR: /opt/hostedtoolcache/Python/3.11.16/x64
2026-09-24T05:20:30.1354502Z   LD_LIBRARY_PATH: /opt/hostedtoolcache/Python/3.11.16/x64/lib
2026-09-24T05:20:30.1354842Z ##[endgroup]
2026-09-24T05:20:30.5484071Z No broken requirements found.
2026-09-24T05:20:30.5771268Z ##[group]Run python -m compileall -q src integrations scripts
2026-09-24T05:20:30.5771796Z [36;1mpython -m compileall -q src integrations scripts[0m
2026-09-24T05:20:30.5811618Z shell: /usr/bin/bash -e {0}
2026-09-24T05:20:30.5811914Z env:
2026-09-24T05:20:30.5812210Z   pythonLocation: /opt/hostedtoolcache/Python/3.11.16/x64
2026-09-24T05:20:30.5812661Z   PKG_CONFIG_PATH: /opt/hostedtoolcache/Python/3.11.16/x64/lib/pkgconfig
2026-09-24T05:20:30.5813094Z   Python_ROOT_DIR: /opt/hostedtoolcache/Python/3.11.16/x64
2026-09-24T05:20:30.5813487Z   Python2_ROOT_DIR: /opt/hostedtoolcache/Python/3.11.16/x64
2026-09-24T05:20:30.5813876Z   Python3_ROOT_DIR: /opt/hostedtoolcache/Python/3.11.16/x64
2026-09-24T05:20:30.5814277Z   LD_LIBRARY_PATH: /opt/hostedtoolcache/Python/3.11.16/x64/lib
2026-09-24T05:20:30.5814612Z ##[endgroup]
2026-09-24T05:20:30.9329896Z ##[group]Run set +e
2026-09-24T05:20:30.9330167Z [36;1mset +e[0m
2026-09-24T05:20:30.9330490Z [36;1mpython -m unittest discover -s tests -v 2>&1 | tee unittest.log[0m
2026-09-24T05:20:30.9330882Z [36;1mrc=${PIPESTATUS[0]}[0m
2026-09-24T05:20:30.9331173Z [36;1mecho "return_code=$rc" >> "$GITHUB_OUTPUT"[0m
2026-09-24T05:20:30.9331485Z [36;1mexit "$rc"[0m
2026-09-24T05:20:30.9375503Z shell: /usr/bin/bash --noprofile --norc -e -o pipefail {0}
2026-09-24T05:20:30.9376043Z env:
2026-09-24T05:20:30.9376330Z   pythonLocation: /opt/hostedtoolcache/Python/3.11.16/x64
2026-09-24T05:20:30.9376765Z   PKG_CONFIG_PATH: /opt/hostedtoolcache/Python/3.11.16/x64/lib/pkgconfig
2026-09-24T05:20:30.9377184Z   Python_ROOT_DIR: /opt/hostedtoolcache/Python/3.11.16/x64
2026-09-24T05:20:30.9377558Z   Python2_ROOT_DIR: /opt/hostedtoolcache/Python/3.11.16/x64
2026-09-24T05:20:30.9377937Z   Python3_ROOT_DIR: /opt/hostedtoolcache/Python/3.11.16/x64
2026-09-24T05:20:30.9378351Z   LD_LIBRARY_PATH: /opt/hostedtoolcache/Python/3.11.16/x64/lib
2026-09-24T05:20:30.9378687Z ##[endgroup]
2026-09-24T05:20:31.5776955Z test_acceptance_harnesses_preserve_utf8_subprocess_output (test_acceptance_utf8.AcceptanceEncodingTests.test_acceptance_harnesses_preserve_utf8_subprocess_output) ... ok
2026-09-24T05:20:31.9174377Z test_advisory_partition_can_spend_tiny_budget_but_public_runner_still_proves_removal (test_adaptive.AdaptiveCoreTests.test_advisory_partition_can_spend_tiny_budget_but_public_runner_still_proves_removal) ... ok
2026-09-24T05:20:32.6270075Z test_finds_one_hunk_core_without_testing_every_surplus_hunk (test_adaptive.AdaptiveCoreTests.test_finds_one_hunk_core_without_testing_every_surplus_hunk) ... ok
2026-09-24T05:20:32.6605718Z test_invalid_advisory_plan_fails_before_any_search (test_adaptive.AdaptiveCoreTests.test_invalid_advisory_plan_fails_before_any_search) ... ok
2026-09-24T05:20:32.8177282Z test_behavior_preserving_refactor_gets_preservation_evidence (test_assurance.AssuranceTests.test_behavior_preserving_refactor_gets_preservation_evidence) ... ok
2026-09-24T05:20:33.0176519Z test_changed_tests_that_already_pass_on_base_are_non_discriminating (test_assurance.AssuranceTests.test_changed_tests_that_already_pass_on_base_are_non_discriminating) ... DiffWitness Gate rejected: changed tests do not discriminate the production change from base
2026-09-24T05:20:33.0194098Z ok
2026-09-24T05:20:33.0347490Z test_gate_balanced_accepts_and_public_verify_understands_assurance (test_assurance.AssuranceTests.test_gate_balanced_accepts_and_public_verify_understands_assurance) ... DiffWitness Gate: non-discriminating-change under balanced policy (dwa1_5f404d69aac4f79c05d7)
2026-09-24T05:20:33.2585358Z DiffWitness Gate: preservation-evidence under balanced policy (dwa1_787865a8de87971ad3af)
2026-09-24T05:20:33.2586777Z DiffWitness Gate accepted: balanced policy accepts stable preservation assurance
2026-09-24T05:20:33.2588006Z Project continuity: 2 new change event(s) · dwchg_8b586a7ffd3454f10e5f6ebc
2026-09-24T05:20:33.2796205Z certificate: dwa1_787865a8de87971ad3af
2026-09-24T05:20:33.2796681Z integrity:   valid
2026-09-24T05:20:33.2796940Z freshness:   fresh against WORKTREE
2026-09-24T05:20:33.2797239Z candidate:   embedded-tree
2026-09-24T05:20:33.2797508Z base:        embedded-tree
2026-09-24T05:20:33.2797771Z verdict:     VALID
2026-09-24T05:20:33.2987549Z certificate: dwa1_787865a8de87971ad3af
2026-09-24T05:20:33.2988082Z integrity:   valid
2026-09-24T05:20:33.2988467Z freshness:   stale against WORKTREE
2026-09-24T05:20:33.2988845Z candidate:   embedded-tree
2026-09-24T05:20:33.2989111Z base:        embedded-tree
2026-09-24T05:20:33.2989356Z verdict:     INVALID
2026-09-24T05:20:33.4708848Z DiffWitness Gate rejected: candidate is not stably green
2026-09-24T05:20:33.4729231Z ok
2026-09-24T05:20:33.4879406Z test_noop_certificate_is_fresh_then_stale_after_content_changes (test_attest.AttestationTests.test_noop_certificate_is_fresh_then_stale_after_content_changes) ... DiffWitness Gate: candidate-not-stable-green under strict policy (dwa1_43b28f078c47d7d85793)
2026-09-24T05:20:33.5296375Z DiffWitness: proof not required (dw0_1d0cce34dbefe8f309d3); no executable causal mutation detected.
2026-09-24T05:20:33.5649115Z certificate: dw0_1d0cce34dbefe8f309d3
2026-09-24T05:20:33.5649648Z integrity:   valid
2026-09-24T05:20:33.5649979Z freshness:   fresh against WORKTREE
2026-09-24T05:20:33.5650284Z candidate:   embedded-tree
2026-09-24T05:20:33.5650570Z base:        embedded-tree
2026-09-24T05:20:33.5650841Z artifacts:   ignored proof.json
2026-09-24T05:20:33.5651098Z verdict:     VALID
2026-09-24T05:20:33.5871187Z ok
2026-09-24T05:20:33.6019507Z test_tree_bound_validation_proof_verifies_in_fresh_clone_without_snapshot_commit (test_attest.AttestationTests.test_tree_bound_validation_proof_verifies_in_fresh_clone_without_snapshot_commit) ... certificate: dw0_1d0cce34dbefe8f309d3
2026-09-24T05:20:33.6020799Z integrity:   valid
2026-09-24T05:20:33.6021176Z freshness:   stale against WORKTREE
2026-09-24T05:20:33.6021644Z candidate:   embedded-tree
2026-09-24T05:20:33.6021927Z base:        embedded-tree
2026-09-24T05:20:33.6022186Z artifacts:   ignored proof.json
2026-09-24T05:20:33.6022440Z verdict:     INVALID
2026-09-24T05:20:33.7677884Z DiffWitness: validation-only stable-pass (dwv1_91c7c2902eb97df1ca4d)
2026-09-24T05:20:33.7678911Z Project continuity: 2 new change event(s) · dwchg_23ca7ecf2340bddc42477033
2026-09-24T05:20:33.7825103Z ok
2026-09-24T05:20:33.7971125Z test_verified_worktree_proof_can_be_attached_after_identical_commit (test_attest.AttestationTests.test_verified_worktree_proof_can_be_attached_after_identical_commit) ... certificate: dwv1_91c7c2902eb97df1ca4d
2026-09-24T05:20:33.7972513Z integrity:   valid
2026-09-24T05:20:33.7972877Z freshness:   fresh against HEAD
2026-09-24T05:20:33.7973288Z candidate:   embedded-tree
2026-09-24T05:20:33.7973653Z base:        embedded-tree
2026-09-24T05:20:33.7974002Z verdict:     VALID
2026-09-24T05:20:33.8310026Z DiffWitness: proof not required (dw0_1d0cce34dbefe8f309d3); no executable causal mutation detected.
2026-09-24T05:20:33.8489901Z ok
2026-09-24T05:20:33.8496170Z test_detects_pytest_configuration (test_autodetect.AutoDetectTests.test_detects_pytest_configuration) ... ok
2026-09-24T05:20:33.8501278Z test_falls_back_to_unittest_for_plain_tests_directory (test_autodetect.AutoDetectTests.test_falls_back_to_unittest_for_plain_tests_directory) ... ok
2026-09-24T05:20:33.8509741Z test_prefers_declared_pnpm_test_script (test_autodetect.AutoDetectTests.test_prefers_declared_pnpm_test_script) ... ok
2026-09-24T05:20:33.8513987Z test_unified_schema_declares_every_public_certificate_family (test_certificate_schema.CertificateSchemaTests.test_unified_schema_declares_every_public_certificate_family) ... ok
2026-09-24T05:20:33.9203341Z test_binds_proof_debt_and_idleproof_to_one_exact_change (test_change_envelope.ChangeEnvelopeTests.test_binds_proof_debt_and_idleproof_to_one_exact_change) ... ok
2026-09-24T05:20:33.9483672Z test_corrupt_evidence_and_empty_envelope_fail_closed (test_change_envelope.ChangeEnvelopeTests.test_corrupt_evidence_and_empty_envelope_fail_closed) ... ok
2026-09-24T05:20:33.9698248Z test_idleproof_state_and_local_hook_files_do_not_change_diffwitness_worktree_identity (test_change_envelope.ChangeEnvelopeTests.test_idleproof_state_and_local_hook_files_do_not_change_diffwitness_worktree_identity) ... ok
2026-09-24T05:20:34.0388740Z test_mismatched_debt_candidate_tree_fails_closed (test_change_envelope.ChangeEnvelopeTests.test_mismatched_debt_candidate_tree_fails_closed) ... ok
2026-09-24T05:20:34.1068663Z test_mismatched_idleproof_change_fails_closed (test_change_envelope.ChangeEnvelopeTests.test_mismatched_idleproof_change_fails_closed) ... ok
2026-09-24T05:20:34.2668559Z test_init_creates_pinned_workflow_with_explicit_commands (test_cli.CliTests.test_init_creates_pinned_workflow_with_explicit_commands) ... ok
2026-09-24T05:20:34.9452342Z test_prove_writes_v2_certificate_and_markdown (test_cli.CliTests.test_prove_writes_v2_certificate_and_markdown) ... ok
2026-09-24T05:20:35.8063235Z test_direct_frontends_also_parse_before_preflight_or_discovery (test_cli_informational_safety.InformationalSafetyTests.test_direct_frontends_also_parse_before_preflight_or_discovery) ... ok
2026-09-24T05:20:36.2371686Z test_explicit_proof_still_executes_repository_tests (test_cli_informational_safety.InformationalSafetyTests.test_explicit_proof_still_executes_repository_tests) ... ok
2026-09-24T05:20:39.1109181Z test_help_and_version_preserve_repository_and_historical_evidence (test_cli_informational_safety.InformationalSafetyTests.test_help_and_version_preserve_repository_and_historical_evidence) ... ok
2026-09-24T05:20:39.5296993Z test_help_inside_explicit_test_command_still_executes (test_cli_informational_safety.InformationalSafetyTests.test_help_inside_explicit_test_command_still_executes) ... ok
2026-09-24T05:20:40.3011261Z test_invalid_options_fail_before_execution_or_certificate_deletion (test_cli_informational_safety.InformationalSafetyTests.test_invalid_options_fail_before_execution_or_certificate_deletion) ... ok
2026-09-24T05:20:40.3023694Z test_invalid_policy_and_budget_are_rejected (test_config.ConfigTests.test_invalid_policy_and_budget_are_rejected) ... ok
2026-09-24T05:20:40.3039538Z test_non_finite_timeouts_are_rejected_in_core_and_engine_config (test_config.ConfigTests.test_non_finite_timeouts_are_rejected_in_core_and_engine_config) ... ok
2026-09-24T05:20:40.3043769Z test_unknown_key_fails_closed (test_config.ConfigTests.test_unknown_key_fails_closed) ... ok
2026-09-24T05:20:40.3064251Z test_valid_gate_configuration_round_trips (test_config.ConfigTests.test_valid_gate_configuration_round_trips) ... ok
2026-09-24T05:20:40.3388503Z test_context_uses_project_test_configuration_without_private_engine_access (test_context_process_budget.ContextProcessBudgetTests.test_context_uses_project_test_configuration_without_private_engine_access) ... ok
2026-09-24T05:20:40.3560291Z test_failed_committed_history_walk_is_not_an_unborn_fingerprint (test_context_process_budget.ContextProcessBudgetTests.test_failed_committed_history_walk_is_not_an_unborn_fingerprint) ... ok
2026-09-24T05:20:40.3904903Z test_fingerprint_uses_reachable_roots_and_ignores_other_refs (test_context_process_budget.ContextProcessBudgetTests.test_fingerprint_uses_reachable_roots_and_ignores_other_refs) ... ok
2026-09-24T05:20:40.4180749Z test_malformed_project_configuration_still_fails (test_context_process_budget.ContextProcessBudgetTests.test_malformed_project_configuration_still_fails) ... ok
2026-09-24T05:20:40.4695940Z test_warm_context_uses_at_most_five_git_processes (test_context_process_budget.ContextProcessBudgetTests.test_warm_context_uses_at_most_five_git_processes) ... ok
2026-09-24T05:20:40.5461774Z test_bounds_and_repository_eviction_force_complete_validation (test_continuity_append_cache.AppendCacheTests.test_bounds_and_repository_eviction_force_complete_validation) ... ok
2026-09-24T05:20:40.5894003Z test_caller_inputs_and_results_cannot_mutate_cached_history (test_continuity_append_cache.AppendCacheTests.test_caller_inputs_and_results_cannot_mutate_cached_history) ... ok
2026-09-24T05:20:40.7245314Z test_concurrent_calls_have_one_chain_and_dedupe (test_continuity_append_cache.AppendCacheTests.test_concurrent_calls_have_one_chain_and_dedupe) ... ok
2026-09-24T05:20:40.7553585Z test_crt_text_translation_cannot_make_cached_bytes_differ_from_disk (test_continuity_append_cache.AppendCacheTests.test_crt_text_translation_cannot_make_cached_bytes_differ_from_disk) ... ok
2026-09-24T05:20:40.7899271Z test_external_suffix_is_validated_and_invalid_suffix_fails_closed (test_continuity_append_cache.AppendCacheTests.test_external_suffix_is_validated_and_invalid_suffix_fails_closed) ... ok
2026-09-24T05:20:40.8314330Z test_failed_batch_cannot_advance_cached_lifecycle_or_dedupe (test_continuity_append_cache.AppendCacheTests.test_failed_batch_cannot_advance_cached_lifecycle_or_dedupe) ... ok
2026-09-24T05:20:40.8662492Z test_failed_task_reference_cannot_replace_cached_task_identity (test_continuity_append_cache.AppendCacheTests.test_failed_task_reference_cannot_replace_cached_task_identity) ... ok
2026-09-24T05:20:40.9116505Z test_hash_valid_invalid_profile_and_duplicate_json_external_suffix_fail_closed (test_continuity_append_cache.AppendCacheTests.test_hash_valid_invalid_profile_and_duplicate_json_external_suffix_fail_closed) ... ok
2026-09-24T05:20:40.9514449Z test_partial_write_never_publishes_checkpoint (test_continuity_append_cache.AppendCacheTests.test_partial_write_never_publishes_checkpoint) ... ok
2026-09-24T05:20:40.9814839Z test_repeated_append_validates_only_new_suffix_but_public_read_remains_complete (test_continuity_append_cache.AppendCacheTests.test_repeated_append_validates_only_new_suffix_but_public_read_remains_complete) ... ok
2026-09-24T05:20:41.0104863Z test_same_size_timestamp_corruption_is_rejected_before_append (test_continuity_append_cache.AppendCacheTests.test_same_size_timestamp_corruption_is_rejected_before_append) ... ok
2026-09-24T05:20:41.0398694Z test_unterminated_valid_record_gets_separator_without_changing_old_bytes (test_continuity_append_cache.AppendCacheTests.test_unterminated_valid_record_gets_separator_without_changing_old_bytes) ... ok
2026-09-24T05:20:41.0863672Z test_valid_rewrite_truncation_and_crlf_unicode_keep_chain_truth (test_continuity_append_cache.AppendCacheTests.test_valid_rewrite_truncation_and_crlf_unicode_keep_chain_truth) ... ok
2026-09-24T05:20:41.1764993Z test_authoritative_flag_consistency_preserves_existing_runner_boundary (test_continuity_artifact_profile.ArtifactProfileTests.test_authoritative_flag_consistency_preserves_existing_runner_boundary) ... ok
2026-09-24T05:20:41.2441321Z test_compatible_legacy_reimport_preserves_original_events_and_bytes (test_continuity_artifact_profile.ArtifactProfileTests.test_compatible_legacy_reimport_preserves_original_events_and_bytes) ... ok
2026-09-24T05:20:41.3358426Z test_consumed_input_types_are_checked_before_projection (test_continuity_artifact_profile.ArtifactProfileTests.test_consumed_input_types_are_checked_before_projection) ... ok
2026-09-24T05:20:41.3958517Z test_declaration_and_relation_json_conflicts_fail_atomically (test_continuity_artifact_profile.ArtifactProfileTests.test_declaration_and_relation_json_conflicts_fail_atomically) ... ok
2026-09-24T05:20:41.4381698Z test_descriptor_advertises_profile_without_new_proof_authority (test_continuity_artifact_profile.ArtifactProfileTests.test_descriptor_advertises_profile_without_new_proof_authority) ... ok
2026-09-24T05:20:41.5036733Z test_invalid_legacy_cannot_gain_profile_compatibility_via_ignored_fields (test_continuity_artifact_profile.ArtifactProfileTests.test_invalid_legacy_cannot_gain_profile_compatibility_via_ignored_fields) ... ok
2026-09-24T05:20:41.7103369Z test_json_type_conflicts_are_not_silently_deduped (test_continuity_artifact_profile.ArtifactProfileTests.test_json_type_conflicts_are_not_silently_deduped) ... ok
2026-09-24T05:20:41.7652609Z test_legacy_digest_and_ephemeral_sha_exceptions_survive_profile_adoption (test_continuity_artifact_profile.ArtifactProfileTests.test_legacy_digest_and_ephemeral_sha_exceptions_survive_profile_adoption) ... ok
2026-09-24T05:20:41.9329766Z test_malformed_profile_batches_are_atomic (test_continuity_artifact_profile.ArtifactProfileTests.test_malformed_profile_batches_are_atomic) ... ok
2026-09-24T05:20:41.9918161Z test_mixed_history_replay_and_checkpoint_preserve_legacy_extensions (test_continuity_artifact_profile.ArtifactProfileTests.test_mixed_history_replay_and_checkpoint_preserve_legacy_extensions) ... ok
2026-09-24T05:20:42.0595033Z test_native_producer_profiles_all_five_types_without_promoting_imports (test_continuity_artifact_profile.ArtifactProfileTests.test_native_producer_profiles_all_five_types_without_promoting_imports) ... ok
2026-09-24T05:20:42.1230997Z test_native_reimport_adopts_legacy_without_rewriting_it (test_continuity_artifact_profile.ArtifactProfileTests.test_native_reimport_adopts_legacy_without_rewriting_it) ... ok
2026-09-24T05:20:42.1946545Z test_profile_does_not_hide_real_conflicts_or_other_profiles (test_continuity_artifact_profile.ArtifactProfileTests.test_profile_does_not_hide_real_conflicts_or_other_profiles) ... ok
2026-09-24T05:20:42.2616814Z test_readers_and_old_cache_cannot_bypass_typed_validation (test_continuity_artifact_profile.ArtifactProfileTests.test_readers_and_old_cache_cannot_bypass_typed_validation) ... ok
2026-09-24T05:20:42.3041485Z test_canonical_bytes_match_independent_reference_for_extensions_and_unicode (test_continuity_canonical_integrity.CanonicalIntegrityTests.test_canonical_bytes_match_independent_reference_for_extensions_and_unicode) ... ok
2026-09-24T05:20:42.3046772Z test_corruption_of_any_integrity_input_remains_visible (test_continuity_canonical_integrity.CanonicalIntegrityTests.test_corruption_of_any_integrity_input_remains_visible) ... ok
2026-09-24T05:20:42.3050822Z test_finite_json_and_circular_reference_checks_remain_active (test_continuity_canonical_integrity.CanonicalIntegrityTests.test_finite_json_and_circular_reference_checks_remain_active) ... ok
2026-09-24T05:20:42.3056881Z test_full_validator_encodes_nested_payload_only_once (test_continuity_canonical_integrity.CanonicalIntegrityTests.test_full_validator_encodes_nested_payload_only_once) ... ok
2026-09-24T05:20:42.3075242Z test_missing_or_malformed_identity_still_rejects_and_matches_reference (test_continuity_canonical_integrity.CanonicalIntegrityTests.test_missing_or_malformed_identity_still_rejects_and_matches_reference) ... ok
2026-09-24T05:20:42.3089679Z test_nested_identity_lookalikes_and_missing_actor_match_reference (test_continuity_canonical_integrity.CanonicalIntegrityTests.test_nested_identity_lookalikes_and_missing_actor_match_reference) ... ok
2026-09-24T05:20:42.3093108Z test_nonstandard_python_mapping_keeps_reference_encoding (test_continuity_canonical_integrity.CanonicalIntegrityTests.test_nonstandard_python_mapping_keeps_reference_encoding) ... ok
2026-09-24T05:20:42.3098325Z test_ordinary_validation_needs_one_complete_canonical_encoding (test_continuity_canonical_integrity.CanonicalIntegrityTests.test_ordinary_validation_needs_one_complete_canonical_encoding) ... ok
2026-09-24T05:20:42.3101707Z test_size_limit_counts_utf8_and_hash_member_exactly (test_continuity_canonical_integrity.CanonicalIntegrityTests.test_size_limit_counts_utf8_and_hash_member_exactly) ... ok
2026-09-24T05:20:42.3118594Z test_stream_rejection_closes_file_after_earlier_valid_events (test_continuity_canonical_integrity.CanonicalIntegrityTests.test_stream_rejection_closes_file_after_earlier_valid_events) ... ok
2026-09-24T05:20:42.3666522Z test_byte_budget_counts_utf8_bytes_instead_of_characters (test_continuity_change_paths.ChangePathAdmissionTests.test_byte_budget_counts_utf8_bytes_instead_of_characters) ... ok
2026-09-24T05:20:42.4052491Z test_exact_unicode_whitespace_control_and_backslash_paths (test_continuity_change_paths.ChangePathAdmissionTests.test_exact_unicode_whitespace_control_and_backslash_paths) ... ok
2026-09-24T05:20:42.4622815Z test_file_facts_use_change_identity_trees_not_unrelated_or_missing_commit_hints (test_continuity_change_paths.ChangePathAdmissionTests.test_file_facts_use_change_identity_trees_not_unrelated_or_missing_commit_hints) ... ok
2026-09-24T05:20:42.5509816Z test_forged_coverage_is_rejected_atomically (test_continuity_change_paths.ChangePathAdmissionTests.test_forged_coverage_is_rejected_atomically) ... ok
2026-09-24T05:20:42.6110792Z test_human_context_quotes_paths_without_terminal_control_execution (test_continuity_change_paths.ChangePathAdmissionTests.test_human_context_quotes_paths_without_terminal_control_execution) ... ok
2026-09-24T05:20:42.7666020Z test_installed_cli_reports_safe_exact_and_partial_admission (test_continuity_change_paths.ChangePathAdmissionTests.test_installed_cli_reports_safe_exact_and_partial_admission) ... ok
2026-09-24T05:20:42.8481130Z test_large_changes_keep_bounded_whole_paths_and_explicit_coverage (test_continuity_change_paths.ChangePathAdmissionTests.test_large_changes_keep_bounded_whole_paths_and_explicit_coverage) ... ok
2026-09-24T05:20:42.8838484Z test_unavailable_tree_is_not_presented_as_observed_empty_change (test_continuity_change_paths.ChangePathAdmissionTests.test_unavailable_tree_is_not_presented_as_observed_empty_change) ... ok
2026-09-24T05:20:43.0494355Z test_unknown_legacy_coverage_extension_cannot_crash_context (test_continuity_change_paths.ChangePathAdmissionTests.test_unknown_legacy_coverage_extension_cannot_crash_context) ... ok
2026-09-24T05:20:43.0872410Z test_unrepresentable_names_are_omitted_whole_without_relabeling (test_continuity_change_paths.ChangePathAdmissionTests.test_unrepresentable_names_are_omitted_whole_without_relabeling) ... ok
2026-09-24T05:20:43.1244626Z test_untrusted_commit_hint_cannot_be_a_git_option (test_continuity_change_paths.ChangePathAdmissionTests.test_untrusted_commit_hint_cannot_be_a_git_option) ... ok
2026-09-24T05:20:43.1804427Z test_whole_path_byte_budget_keeps_the_original_event_limit (test_continuity_change_paths.ChangePathAdmissionTests.test_whole_path_byte_budget_keeps_the_original_event_limit) ... ok
2026-09-24T05:20:43.3167548Z test_append_after_validation_is_visible_on_next_context (test_continuity_context_cache.ContinuityContextCacheTests.test_append_after_validation_is_visible_on_next_context) ... ok
2026-09-24T05:20:43.3773699Z test_concurrent_rebuild_cannot_inherit_another_snapshot_digest (test_continuity_context_cache.ContinuityContextCacheTests.test_concurrent_rebuild_cannot_inherit_another_snapshot_digest) ... ok
2026-09-24T05:20:43.4934205Z test_corruption_after_validation_never_becomes_a_trusted_cache_anchor (test_continuity_context_cache.ContinuityContextCacheTests.test_corruption_after_validation_never_becomes_a_trusted_cache_anchor) ... ok
2026-09-24T05:20:43.5554030Z test_hot_cache_detects_historical_tampering_before_serving_context (test_continuity_context_cache.ContinuityContextCacheTests.test_hot_cache_detects_historical_tampering_before_serving_context) ... ok
2026-09-24T05:20:43.5961956Z test_legacy_unvalidated_digest_is_not_trusted_after_upgrade (test_continuity_context_cache.ContinuityContextCacheTests.test_legacy_unvalidated_digest_is_not_trusted_after_upgrade) ... ok
2026-09-24T05:20:43.6666843Z test_legitimate_append_invalidates_cache_and_rebuilds_strictly (test_continuity_context_cache.ContinuityContextCacheTests.test_legitimate_append_invalidates_cache_and_rebuilds_strictly) ... ok
2026-09-24T05:20:43.7071690Z test_rebuilt_state_digest_belongs_to_the_bytes_that_were_validated (test_continuity_context_cache.ContinuityContextCacheTests.test_rebuilt_state_digest_belongs_to_the_bytes_that_were_validated) ... ok
2026-09-24T05:20:43.7514825Z test_unchanged_cache_does_not_reparse_the_journal (test_continuity_context_cache.ContinuityContextCacheTests.test_unchanged_cache_does_not_reparse_the_journal) ... ok
2026-09-24T05:20:43.8463384Z test_citation_tracks_the_exact_assertion_not_the_latest_journal_head (test_continuity_context_sources.ContextSourceTests.test_citation_tracks_the_exact_assertion_not_the_latest_journal_head) ... ok
2026-09-24T05:20:43.9087064Z test_confirmation_cites_its_review_separately_from_the_assertion (test_continuity_context_sources.ContextSourceTests.test_confirmation_cites_its_review_separately_from_the_assertion) ... ok
2026-09-24T05:20:43.9785282Z test_inconsistent_assertion_status_or_details_cannot_be_cited (test_continuity_context_sources.ContextSourceTests.test_inconsistent_assertion_status_or_details_cannot_be_cited) ... ok
2026-09-24T05:20:44.0238907Z test_missing_assertion_row_cannot_produce_a_fabricated_citation (test_continuity_context_sources.ContextSourceTests.test_missing_assertion_row_cannot_produce_a_fabricated_citation) ... ok
2026-09-24T05:20:44.0803089Z test_packet_anchor_and_citations_share_a_read_snapshot (test_continuity_context_sources.ContextSourceTests.test_packet_anchor_and_citations_share_a_read_snapshot) ... ok
2026-09-24T05:20:44.1994833Z test_stale_source_pointer_with_identical_assertions_is_rejected (test_continuity_context_sources.ContextSourceTests.test_stale_source_pointer_with_identical_assertions_is_rejected) ... ok
2026-09-24T05:20:44.1997722Z test_contract_covers_concepts_without_renaming_historical_wire_kinds (test_continuity_contract.ContinuityContractTests.test_contract_covers_concepts_without_renaming_historical_wire_kinds) ... ok
2026-09-24T05:20:44.2014589Z test_discovery_preserves_the_existing_human_relation_boundary (test_continuity_contract.ContinuityContractTests.test_discovery_preserves_the_existing_human_relation_boundary) ... ok
2026-09-24T05:20:44.2019493Z test_exported_metadata_cannot_mutate_live_contract_rules (test_continuity_contract.ContinuityContractTests.test_exported_metadata_cannot_mutate_live_contract_rules) ... ok
2026-09-24T05:20:44.2342868Z test_legacy_extensions_and_projection_lifecycle_survive_reconstruction (test_continuity_contract.ContinuityContractTests.test_legacy_extensions_and_projection_lifecycle_survive_reconstruction) ... ok
2026-09-24T05:20:44.3575145Z test_public_json_discovery_is_repository_independent_read_only_and_language_stable (test_continuity_contract.ContinuityContractTests.test_public_json_discovery_is_repository_independent_read_only_and_language_stable) ... ok
2026-09-24T05:20:44.3931430Z test_corrupt_debt_ledger_never_becomes_project_history (test_continuity_debt_bridge.ContinuityDebtBridgeTests.test_corrupt_debt_ledger_never_becomes_project_history) ... ok
2026-09-24T05:20:44.4779191Z test_full_ledger_lifecycle_projects_idempotently (test_continuity_debt_bridge.ContinuityDebtBridgeTests.test_full_ledger_lifecycle_projects_idempotently) ... ok
2026-09-24T05:20:44.5125794Z test_only_exact_available_base_and_well_formed_tree_can_identify_a_change (test_continuity_debt_bridge.ContinuityDebtBridgeTests.test_only_exact_available_base_and_well_formed_tree_can_identify_a_change) ... ok
2026-09-24T05:20:44.5631110Z test_option_like_historical_report_retains_debt_without_invented_change_link (test_continuity_debt_bridge.ContinuityDebtBridgeTests.test_option_like_historical_report_retains_debt_without_invented_change_link) ... ok
2026-09-24T05:20:44.5761157Z test_both_readers_reject_profile_mismatch_even_with_valid_hashes (test_continuity_declaration_profile.DeclarationProfileTests.test_both_readers_reject_profile_mismatch_even_with_valid_hashes) ... ok
2026-09-24T05:20:44.6060489Z test_cache_from_json_only_validation_cannot_skip_profile_admission (test_continuity_declaration_profile.DeclarationProfileTests.test_cache_from_json_only_validation_cannot_skip_profile_admission) ... ok
2026-09-24T05:20:44.6187314Z test_descriptor_exposes_opt_in_profile_without_claiming_proof_authority (test_continuity_declaration_profile.DeclarationProfileTests.test_descriptor_exposes_opt_in_profile_without_claiming_proof_authority) ... ok
2026-09-24T05:20:44.7082692Z test_invalid_profile_batch_fails_before_any_append (test_continuity_declaration_profile.DeclarationProfileTests.test_invalid_profile_batch_fails_before_any_append) ... ok
2026-09-24T05:20:44.7363156Z test_legacy_extensions_and_typed_events_share_history_without_rewriting (test_continuity_declaration_profile.DeclarationProfileTests.test_legacy_extensions_and_typed_events_share_history_without_rewriting) ... ok
2026-09-24T05:20:44.8170031Z test_native_commands_adopt_profile_and_keep_declared_authority (test_continuity_declaration_profile.DeclarationProfileTests.test_native_commands_adopt_profile_and_keep_declared_authority) ... ok
2026-09-24T05:20:44.8734551Z test_ambiguous_and_nonfinite_source_json_fails_before_append (test_continuity_envelope_admission.EnvelopeAdmissionTests.test_ambiguous_and_nonfinite_source_json_fails_before_append) ... ok
2026-09-24T05:20:44.9570839Z test_legacy_absence_and_idempotency_remain_compatible (test_continuity_envelope_admission.EnvelopeAdmissionTests.test_legacy_absence_and_idempotency_remain_compatible) ... ok
2026-09-24T05:20:45.0610238Z test_malformed_containers_fail_with_controlled_errors (test_continuity_envelope_admission.EnvelopeAdmissionTests.test_malformed_containers_fail_with_controlled_errors) ... ok
2026-09-24T05:20:45.1876364Z test_native_builder_output_remains_importable_and_observed (test_continuity_envelope_admission.EnvelopeAdmissionTests.test_native_builder_output_remains_importable_and_observed) ... ok
2026-09-24T05:20:45.3193431Z test_public_cli_rejects_string_false_without_writing_history (test_continuity_envelope_admission.EnvelopeAdmissionTests.test_public_cli_rejects_string_false_without_writing_history) ... ok
2026-09-24T05:20:45.3832924Z test_valid_false_zero_and_nullable_budget_keep_exact_meaning (test_continuity_envelope_admission.EnvelopeAdmissionTests.test_valid_false_zero_and_nullable_budget_keep_exact_meaning) ... ok
2026-09-24T05:20:45.4909717Z test_wrong_summary_scalars_fail_atomically (test_continuity_envelope_admission.EnvelopeAdmissionTests.test_wrong_summary_scalars_fail_atomically) ... ok
2026-09-24T05:20:45.5336618Z test_conflicting_object_and_path_are_rejected_without_append (test_continuity_envelope_snapshot.EnvelopeSnapshotTests.test_conflicting_object_and_path_are_rejected_without_append) ... ok
2026-09-24T05:20:45.5883151Z test_direct_object_has_no_invented_file_digest (test_continuity_envelope_snapshot.EnvelopeSnapshotTests.test_direct_object_has_no_invented_file_digest) ... ok
2026-09-24T05:20:45.7263938Z test_matching_dual_input_preserves_raw_unicode_and_line_endings (test_continuity_envelope_snapshot.EnvelopeSnapshotTests.test_matching_dual_input_preserves_raw_unicode_and_line_endings) ... ok
2026-09-24T05:20:45.7984811Z test_replacement_or_deletion_after_parse_keeps_parsed_snapshot_digest (test_continuity_envelope_snapshot.EnvelopeSnapshotTests.test_replacement_or_deletion_after_parse_keeps_parsed_snapshot_digest) ... ok
2026-09-24T05:20:45.8443076Z test_supplied_object_cannot_bypass_invalid_or_missing_source (test_continuity_envelope_snapshot.EnvelopeSnapshotTests.test_supplied_object_cannot_bypass_invalid_or_missing_source) ... ok
2026-09-24T05:20:45.9122639Z test_all_branches_include_merge_parents_and_disconnected_roots_without_proof (test_continuity_git_branches.GitBranchHistoryTests.test_all_branches_include_merge_parents_and_disconnected_roots_without_proof) ... Switched to a new branch 'unrelated'
2026-09-24T05:20:46.0126203Z ok
2026-09-24T05:20:46.0797270Z test_cli_resumption_hint_keeps_explicit_message_policy (test_continuity_git_branches.GitBranchHistoryTests.test_cli_resumption_hint_keeps_explicit_message_policy) ... Switched to a new branch 'unrelated'
2026-09-24T05:20:46.1983495Z ok
2026-09-24T05:20:46.2660192Z test_consistent_cursor_cannot_claim_unimported_messages (test_continuity_git_branches.GitBranchHistoryTests.test_consistent_cursor_cannot_claim_unimported_messages) ... Switched to a new branch 'unrelated'
2026-09-24T05:20:46.3157707Z ok
2026-09-24T05:20:46.3844311Z test_consistent_cursor_cannot_skip_unimported_commits (test_continuity_git_branches.GitBranchHistoryTests.test_consistent_cursor_cannot_skip_unimported_commits) ... Switched to a new branch 'unrelated'
2026-09-24T05:20:46.4326779Z ok
2026-09-24T05:20:46.5003892Z test_cursor_prefix_rechecks_corrupt_journal_bytes_with_preserved_size_and_time (test_continuity_git_branches.GitBranchHistoryTests.test_cursor_prefix_rechecks_corrupt_journal_bytes_with_preserved_size_and_time) ... Switched to a new branch 'unrelated'
2026-09-24T05:20:46.5470956Z ok
2026-09-24T05:20:46.6154965Z test_cursor_rejects_invalid_typed_fields_even_with_recomputed_checksum (test_continuity_git_branches.GitBranchHistoryTests.test_cursor_rejects_invalid_typed_fields_even_with_recomputed_checksum) ... Switched to a new branch 'unrelated'
2026-09-24T05:20:46.6669449Z ok
2026-09-24T05:20:46.7350056Z test_declared_messages_remain_opt_in_and_cannot_change_cursor_policy (test_continuity_git_branches.GitBranchHistoryTests.test_declared_messages_remain_opt_in_and_cannot_change_cursor_policy) ... Switched to a new branch 'unrelated'
2026-09-24T05:20:46.7847767Z ok
2026-09-24T05:20:46.8523646Z test_empty_sha256_and_localized_cli_preserve_compatible_modes (test_continuity_git_branches.GitBranchHistoryTests.test_empty_sha256_and_localized_cli_preserve_compatible_modes) ... Switched to a new branch 'unrelated'
2026-09-24T05:20:47.0831010Z ok
2026-09-24T05:20:47.1510289Z test_interruption_and_concurrent_page_imports_retain_journal_integrity (test_continuity_git_branches.GitBranchHistoryTests.test_interruption_and_concurrent_page_imports_retain_journal_integrity) ... Switched to a new branch 'unrelated'
2026-09-24T05:20:47.2768444Z ok
2026-09-24T05:20:47.3456599Z test_invalid_options_and_corrupted_cursor_fail_without_appending (test_continuity_git_branches.GitBranchHistoryTests.test_invalid_options_and_corrupted_cursor_fail_without_appending) ... Switched to a new branch 'unrelated'
2026-09-24T05:20:47.3960123Z ok
2026-09-24T05:20:47.4643044Z test_missing_non_first_parent_and_excessive_branch_capture_fail_before_append (test_continuity_git_branches.GitBranchHistoryTests.test_missing_non_first_parent_and_excessive_branch_capture_fail_before_append) ... Switched to a new branch 'unrelated'
2026-09-24T05:20:47.5364795Z ok
2026-09-24T05:20:47.6047936Z test_remote_tracking_tips_are_included_but_tag_only_history_is_explicitly_outside_scope (test_continuity_git_branches.GitBranchHistoryTests.test_remote_tracking_tips_are_included_but_tag_only_history_is_explicitly_outside_scope) ... Switched to a new branch 'unrelated'
2026-09-24T05:20:47.7233460Z ok
2026-09-24T05:20:47.7913903Z test_shallow_and_grafted_parent_lists_never_claim_complete_history (test_continuity_git_branches.GitBranchHistoryTests.test_shallow_and_grafted_parent_lists_never_claim_complete_history) ... Switched to a new branch 'unrelated'
2026-09-24T05:20:47.9628564Z ok
2026-09-24T05:20:48.0302449Z test_small_pages_retry_idempotently_and_keep_the_captured_tips_after_ref_movement (test_continuity_git_branches.GitBranchHistoryTests.test_small_pages_retry_idempotently_and_keep_the_captured_tips_after_ref_movement) ... Switched to a new branch 'unrelated'
2026-09-24T05:20:48.2590107Z ok
2026-09-24T05:20:48.4964668Z test_blocking_child_is_terminated_at_the_command_deadline (test_continuity_git_history.GitHistoryTests.test_blocking_child_is_terminated_at_the_command_deadline) ... ok
2026-09-24T05:20:48.6371320Z test_cli_rejects_bad_limit_and_imports_unicode_paths (test_continuity_git_history.GitHistoryTests.test_cli_rejects_bad_limit_and_imports_unicode_paths) ... ok
2026-09-24T05:20:48.6819958Z test_corrupt_commit_and_bounded_git_output_fail_before_append (test_continuity_git_history.GitHistoryTests.test_corrupt_commit_and_bounded_git_output_fail_before_append) ... ok
2026-09-24T05:20:48.7609947Z test_empty_and_sha256_repositories_are_supported (test_continuity_git_history.GitHistoryTests.test_empty_and_sha256_repositories_are_supported) ... ok
2026-09-24T05:20:48.8422418Z test_head_advance_and_replacement_objects_cannot_relabel_captured_commit (test_continuity_git_history.GitHistoryTests.test_head_advance_and_replacement_objects_cannot_relabel_captured_commit) ... ok
2026-09-24T05:20:48.9331674Z test_message_truncation_and_path_omission_are_explicit (test_continuity_git_history.GitHistoryTests.test_message_truncation_and_path_omission_are_explicit) ... ok
2026-09-24T05:20:49.0606415Z test_messages_are_separate_declared_opt_in_and_do_not_replace_commit_authority (test_continuity_git_history.GitHistoryTests.test_messages_are_separate_declared_opt_in_and_do_not_replace_commit_authority) ... ok
2026-09-24T05:20:49.1159531Z test_non_utf8_message_retains_only_digest_and_explicit_coverage (test_continuity_git_history.GitHistoryTests.test_non_utf8_message_retains_only_digest_and_explicit_coverage) ... ok
2026-09-24T05:20:49.1673380Z test_oversized_object_and_invalid_ref_cannot_partially_import_a_page (test_continuity_git_history.GitHistoryTests.test_oversized_object_and_invalid_ref_cannot_partially_import_a_page) ... ok
2026-09-24T05:20:49.2802700Z test_page_resumption_is_idempotent_and_excludes_dirty_bytes_and_private_headers (test_continuity_git_history.GitHistoryTests.test_page_resumption_is_idempotent_and_excludes_dirty_bytes_and_private_headers) ... ok
2026-09-24T05:20:49.3701588Z test_preappend_interruption_leaves_page_retryable (test_continuity_git_history.GitHistoryTests.test_preappend_interruption_leaves_page_retryable) ... ok
2026-09-24T05:20:49.4595466Z test_profile_cannot_promote_messages_or_invent_unbound_paths (test_continuity_git_history.GitHistoryTests.test_profile_cannot_promote_messages_or_invent_unbound_paths) ... ok
2026-09-24T05:20:49.5736448Z test_root_and_merge_observe_first_parent_diff_without_importing_side_branch (test_continuity_git_history.GitHistoryTests.test_root_and_merge_observe_first_parent_diff_without_importing_side_branch) ... ok
2026-09-24T05:20:49.7163241Z test_shallow_boundary_is_explicit_and_resumes_after_deepening (test_continuity_git_history.GitHistoryTests.test_shallow_boundary_is_explicit_and_resumes_after_deepening) ... ok
2026-09-24T05:20:49.8270385Z test_corrupt_tree_and_blob_bytes_are_rechecked_after_successful_import (test_continuity_git_lineage.GitLineageTests.test_corrupt_tree_and_blob_bytes_are_rechecked_after_successful_import) ... ok
2026-09-24T05:20:49.9467567Z test_cursor_policy_is_compatible_and_forged_opt_in_cannot_skip_assessments (test_continuity_git_lineage.GitLineageTests.test_cursor_policy_is_compatible_and_forged_opt_in_cannot_skip_assessments) ... ok
2026-09-24T05:20:50.1258741Z test_duplicate_content_copy_edit_and_mode_changes_are_not_silent_identity_merges (test_continuity_git_lineage.GitLineageTests.test_duplicate_content_copy_edit_and_mode_changes_are_not_silent_identity_merges) ... ok
2026-09-24T05:20:50.1837707Z test_excluded_regular_names_still_prevent_false_unique_matches (test_continuity_git_lineage.GitLineageTests.test_excluded_regular_names_still_prevent_false_unique_matches) ... ok
2026-09-24T05:20:50.2650769Z test_existing_assertion_authority_stays_bound_to_its_original_entity (test_continuity_git_lineage.GitLineageTests.test_existing_assertion_authority_stays_bound_to_its_original_entity) ... ok
2026-09-24T05:20:50.5367629Z test_limits_and_preappend_interruption_preserve_atomic_retry (test_continuity_git_lineage.GitLineageTests.test_limits_and_preappend_interruption_preserve_atomic_retry) ... ok
2026-09-24T05:20:50.5931961Z test_nonregular_replacement_is_not_a_removed_path (test_continuity_git_lineage.GitLineageTests.test_nonregular_replacement_is_not_a_removed_path) ... ok
2026-09-24T05:20:50.7406300Z test_opt_in_persists_inferred_relocation_with_exact_binding_and_no_proof_transfer (test_continuity_git_lineage.GitLineageTests.test_opt_in_persists_inferred_relocation_with_exact_binding_and_no_proof_transfer) ... ok
2026-09-24T05:20:50.8222519Z test_profile_rejects_promoted_authority_unbound_paths_and_altered_relations (test_continuity_git_lineage.GitLineageTests.test_profile_rejects_promoted_authority_unbound_paths_and_altered_relations) ... ok
2026-09-24T05:20:50.8822325Z test_profile_validation_has_specific_causes_independent_of_dedupe (test_continuity_git_lineage.GitLineageTests.test_profile_validation_has_specific_causes_independent_of_dedupe) ... ok
2026-09-24T05:20:50.9766631Z test_query_limits_exact_citations_and_journal_corruption (test_continuity_git_lineage.GitLineageTests.test_query_limits_exact_citations_and_journal_corruption) ... ok
2026-09-24T05:20:51.2101651Z test_real_pair_budget_rejects_whole_page_and_deadline_rejects_without_append (test_continuity_git_lineage.GitLineageTests.test_real_pair_budget_rejects_whole_page_and_deadline_rejects_without_append) ... ok
2026-09-24T05:20:51.4823110Z test_rename_back_and_branch_divergence_retain_distinct_cited_observations (test_continuity_git_lineage.GitLineageTests.test_rename_back_and_branch_divergence_retain_distinct_cited_observations) ... ok
2026-09-24T05:20:51.7022725Z test_sha256_root_merge_and_shallow_boundary_preserve_original_meaning (test_continuity_git_lineage.GitLineageTests.test_sha256_root_merge_and_shallow_boundary_preserve_original_meaning) ... ok
2026-09-24T05:20:51.7533676Z test_valid_hash_does_not_admit_malformed_or_unsafe_tree_structure (test_continuity_git_lineage.GitLineageTests.test_valid_hash_does_not_admit_malformed_or_unsafe_tree_structure) ... ok
2026-09-24T05:20:53.4301366Z test_guard_then_codex_stop_same_tree_keeps_current_proof_coherent (test_continuity_guard_native_reverification.GuardNativeReverificationTests.test_guard_then_codex_stop_same_tree_keeps_current_proof_coherent) ... ok
2026-09-24T05:20:53.4896301Z test_bounds_cycles_unknown_nodes_and_repeated_calls_are_deterministic (test_continuity_history.MemoryNavigationTests.test_bounds_cycles_unknown_nodes_and_repeated_calls_are_deterministic) ... ok
2026-09-24T05:20:53.5223698Z test_corrupt_journal_cannot_supply_history_or_reasons (test_continuity_history.MemoryNavigationTests.test_corrupt_journal_cannot_supply_history_or_reasons) ... ok
2026-09-24T05:20:53.5880859Z test_cursor_rejects_wrong_identity_truncation_and_valid_divergent_prefix (test_continuity_history.MemoryNavigationTests.test_cursor_rejects_wrong_identity_truncation_and_valid_divergent_prefix) ... ok
2026-09-24T05:20:53.6331421Z test_depth_and_reason_truncation_are_explicit (test_continuity_history.MemoryNavigationTests.test_depth_and_reason_truncation_are_explicit) ... ok
2026-09-24T05:20:53.6597623Z test_empty_history_and_unknown_identity_are_explicit_without_persistence (test_continuity_history.MemoryNavigationTests.test_empty_history_and_unknown_identity_are_explicit_without_persistence) ... ok
2026-09-24T05:20:53.7055901Z test_exact_citation_opens_original_event_and_rejects_wrong_hash_or_missing_id (test_continuity_history.MemoryNavigationTests.test_exact_citation_opens_original_event_and_rejects_wrong_hash_or_missing_id) ... ok
2026-09-24T05:20:53.8355337Z test_history_byte_bound_preserves_whole_events_and_all_pages (test_continuity_history.MemoryNavigationTests.test_history_byte_bound_preserves_whole_events_and_all_pages) ... ok
2026-09-24T05:20:53.8958642Z test_history_retains_exact_events_and_pages_a_stable_prefix_across_appends (test_continuity_history.MemoryNavigationTests.test_history_retains_exact_events_and_pages_a_stable_prefix_across_appends) ... ok
2026-09-24T05:20:53.9448503Z test_latest_edge_is_selected_with_its_own_source_and_old_event_remains_in_history (test_continuity_history.MemoryNavigationTests.test_latest_edge_is_selected_with_its_own_source_and_old_event_remains_in_history) ... ok
2026-09-24T05:20:54.0042743Z test_public_cli_json_and_french_text_are_read_only_and_escape_recorded_controls (test_continuity_history.MemoryNavigationTests.test_public_cli_json_and_french_text_are_read_only_and_escape_recorded_controls) ... ok
2026-09-24T05:20:54.0295971Z test_public_cli_rejects_non_repository_without_traceback_or_files (test_continuity_history.MemoryNavigationTests.test_public_cli_rejects_non_repository_without_traceback_or_files) ... ok
2026-09-24T05:20:54.0803032Z test_review_does_not_replace_assertion_and_inactive_memory_stays_explicit (test_continuity_history.MemoryNavigationTests.test_review_does_not_replace_assertion_and_inactive_memory_stays_explicit) ... ok
2026-09-24T05:20:54.1343848Z test_why_traverses_both_directions_and_preserves_separate_authorities_and_reasons (test_continuity_history.MemoryNavigationTests.test_why_traverses_both_directions_and_preserves_separate_authorities_and_reasons) ... ok
2026-09-24T05:20:54.2672961Z test_actual_git_delta_is_durable_cited_bidirectional_and_not_proof (test_continuity_impact.ImpactTests.test_actual_git_delta_is_durable_cited_bidirectional_and_not_proof) ... ok
2026-09-24T05:20:54.3967138Z test_actual_partial_path_coverage_keeps_unobserved_expectations_unknown (test_continuity_impact.ImpactTests.test_actual_partial_path_coverage_keeps_unobserved_expectations_unknown) ... ok
2026-09-24T05:20:54.4818622Z test_actual_unavailable_git_tree_and_exact_cited_memory (test_continuity_impact.ImpactTests.test_actual_unavailable_git_tree_and_exact_cited_memory) ... ok
2026-09-24T05:20:54.5951716Z test_dirty_plan_uses_exact_worktree_without_mutating_user_index (test_continuity_impact.ImpactTests.test_dirty_plan_uses_exact_worktree_without_mutating_user_index) ... ok
2026-09-24T05:20:54.6896267Z test_import_rejects_forged_delta_reference_hash_and_authority (test_continuity_impact.ImpactTests.test_import_rejects_forged_delta_reference_hash_and_authority) ... ok
2026-09-24T05:20:54.7568917Z test_invalid_inputs_fail_before_journal_write_and_no_path_aliases (test_continuity_impact.ImpactTests.test_invalid_inputs_fail_before_journal_write_and_no_path_aliases) ... ok
2026-09-24T05:20:54.8373066Z test_missing_git_objects_produce_unknown_not_false_absence (test_continuity_impact.ImpactTests.test_missing_git_objects_produce_unknown_not_false_absence) ... ok
2026-09-24T05:20:55.2977256Z test_real_cli_french_english_show_is_read_only_and_help_has_no_effects (test_continuity_impact.ImpactTests.test_real_cli_french_english_show_is_read_only_and_help_has_no_effects) ... ok
2026-09-24T05:20:55.3842009Z test_recording_plan_after_observed_change_is_not_anticipation (test_continuity_impact.ImpactTests.test_recording_plan_after_observed_change_is_not_anticipation) ... ok
2026-09-24T05:20:55.4700157Z test_unanticipated_path_and_partial_scope_are_explicit (test_continuity_impact.ImpactTests.test_unanticipated_path_and_partial_scope_are_explicit) ... ok
2026-09-24T05:20:55.5691542Z test_append_and_corruption_after_snapshot_never_stamp_unvalidated_bytes (test_continuity_incremental.IncrementalStateTests.test_append_and_corruption_after_snapshot_never_stamp_unvalidated_bytes) ... ok
2026-09-24T05:20:55.6160304Z test_append_checks_old_event_shape_once_and_batch_references_still_reject_atomically (test_continuity_incremental.IncrementalStateTests.test_append_checks_old_event_shape_once_and_batch_references_still_reject_atomically) ... ok
2026-09-24T05:20:55.6692054Z test_append_projects_only_suffix_with_one_validated_snapshot (test_continuity_incremental.IncrementalStateTests.test_append_projects_only_suffix_with_one_validated_snapshot) ... ok
2026-09-24T05:20:55.7291700Z test_busy_sqlite_writer_is_not_replaced_or_silently_rebuilt (test_continuity_incremental.IncrementalStateTests.test_busy_sqlite_writer_is_not_replaced_or_silently_rebuilt) ... ok
2026-09-24T05:20:55.7745187Z test_existing_reader_snapshot_remains_coherent_across_suffix_commit (test_continuity_incremental.IncrementalStateTests.test_existing_reader_snapshot_remains_coherent_across_suffix_commit) ... ok
2026-09-24T05:20:55.8248491Z test_hash_valid_invalid_prefix_reference_rejects_update_and_append (test_continuity_incremental.IncrementalStateTests.test_hash_valid_invalid_prefix_reference_rejects_update_and_append) ... ok
2026-09-24T05:20:55.9794350Z test_legacy_framing_and_duplicate_conflicts_preserve_exact_bytes (test_continuity_incremental.IncrementalStateTests.test_legacy_framing_and_duplicate_conflicts_preserve_exact_bytes) ... ok
2026-09-24T05:20:56.1845244Z test_materializers_and_explicit_rebuild_serialize_before_reading_journal (test_continuity_incremental.IncrementalStateTests.test_materializers_and_explicit_rebuild_serialize_before_reading_journal) ... ok
2026-09-24T05:20:56.3431310Z test_mixed_history_and_citations_match_rebuild_without_reprojecting_prefix (test_continuity_incremental.IncrementalStateTests.test_mixed_history_and_citations_match_rebuild_without_reprojecting_prefix) ... ok
2026-09-24T05:20:56.3911439Z test_same_size_same_mtime_prefix_corruption_is_rejected_and_preserves_state (test_continuity_incremental.IncrementalStateTests.test_same_size_same_mtime_prefix_corruption_is_rejected_and_preserves_state) ... ok
2026-09-24T05:20:56.4504274Z test_suffix_failure_rolls_back_rows_head_digest_and_retry_converges (test_continuity_incremental.IncrementalStateTests.test_suffix_failure_rolls_back_rows_head_digest_and_retry_converges) ... ok
2026-09-24T05:20:56.7260152Z test_truncation_divergence_missing_anchor_and_event_row_damage_reconstruct (test_continuity_incremental.IncrementalStateTests.test_truncation_divergence_missing_anchor_and_event_row_damage_reconstruct) ... ok
2026-09-24T05:20:56.7908377Z test_changed_payload_removes_stale_terms_but_inherited_label_remains_searchable (test_continuity_indexed_context.IndexedContextTests.test_changed_payload_removes_stale_terms_but_inherited_label_remains_searchable) ... ok
2026-09-24T05:20:56.8379367Z test_complete_two_hop_graph_critical_and_component_seeds_survive_selection (test_continuity_indexed_context.IndexedContextTests.test_complete_two_hop_graph_critical_and_component_seeds_survive_selection) ... ok
2026-09-24T05:20:56.8749154Z test_exact_short_id_and_short_component_seed_do_not_depend_on_lexical_tokens (test_continuity_indexed_context.IndexedContextTests.test_exact_short_id_and_short_component_seed_do_not_depend_on_lexical_tokens) ... ok
2026-09-24T05:20:56.9749543Z test_indexed_retrieval_matches_full_scan_on_mixed_graph (test_continuity_indexed_context.IndexedContextTests.test_indexed_retrieval_matches_full_scan_on_mixed_graph) ... ok
2026-09-24T05:20:57.2272003Z test_selective_query_does_not_decode_thousands_of_unrelated_entities (test_continuity_indexed_context.IndexedContextTests.test_selective_query_does_not_decode_thousands_of_unrelated_entities) ... ok
2026-09-24T05:20:57.2610855Z test_cache_from_permissive_parser_cannot_bypass_strict_validation (test_continuity_json_contract.ContinuityJSONContractTests.test_cache_from_permissive_parser_cannot_bypass_strict_validation) ... ok
2026-09-24T05:20:57.2782286Z test_duplicate_members_are_rejected_at_every_nesting_level (test_continuity_json_contract.ContinuityJSONContractTests.test_duplicate_members_are_rejected_at_every_nesting_level) ... ok
2026-09-24T05:20:57.3141748Z test_invalid_checkpoint_does_not_rewrite_local_journal (test_continuity_json_contract.ContinuityJSONContractTests.test_invalid_checkpoint_does_not_rewrite_local_journal) ... ok
2026-09-24T05:20:57.3309980Z test_legacy_non_finite_history_is_rejected_even_with_valid_old_hashes (test_continuity_json_contract.ContinuityJSONContractTests.test_legacy_non_finite_history_is_rejected_even_with_valid_old_hashes) ... ok
2026-09-24T05:20:57.3601436Z test_non_finite_writer_rejects_entire_batch_before_append (test_continuity_json_contract.ContinuityJSONContractTests.test_non_finite_writer_rejects_entire_batch_before_append) ... ok
2026-09-24T05:20:57.3816313Z test_unicode_line_separators_inside_strings_do_not_split_events (test_continuity_json_contract.ContinuityJSONContractTests.test_unicode_line_separators_inside_strings_do_not_split_events) ... ok
2026-09-24T05:20:57.4636283Z test_valid_history_keeps_exact_bytes_identifiers_and_reconstruction (test_continuity_json_contract.ContinuityJSONContractTests.test_valid_history_keeps_exact_bytes_identifiers_and_reconstruction) ... ok
2026-09-24T05:20:57.4637962Z test_component_identity_is_provider_neutral_and_path_safe (test_continuity_kernel.ContinuityKernelTests.test_component_identity_is_provider_neutral_and_path_safe) ... ok
2026-09-24T05:20:57.6178684Z test_context_compiler_joins_human_memory_structure_and_change_evidence (test_continuity_kernel.ContinuityKernelTests.test_context_compiler_joins_human_memory_structure_and_change_evidence) ... ok
2026-09-24T05:20:57.6770599Z test_event_and_state_do_not_store_raw_diff_or_prompt_fields (test_continuity_kernel.ContinuityKernelTests.test_event_and_state_do_not_store_raw_diff_or_prompt_fields) ... ok
2026-09-24T05:20:57.7633130Z test_manual_envelope_cannot_self_promote_proof_to_verified (test_continuity_kernel.ContinuityKernelTests.test_manual_envelope_cannot_self_promote_proof_to_verified) ... ok
2026-09-24T05:20:57.7925169Z test_project_event_log_is_hash_chained_and_tamper_evident (test_continuity_kernel.ContinuityKernelTests.test_project_event_log_is_hash_chained_and_tamper_evident) ... ok
2026-09-24T05:20:57.8244368Z test_python_structure_separates_observed_from_inferred (test_continuity_kernel.ContinuityKernelTests.test_python_structure_separates_observed_from_inferred) ... ok
2026-09-24T05:20:57.8792305Z test_state_db_is_disposable_and_rebuilt_from_events (test_continuity_kernel.ContinuityKernelTests.test_state_db_is_disposable_and_rebuilt_from_events) ... ok
2026-09-24T05:20:57.9327658Z test_accented_query_matches_plain_label_and_french_ligatures (test_continuity_language_retrieval.LanguageRetrievalTests.test_accented_query_matches_plain_label_and_french_ligatures) ... ok
2026-09-24T05:20:57.9476164Z test_ascii_token_behavior_is_preserved (test_continuity_language_retrieval.LanguageRetrievalTests.test_ascii_token_behavior_is_preserved) ... ok
2026-09-24T05:20:58.0463630Z test_compatibility_forms_match_memory_in_both_directions (test_continuity_language_retrieval.LanguageRetrievalTests.test_compatibility_forms_match_memory_in_both_directions) ... ok
2026-09-24T05:20:58.1553993Z test_french_accents_and_canonical_unicode_forms_recall_exact_assertion (test_continuity_language_retrieval.LanguageRetrievalTests.test_french_accents_and_canonical_unicode_forms_recall_exact_assertion) ... ok
2026-09-24T05:20:58.2056988Z test_legacy_index_rebuilds_without_changing_the_journal (test_continuity_language_retrieval.LanguageRetrievalTests.test_legacy_index_rebuilds_without_changing_the_journal) ... ok
2026-09-24T05:20:58.2482186Z test_normalized_terms_do_not_merge_distinct_identities_or_authorities (test_continuity_language_retrieval.LanguageRetrievalTests.test_normalized_terms_do_not_merge_distinct_identities_or_authorities) ... ok
2026-09-24T05:20:58.2887878Z test_query_is_not_persisted_and_unrelated_query_has_no_match (test_continuity_language_retrieval.LanguageRetrievalTests.test_query_is_not_persisted_and_unrelated_query_has_no_match) ... ok
2026-09-24T05:20:58.3546321Z test_replacement_removes_old_normalized_payload_terms (test_continuity_language_retrieval.LanguageRetrievalTests.test_replacement_removes_old_normalized_payload_terms) ... ok
2026-09-24T05:20:58.4153691Z test_retired_memory_is_not_revived_by_normalization (test_continuity_language_retrieval.LanguageRetrievalTests.test_retired_memory_is_not_revived_by_normalization) ... ok
2026-09-24T05:20:58.4607419Z test_short_exact_id_keeps_literal_matching (test_continuity_language_retrieval.LanguageRetrievalTests.test_short_exact_id_keeps_literal_matching) ... ok
2026-09-24T05:20:58.4915492Z test_contract_exposes_both_profiles_without_proof_authority (test_continuity_lifecycle_profiles.LifecycleProfileTests.test_contract_exposes_both_profiles_without_proof_authority) ... ok
2026-09-24T05:20:58.6019438Z test_invalid_profiled_ledger_batch_cannot_append_or_promote_authority (test_continuity_lifecycle_profiles.LifecycleProfileTests.test_invalid_profiled_ledger_batch_cannot_append_or_promote_authority) ... ok
2026-09-24T05:20:58.6804315Z test_malformed_consumed_ledger_values_are_rejected_before_projection (test_continuity_lifecycle_profiles.LifecycleProfileTests.test_malformed_consumed_ledger_values_are_rejected_before_projection) ... ok
2026-09-24T05:20:58.7184154Z test_missing_historical_git_object_and_zero_points_preserve_absence (test_continuity_lifecycle_profiles.LifecycleProfileTests.test_missing_historical_git_object_and_zero_points_preserve_absence) ... ok
2026-09-24T05:20:58.8175490Z test_native_legacy_ledger_reimport_preserves_every_original_byte (test_continuity_lifecycle_profiles.LifecycleProfileTests.test_native_legacy_ledger_reimport_preserves_every_original_byte) ... ok
2026-09-24T05:20:58.8881097Z test_native_legacy_relation_reimport_is_immutable (test_continuity_lifecycle_profiles.LifecycleProfileTests.test_native_legacy_relation_reimport_is_immutable) ... ok
2026-09-24T05:20:58.9479026Z test_profile_adoption_does_not_mask_real_ledger_or_relation_conflicts (test_continuity_lifecycle_profiles.LifecycleProfileTests.test_profile_adoption_does_not_mask_real_ledger_or_relation_conflicts) ... ok
2026-09-24T05:20:59.0429588Z test_public_relation_preserves_source_authority_and_payload (test_continuity_lifecycle_profiles.LifecycleProfileTests.test_public_relation_preserves_source_authority_and_payload) ... ok
2026-09-24T05:20:59.0992532Z test_readers_checkpoints_and_old_cache_reject_hash_valid_invalid_profile (test_continuity_lifecycle_profiles.LifecycleProfileTests.test_readers_checkpoints_and_old_cache_reject_hash_valid_invalid_profile) ... ok
2026-09-24T05:20:59.1884372Z test_real_six_state_lifecycle_is_profiled_idempotent_and_replayable (test_continuity_lifecycle_profiles.LifecycleProfileTests.test_real_six_state_lifecycle_is_profiled_idempotent_and_replayable) ... ok
2026-09-24T05:20:59.2582476Z test_relation_profile_rejects_promotion_missing_provenance_and_invalid_edges (test_continuity_lifecycle_profiles.LifecycleProfileTests.test_relation_profile_rejects_promotion_missing_provenance_and_invalid_edges) ... ok
2026-09-24T05:20:59.2772024Z test_denial_followed_by_live_owner_does_not_authorize_entry (test_continuity_lock.EventLockTests.test_denial_followed_by_live_owner_does_not_authorize_entry) ... ok
2026-09-24T05:20:59.2953298Z test_non_windows_permission_denial_is_not_retried (test_continuity_lock.EventLockTests.test_non_windows_permission_denial_is_not_retried) ... ok
2026-09-24T05:20:59.3139320Z test_persistent_denial_cannot_enter_mutate_or_remove_foreign_lock (test_continuity_lock.EventLockTests.test_persistent_denial_cannot_enter_mutate_or_remove_foreign_lock) ... ok
2026-09-24T05:20:59.3879492Z test_transient_windows_create_denial_retries_exclusively_before_append (test_continuity_lock.EventLockTests.test_transient_windows_create_denial_retries_exclusively_before_append) ... ok
2026-09-24T05:20:59.4217755Z test_debt_refresh_never_promotes_replacement_measurement (test_continuity_memory_authority.MemoryAuthorityTests.test_debt_refresh_never_promotes_replacement_measurement) ... ok
2026-09-24T05:20:59.5046716Z test_legacy_materialization_is_rebuilt_without_journal_mutation (test_continuity_memory_authority.MemoryAuthorityTests.test_legacy_materialization_is_rebuilt_without_journal_mutation) ... ok
2026-09-24T05:21:00.3811086Z test_real_proof_cannot_certify_a_later_public_cli_declaration (test_continuity_memory_authority.MemoryAuthorityTests.test_real_proof_cannot_certify_a_later_public_cli_declaration) ... ok
2026-09-24T05:21:00.4214310Z test_relation_only_event_does_not_replace_source_entity (test_continuity_memory_authority.MemoryAuthorityTests.test_relation_only_event_does_not_replace_source_entity) ... ok
2026-09-24T05:21:00.4554130Z test_relation_update_never_inherits_authority_for_new_metadata (test_continuity_memory_authority.MemoryAuthorityTests.test_relation_update_never_inherits_authority_for_new_metadata) ... ok
2026-09-24T05:21:00.5594418Z test_replacement_facts_carry_their_own_authority_and_provenance (test_continuity_memory_authority.MemoryAuthorityTests.test_replacement_facts_carry_their_own_authority_and_provenance) ... ok
2026-09-24T05:21:00.6037661Z test_batch_write_failure_preserves_existing_database_and_all_journal_bytes (test_continuity_projection_batches.ProjectionBatchTests.test_batch_write_failure_preserves_existing_database_and_all_journal_bytes) ... ok
2026-09-24T05:21:01.2839612Z test_bounded_batches_equal_sequential_projection_across_updates_and_lifecycle (test_continuity_projection_batches.ProjectionBatchTests.test_bounded_batches_equal_sequential_projection_across_updates_and_lifecycle) ... ok
2026-09-24T05:21:01.3800323Z test_abbreviated_month_dates_never_become_path_terms (test_continuity_questions.MemoryQuestionTests.test_abbreviated_month_dates_never_become_path_terms) ... ok
2026-09-24T05:21:01.7647829Z test_actual_cli_bilingual_json_is_identical_and_help_has_no_writes (test_continuity_questions.MemoryQuestionTests.test_actual_cli_bilingual_json_is_identical_and_help_has_no_writes) ... ok
2026-09-24T05:21:01.8729064Z test_adjacent_period_question_clauses_preserve_dotted_names (test_continuity_questions.MemoryQuestionTests.test_adjacent_period_question_clauses_preserve_dotted_names) ... ok
2026-09-24T05:21:01.9333175Z test_ambiguous_dependency_targets_abstain_unless_literal_identity_is_given (test_continuity_questions.MemoryQuestionTests.test_ambiguous_dependency_targets_abstain_unless_literal_identity_is_given) ... ok
2026-09-24T05:21:02.0192743Z test_bare_iso_bound_retains_terminal_sentence_punctuation (test_continuity_questions.MemoryQuestionTests.test_bare_iso_bound_retains_terminal_sentence_punctuation) ... ok
2026-09-24T05:21:02.0787532Z test_bounds_determinism_literal_entity_and_corrupt_journal_fail_closed (test_continuity_questions.MemoryQuestionTests.test_bounds_determinism_literal_entity_and_corrupt_journal_fail_closed) ... ok
2026-09-24T05:21:02.1450614Z test_car_is_allowed_in_incoming_target_names (test_continuity_questions.MemoryQuestionTests.test_car_is_allowed_in_incoming_target_names) ... ok
2026-09-24T05:21:02.1933614Z test_changes_require_all_search_terms_not_a_shared_generic_word (test_continuity_questions.MemoryQuestionTests.test_changes_require_all_search_terms_not_a_shared_generic_word) ... ok
2026-09-24T05:21:02.2725201Z test_clock_qualifiers_do_not_become_matching_path_components (test_continuity_questions.MemoryQuestionTests.test_clock_qualifiers_do_not_become_matching_path_components) ... ok
2026-09-24T05:21:02.3245292Z test_colon_separated_question_forms_abstain_with_literal_entity (test_continuity_questions.MemoryQuestionTests.test_colon_separated_question_forms_abstain_with_literal_entity) ... ok
2026-09-24T05:21:02.5251688Z test_compact_fiscal_and_quarter_periods_never_become_path_terms (test_continuity_questions.MemoryQuestionTests.test_compact_fiscal_and_quarter_periods_never_become_path_terms) ... ok
2026-09-24T05:21:02.5739704Z test_compound_dependency_questions_do_not_ignore_outgoing_clause (test_continuity_questions.MemoryQuestionTests.test_compound_dependency_questions_do_not_ignore_outgoing_clause) ... ok
2026-09-24T05:21:02.6117619Z test_conjoined_remember_is_a_command_not_a_noun_name_suffix (test_continuity_questions.MemoryQuestionTests.test_conjoined_remember_is_a_command_not_a_noun_name_suffix) ... ok
2026-09-24T05:21:02.9040798Z test_conjunctive_names_preserve_intent_words_and_exact_sources (test_continuity_questions.MemoryQuestionTests.test_conjunctive_names_preserve_intent_words_and_exact_sources) ... ok
2026-09-24T05:21:03.0422074Z test_dependency_entity_names_do_not_become_other_intents (test_continuity_questions.MemoryQuestionTests.test_dependency_entity_names_do_not_become_other_intents) ... ok
2026-09-24T05:21:03.1014585Z test_dependency_target_uses_all_distinguishing_terms (test_continuity_questions.MemoryQuestionTests.test_dependency_target_uses_all_distinguishing_terms) ... ok
2026-09-24T05:21:03.3169321Z test_dependency_verb_words_in_names_are_not_embedded_clauses (test_continuity_questions.MemoryQuestionTests.test_dependency_verb_words_in_names_are_not_embedded_clauses) ... ok
2026-09-24T05:21:03.4325218Z test_dotted_software_versions_are_not_unintroduced_date_filters (test_continuity_questions.MemoryQuestionTests.test_dotted_software_versions_are_not_unintroduced_date_filters) ... ok
2026-09-24T05:21:03.6224810Z test_entity_intent_words_are_preserved_in_why_and_explicit_memory (test_continuity_questions.MemoryQuestionTests.test_entity_intent_words_are_preserved_in_why_and_explicit_memory) ... ok
2026-09-24T05:21:03.6747206Z test_explicit_bound_does_not_erase_question_side_time_constraints (test_continuity_questions.MemoryQuestionTests.test_explicit_bound_does_not_erase_question_side_time_constraints) ... ok
2026-09-24T05:21:03.7362221Z test_explicit_dotted_date_constraints_do_not_become_version_terms (test_continuity_questions.MemoryQuestionTests.test_explicit_dotted_date_constraints_do_not_become_version_terms) ... ok
2026-09-24T05:21:03.8912158Z test_explicit_empty_bounds_have_bounded_cli_rejection (test_continuity_questions.MemoryQuestionTests.test_explicit_empty_bounds_have_bounded_cli_rejection) ... ok
2026-09-24T05:21:03.9157907Z test_explicit_empty_bounds_raise_instead_of_becoming_unbounded (test_continuity_questions.MemoryQuestionTests.test_explicit_empty_bounds_raise_instead_of_becoming_unbounded) ... ok
2026-09-24T05:21:04.1935159Z test_extreme_timezone_bounds_have_bounded_cli_rejection (test_continuity_questions.MemoryQuestionTests.test_extreme_timezone_bounds_have_bounded_cli_rejection) ... ok
2026-09-24T05:21:04.2418700Z test_french_english_why_cite_exact_reason_without_promoting_it (test_continuity_questions.MemoryQuestionTests.test_french_english_why_cite_exact_reason_without_promoting_it) ... ok
2026-09-24T05:21:04.2934301Z test_import_and_call_questions_cannot_fall_back_to_memory (test_continuity_questions.MemoryQuestionTests.test_import_and_call_questions_cannot_fall_back_to_memory) ... ok
2026-09-24T05:21:04.3418212Z test_inactive_edge_cannot_make_an_active_unknown_target_ambiguous (test_continuity_questions.MemoryQuestionTests.test_inactive_edge_cannot_make_an_active_unknown_target_ambiguous) ... ok
2026-09-24T05:21:04.3896822Z test_inactive_source_cannot_name_an_unknown_target_for_an_active_edge (test_continuity_questions.MemoryQuestionTests.test_inactive_source_cannot_name_an_unknown_target_for_an_active_edge) ... ok
2026-09-24T05:21:04.4535457Z test_incoming_dependencies_have_exact_relation_source_and_direction (test_continuity_questions.MemoryQuestionTests.test_incoming_dependencies_have_exact_relation_source_and_direction) ... ok
2026-09-24T05:21:04.5678132Z test_iso_date_substrings_remain_literal_entity_identifiers (test_continuity_questions.MemoryQuestionTests.test_iso_date_substrings_remain_literal_entity_identifiers) ... ok
2026-09-24T05:21:04.6434738Z test_literal_entity_does_not_erase_unmatched_question_terms (test_continuity_questions.MemoryQuestionTests.test_literal_entity_does_not_erase_unmatched_question_terms) ... ok
2026-09-24T05:21:04.6995378Z test_missing_reason_unrelated_question_and_ambiguous_dates_abstain (test_continuity_questions.MemoryQuestionTests.test_missing_reason_unrelated_question_and_ambiguous_dates_abstain) ... ok
2026-09-24T05:21:04.7851598Z test_mixed_intents_never_choose_one_partial_answer (test_continuity_questions.MemoryQuestionTests.test_mixed_intents_never_choose_one_partial_answer) ... ok
2026-09-24T05:21:04.8642933Z test_named_zone_clocks_never_become_path_terms (test_continuity_questions.MemoryQuestionTests.test_named_zone_clocks_never_become_path_terms) ... ok
2026-09-24T05:21:04.9117650Z test_natural_date_with_time_qualification_never_becomes_midnight (test_continuity_questions.MemoryQuestionTests.test_natural_date_with_time_qualification_never_becomes_midnight) ... ok
2026-09-24T05:21:04.9726377Z test_non_iso_hyphenated_dates_never_become_path_terms (test_continuity_questions.MemoryQuestionTests.test_non_iso_hyphenated_dates_never_become_path_terms) ... ok
2026-09-24T05:21:05.1115659Z test_numeric_technology_and_compound_identifiers_are_not_year_filters (test_continuity_questions.MemoryQuestionTests.test_numeric_technology_and_compound_identifiers_are_not_year_filters) ... ok
2026-09-24T05:21:05.1595931Z test_outgoing_dependency_wording_abstains_in_both_languages (test_continuity_questions.MemoryQuestionTests.test_outgoing_dependency_wording_abstains_in_both_languages) ... ok
2026-09-24T05:21:05.3172493Z test_oversized_context_refuses_instead_of_cutting_reason_or_citation (test_continuity_questions.MemoryQuestionTests.test_oversized_context_refuses_instead_of_cutting_reason_or_citation) ... ok
2026-09-24T05:21:05.4347456Z test_partial_iso_and_day_constraints_never_become_unbounded_paths (test_continuity_questions.MemoryQuestionTests.test_partial_iso_and_day_constraints_never_become_unbounded_paths) ... ok
2026-09-24T05:21:05.5251581Z test_prefixed_compound_memory_commands_never_become_name_terms (test_continuity_questions.MemoryQuestionTests.test_prefixed_compound_memory_commands_never_become_name_terms) ... ok
2026-09-24T05:21:05.6079641Z test_punctuation_bearing_technology_names_remain_distinct (test_continuity_questions.MemoryQuestionTests.test_punctuation_bearing_technology_names_remain_distinct) ... ok
2026-09-24T05:21:05.6734795Z test_quarters_and_unqualified_years_never_match_path_years_as_time (test_continuity_questions.MemoryQuestionTests.test_quarters_and_unqualified_years_never_match_path_years_as_time) ... ok
2026-09-24T05:21:05.7142916Z test_query_and_recorded_instructions_remain_data_without_side_effects (test_continuity_questions.MemoryQuestionTests.test_query_and_recorded_instructions_remain_data_without_side_effects) ... ok
2026-09-24T05:21:05.7668580Z test_relative_constraints_are_checked_for_every_question_kind (test_continuity_questions.MemoryQuestionTests.test_relative_constraints_are_checked_for_every_question_kind) ... ok
2026-09-24T05:21:05.8457607Z test_relative_time_phrases_do_not_return_all_changes (test_continuity_questions.MemoryQuestionTests.test_relative_time_phrases_do_not_return_all_changes) ... ok
2026-09-24T05:21:06.0543232Z test_remaining_relative_phrases_abstain_with_or_without_entity (test_continuity_questions.MemoryQuestionTests.test_remaining_relative_phrases_abstain_with_or_without_entity) ... ok
2026-09-24T05:21:06.1317998Z test_repeated_same_intent_clauses_abstain_even_with_literal_entity (test_continuity_questions.MemoryQuestionTests.test_repeated_same_intent_clauses_abstain_even_with_literal_entity) ... ok
2026-09-24T05:21:06.2492522Z test_resolved_unknown_target_keeps_every_active_incoming_edge (test_continuity_questions.MemoryQuestionTests.test_resolved_unknown_target_keeps_every_active_incoming_edge) ... ok
2026-09-24T05:21:06.3001951Z test_retired_assertion_is_not_current_answer_and_confirmed_source_is_cited (test_continuity_questions.MemoryQuestionTests.test_retired_assertion_is_not_current_answer_and_confirmed_source_is_cited) ... ok
2026-09-24T05:21:06.3478135Z test_season_named_technology_without_period_qualifier_is_queryable (test_continuity_questions.MemoryQuestionTests.test_season_named_technology_without_period_qualifier_is_queryable) ... ok
2026-09-24T05:21:06.4245484Z test_short_query_terms_distinguish_versions_and_single_letter_names (test_continuity_questions.MemoryQuestionTests.test_short_query_terms_distinguish_versions_and_single_letter_names) ... ok
2026-09-24T05:21:06.5882382Z test_spaced_standard_identifiers_are_not_standalone_years (test_continuity_questions.MemoryQuestionTests.test_spaced_standard_identifiers_are_not_standalone_years) ... ok
2026-09-24T05:21:06.6374806Z test_temporal_changes_use_recorded_instants_and_preserve_unknown_coverage (test_continuity_questions.MemoryQuestionTests.test_temporal_changes_use_recorded_instants_and_preserve_unknown_coverage) ... ok
2026-09-24T05:21:06.6866423Z test_unicode_query_terms_are_not_silently_discarded (test_continuity_questions.MemoryQuestionTests.test_unicode_query_terms_are_not_silently_discarded) ... ok
2026-09-24T05:21:06.7558765Z test_unknown_auto_intent_abstains_but_explicit_memory_lookup_remains (test_continuity_questions.MemoryQuestionTests.test_unknown_auto_intent_abstains_but_explicit_memory_lookup_remains) ... ok
2026-09-24T05:21:06.8168659Z test_unsupported_named_period_bounds_abstain (test_continuity_questions.MemoryQuestionTests.test_unsupported_named_period_bounds_abstain) ... ok
2026-09-24T05:21:07.0353578Z test_weekends_seasons_and_long_relative_periods_abstain (test_continuity_questions.MemoryQuestionTests.test_weekends_seasons_and_long_relative_periods_abstain) ... ok
2026-09-24T05:21:07.0834539Z test_why_requires_all_search_terms_not_a_shared_generic_word (test_continuity_questions.MemoryQuestionTests.test_why_requires_all_search_terms_not_a_shared_generic_word) ... ok
2026-09-24T05:21:07.1902284Z test_word_clock_and_unsupported_at_constraints_abstain (test_continuity_questions.MemoryQuestionTests.test_word_clock_and_unsupported_at_constraints_abstain) ... ok
2026-09-24T05:21:07.2327790Z test_year_only_from_bound_cannot_match_a_year_in_recorded_paths (test_continuity_questions.MemoryQuestionTests.test_year_only_from_bound_cannot_match_a_year_in_recorded_paths) ... ok
2026-09-24T05:21:07.2742950Z test_fallback_keeps_its_minimum_term_length (test_continuity_related_changes.ContinuityRelatedChangeTests.test_fallback_keeps_its_minimum_term_length) ... ok
2026-09-24T05:21:07.5792283Z test_french_ligatures_match_recorded_file_names_in_both_directions (test_continuity_related_changes.ContinuityRelatedChangeTests.test_french_ligatures_match_recorded_file_names_in_both_directions) ... ok
2026-09-24T05:21:07.6225367Z test_human_calcul_query_recovers_verified_calculator_change (test_continuity_related_changes.ContinuityRelatedChangeTests.test_human_calcul_query_recovers_verified_calculator_change) ... ok
2026-09-24T05:21:07.6655935Z test_unrelated_query_does_not_return_recent_change_just_because_it_is_recent (test_continuity_related_changes.ContinuityRelatedChangeTests.test_unrelated_query_does_not_return_recent_change_just_because_it_is_recent) ... ok
2026-09-24T05:21:07.7115905Z test_bridge_reverification_keeps_one_change_and_advances_current_proof (test_continuity_reverification.ContinuityReverificationTests.test_bridge_reverification_keeps_one_change_and_advances_current_proof) ... ok
2026-09-24T05:21:07.7486588Z test_same_tree_change_accepts_new_certificate_despite_new_snapshot_shas (test_continuity_reverification.ContinuityReverificationTests.test_same_tree_change_accepts_new_certificate_despite_new_snapshot_shas) ... ok
2026-09-24T05:21:07.7515764Z test_deferred_indexes_keep_constraints_and_exact_final_schema (test_continuity_schema_transaction.SchemaTransactionTests.test_deferred_indexes_keep_constraints_and_exact_final_schema) ... ok
2026-09-24T05:21:07.8058218Z test_failed_rebuild_preserves_old_state_and_cleans_temporary_database (test_continuity_schema_transaction.SchemaTransactionTests.test_failed_rebuild_preserves_old_state_and_cleans_temporary_database) ... ok
2026-09-24T05:21:07.8607067Z test_late_index_failure_keeps_previous_projection_and_journal (test_continuity_schema_transaction.SchemaTransactionTests.test_late_index_failure_keeps_previous_projection_and_journal) ... ok
2026-09-24T05:21:07.8619587Z test_schema_and_rows_can_be_rolled_back_together (test_continuity_schema_transaction.SchemaTransactionTests.test_schema_and_rows_can_be_rolled_back_together) ... ok
2026-09-24T05:21:07.9054486Z test_v8_lexical_table_rebuild_preserves_terms_and_journal (test_continuity_schema_transaction.SchemaTransactionTests.test_v8_lexical_table_rebuild_preserves_terms_and_journal) ... ok
2026-09-24T05:21:07.9065774Z test_classification_is_conservative_and_state_is_outside_project (test_continuity_task_session.ContinuityTaskSessionTests.test_classification_is_conservative_and_state_is_outside_project) ... ok
2026-09-24T05:21:07.9081328Z test_short_followup_keeps_anchor_and_task_identity (test_continuity_task_session.ContinuityTaskSessionTests.test_short_followup_keeps_anchor_and_task_identity) ... ok
2026-09-24T05:21:07.9102862Z test_substantive_focus_stays_inside_task_until_explicit_pivot (test_continuity_task_session.ContinuityTaskSessionTests.test_substantive_focus_stays_inside_task_until_explicit_pivot) ... ok
2026-09-24T05:21:07.9106289Z test_task_id_has_frozen_cross_runtime_vector (test_continuity_task_session.ContinuityTaskSessionTests.test_task_id_has_frozen_cross_runtime_vector) ... ok
2026-09-24T05:21:08.0377682Z test_boundary_participation_keeps_pivots_and_excludes_other_sessions_and_boundaries (test_continuity_tasks.DurableTaskTests.test_boundary_participation_keeps_pivots_and_excludes_other_sessions_and_boundaries) ... ok
2026-09-24T05:21:08.4565105Z test_explicit_task_cli_description_link_and_history_retrieval (test_continuity_tasks.DurableTaskTests.test_explicit_task_cli_description_link_and_history_retrieval) ... ok
2026-09-24T05:21:08.5283878Z test_hash_valid_broken_references_are_rejected_by_readers_checkpoints_and_old_cache (test_continuity_tasks.DurableTaskTests.test_hash_valid_broken_references_are_rejected_by_readers_checkpoints_and_old_cache) ... ok
2026-09-24T05:21:09.4241630Z test_installed_guided_technical_french_and_english_context_show_declared_task (test_continuity_tasks.DurableTaskTests.test_installed_guided_technical_french_and_english_context_show_declared_task) ... ok
2026-09-24T05:21:09.5373672Z test_invalid_or_cross_task_reference_aborts_whole_envelope_batch (test_continuity_tasks.DurableTaskTests.test_invalid_or_cross_task_reference_aborts_whole_envelope_batch) ... ok
2026-09-24T05:21:09.6272172Z test_lost_native_participant_stays_degraded_after_a_later_successful_prompt (test_continuity_tasks.DurableTaskTests.test_lost_native_participant_stays_degraded_after_a_later_successful_prompt) ... ok
2026-09-24T05:21:09.7481475Z test_native_link_is_atomic_idempotent_observed_and_survives_session_cleanup (test_continuity_tasks.DurableTaskTests.test_native_link_is_atomic_idempotent_observed_and_survives_session_cleanup) ... ok
2026-09-24T05:21:10.0323076Z test_native_link_rejects_extra_text_and_preserves_description (test_continuity_tasks.DurableTaskTests.test_native_link_rejects_extra_text_and_preserves_description) ... ok
2026-09-24T05:21:10.1017080Z test_native_prompt_persists_stable_identity_without_raw_prompt_or_session (test_continuity_tasks.DurableTaskTests.test_native_prompt_persists_stable_identity_without_raw_prompt_or_session) ... ok
2026-09-24T05:21:10.3416649Z test_native_task_can_be_explicitly_described_without_reimport_conflict (test_continuity_tasks.DurableTaskTests.test_native_task_can_be_explicitly_described_without_reimport_conflict) ... ok
2026-09-24T05:21:10.4039373Z test_profile_rejects_raw_prompt_extensions_and_authority_promotion (test_continuity_tasks.DurableTaskTests.test_profile_rejects_raw_prompt_extensions_and_authority_promotion) ... ok
2026-09-24T05:21:10.6556702Z test_task_cli_unknown_links_fail_without_changing_history (test_continuity_tasks.DurableTaskTests.test_task_cli_unknown_links_fail_without_changing_history) ... ok
2026-09-24T05:21:10.7627506Z test_task_identity_cannot_replace_existing_entity_and_unprofiled_extensions_keep_projection (test_continuity_tasks.DurableTaskTests.test_task_identity_cannot_replace_existing_entity_and_unprofiled_extensions_keep_projection) ... ok
2026-09-24T05:21:10.8255127Z test_checkpoint_is_idempotent_and_never_moves_head (test_continuity_transport.ContinuityTransportTests.test_checkpoint_is_idempotent_and_never_moves_head) ... ok
2026-09-24T05:21:11.0681029Z test_concurrent_remote_update_is_never_force_overwritten (test_continuity_transport.ContinuityTransportTests.test_concurrent_remote_update_is_never_force_overwritten) ... ok
2026-09-24T05:21:11.3237493Z test_divergent_project_histories_fail_closed (test_continuity_transport.ContinuityTransportTests.test_divergent_project_histories_fail_closed) ... ok
2026-09-24T05:21:11.4634118Z test_push_then_fresh_clone_pull_restores_exact_history_without_touching_code_head (test_continuity_transport.ContinuityTransportTests.test_push_then_fresh_clone_pull_restores_exact_history_without_touching_code_head) ... ok
2026-09-24T05:21:11.4635873Z test_action_binds_policy_to_base_revision_not_candidate_config (test_debt_action.DebtActionContractTests.test_action_binds_policy_to_base_revision_not_candidate_config) ... ok
2026-09-24T05:21:11.4637403Z test_action_exposes_proof_and_debt_outputs (test_debt_action.DebtActionContractTests.test_action_exposes_proof_and_debt_outputs) ... ok
2026-09-24T05:21:11.4638926Z test_action_restores_but_never_pushes_cumulative_ledger (test_debt_action.DebtActionContractTests.test_action_restores_but_never_pushes_cumulative_ledger) ... ok
2026-09-24T05:21:11.4661659Z test_existing_lineage_is_not_double_counted (test_debt_budget.DebtBudgetTests.test_existing_lineage_is_not_double_counted) ... ok
2026-09-24T05:21:11.4680747Z test_total_change_and_category_limits (test_debt_budget.DebtBudgetTests.test_total_change_and_category_limits) ... ok
2026-09-24T05:21:11.4699756Z test_explicit_accounting_can_record_a_real_over_budget_change (test_debt_budget_transaction.DebtBudgetTransactionTests.test_explicit_accounting_can_record_a_real_over_budget_change) ... ok
2026-09-24T05:21:11.4707557Z test_read_only_atomic_budget_check_does_not_mutate (test_debt_budget_transaction.DebtBudgetTransactionTests.test_read_only_atomic_budget_check_does_not_mutate) ... ok
2026-09-24T05:21:11.4730479Z test_two_stale_agents_cannot_both_consume_the_same_remaining_budget (test_debt_budget_transaction.DebtBudgetTransactionTests.test_two_stale_agents_cannot_both_consume_the_same_remaining_budget) ... ok
2026-09-24T05:21:11.5040815Z test_assurance_certificate_must_be_content_addressed_and_tree_bound (test_debt_certificate.DebtCertificateTests.test_assurance_certificate_must_be_content_addressed_and_tree_bound) ... ok
2026-09-24T05:21:11.5265019Z test_noop_certificate_is_rehashed_and_requires_candidate_binding (test_debt_certificate.DebtCertificateTests.test_noop_certificate_is_rehashed_and_requires_candidate_binding) ... ok
2026-09-24T05:21:11.6022110Z test_acceptance_requires_reason_and_remains_visible (test_debt_cli.DebtCliTests.test_acceptance_requires_reason_and_remains_visible) ... ok
2026-09-24T05:21:11.6576965Z test_debt_records_local_git_ledger_and_plan_surfaces_it (test_debt_cli.DebtCliTests.test_debt_records_local_git_ledger_and_plan_surfaces_it) ... ok
2026-09-24T05:21:11.6933061Z test_forged_certificate_cannot_waive_change_debt (test_debt_cli.DebtCliTests.test_forged_certificate_cannot_waive_change_debt) ... ok
2026-09-24T05:21:11.7597833Z test_health_trend_and_ledger_show_are_human_readable (test_debt_cli.DebtCliTests.test_health_trend_and_ledger_show_are_human_readable) ... ok
2026-09-24T05:21:11.7615244Z test_nested_diffwitness_debt_supported (test_debt_config.DebtConfigTests.test_nested_diffwitness_debt_supported) ... ok
2026-09-24T05:21:11.7632957Z test_top_level_debt_and_category_tables_normalize (test_debt_config.DebtConfigTests.test_top_level_debt_and_category_tables_normalize) ... ok
2026-09-24T05:21:11.7637757Z test_unknown_debt_key_fails_closed (test_debt_config.DebtConfigTests.test_unknown_debt_key_fails_closed) ... ok
2026-09-24T05:21:11.7999253Z test_tampered_certificate_fails_before_accounting (test_debt_entry.DebtEntryTests.test_tampered_certificate_fails_before_accounting) ... ok
2026-09-24T05:21:11.8029176Z test_trend_reconstructs_prior_balance_from_events (test_debt_history.DebtHistoryTests.test_trend_reconstructs_prior_balance_from_events) ... ok
2026-09-24T05:21:11.8408873Z test_health_does_not_count_duplicate_blocks_only_in_test_fixtures (test_debt_integrity.DebtIntegrityTests.test_health_does_not_count_duplicate_blocks_only_in_test_fixtures) ... ok
2026-09-24T05:21:11.8850042Z test_health_filters_function_local_python_cycle_but_keeps_real_import_cycle (test_debt_integrity.DebtIntegrityTests.test_health_filters_function_local_python_cycle_but_keeps_real_import_cycle) ... ok
2026-09-24T05:21:11.9340153Z test_health_scan_is_bound_to_the_dirty_worktree_it_actually_reads (test_debt_integrity.DebtIntegrityTests.test_health_scan_is_bound_to_the_dirty_worktree_it_actually_reads) ... ok
2026-09-24T05:21:12.0522181Z test_mutation_recheck_cleans_control_run_side_effects_before_counterfactual (test_debt_integrity.DebtIntegrityTests.test_mutation_recheck_cleans_control_run_side_effects_before_counterfactual) ... ok
2026-09-24T05:21:12.0524143Z test_dedupe_keeps_strongest_same_lineage (test_debt_models.DebtModelTests.test_dedupe_keeps_strongest_same_lineage) ... ok
2026-09-24T05:21:12.0525439Z test_report_is_additive_and_explicit (test_debt_models.DebtModelTests.test_report_is_additive_and_explicit) ... ok
2026-09-24T05:21:12.0527133Z test_stable_identity_ignores_explanation_and_points (test_debt_models.DebtModelTests.test_stable_identity_ignores_explanation_and_points) ... ok
2026-09-24T05:21:12.0750051Z test_plan_separates_automatic_repayment_from_manual_review (test_debt_planning.DebtPlanningTests.test_plan_separates_automatic_repayment_from_manual_review) ... ok
2026-09-24T05:21:12.0968038Z test_repay_all_ignores_manual_backlog_instead_of_promising_closure (test_debt_planning.DebtPlanningTests.test_repay_all_ignores_manual_backlog_instead_of_promising_closure) ... ok
2026-09-24T05:21:12.1175317Z test_repay_refuses_lineage_without_automatic_closure_adapter (test_debt_planning.DebtPlanningTests.test_repay_refuses_lineage_without_automatic_closure_adapter) ... ok
2026-09-24T05:21:12.1479561Z test_change_only_rules_are_not_mislabeled_as_project_replay (test_debt_scan.DebtScanTests.test_change_only_rules_are_not_mislabeled_as_project_replay) ... ok
2026-09-24T05:21:12.1778385Z test_change_security_scan_ignores_added_python_string_literal (test_debt_scan.DebtScanTests.test_change_security_scan_ignores_added_python_string_literal) ... ok
2026-09-24T05:21:12.2115451Z test_non_probative_certificate_cannot_hide_unverified_change (test_debt_scan.DebtScanTests.test_non_probative_certificate_cannot_hide_unverified_change) ... ok
2026-09-24T05:21:12.2457370Z test_preservation_certificate_prevents_fake_test_debt_but_not_security_review (test_debt_scan.DebtScanTests.test_preservation_certificate_prevents_fake_test_debt_but_not_security_review) ... ok
2026-09-24T05:21:12.2688455Z test_project_scan_finds_one_duplicate_region_and_local_cycle (test_debt_scan.DebtScanTests.test_project_scan_finds_one_duplicate_region_and_local_cycle) ... ok
2026-09-24T05:21:12.2899377Z test_python_security_scan_detects_structural_call_keywords (test_debt_scan.DebtScanTests.test_python_security_scan_detects_structural_call_keywords) ... ok
2026-09-24T05:21:12.3118177Z test_python_security_scan_ignores_signature_strings_and_comments (test_debt_scan.DebtScanTests.test_python_security_scan_ignores_signature_strings_and_comments) ... ok
2026-09-24T05:21:12.3466352Z test_security_rule_has_same_identity_in_change_and_project_scan (test_debt_scan.DebtScanTests.test_security_rule_has_same_identity_in_change_and_project_scan) ... ok
2026-09-24T05:21:12.3763883Z test_unverified_change_and_no_changed_test_surface_are_explicit (test_debt_scan.DebtScanTests.test_unverified_change_and_no_changed_test_surface_are_explicit) ... ok
2026-09-24T05:21:12.4103102Z test_structurally_unrelated_function_is_not_flagged (test_debt_sensor_precision.SemanticRedundancyPrecisionTests.test_structurally_unrelated_function_is_not_flagged) ... ok
2026-09-24T05:21:12.4507405Z test_accounting_boundary_enriches_report_but_zero_point_sensor_cannot_break_budget (test_debt_sensors.SemanticRedundancySensorTests.test_accounting_boundary_enriches_report_but_zero_point_sensor_cannot_break_budget) ... ok
2026-09-24T05:21:12.4929722Z test_change_and_project_modes_keep_same_debt_identity (test_debt_sensors.SemanticRedundancySensorTests.test_change_and_project_modes_keep_same_debt_identity) ... ok
2026-09-24T05:21:12.5274579Z test_change_sensor_finds_renamed_reimplementation_without_exporting_source (test_debt_sensors.SemanticRedundancySensorTests.test_change_sensor_finds_renamed_reimplementation_without_exporting_source) ... ok
2026-09-24T05:21:12.5609320Z test_exact_source_copy_is_left_to_existing_deterministic_duplicate_rule (test_debt_sensors.SemanticRedundancySensorTests.test_exact_source_copy_is_left_to_existing_deterministic_duplicate_rule) ... ok
2026-09-24T05:21:12.5919790Z test_sensor_can_be_disabled_at_accounting_boundary (test_debt_sensors.SemanticRedundancySensorTests.test_sensor_can_be_disabled_at_accounting_boundary) ... ok
2026-09-24T05:21:12.7792512Z test_historical_test_debt_resolves_when_current_tests_discriminate_origin (test_debt_verify.DebtVerifyTests.test_historical_test_debt_resolves_when_current_tests_discriminate_origin) ... ok
2026-09-24T05:21:13.0797434Z test_mutation_debt_resolves_when_current_tests_make_it_necessary (test_debt_verify.DebtVerifyTests.test_mutation_debt_resolves_when_current_tests_make_it_necessary) ... ok
2026-09-24T05:21:13.0799433Z test_binary_change_is_never_misrepresented_as_line_hunk (test_diff_edgecases.DiffEdgeCaseTests.test_binary_change_is_never_misrepresented_as_line_hunk) ... ok
2026-09-24T05:21:13.0801075Z test_documentation_new_file_does_not_enter_executable_causal_surface (test_diff_edgecases.DiffEdgeCaseTests.test_documentation_new_file_does_not_enter_executable_causal_surface) ... ok
2026-09-24T05:21:13.0812018Z test_new_production_file_is_conservative_structural_mutation (test_diff_edgecases.DiffEdgeCaseTests.test_new_production_file_is_conservative_structural_mutation) ... ok
2026-09-24T05:21:13.0813771Z test_path_with_spaces_remains_one_hunk_mutation (test_diff_edgecases.DiffEdgeCaseTests.test_path_with_spaces_remains_one_hunk_mutation) ... ok
2026-09-24T05:21:13.0815430Z test_rename_is_file_level_even_with_text_hunk (test_diff_edgecases.DiffEdgeCaseTests.test_rename_is_file_level_even_with_text_hunk) ... ok
2026-09-24T05:21:13.0816946Z test_documentation_classifier_is_narrow (test_diffing.DiffingTests.test_documentation_classifier_is_narrow) ... ok
2026-09-24T05:21:13.0818529Z test_documentation_hunks_are_excluded_by_default_but_can_be_included (test_diffing.DiffingTests.test_documentation_hunks_are_excluded_by_default_but_can_be_included) ... ok
2026-09-24T05:21:13.0820084Z test_hunk_ranges_become_annotation_lines (test_diffing.DiffingTests.test_hunk_ranges_become_annotation_lines) ... ok
2026-09-24T05:21:13.0821149Z test_test_path_detection (test_diffing.DiffingTests.test_test_path_detection) ... ok
2026-09-24T05:21:15.8302708Z test_real_no_proof_fresh_drift_clean_stale_and_failed_attempt (test_doctor_proof_truthfulness.DoctorProofTruthfulnessTests.test_real_no_proof_fresh_drift_clean_stale_and_failed_attempt) ... DiffWitness Gate rejected: candidate is not stably green
2026-09-24T05:21:15.8303715Z 
2026-09-24T05:21:15.8303844Z DiffWitness Guard: PROOF REJECTED
2026-09-24T05:21:16.4514866Z ok
2026-09-24T05:21:16.4516984Z test_engine_command_is_argv_not_shell_text (test_engine_config.EngineConfigTests.test_engine_command_is_argv_not_shell_text) ... ok
2026-09-24T05:21:16.4518198Z test_required_engine_needs_command (test_engine_config.EngineConfigTests.test_required_engine_needs_command) ... ok
2026-09-24T05:21:16.4523502Z test_top_level_engine_table_loads_without_relaxing_unknown_keys (test_engine_config.EngineConfigTests.test_top_level_engine_table_loads_without_relaxing_unknown_keys) ... ok
2026-09-24T05:21:16.4996653Z test_capability_preflight_accepts_compatible_bounded_engine (test_engine_doctor.EngineDoctorTests.test_capability_preflight_accepts_compatible_bounded_engine) ... ok
2026-09-24T05:21:16.5312816Z test_capability_preflight_rejects_ambiguous_json (test_engine_doctor.EngineDoctorTests.test_capability_preflight_rejects_ambiguous_json) ... ok
2026-09-24T05:21:16.6107541Z test_capability_preflight_rejects_protocol_or_authority_drift (test_engine_doctor.EngineDoctorTests.test_capability_preflight_rejects_protocol_or_authority_drift) ... ok
2026-09-24T05:21:16.6795841Z test_dw_doctor_fails_preflight_for_incompatible_required_engine (test_engine_doctor.EngineDoctorTests.test_dw_doctor_fails_preflight_for_incompatible_required_engine) ... ok
2026-09-24T05:21:16.7169722Z test_dw_doctor_keeps_community_only_onboarding_clean (test_engine_doctor.EngineDoctorTests.test_dw_doctor_keeps_community_only_onboarding_clean) ... ok
2026-09-24T05:21:16.7851301Z test_dw_doctor_reports_compatible_required_private_engine (test_engine_doctor.EngineDoctorTests.test_dw_doctor_reports_compatible_required_private_engine) ... ok
2026-09-24T05:21:16.8037195Z test_committed_project_engine_wins_over_machine_local_profile (test_engine_local.LocalEngineTests.test_committed_project_engine_wins_over_machine_local_profile) ... ok
2026-09-24T05:21:16.8333514Z test_corrupt_machine_local_profile_fails_closed (test_engine_local.LocalEngineTests.test_corrupt_machine_local_profile_fails_closed) ... ok
2026-09-24T05:21:16.9999471Z test_dw_engine_enable_status_doctor_disable_is_git_local (test_engine_local.LocalEngineTests.test_dw_engine_enable_status_doctor_disable_is_git_local) ... ok
2026-09-24T05:21:17.4838495Z test_real_gate_consumes_git_local_private_plan_but_public_runner_owns_verdict (test_engine_local_gate.LocalEngineGateTests.test_real_gate_consumes_git_local_private_plan_but_public_runner_owns_verdict) ... ok
2026-09-24T05:21:17.5454703Z test_ambiguous_engine_json_is_rejected_before_plan_validation (test_engine_protocol.EngineProtocolTests.test_ambiguous_engine_json_is_rejected_before_plan_validation) ... ok
2026-09-24T05:21:17.5457525Z test_canonical_compat_vector_has_frozen_request_id_and_digest (test_engine_protocol.EngineProtocolTests.test_canonical_compat_vector_has_frozen_request_id_and_digest) ... ok
2026-09-24T05:21:17.5458905Z test_change_identity_depends_on_repository_and_git_trees (test_engine_protocol.EngineProtocolTests.test_change_identity_depends_on_repository_and_git_trees) ... ok
2026-09-24T05:21:17.5738054Z test_non_finite_planning_budget_is_rejected_before_request_hashing (test_engine_protocol.EngineProtocolTests.test_non_finite_planning_budget_is_rejected_before_request_hashing) ... ok
2026-09-24T05:21:17.6349843Z test_optional_engine_failure_degrades_but_required_engine_fails_closed (test_engine_protocol.EngineProtocolTests.test_optional_engine_failure_degrades_but_required_engine_fails_closed) ... ok
2026-09-24T05:21:17.6646481Z test_plan_must_be_exactly_bound_and_cover_every_mutation_once (test_engine_protocol.EngineProtocolTests.test_plan_must_be_exactly_bound_and_cover_every_mutation_once) ... ok
2026-09-24T05:21:17.7260769Z test_real_subprocess_plan_is_validated_before_use (test_engine_protocol.EngineProtocolTests.test_real_subprocess_plan_is_validated_before_use) ... ok
2026-09-24T05:21:17.7571300Z test_request_is_content_bound_without_embedding_test_command_or_patch (test_engine_protocol.EngineProtocolTests.test_request_is_content_bound_without_embedding_test_command_or_patch) ... ok
2026-09-24T05:21:17.7717860Z test_code_change_does_not_get_noop_preflight (test_entry.EntryTests.test_code_change_does_not_get_noop_preflight) ... DiffWitness proof dw0_1d0cce34dbefe8f309d3 attached to 86f50399f169 via refs/notes/diffwitness.
2026-09-24T05:21:17.7718989Z Publish it with: git push origin refs/notes/diffwitness
2026-09-24T05:21:17.7719402Z Invariant INV-IMPACT: Keep identity
2026-09-24T05:21:17.7719751Z Objective OBJ-REFUNDS: Support partial refunds safely
2026-09-24T05:21:17.7720328Z Decision DEC-IDEMPOTENCY: Keep refund operations idempotent
2026-09-24T05:21:17.7721003Z Invariant INV-CAPTURE-LIMIT: Refund total must never exceed captured payment
2026-09-24T05:21:17.7721519Z Failed approach FAIL-DIRECT-CHARGE: Mutating charge rows directly
2026-09-24T05:21:17.8004369Z DiffWitness: No evidence command could be detected. Run `dw doctor`, pass --test, or create .diffwitness.toml.
2026-09-24T05:21:17.8017718Z ok
2026-09-24T05:21:17.8453860Z test_docs_only_prove_succeeds_without_test_command_and_writes_noop_certificate (test_entry.EntryTests.test_docs_only_prove_succeeds_without_test_command_and_writes_noop_certificate) ... ok
2026-09-24T05:21:17.8455323Z test_public_version_options_bypass_friendly_unknown_router (test_entry.EntryTests.test_public_version_options_bypass_friendly_unknown_router) ... ok
2026-09-24T05:21:17.8604161Z test_unknown_test_only_surface_without_evidence_never_becomes_noop_success (test_fail_closed.FailClosedTests.test_unknown_test_only_surface_without_evidence_never_becomes_noop_success) ... DiffWitness: proof not required (dw0_229b2f7e9802d5e4c731); no executable causal mutation detected.
2026-09-24T05:21:17.8889319Z DiffWitness: this change contains tests but DiffWitness cannot determine how to execute evidence. Failing closed: pass --test or configure [diffwitness].test.
2026-09-24T05:21:17.8903605Z ok
2026-09-24T05:21:18.4423929Z test_auto_routes_surplus_patch_to_adaptive_and_rejects_it (test_gate.GateTests.test_auto_routes_surplus_patch_to_adaptive_and_rejects_it) ... DiffWitness Gate rejected: Adaptive Core found 1 mutation(s) removable while preserving the selected stable evidence
2026-09-24T05:21:18.4445776Z ok
2026-09-24T05:21:18.4598122Z test_docs_only_gate_becomes_formal_proof_not_required (test_gate.GateTests.test_docs_only_gate_becomes_formal_proof_not_required) ... DiffWitness Gate: causal contrast proven; adaptive strategy for 2 production mutation(s) under balanced policy (899.9s proof budget remaining)
2026-09-24T05:21:18.4600019Z DiffWitness Adaptive Core
2026-09-24T05:21:18.4600554Z contrast:    PROVEN
2026-09-24T05:21:18.4601018Z mutations:   2 original
2026-09-24T05:21:18.4601576Z core:        1 retained
2026-09-24T05:21:18.4602132Z removable:   1 observed removable
2026-09-24T05:21:18.4602803Z experiments: 3/10
2026-09-24T05:21:18.4603292Z 1-minimal:   yes
2026-09-24T05:21:18.4603750Z certificate: dwac1_19111a990732cddff9dc
2026-09-24T05:21:18.4604046Z 
2026-09-24T05:21:18.4604353Z Causal core:
2026-09-24T05:21:18.4604850Z   KEEP    calc.py hunk 1/2
2026-09-24T05:21:18.4605152Z 
2026-09-24T05:21:18.4605322Z Evidence-removable surface:
2026-09-24T05:21:18.4606511Z   REVIEW  calc.py hunk 2/2 — def add(a, b):
2026-09-24T05:21:18.5394098Z ok
2026-09-24T05:21:18.5544339Z test_explicit_nondefault_config_supplies_evidence_command (test_gate.GateTests.test_explicit_nondefault_config_supplies_evidence_command) ... DiffWitness: proof not required (dw0_6ba80c899f80861ccf36); no executable causal mutation detected.
2026-09-24T05:21:18.5546121Z Project continuity: 2 new change event(s) · dwchg_8d46f633bd6d435019532d64
2026-09-24T05:21:18.7439860Z DiffWitness Gate: causal contrast proven; exhaustive strategy for 1 production mutation(s) under strict policy (899.9s proof budget remaining)
2026-09-24T05:21:19.0861441Z ok
2026-09-24T05:21:19.1008513Z test_small_proven_fix_uses_exhaustive_gate_and_writes_certificate (test_gate.GateTests.test_small_proven_fix_uses_exhaustive_gate_and_writes_certificate) ... DiffWitness 0.4.0a1 - counterfactual patch evidence
2026-09-24T05:21:19.1009389Z repo:      /tmp/tmpilzzt4ra/repo
2026-09-24T05:21:19.1009749Z base:      6d437b47a888087c2215da60bb4236763ffba73f (6d437b47a888)
2026-09-24T05:21:19.1010225Z candidate: 6fe4e9f9a26920a47e1e6be2e893da7603187ff8 (6fe4e9f9a269)
2026-09-24T05:21:19.1010797Z evidence:  "/opt/hostedtoolcache/Python/3.11.16/x64/bin/python" -m unittest discover -s tests -q
2026-09-24T05:21:19.1011262Z stability: 1 run(s) per variant
2026-09-24T05:21:19.1011547Z budget:    899.861s total; 300s per command
2026-09-24T05:21:19.1011900Z changes:   1 analyzed mutation(s); 1 changed test file(s)
2026-09-24T05:21:19.1012141Z 
2026-09-24T05:21:19.1012299Z contrast:  BASE STABLE-FAIL -> CANDIDATE STABLE-PASS
2026-09-24T05:21:19.1012524Z 
2026-09-24T05:21:19.1012685Z WITNESSED         +1/-1  calc.py hunk 1/1  [stable-fail]
2026-09-24T05:21:19.1012906Z 
2026-09-24T05:21:19.1013042Z summary: 1 witnessed, 0 unwitnessed, 0 inconclusive
2026-09-24T05:21:19.1013377Z core:    1 minimal sufficient set(s) of 1 hunk(s)
2026-09-24T05:21:19.1013684Z cert:    dw2_95bba07c78af6a5cff40
2026-09-24T05:21:19.1013987Z DiffWitness Gate accepted (dw2_95bba07c78af6a5cff40)
2026-09-24T05:21:19.1014921Z Project continuity: 2 new change event(s) · dwchg_3d7dad9978cd6472b92a1254
2026-09-24T05:21:19.2831852Z DiffWitness Gate: causal contrast proven; exhaustive strategy for 1 production mutation(s) under strict policy (899.9s proof budget remaining)
2026-09-24T05:21:19.6220712Z ok
2026-09-24T05:21:19.6221702Z test_unwitnessed_hunk_becomes_file_warning (test_github_actions.GitHubActionTests.test_unwitnessed_hunk_becomes_file_warning) ... ok
2026-09-24T05:21:19.6412627Z test_clean_worktree_reuses_head_exactly (test_gitops_snapshot_fastpath.SnapshotFastPathTests.test_clean_worktree_reuses_head_exactly) ... ok
2026-09-24T05:21:19.6716710Z test_meaningful_untracked_file_forces_exact_snapshot (test_gitops_snapshot_fastpath.SnapshotFastPathTests.test_meaningful_untracked_file_forces_exact_snapshot) ... ok
2026-09-24T05:21:19.6912447Z test_only_known_untracked_runtime_artifacts_still_reuse_head (test_gitops_snapshot_fastpath.SnapshotFastPathTests.test_only_known_untracked_runtime_artifacts_still_reuse_head) ... ok
2026-09-24T05:21:19.7232825Z test_staged_change_is_not_mistaken_for_clean_state (test_gitops_snapshot_fastpath.SnapshotFastPathTests.test_staged_change_is_not_mistaken_for_clean_state) ... ok
2026-09-24T05:21:19.7612351Z test_tracked_cache_like_file_is_never_filtered (test_gitops_snapshot_fastpath.SnapshotFastPathTests.test_tracked_cache_like_file_is_never_filtered) ... ok
2026-09-24T05:21:19.7921253Z test_tracked_worktree_change_forces_exact_snapshot (test_gitops_snapshot_fastpath.SnapshotFastPathTests.test_tracked_worktree_change_forces_exact_snapshot) ... ok
2026-09-24T05:21:19.8052747Z test_public_guard_delegates_proven_agent_patch_to_gate (test_guard.PublicGuardTests.test_public_guard_delegates_proven_agent_patch_to_gate) ... DiffWitness 0.4.0a1 - counterfactual patch evidence
2026-09-24T05:21:19.8053825Z repo:      /tmp/tmpcm6x_p8f
2026-09-24T05:21:19.8054178Z base:      6abc994f02a160bc20c90b316d3c38cf028c7a74 (6abc994f02a1)
2026-09-24T05:21:19.8054651Z candidate: ec2e31331395585682891c7fd5d20cc7ee0ba26f (ec2e31331395)
2026-09-24T05:21:19.8055222Z evidence:  "/opt/hostedtoolcache/Python/3.11.16/x64/bin/python" -m unittest discover -s tests -q
2026-09-24T05:21:19.8055958Z stability: 1 run(s) per variant
2026-09-24T05:21:19.8056312Z budget:    899.863s total; 300s per command
2026-09-24T05:21:19.8056653Z changes:   1 analyzed mutation(s); 1 changed test file(s)
2026-09-24T05:21:19.8056889Z 
2026-09-24T05:21:19.8057040Z contrast:  BASE STABLE-FAIL -> CANDIDATE STABLE-PASS
2026-09-24T05:21:19.8057275Z 
2026-09-24T05:21:19.8057419Z WITNESSED         +1/-1  calc.py hunk 1/1  [stable-fail]
2026-09-24T05:21:19.8057884Z 
2026-09-24T05:21:19.8058022Z summary: 1 witnessed, 0 unwitnessed, 0 inconclusive
2026-09-24T05:21:19.8058370Z core:    1 minimal sufficient set(s) of 1 hunk(s)
2026-09-24T05:21:19.8058677Z cert:    dw2_1b2423fa98d252284254
2026-09-24T05:21:19.8058973Z DiffWitness Gate accepted (dw2_1b2423fa98d252284254)
2026-09-24T05:21:19.8059881Z Project continuity: 2 new change event(s) · dwchg_bdad17229c908765754e5325
2026-09-24T05:21:20.0140551Z DiffWitness Guard armed at 6a0704ae652e
2026-09-24T05:21:20.0142910Z Agent:    /opt/hostedtoolcache/Python/3.11.16/x64/bin/python -c from pathlib import Path; Path('calc.py').write_text('def add(a, b):\n    return a + b\n', encoding='utf-8'); Path('tests').mkdir(exist_ok=True); Path('tests/test_calc.py').write_text("import unittest\nfrom calc import add\n\nclass T(unittest.TestCase):\n    def test_add(self):\n        self.assertEqual(add(2, 3), 5)\n", encoding='utf-8')
2026-09-24T05:21:20.0145156Z Policy:   strict
2026-09-24T05:21:20.0145735Z Strategy: auto
2026-09-24T05:21:20.0146099Z Proof budget: 900s after agent exit
2026-09-24T05:21:20.0146402Z 
2026-09-24T05:21:20.0147113Z DiffWitness Gate: causal contrast proven; exhaustive strategy for 1 production mutation(s) under strict policy (899.9s proof budget remaining)
2026-09-24T05:21:20.3843612Z ok
2026-09-24T05:21:20.3973870Z test_public_guard_preserves_agent_failure_code_without_claiming_proof (test_guard.PublicGuardTests.test_public_guard_preserves_agent_failure_code_without_claiming_proof) ... DiffWitness 0.4.0a1 - counterfactual patch evidence
2026-09-24T05:21:20.3975302Z repo:      /tmp/tmp1oknn3jb
2026-09-24T05:21:20.3975855Z base:      6a0704ae652e659cd29cc3fac16556d2e1d1ed0b (6a0704ae652e)
2026-09-24T05:21:20.3976314Z candidate: 42be8c4e1f8b13b099a4729929a469cb999e16c0 (42be8c4e1f8b)
2026-09-24T05:21:20.3976903Z evidence:  "/opt/hostedtoolcache/Python/3.11.16/x64/bin/python" -m unittest discover -s tests -q
2026-09-24T05:21:20.3977373Z stability: 1 run(s) per variant
2026-09-24T05:21:20.3977667Z budget:    899.862s total; 300s per command
2026-09-24T05:21:20.3978011Z changes:   1 analyzed mutation(s); 1 changed test file(s)
2026-09-24T05:21:20.3978251Z 
2026-09-24T05:21:20.3978402Z contrast:  BASE STABLE-FAIL -> CANDIDATE STABLE-PASS
2026-09-24T05:21:20.3978648Z 
2026-09-24T05:21:20.3978800Z WITNESSED         +1/-1  calc.py hunk 1/1  [stable-fail]
2026-09-24T05:21:20.3979038Z 
2026-09-24T05:21:20.3979182Z summary: 1 witnessed, 0 unwitnessed, 0 inconclusive
2026-09-24T05:21:20.3979511Z core:    1 minimal sufficient set(s) of 1 hunk(s)
2026-09-24T05:21:20.3979813Z cert:    dw2_4a8e62dc8bee07cb8c99
2026-09-24T05:21:20.3980115Z DiffWitness Gate accepted (dw2_4a8e62dc8bee07cb8c99)
2026-09-24T05:21:20.3980332Z 
2026-09-24T05:21:20.3980435Z DiffWitness Guard: PROOF ACCEPTED
2026-09-24T05:21:20.3980602Z 
2026-09-24T05:21:20.3980685Z CHANGE DEBT
2026-09-24T05:21:20.3981020Z +0 point(s) / 0 obligation(s)
2026-09-24T05:21:20.3981562Z Debt budget: PASS — projected total 0; new 0
2026-09-24T05:21:20.3981909Z Debt Ledger: +0 introduced, 0 reopened, 0 refreshed
2026-09-24T05:21:20.3982364Z IdleProof explanation: /tmp/tmp1oknn3jb/.git/diffwitness/idleproof-explanation.json
2026-09-24T05:21:20.3982899Z Change envelope: /tmp/tmp1oknn3jb/.git/diffwitness/change-envelope.json
2026-09-24T05:21:20.3983465Z Project continuity: 3 new change event(s) · dwchg_9d4b97d36a8bd08825000518
2026-09-24T05:21:20.4233368Z DiffWitness Guard: agent exited with code 7; proof was not attempted.
2026-09-24T05:21:20.4303871Z ok
2026-09-24T05:21:20.4442081Z test_guard_records_agent_provenance_after_proof (test_guard_debt.GuardDebtTests.test_guard_records_agent_provenance_after_proof) ... DiffWitness Guard armed at 5a38dc1b2fbe
2026-09-24T05:21:20.4442993Z Agent:    /opt/hostedtoolcache/Python/3.11.16/x64/bin/python -c raise SystemExit(7)
2026-09-24T05:21:20.4443606Z Policy:   config/default
2026-09-24T05:21:20.4443991Z Strategy: config/default
2026-09-24T05:21:20.4444380Z Proof budget: 900s after agent exit
2026-09-24T05:21:20.4444665Z 
2026-09-24T05:21:20.6539371Z DiffWitness Guard armed at 43dba81a398f
2026-09-24T05:21:20.6541065Z Agent:    /opt/hostedtoolcache/Python/3.11.16/x64/bin/python -c from pathlib import Path; p=Path('auth/session.py'); p.write_text('def add(a, b):\n    return a + b\n', encoding='utf-8'); t=Path('tests/test_session.py'); t.parent.mkdir(exist_ok=True); t.write_text("import unittest\nfrom auth.session import add\n\nclass T(unittest.TestCase):\n    def test_add(self):\n        self.assertEqual(add(2, 3), 5)\n", encoding='utf-8')
2026-09-24T05:21:20.6542487Z Policy:   strict
2026-09-24T05:21:20.6542727Z Strategy: config/default
2026-09-24T05:21:20.6542986Z Proof budget: 900s after agent exit
2026-09-24T05:21:20.6543175Z 
2026-09-24T05:21:20.6543607Z DiffWitness Gate: causal contrast proven; exhaustive strategy for 1 production mutation(s) under strict policy (899.9s proof budget remaining)
2026-09-24T05:21:21.0225716Z ok
2026-09-24T05:21:21.0360592Z test_guard_rejects_over_budget_patch_without_admitting_rejected_debt (test_guard_debt.GuardDebtTests.test_guard_rejects_over_budget_patch_without_admitting_rejected_debt) ... DiffWitness 0.4.0a1 - counterfactual patch evidence
2026-09-24T05:21:21.0362098Z repo:      /tmp/tmp9mab9yd9
2026-09-24T05:21:21.0362644Z base:      43dba81a398fc62dc2ed8a73e296f8d1ad9992a6 (43dba81a398f)
2026-09-24T05:21:21.0363318Z candidate: 020a17df0d8f4490b3951e320f90139ed4462262 (020a17df0d8f)
2026-09-24T05:21:21.0364421Z evidence:  "/opt/hostedtoolcache/Python/3.11.16/x64/bin/python" -m unittest discover -s tests -q
2026-09-24T05:21:21.0365151Z stability: 1 run(s) per variant
2026-09-24T05:21:21.0365775Z budget:    899.862s total; 300s per command
2026-09-24T05:21:21.0366282Z changes:   1 analyzed mutation(s); 1 changed test file(s)
2026-09-24T05:21:21.0366514Z 
2026-09-24T05:21:21.0366675Z contrast:  BASE STABLE-FAIL -> CANDIDATE STABLE-PASS
2026-09-24T05:21:21.0366908Z 
2026-09-24T05:21:21.0367082Z WITNESSED         +1/-1  auth/session.py hunk 1/1  [stable-fail]
2026-09-24T05:21:21.0367343Z 
2026-09-24T05:21:21.0367490Z summary: 1 witnessed, 0 unwitnessed, 0 inconclusive
2026-09-24T05:21:21.0367848Z core:    1 minimal sufficient set(s) of 1 hunk(s)
2026-09-24T05:21:21.0368159Z cert:    dw2_86a53e127a9cead3e017
2026-09-24T05:21:21.0368471Z DiffWitness Gate accepted (dw2_86a53e127a9cead3e017)
2026-09-24T05:21:21.0368704Z 
2026-09-24T05:21:21.0368824Z DiffWitness Guard: PROOF ACCEPTED
2026-09-24T05:21:21.0369000Z 
2026-09-24T05:21:21.0369098Z CHANGE DEBT
2026-09-24T05:21:21.0369313Z +1 point(s) / 1 obligation(s)
2026-09-24T05:21:21.0369562Z   security           +1
2026-09-24T05:21:21.0370194Z   DW-F90AD233C569 +1 security/heuristic — Security-sensitive surface changed
2026-09-24T05:21:21.0370671Z Debt budget: PASS — projected total 1; new 1
2026-09-24T05:21:21.0371001Z Debt Ledger: +1 introduced, 0 reopened, 0 refreshed
2026-09-24T05:21:21.0371482Z IdleProof explanation: /tmp/tmp9mab9yd9/.git/diffwitness/idleproof-explanation.json
2026-09-24T05:21:21.0372025Z Change envelope: /tmp/tmp9mab9yd9/.git/diffwitness/change-envelope.json
2026-09-24T05:21:21.0372593Z Project continuity: 4 new change event(s) · dwchg_d12a805b531e5b2baebc62ec
2026-09-24T05:21:21.0373047Z Project continuity: 1 Debt Ledger lifecycle event(s) projected
2026-09-24T05:21:21.2436639Z DiffWitness Guard armed at 605df6f7825f
2026-09-24T05:21:21.2438503Z Agent:    /opt/hostedtoolcache/Python/3.11.16/x64/bin/python -c from pathlib import Path; p=Path('auth/session.py'); p.write_text('def add(a, b):\n    return a + b\n', encoding='utf-8'); t=Path('tests/test_session.py'); t.parent.mkdir(exist_ok=True); t.write_text("import unittest\nfrom auth.session import add\n\nclass T(unittest.TestCase):\n    def test_add(self):\n        self.assertEqual(add(2, 3), 5)\n", encoding='utf-8')
2026-09-24T05:21:21.2440015Z Policy:   strict
2026-09-24T05:21:21.2440253Z Strategy: config/default
2026-09-24T05:21:21.2440513Z Proof budget: 900s after agent exit
2026-09-24T05:21:21.2440706Z 
2026-09-24T05:21:21.2441353Z DiffWitness Gate: causal contrast proven; exhaustive strategy for 1 production mutation(s) under strict policy (899.9s proof budget remaining)
2026-09-24T05:21:21.5683451Z DiffWitness Guard: DEBT BUDGET REJECTED
2026-09-24T05:21:21.6026814Z ok
2026-09-24T05:21:21.6274723Z test_default_guided_root_help_is_a_bounded_onboarding_surface (test_ht001_guided_first_run.GuidedFirstRunDensityTests.test_default_guided_root_help_is_a_bounded_onboarding_surface) ... ok
2026-09-24T05:21:21.6433138Z test_french_guided_root_help_has_the_same_bounded_information_shape (test_ht001_guided_first_run.GuidedFirstRunDensityTests.test_french_guided_root_help_has_the_same_bounded_information_shape) ... ok
2026-09-24T05:21:21.6633534Z test_technical_help_keeps_the_complete_engineering_surface (test_ht001_guided_first_run.GuidedFirstRunDensityTests.test_technical_help_keeps_the_complete_engineering_surface) ... ok
2026-09-24T05:21:21.6654635Z test_default_guided_english_explains_how_to_reach_a_valid_doctor_context (test_ht002_doctor_outside_git.DoctorOutsideGitActionabilityTests.test_default_guided_english_explains_how_to_reach_a_valid_doctor_context) ... ok
2026-09-24T05:21:21.6673614Z test_guided_french_has_the_same_actionable_failure_shape (test_ht002_doctor_outside_git.DoctorOutsideGitActionabilityTests.test_guided_french_has_the_same_actionable_failure_shape) ... ok
2026-09-24T05:21:21.6693241Z test_json_outside_git_preserves_raw_failure_contract (test_ht002_doctor_outside_git.DoctorOutsideGitActionabilityTests.test_json_outside_git_preserves_raw_failure_contract) ... ok
2026-09-24T05:21:21.6706255Z test_other_git_failures_do_not_get_outside_repository_advice (test_ht002_doctor_outside_git.DoctorOutsideGitActionabilityTests.test_other_git_failures_do_not_get_outside_repository_advice) ... ok
2026-09-24T05:21:21.6725281Z test_technical_outside_git_still_fails_without_inventing_readiness (test_ht002_doctor_outside_git.DoctorOutsideGitActionabilityTests.test_technical_outside_git_still_fails_without_inventing_readiness) ... ok
2026-09-24T05:21:21.6727992Z test_every_diffwitness_owned_sidecar_diagnostic_has_a_guided_rendering (test_ht004_guided_vocabulary.HT004GuidedVocabularyTests.test_every_diffwitness_owned_sidecar_diagnostic_has_a_guided_rendering) ... ok
2026-09-24T05:21:22.1739178Z test_guided_setup_hides_internal_sidecar_term_without_changing_machine_or_technical_detail (test_ht004_guided_vocabulary.HT004GuidedVocabularyTests.test_guided_setup_hides_internal_sidecar_term_without_changing_machine_or_technical_detail) ... ok
2026-09-24T05:21:22.2556564Z test_idleproof_help_does_not_expose_internal_sidecar_architecture (test_ht004_guided_vocabulary.HT004GuidedVocabularyTests.test_idleproof_help_does_not_expose_internal_sidecar_architecture) ... ok
2026-09-24T05:21:22.3272903Z test_frontend_error_public_export_remains_available_on_demand (test_ht006_cli_startup.HT006CliStartupTests.test_frontend_error_public_export_remains_available_on_demand) ... ok
2026-09-24T05:21:22.3550487Z test_importing_public_entry_does_not_eagerly_load_full_frontend (test_ht006_cli_startup.HT006CliStartupTests.test_importing_public_entry_does_not_eagerly_load_full_frontend) ... ok
2026-09-24T05:21:22.3556824Z test_version_fast_path_does_not_run_git (test_ht006_cli_startup.HT006CliStartupTests.test_version_fast_path_does_not_run_git) ... ok
2026-09-24T05:21:22.3558489Z test_version_output_contract_remains_exact (test_ht006_cli_startup.HT006CliStartupTests.test_version_output_contract_remains_exact) ... ok
2026-09-24T05:21:22.3560490Z test_explicit_codex_setup_bounds_protect_scope_when_claude_is_detectable (test_ht007_provider_scope.HT007ProviderScopeQualificationTests.test_explicit_codex_setup_bounds_protect_scope_when_claude_is_detectable)
2026-09-24T05:21:23.1064588Z Public setup scope must win over broader provider auto-detection in Protect. ... ok
2026-09-24T05:21:24.3466971Z test_claude_hooks_use_exec_form_and_complete_native_change (test_human_blocker_regressions.HumanBlockerRegressionTests.test_claude_hooks_use_exec_form_and_complete_native_change) ... ok
2026-09-24T05:21:25.3849946Z test_manual_gate_persists_current_worktree_verification (test_human_blocker_regressions.HumanBlockerRegressionTests.test_manual_gate_persists_current_worktree_verification) ... ok
2026-09-24T05:21:25.4248022Z test_continuity_projection_failure_is_durable_degradation_and_recovery_clears_it (test_ide_handoff_fail_closed.IdeHandoffFailClosedTests.test_continuity_projection_failure_is_durable_degradation_and_recovery_clears_it) ... ok
2026-09-24T05:21:25.4258701Z test_exhausted_continuation_budget_never_becomes_approval (test_ide_handoff_fail_closed.IdeHandoffFailClosedTests.test_exhausted_continuation_budget_never_becomes_approval) ... ok
2026-09-24T05:21:25.4432371Z test_missing_or_invalid_native_start_capture_terminates_unverified_without_a_loop (test_ide_handoff_fail_closed.IdeHandoffFailClosedTests.test_missing_or_invalid_native_start_capture_terminates_unverified_without_a_loop) ... ok
2026-09-24T05:21:25.4446976Z test_session_model_receives_evidence_first_policy_and_optional_soul (test_idleproof_agent_session.IdleProofAgentSessionTests.test_session_model_receives_evidence_first_policy_and_optional_soul) ... ok
2026-09-24T05:21:25.4448272Z test_session_policy_does_not_require_soul_or_any_provider (test_idleproof_agent_session.IdleProofAgentSessionTests.test_session_policy_does_not_require_soul_or_any_provider) ... ok
2026-09-24T05:21:25.4801889Z test_authoritative_proof_path_has_no_model_or_http_client_dependency (test_idleproof_architecture_invariants.IdleProofArchitectureInvariantTests.test_authoritative_proof_path_has_no_model_or_http_client_dependency) ... ok
2026-09-24T05:21:25.4804616Z test_guard_may_emit_deterministic_idleproof_but_not_call_optional_inference (test_idleproof_architecture_invariants.IdleProofArchitectureInvariantTests.test_guard_may_emit_deterministic_idleproof_but_not_call_optional_inference) ... ok
2026-09-24T05:21:25.8682193Z test_optional_user_inference_never_flows_back_into_proof_debt_or_continuity_modules (test_idleproof_architecture_invariants.IdleProofArchitectureInvariantTests.test_optional_user_inference_never_flows_back_into_proof_debt_or_continuity_modules) ... ok
2026-09-24T05:21:25.8683888Z test_user_owned_cache_stays_in_git_metadata_not_project_source (test_idleproof_architecture_invariants.IdleProofArchitectureInvariantTests.test_user_owned_cache_stays_in_git_metadata_not_project_source) ... ok
2026-09-24T05:21:25.8687014Z test_binary_change_is_explained_conservatively (test_idleproof_explanation.DeterministicExplanationTests.test_binary_change_is_explained_conservatively) ... ok
2026-09-24T05:21:25.8689046Z test_empty_change_still_has_an_explicit_result (test_idleproof_explanation.DeterministicExplanationTests.test_empty_change_still_has_an_explicit_result) ... ok
2026-09-24T05:21:25.8691022Z test_heuristic_sensor_never_becomes_a_verified_fact (test_idleproof_explanation.DeterministicExplanationTests.test_heuristic_sensor_never_becomes_a_verified_fact) ... ok
2026-09-24T05:21:25.8692853Z test_renderer_is_useful_without_network_or_llm (test_idleproof_explanation.DeterministicExplanationTests.test_renderer_is_useful_without_network_or_llm) ... ok
2026-09-24T05:21:25.8694870Z test_unaccepted_proof_is_never_described_as_proven (test_idleproof_explanation.DeterministicExplanationTests.test_unaccepted_proof_is_never_described_as_proven) ... ok
2026-09-24T05:21:25.8696917Z test_builder_quota_is_exactly_500 (test_idleproof_explanation.ManagedInferencePolicyTests.test_builder_quota_is_exactly_500) ... ok
2026-09-24T05:21:25.8699026Z test_free_alpha_and_unknown_plans_can_never_use_diffwitness_managed_inference (test_idleproof_explanation.ManagedInferencePolicyTests.test_free_alpha_and_unknown_plans_can_never_use_diffwitness_managed_inference) ... ok
2026-09-24T05:21:25.8701616Z test_managed_quota_exhaustion_falls_back_to_deterministic_not_another_paid_route (test_idleproof_explanation.ManagedInferencePolicyTests.test_managed_quota_exhaustion_falls_back_to_deterministic_not_another_paid_route) ... ok
2026-09-24T05:21:25.8703468Z test_pro_quota_is_exactly_1200 (test_idleproof_explanation.ManagedInferencePolicyTests.test_pro_quota_is_exactly_1200) ... ok
2026-09-24T05:21:25.8704735Z test_team_and_enterprise_are_finite_in_shared_policy (test_idleproof_explanation.ManagedInferencePolicyTests.test_team_and_enterprise_are_finite_in_shared_policy) ... ok
2026-09-24T05:21:25.8706282Z test_user_owned_compute_remains_available_on_free (test_idleproof_explanation.ManagedInferencePolicyTests.test_user_owned_compute_remains_available_on_free) ... ok
2026-09-24T05:21:25.8707664Z test_llm_context_contains_only_bounded_facts_and_style (test_idleproof_explanation.SoulAndLlmContextTests.test_llm_context_contains_only_bounded_facts_and_style) ... ok
2026-09-24T05:21:25.8708848Z test_local_soul_is_style_only_and_bounded (test_idleproof_explanation.SoulAndLlmContextTests.test_local_soul_is_style_only_and_bounded) ... ok
2026-09-24T05:21:25.9457306Z test_historical_accepted_proof_cannot_claim_drifted_worktree_is_verified (test_idleproof_freshness.IdleProofFreshnessTests.test_historical_accepted_proof_cannot_claim_drifted_worktree_is_verified) ... ok
2026-09-24T05:21:25.9651615Z test_snapshot_omits_invalid_local_protection_projection (test_idleproof_protect_projection.IdleProofProtectProjectionTests.test_snapshot_omits_invalid_local_protection_projection) ... ok
2026-09-24T05:21:25.9847441Z test_snapshot_projects_only_bounded_aggregate_protection (test_idleproof_protect_projection.IdleProofProtectProjectionTests.test_snapshot_projects_only_bounded_aggregate_protection) ... ok
2026-09-24T05:21:26.0057223Z test_auto_installs_only_detected_project_providers (test_idleproof_sidecar.IntegrationTests.test_auto_installs_only_detected_project_providers) ... ok
2026-09-24T05:21:26.0205395Z test_auto_without_a_detected_provider_is_actionable_and_non_mutating (test_idleproof_sidecar.IntegrationTests.test_auto_without_a_detected_provider_is_actionable_and_non_mutating) ... ok
2026-09-24T05:21:26.0411673Z test_install_migrates_provider_neutral_hooks_without_double_execution (test_idleproof_sidecar.IntegrationTests.test_install_migrates_provider_neutral_hooks_without_double_execution) ... ok
2026-09-24T05:21:26.0682119Z test_install_status_and_uninstall_are_non_destructive (test_idleproof_sidecar.IntegrationTests.test_install_status_and_uninstall_are_non_destructive) ... ok
2026-09-24T05:21:26.0879755Z test_local_project_identity_is_stable_and_repo_bound (test_idleproof_sidecar.IntegrationTests.test_local_project_identity_is_stable_and_repo_bound) ... ok
2026-09-24T05:21:26.1023409Z test_assurance_bridge_rejects_envelope_that_violates_privacy_boundary (test_idleproof_sidecar.PortalSidecarTests.test_assurance_bridge_rejects_envelope_that_violates_privacy_boundary) ... ok
2026-09-24T05:21:26.1287269Z test_dry_run_needs_no_token_and_exposes_bounded_snapshot (test_idleproof_sidecar.PortalSidecarTests.test_dry_run_needs_no_token_and_exposes_bounded_snapshot) ... ok
2026-09-24T05:21:26.1466410Z test_endpoint_policy_and_token_is_never_persisted (test_idleproof_sidecar.PortalSidecarTests.test_endpoint_policy_and_token_is_never_persisted) ... ok
2026-09-24T05:21:26.6898026Z test_real_local_http_sync_sends_only_bounded_snapshot_and_uses_env_token (test_idleproof_sidecar.PortalSidecarTests.test_real_local_http_sync_sends_only_bounded_snapshot_and_uses_env_token) ... ok
2026-09-24T05:21:26.7168967Z test_snapshot_is_bounded_deterministic_and_preserves_inconclusive_proof (test_idleproof_sidecar.PortalSidecarTests.test_snapshot_is_bounded_deterministic_and_preserves_inconclusive_proof) ... ok
2026-09-24T05:21:26.7481784Z test_tracked_soul_remains_part_of_the_software_tree (test_idleproof_soul_snapshot.IdleProofSoulSnapshotTests.test_tracked_soul_remains_part_of_the_software_tree) ... ok
2026-09-24T05:21:26.7697784Z test_untracked_soul_preferences_do_not_change_candidate_tree (test_idleproof_soul_snapshot.IdleProofSoulSnapshotTests.test_untracked_soul_preferences_do_not_change_candidate_tree) ... ok
2026-09-24T05:21:26.7699937Z test_api_key_cannot_be_sent_over_plain_http_except_loopback (test_idleproof_user_inference.IdleProofUserInferenceTests.test_api_key_cannot_be_sent_over_plain_http_except_loopback) ... ok
2026-09-24T05:21:26.7877064Z test_cache_is_content_addressed_by_context_endpoint_and_model (test_idleproof_user_inference.IdleProofUserInferenceTests.test_cache_is_content_addressed_by_context_endpoint_and_model) ... ok
2026-09-24T05:21:26.8168012Z test_default_dw_explain_never_builds_a_network_opener (test_idleproof_user_inference.IdleProofUserInferenceTests.test_default_dw_explain_never_builds_a_network_opener) ... ok
2026-09-24T05:21:26.8170247Z test_human_output_always_shows_deterministic_original_before_labelled_ai_wording (test_idleproof_user_inference.IdleProofUserInferenceTests.test_human_output_always_shows_deterministic_original_before_labelled_ai_wording) ... ok
2026-09-24T05:21:26.8558198Z test_managed_engine_is_impossible_from_oss_cli_and_falls_back (test_idleproof_user_inference.IdleProofUserInferenceTests.test_managed_engine_is_impossible_from_oss_cli_and_falls_back) ... ok
2026-09-24T05:21:26.9070512Z test_openrouter_uses_only_user_key_and_cache_prevents_second_provider_call (test_idleproof_user_inference.IdleProofUserInferenceTests.test_openrouter_uses_only_user_key_and_cache_prevents_second_provider_call) ... ok
2026-09-24T05:21:26.9075456Z test_provider_control_characters_are_neutralized_before_display_or_cache (test_idleproof_user_inference.IdleProofUserInferenceTests.test_provider_control_characters_are_neutralized_before_display_or_cache) ... ok
2026-09-24T05:21:26.9081100Z test_slots_presentation_units_serialize_and_provider_rewrites_only_existing_ids (test_idleproof_user_inference.IdleProofUserInferenceTests.test_slots_presentation_units_serialize_and_provider_rewrites_only_existing_ids) ... ok
2026-09-24T05:21:28.6603031Z test_minimal_sufficient_core_and_surplus_hunk (test_integration.IntegrationTests.test_minimal_sufficient_core_and_surplus_hunk) ... ok
2026-09-24T05:21:29.1807935Z test_mutual_backup_pair_is_detected (test_integration.IntegrationTests.test_mutual_backup_pair_is_detected) ... ok
2026-09-24T05:21:29.2143949Z test_snapshot_ignores_untracked_runtime_caches_but_keeps_untracked_source (test_integration.IntegrationTests.test_snapshot_ignores_untracked_runtime_caches_but_keeps_untracked_source) ... ok
2026-09-24T05:21:29.2429140Z test_tracked_cache_named_file_is_never_silently_hidden (test_integration.IntegrationTests.test_tracked_cache_named_file_is_never_silently_hidden) ... ok
2026-09-24T05:21:29.2686438Z test_worktree_snapshot_does_not_require_persistent_git_identity (test_integration.IntegrationTests.test_worktree_snapshot_does_not_require_persistent_git_identity) ... ok
2026-09-24T05:21:29.4132024Z test_explicit_french_and_precedence_preserve_view_and_never_leak (test_language.LanguageTests.test_explicit_french_and_precedence_preserve_view_and_never_leak) ... ok
2026-09-24T05:21:29.6510271Z test_french_environment_defaults_to_english_without_persisting_language (test_language.LanguageTests.test_french_environment_defaults_to_english_without_persisting_language) ... ok
2026-09-24T05:21:30.3530897Z test_french_human_surfaces_and_json_are_language_and_view_invariant (test_language.LanguageTests.test_french_human_surfaces_and_json_are_language_and_view_invariant) ... ok
2026-09-24T05:21:30.3609050Z test_invalid_choice_and_missing_repo_do_not_save_or_leak (test_language.LanguageTests.test_invalid_choice_and_missing_repo_do_not_save_or_leak) ... ok
2026-09-24T05:21:30.3724884Z test_native_protocol_and_agent_arguments_do_not_inherit_ui_language (test_language.LanguageTests.test_native_protocol_and_agent_arguments_do_not_inherit_ui_language) ... ok
2026-09-24T05:21:30.7154451Z test_same_executed_evidence_produces_identical_certificates_in_both_languages (test_language.LanguageTests.test_same_executed_evidence_produces_identical_certificates_in_both_languages) ... ok
2026-09-24T05:21:30.7200152Z test_event_sourced_lifecycle_and_reopen (test_ledger.LedgerTests.test_event_sourced_lifecycle_and_reopen) ... ok
2026-09-24T05:21:30.7218787Z test_hash_valid_but_invalid_transition_fails_closed (test_ledger.LedgerTests.test_hash_valid_but_invalid_transition_fails_closed) ... ok
2026-09-24T05:21:30.7256008Z test_project_reconciliation_only_closes_project_rules (test_ledger.LedgerTests.test_project_reconciliation_only_closes_project_rules) ... ok
2026-09-24T05:21:30.7257177Z test_semantic_identity_mismatch_fails_closed_on_load (test_ledger.LedgerTests.test_semantic_identity_mismatch_fails_closed_on_load)
2026-09-24T05:21:30.7272844Z A hash-valid imported event cannot relabel a signal under another DW id. ... ok
2026-09-24T05:21:30.7308665Z test_stale_accept_cannot_accept_debt_resolved_by_another_process (test_ledger.LedgerTests.test_stale_accept_cannot_accept_debt_resolved_by_another_process) ... ok
2026-09-24T05:21:30.7310365Z test_stale_instances_append_without_losing_events (test_ledger.LedgerTests.test_stale_instances_append_without_losing_events)
2026-09-24T05:21:30.7338801Z Two agents that loaded the same ledger must not overwrite each other. ... ok
2026-09-24T05:21:30.7339968Z test_stale_instances_do_not_double_introduce_same_debt (test_ledger.LedgerTests.test_stale_instances_do_not_double_introduce_same_debt)
2026-09-24T05:21:30.7360307Z The state decision and append must share the same lock, not only the disk write. ... ok
2026-09-24T05:21:30.7381177Z test_stale_persist_cannot_overwrite_newer_history (test_ledger.LedgerTests.test_stale_persist_cannot_overwrite_newer_history) ... ok
2026-09-24T05:21:30.7397288Z test_tampering_breaks_integrity (test_ledger.LedgerTests.test_tampering_breaks_integrity) ... ok
2026-09-24T05:21:30.7400074Z test_unknown_event_type_is_rejected (test_ledger.LedgerTests.test_unknown_event_type_is_rejected) ... ok
2026-09-24T05:21:30.8103471Z test_checkpoint_and_status_are_exposed_through_dw (test_ledger_cli.LedgerCliTests.test_checkpoint_and_status_are_exposed_through_dw) ... ok
2026-09-24T05:21:30.8231840Z test_missing_remote_is_reported_as_cli_error_not_traceback (test_ledger_cli.LedgerCliTests.test_missing_remote_is_reported_as_cli_error_not_traceback) ... DiffWitness 0.4.0a1 - counterfactual patch evidence
2026-09-24T05:21:30.8233084Z repo:      /tmp/tmp9s5r6n2x
2026-09-24T05:21:30.8233436Z base:      605df6f7825fd4633f2fff5c193c4e52e2f21386 (605df6f7825f)
2026-09-24T05:21:30.8233877Z candidate: a404c78eede32e94f55b8d8a8152ca60056106a3 (a404c78eede3)
2026-09-24T05:21:30.8234413Z evidence:  "/opt/hostedtoolcache/Python/3.11.16/x64/bin/python" -m unittest discover -s tests -q
2026-09-24T05:21:30.8234890Z stability: 1 run(s) per variant
2026-09-24T05:21:30.8235197Z budget:    899.863s total; 300s per command
2026-09-24T05:21:30.8235798Z changes:   1 analyzed mutation(s); 1 changed test file(s)
2026-09-24T05:21:30.8236041Z 
2026-09-24T05:21:30.8236195Z contrast:  BASE STABLE-FAIL -> CANDIDATE STABLE-PASS
2026-09-24T05:21:30.8236430Z 
2026-09-24T05:21:30.8236604Z WITNESSED         +1/-1  auth/session.py hunk 1/1  [stable-fail]
2026-09-24T05:21:30.8236845Z 
2026-09-24T05:21:30.8236980Z summary: 1 witnessed, 0 unwitnessed, 0 inconclusive
2026-09-24T05:21:30.8237311Z core:    1 minimal sufficient set(s) of 1 hunk(s)
2026-09-24T05:21:30.8237620Z cert:    dw2_17639ed823dd8526db02
2026-09-24T05:21:30.8237913Z DiffWitness Gate accepted (dw2_17639ed823dd8526db02)
2026-09-24T05:21:30.8238129Z 
2026-09-24T05:21:30.8238233Z DiffWitness Guard: PROOF ACCEPTED
2026-09-24T05:21:30.8238405Z 
2026-09-24T05:21:30.8238488Z CHANGE DEBT
2026-09-24T05:21:30.8238699Z +1 point(s) / 1 obligation(s)
2026-09-24T05:21:30.8238950Z   security           +1
2026-09-24T05:21:30.8239583Z   DW-F90AD233C569 +1 security/heuristic — Security-sensitive surface changed
2026-09-24T05:21:30.8240070Z Debt budget: EXCEEDED — projected total 1; new 1
2026-09-24T05:21:30.8240400Z   ! new debt 1 exceeds per-change budget 0
2026-09-24T05:21:30.8240769Z Debt Ledger: rejected change was not admitted to the durable ledger.
2026-09-24T05:21:30.8241276Z IdleProof explanation: /tmp/tmp9s5r6n2x/.git/diffwitness/idleproof-explanation.json
2026-09-24T05:21:30.8241789Z Change envelope: /tmp/tmp9s5r6n2x/.git/diffwitness/change-envelope.json
2026-09-24T05:21:30.8242563Z Project continuity: 4 new change event(s) · dwchg_9351a704059bc0685f75196b
2026-09-24T05:21:30.8450928Z ok
2026-09-24T05:21:30.8457052Z test_non_object_jsonl_record_fails_closed (test_ledger_corruption.LedgerCorruptionTests.test_non_object_jsonl_record_fails_closed) ... ok
2026-09-24T05:21:30.8478844Z test_truncated_jsonl_tail_fails_closed_and_is_not_repaired_silently (test_ledger_corruption.LedgerCorruptionTests.test_truncated_jsonl_tail_fails_closed_and_is_not_repaired_silently) ... ok
2026-09-24T05:21:30.8959172Z test_checkpoint_history_is_fast_forward_only (test_ledger_transport.LedgerTransportTests.test_checkpoint_history_is_fast_forward_only) ... ok
2026-09-24T05:21:30.9289345Z test_checkpoint_is_idempotent_for_unchanged_ledger (test_ledger_transport.LedgerTransportTests.test_checkpoint_is_idempotent_for_unchanged_ledger) ... ok
2026-09-24T05:21:30.9649596Z test_checkpoint_restores_into_empty_clone_state_without_touching_head (test_ledger_transport.LedgerTransportTests.test_checkpoint_restores_into_empty_clone_state_without_touching_head) ... ok
2026-09-24T05:21:30.9928332Z test_checkpoint_tree_and_blob_are_platform_canonical (test_ledger_transport.LedgerTransportTests.test_checkpoint_tree_and_blob_are_platform_canonical) ... ok
2026-09-24T05:21:31.0910176Z test_missing_remote_ref_cannot_reuse_stale_tracking_ref (test_ledger_transport.LedgerTransportTests.test_missing_remote_ref_cannot_reuse_stale_tracking_ref) ... ok
2026-09-24T05:21:31.2539888Z test_remote_concurrent_update_never_force_overwrites (test_ledger_transport.LedgerTransportTests.test_remote_concurrent_update_never_force_overwrites) ... ok
2026-09-24T05:21:31.3463161Z test_remote_push_and_fresh_pull_round_trip (test_ledger_transport.LedgerTransportTests.test_remote_push_and_fresh_pull_round_trip) ... ok
2026-09-24T05:21:31.3840721Z test_exhausted_failed_proof_terminates_unverified (test_legacy_stop_contract.LegacyStopContractTests.test_exhausted_failed_proof_terminates_unverified) ... ok
2026-09-24T05:21:31.4055029Z test_missing_or_invalid_start_state_terminates_unverified_without_a_loop (test_legacy_stop_contract.LegacyStopContractTests.test_missing_or_invalid_start_state_terminates_unverified_without_a_loop) ... ok
2026-09-24T05:21:31.4335219Z test_no_change_success_omits_decision (test_legacy_stop_contract.LegacyStopContractTests.test_no_change_success_omits_decision) ... ok
2026-09-24T05:21:31.4336956Z test_payload_contract_reserves_decision_for_blocks (test_legacy_stop_contract.LegacyStopContractTests.test_payload_contract_reserves_decision_for_blocks) ... ok
2026-09-24T05:21:31.9056562Z test_native_proof_debt_understand_and_status_use_real_worktree_metadata (test_linked_worktree_product.LinkedWorktreeProductTests.test_native_proof_debt_understand_and_status_use_real_worktree_metadata) ... ok
2026-09-24T05:21:31.9249185Z test_damaged_or_duplicate_marker_blocks_fail_closed_without_rewriting_user_rules (test_local_git_state.LocalGitStateTests.test_damaged_or_duplicate_marker_blocks_fail_closed_without_rewriting_user_rules) ... ok
2026-09-24T05:21:31.9569548Z test_local_excludes_are_idempotent_preserve_user_rules_and_keep_tracked_files_visible (test_local_git_state.LocalGitStateTests.test_local_excludes_are_idempotent_preserve_user_rules_and_keep_tracked_files_visible) ... ok
2026-09-24T05:21:31.9742025Z test_setup_install_fails_before_sidecar_if_git_metadata_cannot_be_prepared (test_local_git_state.LocalGitStateTests.test_setup_install_fails_before_sidecar_if_git_metadata_cannot_be_prepared) ... ok
2026-09-24T05:21:32.0113130Z test_setup_install_prepares_local_excludes_before_sidecar_runs (test_local_git_state.LocalGitStateTests.test_setup_install_prepares_local_excludes_before_sidecar_runs) ... ok
2026-09-24T05:21:34.0735354Z test_all_kinds_nonascii_and_fr_en_keep_same_citations (test_memory_code.MemoryCodeTests.test_all_kinds_nonascii_and_fr_en_keep_same_citations) ... ok
2026-09-24T05:21:34.7820658Z test_code_drift_revalidation_keeps_authorities_and_index (test_memory_code.MemoryCodeTests.test_code_drift_revalidation_keeps_authorities_and_index) ... ok
2026-09-24T05:21:35.3280769Z test_deleted_and_explicitly_moved_reference (test_memory_code.MemoryCodeTests.test_deleted_and_explicitly_moved_reference) ... ok
2026-09-24T05:21:35.8929326Z test_deleted_role_can_be_explicitly_cleared_but_not_both_roles (test_memory_code.MemoryCodeTests.test_deleted_role_can_be_explicitly_cleared_but_not_both_roles) ... ok
2026-09-24T05:21:35.9763001Z test_forged_git_digest_cannot_be_reported_as_unchanged (test_memory_code.MemoryCodeTests.test_forged_git_digest_cannot_be_reported_as_unchanged) ... ok
2026-09-24T05:21:36.1045752Z test_forged_source_reference_rejected_on_all_readers (test_memory_code.MemoryCodeTests.test_forged_source_reference_rejected_on_all_readers) ... ok
2026-09-24T05:21:36.5842064Z test_invalid_selections_and_inactive_memory_do_not_append (test_memory_code.MemoryCodeTests.test_invalid_selections_and_inactive_memory_do_not_append) ... ok
2026-09-24T05:21:36.7620866Z test_missing_baseline_object_and_corrupt_bytes_fail_closed (test_memory_code.MemoryCodeTests.test_missing_baseline_object_and_corrupt_bytes_fail_closed) ... ok
2026-09-24T05:21:36.8469795Z test_schema_authority_and_subject_collision_rejected (test_memory_code.MemoryCodeTests.test_schema_authority_and_subject_collision_rejected) ... ok
2026-09-24T05:21:37.3279085Z test_stale_binding_and_memory_revision_fail_atomically (test_memory_code.MemoryCodeTests.test_stale_binding_and_memory_revision_fail_atomically) ... ok
2026-09-24T05:21:37.5262501Z test_types_and_budgets_fail_without_false_unchanged (test_memory_code.MemoryCodeTests.test_types_and_budgets_fail_without_false_unchanged) ... ok
2026-09-24T05:21:39.4841851Z test_all_four_kinds_confirm_retire_and_reconsider_preserve_assertion (test_memory_lifecycle.MemoryLifecycleTests.test_all_four_kinds_confirm_retire_and_reconsider_preserve_assertion) ... ok
2026-09-24T05:21:39.6215044Z test_confirmation_does_not_promote_or_replace_original_assertion_authority (test_memory_lifecycle.MemoryLifecycleTests.test_confirmation_does_not_promote_or_replace_original_assertion_authority) ... ok
2026-09-24T05:21:39.7567651Z test_hash_valid_invalid_revision_is_rejected_by_checkpoint_and_old_cache (test_memory_lifecycle.MemoryLifecycleTests.test_hash_valid_invalid_revision_is_rejected_by_checkpoint_and_old_cache) ... ok
2026-09-24T05:21:40.7181396Z test_installed_presentations_retain_failed_approaches_and_distinct_review_authority (test_memory_lifecycle.MemoryLifecycleTests.test_installed_presentations_retain_failed_approaches_and_distinct_review_authority) ... ok
2026-09-24T05:21:41.2211716Z test_invalid_replacements_and_unknown_kind_fail_without_partial_history (test_memory_lifecycle.MemoryLifecycleTests.test_invalid_replacements_and_unknown_kind_fail_without_partial_history) ... ok
2026-09-24T05:21:41.2660966Z test_profile_cannot_promote_judgment_or_smuggle_replacement_relations (test_memory_lifecycle.MemoryLifecycleTests.test_profile_cannot_promote_judgment_or_smuggle_replacement_relations) ... ok
2026-09-24T05:21:41.4564570Z test_public_redeclaration_of_managed_identity_is_a_controlled_rejection (test_memory_lifecycle.MemoryLifecycleTests.test_public_redeclaration_of_managed_identity_is_a_controlled_rejection) ... ok
2026-09-24T05:21:41.7695140Z test_rejected_memory_and_edges_do_not_seed_context_but_history_remains (test_memory_lifecycle.MemoryLifecycleTests.test_rejected_memory_and_edges_do_not_seed_context_but_history_remains) ... ok
2026-09-24T05:21:41.8973499Z test_stale_revision_is_rejected_atomically_and_source_cannot_be_overwritten (test_memory_lifecycle.MemoryLifecycleTests.test_stale_revision_is_rejected_atomically_and_source_cannot_be_overwritten) ... ok
2026-09-24T05:21:42.3164941Z test_supersession_is_immutable_and_bidirectional_with_exact_replacement_reference (test_memory_lifecycle.MemoryLifecycleTests.test_supersession_is_immutable_and_bidirectional_with_exact_replacement_reference) ... ok
2026-09-24T05:21:42.3449175Z test_codex_configuration_never_implies_provider_trust (test_native_activation.NativeActivationTests.test_codex_configuration_never_implies_provider_trust) ... ok
2026-09-24T05:21:42.6214380Z test_concurrent_provider_observations_do_not_lose_updates (test_native_activation.NativeActivationTests.test_concurrent_provider_observations_do_not_lose_updates) ... ok
2026-09-24T05:21:42.6556276Z test_linked_worktree_uses_real_git_metadata_and_keeps_activation_local (test_native_activation.NativeActivationTests.test_linked_worktree_uses_real_git_metadata_and_keeps_activation_local) ... ok
2026-09-24T05:21:42.6762252Z test_start_cause_cannot_be_mistaken_for_a_provider (test_native_activation.NativeActivationTests.test_start_cause_cannot_be_mistaken_for_a_provider) ... ok
2026-09-24T05:21:42.7028799Z test_successful_provider_session_start_records_real_observation (test_native_activation.NativeActivationTests.test_successful_provider_session_start_records_real_observation) ... ok
2026-09-24T05:21:42.7185926Z test_unknown_source_cannot_fabricate_native_provider_observation (test_native_activation.NativeActivationTests.test_unknown_source_cannot_fabricate_native_provider_observation) ... ok
2026-09-24T05:21:42.7644109Z test_native_prompt_context_never_tells_active_agent_to_launch_guard (test_native_hook_contracts.NativeHookContractTests.test_native_prompt_context_never_tells_active_agent_to_launch_guard) ... ok
2026-09-24T05:21:42.8039294Z test_native_prompt_without_session_start_does_not_spawn_fallback_agent (test_native_hook_contracts.NativeHookContractTests.test_native_prompt_without_session_start_does_not_spawn_fallback_agent) ... ok
2026-09-24T05:21:42.8040792Z test_stop_block_preserves_block_and_reason (test_native_hook_contracts.NativeHookContractTests.test_stop_block_preserves_block_and_reason) ... ok
2026-09-24T05:21:42.8042426Z test_stop_success_omits_unsupported_approve_decision (test_native_hook_contracts.NativeHookContractTests.test_stop_success_omits_unsupported_approve_decision) ... ok
2026-09-24T05:21:42.8043659Z test_terminal_stop_failure_never_requests_another_agent_turn (test_native_hook_contracts.NativeHookContractTests.test_terminal_stop_failure_never_requests_another_agent_turn) ... ok
2026-09-24T05:21:42.8587589Z test_committed_patch_round_trip_preserves_mixed_endings_and_utf8_context (test_native_patch_bytes.NativePatchBytesTests.test_committed_patch_round_trip_preserves_mixed_endings_and_utf8_context) ... ok
2026-09-24T05:21:44.3533391Z test_native_staged_unborn_counterfactual_uses_exact_lf_and_crlf_bytes (test_native_patch_bytes.NativePatchBytesTests.test_native_staged_unborn_counterfactual_uses_exact_lf_and_crlf_bytes) ... ok
2026-09-24T05:21:44.3760244Z test_a_new_scope_never_reuses_a_previous_git_resolution (test_native_prompt_resolution.NativeResolutionTests.test_a_new_scope_never_reuses_a_previous_git_resolution) ... ok
2026-09-24T05:21:44.4322845Z test_historical_corruption_between_prompts_cannot_reuse_advisory_memory (test_native_prompt_resolution.NativeResolutionTests.test_historical_corruption_between_prompts_cannot_reuse_advisory_memory) ... ok
2026-09-24T05:21:44.4527942Z test_linked_worktree_roots_are_distinct_but_journal_is_shared (test_native_prompt_resolution.NativeResolutionTests.test_linked_worktree_roots_are_distinct_but_journal_is_shared) ... Preparing worktree (detached HEAD bd68c39)
2026-09-24T05:21:44.4647019Z ok
2026-09-24T05:21:44.5387832Z test_native_prompt_reuses_only_repository_paths_within_one_invocation (test_native_prompt_resolution.NativeResolutionTests.test_native_prompt_reuses_only_repository_paths_within_one_invocation) ... ok
2026-09-24T05:21:44.5691393Z test_scoped_paths_are_discarded_on_exit_and_exception (test_native_prompt_resolution.NativeResolutionTests.test_scoped_paths_are_discarded_on_exit_and_exception) ... ok
2026-09-24T05:21:50.5246397Z test_generated_hooks_complete_all_guided_and_technical_provider_journeys (test_native_setup_journeys.NativeSetupJourneyTests.test_generated_hooks_complete_all_guided_and_technical_provider_journeys) ... ok
2026-09-24T05:21:50.5472215Z test_invalid_bytes_are_not_reinterpreted_as_locale_text (test_native_utf8_protocol.NativeUtf8ProtocolTests.test_invalid_bytes_are_not_reinterpreted_as_locale_text) ... ok
2026-09-24T05:21:50.8791271Z test_real_adapters_ignore_locale_for_native_utf8_input_and_output (test_native_utf8_protocol.NativeUtf8ProtocolTests.test_real_adapters_ignore_locale_for_native_utf8_input_and_output) ... ok
2026-09-24T05:21:50.8793500Z test_text_streams_and_non_object_payloads_keep_existing_contract (test_native_utf8_protocol.NativeUtf8ProtocolTests.test_text_streams_and_non_object_payloads_keep_existing_contract) ... ok
2026-09-24T05:21:50.9022423Z test_nested_idleproof_and_agent_hook_state_are_not_software_changes (test_nested_idleproof_plumbing.NestedLocalToolArtifactsTests.test_nested_idleproof_and_agent_hook_state_are_not_software_changes) ... ok
2026-09-24T05:21:50.9024228Z test_distinct_invalid_bytes_are_rejected_before_identity (test_patch_encoding_boundary.PatchEncodingBoundaryTests.test_distinct_invalid_bytes_are_rejected_before_identity) ... ok
2026-09-24T05:21:50.9851845Z test_real_prove_rejects_non_utf8_before_analysis_or_outputs (test_patch_encoding_boundary.PatchEncodingBoundaryTests.test_real_prove_rejects_non_utf8_before_analysis_or_outputs) ... ok
2026-09-24T05:21:51.5883958Z test_utf8_prove_persists_certificate_and_exact_crlf_reduction (test_patch_encoding_boundary.PatchEncodingBoundaryTests.test_utf8_prove_persists_certificate_and_exact_crlf_reduction) ... ok
2026-09-24T05:21:51.6284284Z test_native_handoff_blocks_an_intact_but_canonically_unaccepted_proof_before_debt_or_continuity (test_plugin_context_hook.PluginContextHookTests.test_native_handoff_blocks_an_intact_but_canonically_unaccepted_proof_before_debt_or_continuity) ... ok
2026-09-24T05:21:52.5123669Z test_native_session_stop_converges_on_proof_debt_envelope_and_continuity_without_guard_wrapper (test_plugin_context_hook.PluginContextHookTests.test_native_session_stop_converges_on_proof_debt_envelope_and_continuity_without_guard_wrapper) ... ok
2026-09-24T05:21:52.6061997Z test_prompt_submit_fails_open_outside_git_repository (test_plugin_context_hook.PluginContextHookTests.test_prompt_submit_fails_open_outside_git_repository) ... ok
2026-09-24T05:21:52.7908567Z test_prompt_submit_injects_bounded_epistemic_context_without_persisting_prompt (test_plugin_context_hook.PluginContextHookTests.test_prompt_submit_injects_bounded_epistemic_context_without_persisting_prompt) ... ok
2026-09-24T05:21:52.9041240Z test_prompt_submit_without_text_is_noop (test_plugin_context_hook.PluginContextHookTests.test_prompt_submit_without_text_is_noop) ... ok
2026-09-24T05:21:52.9046767Z test_help_exposes_only_diffwitness_commands (test_portal_proxy.PortalProxyTests.test_help_exposes_only_diffwitness_commands) ... ok
2026-09-24T05:21:52.9050319Z test_local_git_exclude_failure_blocks_state_creating_commands (test_portal_proxy.PortalProxyTests.test_local_git_exclude_failure_blocks_state_creating_commands) ... ok
2026-09-24T05:21:52.9058794Z test_missing_sidecar_is_actionable (test_portal_proxy.PortalProxyTests.test_missing_sidecar_is_actionable) ... ok
2026-09-24T05:21:52.9069511Z test_proxy_forwards_argv_without_shell_or_token_rewriting (test_portal_proxy.PortalProxyTests.test_proxy_forwards_argv_without_shell_or_token_rewriting) ... ok
2026-09-24T05:21:52.9086508Z test_snapshot_is_local_and_does_not_require_sidecar_or_portal_config (test_portal_proxy.PortalProxyTests.test_snapshot_is_local_and_does_not_require_sidecar_or_portal_config) ... ok
2026-09-24T05:21:52.9093702Z test_snapshot_rejects_unknown_options_without_network_or_sidecar (test_portal_proxy.PortalProxyTests.test_snapshot_rejects_unknown_options_without_network_or_sidecar) ... ok
2026-09-24T05:21:52.9103628Z test_start_failure_does_not_expose_internal_sidecar_term (test_portal_proxy.PortalProxyTests.test_start_failure_does_not_expose_internal_sidecar_term) ... ok
2026-09-24T05:21:52.9105209Z test_unknown_sidecar_surface_is_rejected (test_portal_proxy.PortalProxyTests.test_unknown_sidecar_surface_is_rejected) ... ok
2026-09-24T05:21:52.9106772Z test_balanced_and_strict_policies_are_distinct (test_proof_cli.ProofCliTests.test_balanced_and_strict_policies_are_distinct) ... ok
2026-09-24T05:21:52.9184220Z test_doctor_explains_default_detection (test_proof_cli.ProofCliTests.test_doctor_explains_default_detection) ... ok
2026-09-24T05:21:53.1903081Z test_guard_adaptive_accepts_one_hunk_proven_fix (test_proof_cli.ProofCliTests.test_guard_adaptive_accepts_one_hunk_proven_fix) ... ok
2026-09-24T05:21:53.6082367Z test_guard_auto_routes_large_enough_patch_to_adaptive_and_rejects_surplus (test_proof_cli.ProofCliTests.test_guard_auto_routes_large_enough_patch_to_adaptive_and_rejects_surplus) ... 
2026-09-24T05:21:53.6083547Z DiffWitness Guard: PROOF REJECTED - Adaptive Core found 1 mutation(s) removable while preserving the selected stable evidence
2026-09-24T05:21:53.6102373Z ok
2026-09-24T05:21:53.6714172Z test_guard_captures_pre_agent_state_and_accepts_proven_fix (test_proof_cli.ProofCliTests.test_guard_captures_pre_agent_state_and_accepts_proven_fix) ... DiffWitness Guard armed at cd283fe02d1e
2026-09-24T05:21:53.6715935Z Evidence: "/opt/hostedtoolcache/Python/3.11.16/x64/bin/python" -m unittest discover -s tests -q
2026-09-24T05:21:53.6716707Z Policy:   strict
2026-09-24T05:21:53.6717036Z Strategy: adaptive
2026-09-24T05:21:53.6717384Z Budget:   900s proof wall clock
2026-09-24T05:21:53.6717639Z 
2026-09-24T05:21:53.6717968Z DiffWitness Guard selected adaptive proof for 1 production mutation(s).
2026-09-24T05:21:53.6718580Z DiffWitness Adaptive Core
2026-09-24T05:21:53.6718953Z contrast:    PROVEN
2026-09-24T05:21:53.6719556Z mutations:   1 original
2026-09-24T05:21:53.6719895Z core:        1 retained
2026-09-24T05:21:53.6720243Z removable:   0 observed removable
2026-09-24T05:21:53.6720632Z experiments: 1/40
2026-09-24T05:21:53.6720949Z 1-minimal:   yes
2026-09-24T05:21:53.6721282Z certificate: dwac1_d461f7be78112cc9cfa0
2026-09-24T05:21:53.6721572Z 
2026-09-24T05:21:53.6721688Z Causal core:
2026-09-24T05:21:53.6722008Z   KEEP    calc.py hunk 1/1
2026-09-24T05:21:53.6722231Z 
2026-09-24T05:21:53.6722495Z DiffWitness Guard: PROOF ACCEPTED (dwac1_d461f7be78112cc9cfa0)
2026-09-24T05:21:53.6723059Z DiffWitness Guard armed at 4da4e7195ccb
2026-09-24T05:21:53.6723768Z Evidence: "/opt/hostedtoolcache/Python/3.11.16/x64/bin/python" -m unittest discover -s tests -q
2026-09-24T05:21:53.6724468Z Policy:   balanced
2026-09-24T05:21:53.6724777Z Strategy: auto
2026-09-24T05:21:53.6725127Z Budget:   900s proof wall clock
2026-09-24T05:21:53.6725378Z 
2026-09-24T05:21:53.6725859Z DiffWitness Guard selected adaptive proof for 2 production mutation(s).
2026-09-24T05:21:53.6726478Z DiffWitness Adaptive Core
2026-09-24T05:21:53.6726736Z contrast:    PROVEN
2026-09-24T05:21:53.6726948Z mutations:   2 original
2026-09-24T05:21:53.6727165Z core:        1 retained
2026-09-24T05:21:53.6727392Z removable:   1 observed removable
2026-09-24T05:21:53.6727643Z experiments: 3/10
2026-09-24T05:21:53.6727851Z 1-minimal:   yes
2026-09-24T05:21:53.6728074Z certificate: dwac1_5aed1950e71b1a44e6f3
2026-09-24T05:21:53.6728251Z 
2026-09-24T05:21:53.6728330Z Causal core:
2026-09-24T05:21:53.6728536Z   KEEP    calc.py hunk 1/2
2026-09-24T05:21:53.6728685Z 
2026-09-24T05:21:53.6728797Z Evidence-removable surface:
2026-09-24T05:21:53.6729309Z   REVIEW  calc.py hunk 2/2 — def add(a, b):
2026-09-24T05:21:53.6729615Z DiffWitness Guard armed at bc80a08d2033
2026-09-24T05:21:53.6730056Z Evidence: "/opt/hostedtoolcache/Python/3.11.16/x64/bin/python" -m unittest discover -s tests -q
2026-09-24T05:21:53.6730495Z Policy:   strict
2026-09-24T05:21:53.6730714Z Strategy: auto
2026-09-24T05:21:53.6730930Z Budget:   900s proof wall clock
2026-09-24T05:21:53.6731096Z 
2026-09-24T05:21:53.6731308Z DiffWitness Guard selected exhaustive proof for 1 production mutation(s).
2026-09-24T05:21:53.9648928Z ok
2026-09-24T05:21:54.0251580Z test_guard_rejects_scope_creep_under_strict_policy (test_proof_cli.ProofCliTests.test_guard_rejects_scope_creep_under_strict_policy) ... DiffWitness 0.4.0a1 - counterfactual patch evidence
2026-09-24T05:21:54.0252918Z repo:      /tmp/tmp4mz71nn7
2026-09-24T05:21:54.0253446Z base:      bc80a08d2033363081929f58eb0fa67099011f33 (bc80a08d2033)
2026-09-24T05:21:54.0254499Z candidate: 0f7c335996abcee9eb6816a4b93b19f775526599 (0f7c335996ab)
2026-09-24T05:21:54.0255437Z evidence:  "/opt/hostedtoolcache/Python/3.11.16/x64/bin/python" -m unittest discover -s tests -q
2026-09-24T05:21:54.0256460Z stability: 1 run(s) per variant
2026-09-24T05:21:54.0256900Z budget:    900s total; 300s per command
2026-09-24T05:21:54.0257420Z changes:   1 analyzed mutation(s); 1 changed test file(s)
2026-09-24T05:21:54.0257827Z 
2026-09-24T05:21:54.0258068Z contrast:  BASE STABLE-FAIL -> CANDIDATE STABLE-PASS
2026-09-24T05:21:54.0258431Z 
2026-09-24T05:21:54.0258667Z WITNESSED         +1/-1  calc.py hunk 1/1  [stable-fail]
2026-09-24T05:21:54.0259025Z 
2026-09-24T05:21:54.0259228Z summary: 1 witnessed, 0 unwitnessed, 0 inconclusive
2026-09-24T05:21:54.0259769Z core:    1 minimal sufficient set(s) of 1 hunk(s)
2026-09-24T05:21:54.0260258Z cert:    dw2_1e1cb9f80abf491fc604
2026-09-24T05:21:54.0260531Z 
2026-09-24T05:21:54.0260803Z DiffWitness Guard: PROOF ACCEPTED (dw2_1e1cb9f80abf491fc604)
2026-09-24T05:21:54.0261383Z DiffWitness Guard armed at 4da4e7195ccb
2026-09-24T05:21:54.0262132Z Evidence: "/opt/hostedtoolcache/Python/3.11.16/x64/bin/python" -m unittest discover -s tests -q
2026-09-24T05:21:54.0262858Z Policy:   strict
2026-09-24T05:21:54.0263179Z Strategy: auto
2026-09-24T05:21:54.0263517Z Budget:   900s proof wall clock
2026-09-24T05:21:54.0263784Z 
2026-09-24T05:21:54.0264381Z DiffWitness Guard selected exhaustive proof for 2 production mutation(s).
2026-09-24T05:21:54.4624869Z 
2026-09-24T05:21:54.4625723Z DiffWitness Guard: PROOF REJECTED - 1 strong surplus candidate hunk(s) were found
2026-09-24T05:21:54.4648231Z ok
2026-09-24T05:21:56.9631829Z test_all_real_public_producers_verify_then_feed_debt_unchanged (test_proof_debt_families.ProofDebtFamilyTests.test_all_real_public_producers_verify_then_feed_debt_unchanged) ... ok
2026-09-24T05:21:58.4586404Z test_binding_conflicts_and_unknown_schemas_are_refused_by_both_readers (test_proof_debt_families.ProofDebtFamilyTests.test_binding_conflicts_and_unknown_schemas_are_refused_by_both_readers) ... ok
2026-09-24T05:22:00.5185084Z test_wrong_base_is_refused_before_measurement_for_every_real_family (test_proof_debt_families.ProofDebtFamilyTests.test_wrong_base_is_refused_before_measurement_for_every_real_family) ... ok
2026-09-24T05:22:01.9378255Z test_reference_semantics_all_hold (test_proofbench.ProofBenchTests.test_reference_semantics_all_hold) ... ok
2026-09-24T05:22:01.9677364Z test_codex_requires_live_activation_then_becomes_ready_after_observed_hook (test_protect.ProtectTests.test_codex_requires_live_activation_then_becomes_ready_after_observed_hook) ... ok
2026-09-24T05:22:02.0004228Z test_codex_safe_live_hook_promotes_readiness_without_a_risk_finding (test_protect.ProtectTests.test_codex_safe_live_hook_promotes_readiness_without_a_risk_finding) ... ok
2026-09-24T05:22:02.0091450Z test_default_is_off_and_never_gates (test_protect.ProtectTests.test_default_is_off_and_never_gates) ... ok
2026-09-24T05:22:02.0215487Z test_external_harness_marker_delegates_without_force (test_protect.ProtectTests.test_external_harness_marker_delegates_without_force) ... ok
2026-09-24T05:22:02.0449462Z test_force_builtin_merges_and_disable_preserves_foreign_hooks (test_protect.ProtectTests.test_force_builtin_merges_and_disable_preserves_foreign_hooks) ... ok
2026-09-24T05:22:02.0592398Z test_no_detected_adapter_does_not_create_provider_scaffolds (test_protect.ProtectTests.test_no_detected_adapter_does_not_create_provider_scaffolds) ... ok
2026-09-24T05:22:02.0799177Z test_observe_policy_records_but_does_not_block (test_protect.ProtectTests.test_observe_policy_records_but_does_not_block) ... ok
2026-09-24T05:22:02.2821665Z test_parallel_first_codex_hooks_record_one_durable_activation (test_protect.ProtectTests.test_parallel_first_codex_hooks_record_one_durable_activation) ... ok
2026-09-24T05:22:02.4803314Z test_parallel_receipt_appends_preserve_one_valid_chain (test_protect.ProtectTests.test_parallel_receipt_appends_preserve_one_valid_chain) ... ok
2026-09-24T05:22:02.4997999Z test_post_tool_reports_invalid_json_as_observed (test_protect.ProtectTests.test_post_tool_reports_invalid_json_as_observed) ... ok
2026-09-24T05:22:02.5202415Z test_receipt_integrity_detects_tampering (test_protect.ProtectTests.test_receipt_integrity_detects_tampering) ... ok
2026-09-24T05:22:02.5388299Z test_secret_is_blocked_but_secret_value_is_not_persisted (test_protect.ProtectTests.test_secret_is_blocked_but_secret_value_is_not_persisted) ... ok
2026-09-24T05:22:02.5577241Z test_standard_blocks_destructive_git_without_recording_raw_command (test_protect.ProtectTests.test_standard_blocks_destructive_git_without_recording_raw_command) ... ok
2026-09-24T05:22:02.5645037Z test_status_is_bounded_and_contains_no_raw_agent_data (test_protect.ProtectTests.test_status_is_bounded_and_contains_no_raw_agent_data) ... ok
2026-09-24T05:22:02.5891025Z test_strict_dependency_install_blocks_on_current_codex_adapter (test_protect.ProtectTests.test_strict_dependency_install_blocks_on_current_codex_adapter) ... ok
2026-09-24T05:22:02.6138051Z test_strict_dependency_install_requests_confirmation_for_claude (test_protect.ProtectTests.test_strict_dependency_install_requests_confirmation_for_claude) ... ok
2026-09-24T05:22:02.6255079Z test_tampered_tail_cannot_be_silently_extended (test_protect.ProtectTests.test_tampered_tail_cannot_be_silently_extended) ... ok
2026-09-24T05:22:02.6444745Z test_write_outside_repository_is_blocked (test_protect.ProtectTests.test_write_outside_repository_is_blocked) ... ok
2026-09-24T05:22:02.6773633Z test_claude_protect_uses_exec_form_and_preserves_native_hooks (test_protect_claude_exec_hooks.ProtectClaudeExecHookTests.test_claude_protect_uses_exec_form_and_preserves_native_hooks) ... ok
2026-09-24T05:22:02.6992778Z test_dry_run_clean_is_not_misclassified_as_forced (test_protect_command_normalization.ProtectCommandNormalizationTests.test_dry_run_clean_is_not_misclassified_as_forced) ... ok
2026-09-24T05:22:02.7539859Z test_git_global_options_cannot_bypass_forced_clean (test_protect_command_normalization.ProtectCommandNormalizationTests.test_git_global_options_cannot_bypass_forced_clean) ... ok
2026-09-24T05:22:02.8013356Z test_global_options_are_normalized_for_other_destructive_git_subcommands (test_protect_command_normalization.ProtectCommandNormalizationTests.test_global_options_are_normalized_for_other_destructive_git_subcommands) ... ok
2026-09-24T05:22:02.8158955Z test_protect_honors_explicit_setup_adapter_scope (test_protect_command_normalization.ProtectCommandNormalizationTests.test_protect_honors_explicit_setup_adapter_scope) ... ok
2026-09-24T05:22:02.8628808Z test_forced_git_clean_is_denied_before_execution_and_never_mints_proof (test_protect_destructive_end_to_end.ProtectDestructiveEndToEndTests.test_forced_git_clean_is_denied_before_execution_and_never_mints_proof) ... ok
2026-09-24T05:22:02.8642429Z test_block_maps_to_provider_deny_without_allow_override (test_protect_ide_bridge.ProtectIdeBridgeTests.test_block_maps_to_provider_deny_without_allow_override) ... ok
2026-09-24T05:22:02.8648883Z test_clean_action_emits_no_permission_decision (test_protect_ide_bridge.ProtectIdeBridgeTests.test_clean_action_emits_no_permission_decision) ... ok
2026-09-24T05:22:02.8654973Z test_post_tool_feedback_is_explicitly_observed (test_protect_ide_bridge.ProtectIdeBridgeTests.test_post_tool_feedback_is_explicitly_observed) ... ok
2026-09-24T05:22:02.8660322Z test_pre_tool_bridge_failure_fails_closed (test_protect_ide_bridge.ProtectIdeBridgeTests.test_pre_tool_bridge_failure_fails_closed) ... ok
2026-09-24T05:22:02.8667986Z test_strict_confirmation_maps_to_provider_ask (test_protect_ide_bridge.ProtectIdeBridgeTests.test_strict_confirmation_maps_to_provider_ask) ... ok
2026-09-24T05:22:02.9961367Z test_codex_reenable_waits_for_observation_without_inventing_trust_state (test_provider_trust_readiness.ProviderTrustReadinessTests.test_codex_reenable_waits_for_observation_without_inventing_trust_state) ... ok
2026-09-24T05:22:03.0015866Z test_missing_native_observation_does_not_prove_pending_approval (test_provider_trust_readiness.ProviderTrustReadinessTests.test_missing_native_observation_does_not_prove_pending_approval) ... ok
2026-09-24T05:22:03.0017886Z test_entry_resolves_to_v03_package_frontend (test_public_frontend.PublicFrontendTests.test_entry_resolves_to_v03_package_frontend) ... ok
2026-09-24T05:22:03.0166804Z test_preservation_certificate_is_integrity_and_tree_verifiable (test_public_frontend.PublicFrontendTests.test_preservation_certificate_is_integrity_and_tree_verifiable) ... DiffWitness 0.4.0a1 - counterfactual patch evidence
2026-09-24T05:22:03.0167914Z repo:      /tmp/tmps8guebih
2026-09-24T05:22:03.0168524Z base:      4da4e7195ccbbfaf12d119313c059e7fa8a3b484 (4da4e7195ccb)
2026-09-24T05:22:03.0169169Z candidate: 503e69c78c616d671f12971dd47bf31940533a41 (503e69c78c61)
2026-09-24T05:22:03.0169964Z evidence:  "/opt/hostedtoolcache/Python/3.11.16/x64/bin/python" -m unittest discover -s tests -q
2026-09-24T05:22:03.0170559Z stability: 1 run(s) per variant
2026-09-24T05:22:03.0171032Z budget:    900s total; 300s per command
2026-09-24T05:22:03.0171590Z changes:   2 analyzed mutation(s); 1 changed test file(s)
2026-09-24T05:22:03.0171954Z 
2026-09-24T05:22:03.0172396Z contrast:  BASE STABLE-FAIL -> CANDIDATE STABLE-PASS
2026-09-24T05:22:03.0172778Z 
2026-09-24T05:22:03.0174323Z WITNESSED         +1/-1  calc.py hunk 1/2  [stable-fail]
2026-09-24T05:22:03.0175276Z UNWITNESSED       +1/-1  calc.py hunk 2/2 — def add(a, b):  [stable-pass]
2026-09-24T05:22:03.0176141Z 
2026-09-24T05:22:03.0176356Z summary: 1 witnessed, 1 unwitnessed, 0 inconclusive
2026-09-24T05:22:03.0176872Z core:    1 minimal sufficient set(s) of 1 hunk(s)
2026-09-24T05:22:03.0177318Z surplus: 1 strong surplus candidate hunk(s)
2026-09-24T05:22:03.0177719Z cert:    dw2_444b0163f856fefd9bc5
2026-09-24T05:22:03.2359253Z DiffWitness Gate: preservation-evidence under balanced policy (dwa1_83f6724734494cad4058)
2026-09-24T05:22:03.2360126Z DiffWitness Gate accepted: balanced policy accepts stable preservation assurance
2026-09-24T05:22:03.2360999Z Project continuity: 2 new change event(s) · dwchg_3864ff9a82b6ddb11e297269
2026-09-24T05:22:03.2567668Z ok
2026-09-24T05:22:03.3775718Z test_current_proof_staleness_is_independent_of_native_readiness (test_readiness.ReadinessTests.test_current_proof_staleness_is_independent_of_native_readiness) ... ok
2026-09-24T05:22:03.4136569Z test_historical_observation_does_not_hide_missing_hook_or_executable (test_readiness.ReadinessTests.test_historical_observation_does_not_hide_missing_hook_or_executable) ... ok
2026-09-24T05:22:03.5759783Z test_ht005_missing_hooks_preserves_configured_but_repairs_in_every_view (test_readiness.ReadinessTests.test_ht005_missing_hooks_preserves_configured_but_repairs_in_every_view) ... ok
2026-09-24T05:22:03.7604444Z test_ht012_unobserved_then_observed_is_independent_of_provider_trust_and_proof (test_readiness.ReadinessTests.test_ht012_unobserved_then_observed_is_independent_of_provider_trust_and_proof) ... ok
2026-09-24T05:22:03.8070817Z test_mixed_adapters_do_not_hide_the_unobserved_one (test_readiness.ReadinessTests.test_mixed_adapters_do_not_hide_the_unobserved_one) ... ok
2026-09-24T05:22:03.9081698Z test_protect_optional_delegated_and_pending_are_separate_from_proof (test_readiness.ReadinessTests.test_protect_optional_delegated_and_pending_are_separate_from_proof) ... ok
2026-09-24T05:22:03.9413620Z test_verification_preflight_does_not_run_the_command (test_readiness.ReadinessTests.test_verification_preflight_does_not_run_the_command) ... ok
2026-09-24T05:22:03.9420434Z test_all_canonical_release_gates_requalify_main_merges (test_release_metadata.ReleaseMetadataTests.test_all_canonical_release_gates_requalify_main_merges) ... ok
2026-09-24T05:22:03.9425978Z test_distributed_hook_locations_match_local_desktop_and_cli_contracts (test_release_metadata.ReleaseMetadataTests.test_distributed_hook_locations_match_local_desktop_and_cli_contracts) ... ok
2026-09-24T05:22:03.9434081Z test_launch_docs_keep_native_agents_primary_and_guided_first (test_release_metadata.ReleaseMetadataTests.test_launch_docs_keep_native_agents_primary_and_guided_first) ... ok
2026-09-24T05:22:03.9443505Z test_python_and_plugin_versions_describe_the_same_release (test_release_metadata.ReleaseMetadataTests.test_python_and_plugin_versions_describe_the_same_release) ... ok
2026-09-24T05:22:03.9445523Z test_release_blocks_publication_until_exact_tag_consumer_passes (test_release_metadata.ReleaseMetadataTests.test_release_blocks_publication_until_exact_tag_consumer_passes) ... ok
2026-09-24T05:22:03.9943535Z test_repay_closes_historical_test_debt_only_after_discriminating_replay (test_repay_flow.RepayFlowTests.test_repay_closes_historical_test_debt_only_after_discriminating_replay) ... certificate: dwa1_83f6724734494cad4058
2026-09-24T05:22:03.9944441Z integrity:   valid
2026-09-24T05:22:03.9944689Z freshness:   fresh against WORKTREE
2026-09-24T05:22:03.9944978Z candidate:   embedded-tree
2026-09-24T05:22:03.9945231Z base:        embedded-tree
2026-09-24T05:22:03.9945480Z verdict:     VALID
2026-09-24T05:22:03.9945994Z Debt impact: +8 point(s) across 2 obligation(s)
2026-09-24T05:22:03.9946319Z   unverified_change  +5
2026-09-24T05:22:03.9946546Z   test               +3
2026-09-24T05:22:03.9946683Z 
2026-09-24T05:22:03.9947394Z DW-09182F5B825D  + 5  unverified_change/deterministic — Executable change lacks accepted DiffWitness behavioral evidence
2026-09-24T05:22:03.9948179Z DW-BBCCF15B0B3B  + 3  test/deterministic — Production change has no changed test surface
2026-09-24T05:22:03.9948738Z 
2026-09-24T05:22:03.9948908Z Budget: PASS — projected total 8; new 8
2026-09-24T05:22:03.9949228Z Ledger: +2 introduced, 0 reopened, 0 refreshed
2026-09-24T05:22:04.0428113Z DiffWitness Repay: 1 obligation(s), 3 point(s)
2026-09-24T05:22:04.0429606Z Agent: /opt/hostedtoolcache/Python/3.11.16/x64/bin/python -c from pathlib import Path; t=Path('tests/test_app.py'); t.parent.mkdir(exist_ok=True); t.write_text("import unittest\nfrom app import add\n\nclass T(unittest.TestCase):\n    def test_add(self):\n        self.assertEqual(add(2, 3), 5)\n", encoding='utf-8')
2026-09-24T05:22:04.3647227Z ok
2026-09-24T05:22:04.3922084Z test_saved_guided_view_applies_to_doctor_explain_context_and_protect (test_rr007_guided_surface.GuidedSurfaceContractTests.test_saved_guided_view_applies_to_doctor_explain_context_and_protect) ... ok
2026-09-24T05:22:04.3923161Z test_classifies_stability (test_runner.RunnerTests.test_classifies_stability) ... ok
2026-09-24T05:22:04.3924352Z test_non_finite_command_and_proof_budgets_fail_closed (test_runner.RunnerTests.test_non_finite_command_and_proof_budgets_fail_closed) ... ok
2026-09-24T05:22:04.5228833Z test_prepare_is_recreated_before_every_repetition (test_runner.RunnerTests.test_prepare_is_recreated_before_every_repetition) ... ok
2026-09-24T05:22:04.6063643Z test_proof_repetitions_remove_ignored_state_between_runs (test_runner.RunnerTests.test_proof_repetitions_remove_ignored_state_between_runs) ... ok
2026-09-24T05:22:04.6064642Z test_timeout_terminates_descendant_processes (test_runner.RunnerTests.test_timeout_terminates_descendant_processes)
2026-09-24T05:22:06.1091964Z A timed-out evidence command must not leak workers into later proof variants. ... ok
2026-09-24T05:22:06.1093153Z test_wall_clock_budget_caps_nested_evidence_command (test_runner.RunnerTests.test_wall_clock_budget_caps_nested_evidence_command)
2026-09-24T05:22:06.3120445Z A proof-wide deadline must cap commands even when their local timeout is much larger. ... ok
2026-09-24T05:22:06.3133972Z test_explicit_launcher_wins_over_other_installation_on_path (test_runtime_executable.RuntimeExecutableTests.test_explicit_launcher_wins_over_other_installation_on_path) ... ok
2026-09-24T05:22:06.3149924Z test_explicit_override_is_resolved_once_and_not_treated_as_shell_text (test_runtime_executable.RuntimeExecutableTests.test_explicit_override_is_resolved_once_and_not_treated_as_shell_text) ... ok
2026-09-24T05:22:06.3160304Z test_frozen_binary_uses_bootloader_not_argv_or_extraction_dir (test_runtime_executable.RuntimeExecutableTests.test_frozen_binary_uses_bootloader_not_argv_or_extraction_dir) ... ok
2026-09-24T05:22:06.3172897Z test_frozen_setup_requires_explicit_sidecar_instead_of_path (test_runtime_executable.RuntimeExecutableTests.test_frozen_setup_requires_explicit_sidecar_instead_of_path) ... ok
2026-09-24T05:22:06.3189183Z test_metadata_for_another_loaded_distribution_is_rejected (test_runtime_executable.RuntimeExecutableTests.test_metadata_for_another_loaded_distribution_is_rejected) ... ok
2026-09-24T05:22:06.3460271Z test_missing_override_does_not_remove_existing_hooks (test_runtime_executable.RuntimeExecutableTests.test_missing_override_does_not_remove_existing_hooks) ... ok
2026-09-24T05:22:06.3471973Z test_symlink_freezes_the_actual_installation (test_runtime_executable.RuntimeExecutableTests.test_symlink_freezes_the_actual_installation) ... ok
2026-09-24T05:22:06.3483458Z test_unknown_programmatic_entry_cannot_fall_back_to_path (test_runtime_executable.RuntimeExecutableTests.test_unknown_programmatic_entry_cannot_fall_back_to_path) ... ok
2026-09-24T05:22:06.3494239Z test_windows_console_launcher_recovers_stripped_exe_suffix (test_runtime_executable.RuntimeExecutableTests.test_windows_console_launcher_recovers_stripped_exe_suffix) ... ok
2026-09-24T05:22:06.8837816Z test_changed_lines_and_detection_keep_native_paths (test_sensor_native_paths.SensorNativePathTests.test_changed_lines_and_detection_keep_native_paths) ... ok
2026-09-24T05:22:06.9105463Z test_enumeration_is_exact_independent_of_git_quote_configuration (test_sensor_native_paths.SensorNativePathTests.test_enumeration_is_exact_independent_of_git_quote_configuration) ... ok
2026-09-24T05:22:06.9658899Z test_exact_move_is_not_new_code_and_edited_move_keeps_native_destination (test_sensor_native_paths.SensorNativePathTests.test_exact_move_is_not_new_code_and_edited_move_keeps_native_destination) ... ok
2026-09-24T05:22:06.9862433Z test_limit_is_visible_in_actual_sensor_coverage (test_sensor_native_paths.SensorNativePathTests.test_limit_is_visible_in_actual_sensor_coverage) ... ok
2026-09-24T05:22:07.0131297Z test_non_utf8_git_identity_is_explicitly_unsupported_without_an_alias (test_sensor_native_paths.SensorNativePathTests.test_non_utf8_git_identity_is_explicitly_unsupported_without_an_alias) ... ok
2026-09-24T05:22:07.0578025Z test_real_sensor_preserves_unicode_identity_and_advisory_authority (test_sensor_native_paths.SensorNativePathTests.test_real_sensor_preserves_unicode_identity_and_advisory_authority) ... ok
2026-09-24T05:22:07.0732684Z test_exact_inventory_rejects_extras_omissions_and_byte_changes (test_source_distribution_smoke.SourceDistributionInventoryTests.test_exact_inventory_rejects_extras_omissions_and_byte_changes) ... ok
2026-09-24T05:22:07.9812115Z test_real_accepted_proof_becomes_historical_after_failing_worktree_drift (test_stale_proof_end_to_end.StaleProofEndToEndTests.test_real_accepted_proof_becomes_historical_after_failing_worktree_drift) ... DiffWitness Gate rejected: candidate is not stably green
2026-09-24T05:22:08.0002208Z ok
2026-09-24T05:22:08.0302728Z test_clean_repo_preserves_v1_navigation_contract (test_status_cli.ProjectStatusTests.test_clean_repo_preserves_v1_navigation_contract) ... ok
2026-09-24T05:22:08.0596399Z test_configured_evidence_with_missing_executable_is_not_ready (test_status_cli.ProjectStatusTests.test_configured_evidence_with_missing_executable_is_not_ready) ... ok
2026-09-24T05:22:08.0891741Z test_dirty_repo_points_to_executable_gate_with_explicit_base (test_status_cli.ProjectStatusTests.test_dirty_repo_points_to_executable_gate_with_explicit_base) ... ok
2026-09-24T05:22:08.1187621Z test_guided_and_technical_views_share_exact_same_status_model (test_status_cli.ProjectStatusTests.test_guided_and_technical_views_share_exact_same_status_model) ... ok
2026-09-24T05:22:08.1716977Z test_json_cli_is_machine_readable_non_mutating_and_view_invariant (test_status_cli.ProjectStatusTests.test_json_cli_is_machine_readable_non_mutating_and_view_invariant) ... ok
2026-09-24T05:22:08.2014069Z test_native_scope_alone_requires_repair_before_normal_agent_use (test_status_cli.ProjectStatusTests.test_native_scope_alone_requires_repair_before_normal_agent_use) ... ok
2026-09-24T05:22:08.2309652Z test_untracked_python_cache_is_navigation_noise_not_user_change (test_status_cli.ProjectStatusTests.test_untracked_python_cache_is_navigation_noise_not_user_change) ... ok
2026-09-24T05:22:08.2389174Z test_concurrent_documents_and_rejections_remain_independent (test_strict_json_decoder.StrictDecoderTests.test_concurrent_documents_and_rejections_remain_independent) ... ok
2026-09-24T05:22:08.2391999Z test_documents_and_failed_parses_do_not_share_mutable_state (test_strict_json_decoder.StrictDecoderTests.test_documents_and_failed_parses_do_not_share_mutable_state) ... ok
2026-09-24T05:22:08.2529932Z test_encoding_and_type_compatibility (test_strict_json_decoder.StrictDecoderTests.test_encoding_and_type_compatibility) ... ok
2026-09-24T05:22:08.2537758Z test_contract_rejects_path_digest_authority_and_invalid_positions (test_structure_contract.StructureContractTests.test_contract_rejects_path_digest_authority_and_invalid_positions) ... ok
2026-09-24T05:22:08.2947824Z test_invalid_provider_result_cannot_delete_previous_index (test_structure_contract.StructureContractTests.test_invalid_provider_result_cannot_delete_previous_index) ... ok
2026-09-24T05:22:08.2950615Z test_line_positions_accept_python_universal_newlines (test_structure_contract.StructureContractTests.test_line_positions_accept_python_universal_newlines) ... ok
2026-09-24T05:22:08.3349799Z test_missing_extraction_contract_stamp_forces_refresh_at_same_tree (test_structure_contract.StructureContractTests.test_missing_extraction_contract_stamp_forces_refresh_at_same_tree) ... ok
2026-09-24T05:22:08.3351870Z test_parse_failure_has_no_symbol_or_relation_claims (test_structure_contract.StructureContractTests.test_parse_failure_has_no_symbol_or_relation_claims) ... ok
2026-09-24T05:22:08.3354221Z test_python_provider_exposes_source_bound_typed_facts_and_existing_names (test_structure_contract.StructureContractTests.test_python_provider_exposes_source_bound_typed_facts_and_existing_names) ... ok
2026-09-24T05:22:08.3356105Z test_actual_transport_hash_authority_positions_and_no_values (test_structure_data.DataSyntaxTests.test_actual_transport_hash_authority_positions_and_no_values) ... skipped 'actual optional SQL/config grammars not installed'
2026-09-24T05:22:08.3357503Z test_decoded_keys_positions_and_invalid_surrogates (test_structure_data.DataSyntaxTests.test_decoded_keys_positions_and_invalid_surrogates) ... skipped 'actual optional SQL/config grammars not installed'
2026-09-24T05:22:08.3358956Z test_duplicates_invalid_encodings_and_unsupported_sql_form_fail_closed (test_structure_data.DataSyntaxTests.test_duplicates_invalid_encodings_and_unsupported_sql_form_fail_closed) ... skipped 'actual optional SQL/config grammars not installed'
2026-09-24T05:22:08.3375209Z test_immutable_tree_index_keeps_keys_and_ddl_without_dirty_values (test_structure_data.DataSyntaxTests.test_immutable_tree_index_keeps_keys_and_ddl_without_dirty_values) ... skipped 'actual optional SQL/config grammars not installed'
2026-09-24T05:22:08.3377964Z test_json_keys_are_unambiguous_and_array_items_distinct (test_structure_data.DataSyntaxTests.test_json_keys_are_unambiguous_and_array_items_distinct) ... skipped 'actual optional SQL/config grammars not installed'
2026-09-24T05:22:08.3379850Z test_missing_grammars_remain_recognized_empty (test_structure_data.DataSyntaxTests.test_missing_grammars_remain_recognized_empty) ... ok
2026-09-24T05:22:08.3381881Z test_overflowing_json_values_fail_closed_at_every_nesting_level (test_structure_data.DataSyntaxTests.test_overflowing_json_values_fail_closed_at_every_nesting_level) ... skipped 'actual optional SQL/config grammars not installed'
2026-09-24T05:22:08.3384260Z test_sql_only_top_level_ddl_names_not_query_or_literal_decoys (test_structure_data.DataSyntaxTests.test_sql_only_top_level_ddl_names_not_query_or_literal_decoys) ... skipped 'actual optional SQL/config grammars not installed'
2026-09-24T05:22:08.3386978Z test_toml_tables_and_nested_array_table_scopes (test_structure_data.DataSyntaxTests.test_toml_tables_and_nested_array_table_scopes) ... skipped 'actual optional SQL/config grammars not installed'
2026-09-24T05:22:08.3389155Z test_yaml_document_scopes_without_alias_or_tag_execution (test_structure_data.DataSyntaxTests.test_yaml_document_scopes_without_alias_or_tag_execution) ... skipped 'actual optional SQL/config grammars not installed'
2026-09-24T05:22:08.3391659Z test_absolute_and_sequential_namespaces_and_unresolved_receivers (test_structure_dynamic.DynamicSyntaxTests.test_absolute_and_sequential_namespaces_and_unresolved_receivers) ... skipped 'actual optional Ruby/PHP grammars not installed'
2026-09-24T05:22:08.3394000Z test_actual_transport_source_and_authority (test_structure_dynamic.DynamicSyntaxTests.test_actual_transport_source_and_authority) ... skipped 'actual optional Ruby/PHP grammars not installed'
2026-09-24T05:22:08.3396502Z test_heredoc_decoys_dynamic_paths_and_actual_interpolation_calls (test_structure_dynamic.DynamicSyntaxTests.test_heredoc_decoys_dynamic_paths_and_actual_interpolation_calls) ... skipped 'actual optional Ruby/PHP grammars not installed'
2026-09-24T05:22:08.3398912Z test_immutable_git_tree_index_ignores_dirty_sources (test_structure_dynamic.DynamicSyntaxTests.test_immutable_git_tree_index_ignores_dirty_sources) ... skipped 'actual optional Ruby/PHP grammars not installed'
2026-09-24T05:22:08.3401401Z test_invalid_utf8_syntax_and_reopened_identity_fail_closed (test_structure_dynamic.DynamicSyntaxTests.test_invalid_utf8_syntax_and_reopened_identity_fail_closed) ... skipped 'actual optional Ruby/PHP grammars not installed'
2026-09-24T05:22:08.3402598Z test_missing_grammars_are_recognized_empty (test_structure_dynamic.DynamicSyntaxTests.test_missing_grammars_are_recognized_empty) ... ok
2026-09-24T05:22:08.3403923Z test_php_namespace_calls_do_not_bind_to_an_arbitrary_same_name (test_structure_dynamic.DynamicSyntaxTests.test_php_namespace_calls_do_not_bind_to_an_arbitrary_same_name) ... skipped 'actual optional Ruby/PHP grammars not installed'
2026-09-24T05:22:08.3405333Z test_php_namespace_types_signatures_and_grouped_use (test_structure_dynamic.DynamicSyntaxTests.test_php_namespace_types_signatures_and_grouped_use) ... skipped 'actual optional Ruby/PHP grammars not installed'
2026-09-24T05:22:08.3407085Z test_php_parenthesized_static_include_paths_keep_edges_without_dynamic_guesses (test_structure_dynamic.DynamicSyntaxTests.test_php_parenthesized_static_include_paths_keep_edges_without_dynamic_guesses) ... skipped 'actual optional Ruby/PHP grammars not installed'
2026-09-24T05:22:08.3408610Z test_ruby_lexical_types_methods_and_literal_require (test_structure_dynamic.DynamicSyntaxTests.test_ruby_lexical_types_methods_and_literal_require) ... skipped 'actual optional Ruby/PHP grammars not installed'
2026-09-24T05:22:08.3410077Z test_comments_parentheses_templates_and_import_options_have_exact_spans (test_structure_import_calls.ImportCallTests.test_comments_parentheses_templates_and_import_options_have_exact_spans) ... skipped 'actual JS/TS optional grammars not installed'
2026-09-24T05:22:08.3411565Z test_decoys_dynamic_and_loader_members_do_not_become_targets (test_structure_import_calls.ImportCallTests.test_decoys_dynamic_and_loader_members_do_not_become_targets) ... skipped 'actual JS/TS optional grammars not installed'
2026-09-24T05:22:08.3412890Z test_escaped_direct_eval_is_an_ambiguity_barrier (test_structure_import_calls.ImportCallTests.test_escaped_direct_eval_is_an_ambiguity_barrier) ... skipped 'actual JS/TS optional grammars not installed'
2026-09-24T05:22:08.3414147Z test_invalid_source_stays_completely_unparsed (test_structure_import_calls.ImportCallTests.test_invalid_source_stays_completely_unparsed) ... skipped 'actual JS/TS optional grammars not installed'
2026-09-24T05:22:08.3415936Z test_nested_literal_keyword_reference_and_transport_authority_are_preserved (test_structure_import_calls.ImportCallTests.test_nested_literal_keyword_reference_and_transport_authority_are_preserved) ... skipped 'actual JS/TS optional grammars not installed'
2026-09-24T05:22:08.3417714Z test_shadowing_and_writes_suppress_commonjs_candidates_but_keep_keyword_import (test_structure_import_calls.ImportCallTests.test_shadowing_and_writes_suppress_commonjs_candidates_but_keep_keyword_import) ... skipped 'actual JS/TS optional grammars not installed'
2026-09-24T05:22:08.3419270Z test_static_commonjs_and_import_keyword_reuse_each_js_ts_grammar (test_structure_import_calls.ImportCallTests.test_static_commonjs_and_import_keyword_reuse_each_js_ts_grammar) ... skipped 'actual JS/TS optional grammars not installed'
2026-09-24T05:22:08.3420760Z test_typescript_function_signatures_are_require_binding_barriers (test_structure_import_calls.ImportCallTests.test_typescript_function_signatures_are_require_binding_barriers) ... skipped 'actual JS/TS optional grammars not installed'
2026-09-24T05:22:08.3422239Z test_actual_syntax_import_positions_reuse_every_adapter (test_structure_import_references.ImportReferenceTests.test_actual_syntax_import_positions_reuse_every_adapter) ... skipped 'optional actual syntax grammars not installed'
2026-09-24T05:22:08.3806784Z test_immutable_index_never_picks_ambiguous_or_outside_relative_modules (test_structure_import_references.ImportReferenceTests.test_immutable_index_never_picks_ambiguous_or_outside_relative_modules) ... ok
2026-09-24T05:22:08.3809449Z test_import_detail_admission_rejects_invalid_positions_and_members (test_structure_import_references.ImportReferenceTests.test_import_detail_admission_rejects_invalid_positions_and_members) ... ok
2026-09-24T05:22:08.3811956Z test_outside_package_relative_imports_never_become_absolute_names (test_structure_import_references.ImportReferenceTests.test_outside_package_relative_imports_never_become_absolute_names) ... ok
2026-09-24T05:22:08.3814162Z test_package_initializer_retains_base_members_and_source_positions (test_structure_import_references.ImportReferenceTests.test_package_initializer_retains_base_members_and_source_positions) ... ok
2026-09-24T05:22:08.3815857Z test_python_aliases_crlf_and_decoys_preserve_only_import_syntax (test_structure_import_references.ImportReferenceTests.test_python_aliases_crlf_and_decoys_preserve_only_import_syntax) ... ok
2026-09-24T05:22:08.3817797Z test_v1_field_shape_is_preserved_and_v2_is_explicit (test_structure_import_references.ImportReferenceTests.test_v1_field_shape_is_preserved_and_v2_is_explicit) ... ok
2026-09-24T05:22:08.3819106Z test_actual_transport_source_binding_and_authority (test_structure_managed.ManagedSyntaxTests.test_actual_transport_source_binding_and_authority) ... skipped 'actual optional Java/Kotlin/C# grammars not installed'
2026-09-24T05:22:08.3827797Z test_csharp_file_namespace_nested_members_and_aliases (test_structure_managed.ManagedSyntaxTests.test_csharp_file_namespace_nested_members_and_aliases) ... skipped 'actual optional Java/Kotlin/C# grammars not installed'
2026-09-24T05:22:08.3830623Z test_errors_and_ambiguous_overloads_do_not_supply_partial_facts (test_structure_managed.ManagedSyntaxTests.test_errors_and_ambiguous_overloads_do_not_supply_partial_facts) ... skipped 'actual optional Java/Kotlin/C# grammars not installed'
2026-09-24T05:22:08.3833450Z test_immutable_tree_index_uses_all_three_shared_providers (test_structure_managed.ManagedSyntaxTests.test_immutable_tree_index_uses_all_three_shared_providers) ... skipped 'actual optional Java/Kotlin/C# grammars not installed'
2026-09-24T05:22:08.3836290Z test_java_package_types_nested_members_and_static_imports (test_structure_managed.ManagedSyntaxTests.test_java_package_types_nested_members_and_static_imports) ... skipped 'actual optional Java/Kotlin/C# grammars not installed'
2026-09-24T05:22:08.3837878Z test_kotlin_package_named_objects_aliases_and_decoys (test_structure_managed.ManagedSyntaxTests.test_kotlin_package_named_objects_aliases_and_decoys) ... skipped 'actual optional Java/Kotlin/C# grammars not installed'
2026-09-24T05:22:08.3839950Z test_kotlin_type_kinds_signatures_and_comment_free_import_paths (test_structure_managed.ManagedSyntaxTests.test_kotlin_type_kinds_signatures_and_comment_free_import_paths) ... skipped 'actual optional Java/Kotlin/C# grammars not installed'
2026-09-24T05:22:08.3841258Z test_missing_grammar_remains_recognized_empty (test_structure_managed.ManagedSyntaxTests.test_missing_grammar_remains_recognized_empty) ... ok
2026-09-24T05:22:08.3842653Z test_raw_strings_do_not_create_declarations_but_interpolation_keeps_real_calls (test_structure_managed.ManagedSyntaxTests.test_raw_strings_do_not_create_declarations_but_interpolation_keeps_real_calls) ... skipped 'actual optional Java/Kotlin/C# grammars not installed'
2026-09-24T05:22:08.3844326Z test_comments_inside_rust_paths_do_not_become_names_or_dependencies (test_structure_native.NativeSyntaxTests.test_comments_inside_rust_paths_do_not_become_names_or_dependencies) ... skipped 'optional actual Go/Rust grammars not installed'
2026-09-24T05:22:08.3846141Z test_go_functions_receivers_types_and_grouped_imports (test_structure_native.NativeSyntaxTests.test_go_functions_receivers_types_and_grouped_imports) ... skipped 'optional actual Go/Rust grammars not installed'
2026-09-24T05:22:08.3848026Z test_index_binds_go_and_rust_facts_to_captured_tree (test_structure_native.NativeSyntaxTests.test_index_binds_go_and_rust_facts_to_captured_tree) ... skipped 'optional actual Go/Rust grammars not installed'
2026-09-24T05:22:08.3849449Z test_malformed_syntax_encoding_and_transport_source_binding (test_structure_native.NativeSyntaxTests.test_malformed_syntax_encoding_and_transport_source_binding) ... skipped 'optional actual Go/Rust grammars not installed'
2026-09-24T05:22:08.3862202Z test_missing_grammars_preserve_recognized_empty_unparsed_coverage (test_structure_native.NativeSyntaxTests.test_missing_grammars_preserve_recognized_empty_unparsed_coverage) ... ok
2026-09-24T05:22:08.3863451Z test_new_suffixes_cannot_forge_javascript_local_import_resolution (test_structure_native.NativeSyntaxTests.test_new_suffixes_cannot_forge_javascript_local_import_resolution) ... ok
2026-09-24T05:22:08.3864927Z test_parenthesized_named_receivers_preserve_methods_without_guessing_tuple_types (test_structure_native.NativeSyntaxTests.test_parenthesized_named_receivers_preserve_methods_without_guessing_tuple_types) ... skipped 'optional actual Go/Rust grammars not installed'
2026-09-24T05:22:08.3867357Z test_qualified_rust_impl_and_trait_names_preserve_owner_scope (test_structure_native.NativeSyntaxTests.test_qualified_rust_impl_and_trait_names_preserve_owner_scope) ... skipped 'optional actual Go/Rust grammars not installed'
2026-09-24T05:22:08.3869393Z test_rust_scopes_import_groups_and_macro_decoys (test_structure_native.NativeSyntaxTests.test_rust_scopes_import_groups_and_macro_decoys) ... skipped 'optional actual Go/Rust grammars not installed'
2026-09-24T05:22:08.4703464Z test_bounded_coverage_and_parse_failures_are_visible_in_context (test_structure_snapshot.StructureSnapshotTests.test_bounded_coverage_and_parse_failures_are_visible_in_context) ... ok
2026-09-24T05:22:08.5111041Z test_corrupt_blob_response_cannot_replace_existing_index (test_structure_snapshot.StructureSnapshotTests.test_corrupt_blob_response_cannot_replace_existing_index) ... ok
2026-09-24T05:22:08.5623161Z test_dirty_untracked_and_deleted_working_files_cannot_change_head_bound_facts (test_structure_snapshot.StructureSnapshotTests.test_dirty_untracked_and_deleted_working_files_cannot_change_head_bound_facts) ... ok
2026-09-24T05:22:08.6033550Z test_git_symlink_mode_is_excluded_even_if_worktree_is_a_regular_python_file (test_structure_snapshot.StructureSnapshotTests.test_git_symlink_mode_is_excluded_even_if_worktree_is_a_regular_python_file) ... ok
2026-09-24T05:22:08.6661145Z test_head_advance_during_refresh_keeps_one_tree_and_next_refresh_updates (test_structure_snapshot.StructureSnapshotTests.test_head_advance_during_refresh_keeps_one_tree_and_next_refresh_updates) ... ok
2026-09-24T05:22:08.7230445Z test_old_tree_stamp_cannot_preserve_mutable_file_projection (test_structure_snapshot.StructureSnapshotTests.test_old_tree_stamp_cannot_preserve_mutable_file_projection) ... ok
2026-09-24T05:22:08.7429832Z test_total_byte_budget_omits_whole_blobs_and_reports_partial_coverage (test_structure_snapshot.StructureSnapshotTests.test_total_byte_budget_omits_whole_blobs_and_reports_partial_coverage) ... ok
2026-09-24T05:22:08.7432298Z test_ambient_typescript_declarations_are_observed_syntax (test_structure_syntax.StructureSyntaxTests.test_ambient_typescript_declarations_are_observed_syntax) ... skipped 'optional actual JS/TS parsers not installed'
2026-09-24T05:22:08.7434662Z test_dotted_basename_import_resolves_only_one_supported_source (test_structure_syntax.StructureSyntaxTests.test_dotted_basename_import_resolves_only_one_supported_source) ... ok
2026-09-24T05:22:08.7437373Z test_index_uses_immutable_tree_and_refreshes_provider_profile (test_structure_syntax.StructureSyntaxTests.test_index_uses_immutable_tree_and_refreshes_provider_profile) ... skipped 'optional actual JS/TS parsers not installed'
2026-09-24T05:22:08.7440075Z test_javascript_uses_syntax_not_strings_comments_or_template_text (test_structure_syntax.StructureSyntaxTests.test_javascript_uses_syntax_not_strings_comments_or_template_text) ... skipped 'optional actual JS/TS parsers not installed'
2026-09-24T05:22:08.7441754Z test_malformed_encoding_syntax_and_bounds_fail_empty (test_structure_syntax.StructureSyntaxTests.test_malformed_encoding_syntax_and_bounds_fail_empty) ... skipped 'optional actual JS/TS parsers not installed'
2026-09-24T05:22:08.7443833Z test_missing_optional_package_is_unparsed_not_heuristic_facts (test_structure_syntax.StructureSyntaxTests.test_missing_optional_package_is_unparsed_not_heuristic_facts) ... ok
2026-09-24T05:22:08.7445013Z test_python_and_unknown_fallback_keep_existing_contract (test_structure_syntax.StructureSyntaxTests.test_python_and_unknown_fallback_keep_existing_contract) ... ok
2026-09-24T05:22:08.7447096Z test_syntax_authority_admission_and_ambiguous_import_resolution (test_structure_syntax.StructureSyntaxTests.test_syntax_authority_admission_and_ambiguous_import_resolution) ... skipped 'optional actual JS/TS parsers not installed'
2026-09-24T05:22:08.7449667Z test_typescript_declarations_and_jsx_tsx_have_real_syntax_coverage (test_structure_syntax.StructureSyntaxTests.test_typescript_declarations_and_jsx_tsx_have_real_syntax_coverage) ... skipped 'optional actual JS/TS parsers not installed'
2026-09-24T05:22:09.0470031Z test_extraction_stays_independent_of_journal_proof_and_debt_services (test_structure_transport.StructureTransportTests.test_extraction_stays_independent_of_journal_proof_and_debt_services) ... ok
2026-09-24T05:22:09.9334614Z test_malformed_json_path_base64_schema_and_duplicate_paths_fail_atomically (test_structure_transport.StructureTransportTests.test_malformed_json_path_base64_schema_and_duplicate_paths_fail_atomically) ... ok
2026-09-24T05:22:10.1923739Z test_nonpython_extraction_loads_only_selected_provider_implementation (test_structure_transport.StructureTransportTests.test_nonpython_extraction_loads_only_selected_provider_implementation) ... ok
2026-09-24T05:22:10.1954882Z test_public_entry_never_discovers_repository_or_reads_language_preferences (test_structure_transport.StructureTransportTests.test_public_entry_never_discovers_repository_or_reads_language_preferences) ... ok
2026-09-24T05:22:10.3050642Z test_python_only_extraction_does_not_initialize_optional_distribution_metadata (test_structure_transport.StructureTransportTests.test_python_only_extraction_does_not_initialize_optional_distribution_metadata) ... ok
2026-09-24T05:22:10.4169828Z test_real_cli_outside_git_preserves_python_provider_and_french_json (test_structure_transport.StructureTransportTests.test_real_cli_outside_git_preserves_python_provider_and_french_json) ... ok
2026-09-24T05:22:10.4172529Z test_results_are_detached_and_empty_batch_is_valid (test_structure_transport.StructureTransportTests.test_results_are_detached_and_empty_batch_is_valid) ... ok
2026-09-24T05:22:10.5837167Z test_selected_extraction_parser_preserves_argument_rejections_and_help (test_structure_transport.StructureTransportTests.test_selected_extraction_parser_preserves_argument_rejections_and_help) ... ok
2026-09-24T05:22:10.6288659Z test_transport_limits_and_binary_or_invalid_python_have_explicit_coverage (test_structure_transport.StructureTransportTests.test_transport_limits_and_binary_or_invalid_python_have_explicit_coverage) ... ok
2026-09-24T05:22:10.6290836Z test_wire_bounds_reject_before_emitting_any_partial_response (test_structure_transport.StructureTransportTests.test_wire_bounds_reject_before_emitting_any_partial_response) ... ok
2026-09-24T05:22:10.7425022Z test_concurrent_first_identity_callers_agree (test_unborn_repository.UnbornRepositoryTests.test_concurrent_first_identity_callers_agree) ... ok
2026-09-24T05:22:10.7531299Z test_corrupt_head_is_never_silently_replaced_by_empty_base (test_unborn_repository.UnbornRepositoryTests.test_corrupt_head_is_never_silently_replaced_by_empty_base) ... ok
2026-09-24T05:22:10.7728962Z test_corrupt_local_identity_is_preserved_and_rejected (test_unborn_repository.UnbornRepositoryTests.test_corrupt_local_identity_is_preserved_and_rejected) ... ok
2026-09-24T05:22:10.8129521Z test_empty_base_is_deterministic_unreachable_and_not_an_ordinary_ref (test_unborn_repository.UnbornRepositoryTests.test_empty_base_is_deterministic_unreachable_and_not_an_ordinary_ref) ... ok
2026-09-24T05:22:10.8714701Z test_empty_native_session_does_not_manufacture_proof (test_unborn_repository.UnbornRepositoryTests.test_empty_native_session_does_not_manufacture_proof) ... ok
2026-09-24T05:22:10.9300458Z test_initial_snapshot_preserves_staging_and_excludes_only_owned_transients (test_unborn_repository.UnbornRepositoryTests.test_initial_snapshot_preserves_staging_and_excludes_only_owned_transients) ... ok
2026-09-24T05:22:10.9686932Z test_old_provisional_envelope_cannot_be_reingested_as_new_lineage (test_unborn_repository.UnbornRepositoryTests.test_old_provisional_envelope_cannot_be_reingested_as_new_lineage) ... ok
2026-09-24T05:22:10.9776463Z test_portal_cannot_send_provisional_identity (test_unborn_repository.UnbornRepositoryTests.test_portal_cannot_send_provisional_identity) ... ok
2026-09-24T05:22:11.0220428Z test_provisional_identity_is_distinct_durable_and_becomes_normal_root_lineage (test_unborn_repository.UnbornRepositoryTests.test_provisional_identity_is_distinct_durable_and_becomes_normal_root_lineage) ... ok
2026-09-24T05:22:11.3903062Z test_setup_and_status_are_useful_without_commits_or_evidence (test_unborn_repository.UnbornRepositoryTests.test_setup_and_status_are_useful_without_commits_or_evidence) ... ok
2026-09-24T05:22:11.4052286Z test_failing_test_only_diff_is_rejected (test_validation.ValidationOnlyTests.test_failing_test_only_diff_is_rejected) ... DiffWitness: validation-only stable-pass (dwv1_a1f07d09215b6a507050)
2026-09-24T05:22:11.4053551Z Project continuity: 2 new change event(s) · dwchg_c15559d05aef906b03166157
2026-09-24T05:22:11.4053868Z 
2026-09-24T05:22:11.4054050Z Repayment verification: 1/1 selected obligation(s) resolved
2026-09-24T05:22:11.4054775Z   DW-BBCCF15B0B3B: resolved — current tests now discriminate the introducing candidate from its historical base
2026-09-24T05:22:11.4055323Z DiffWitness Repay: ACCEPTED
2026-09-24T05:22:11.4055883Z Project continuity: 3 Debt Ledger lifecycle event(s) projected
2026-09-24T05:22:11.5001026Z ok
2026-09-24T05:22:11.5150582Z test_test_only_diff_runs_evidence_and_is_attestable (test_validation.ValidationOnlyTests.test_test_only_diff_runs_evidence_and_is_attestable) ... DiffWitness: validation-only stable-fail (dwv1_7f6dd2cf106b9a19d4be)
2026-09-24T05:22:11.7063948Z DiffWitness: validation-only stable-pass (dwv1_80820f1d074a45d9a5f8)
2026-09-24T05:22:11.7064940Z Project continuity: 2 new change event(s) · dwchg_d9f0ea502fe149c5715d679c
2026-09-24T05:22:11.7277359Z ok
2026-09-24T05:22:11.7482447Z test_cli_can_switch_both_directions_and_report_machine_state (test_view_mode.ViewModeTests.test_cli_can_switch_both_directions_and_report_machine_state) ... ok
2026-09-24T05:22:11.7629383Z test_defaults_to_guided_for_first_run (test_view_mode.ViewModeTests.test_defaults_to_guided_for_first_run) ... ok
2026-09-24T05:22:11.7779829Z test_invalid_stored_preference_fails_soft_to_guided (test_view_mode.ViewModeTests.test_invalid_stored_preference_fails_soft_to_guided) ... ok
2026-09-24T05:22:11.8048221Z test_root_help_is_guided_first_but_technical_is_one_command_away (test_view_mode.ViewModeTests.test_root_help_is_guided_first_but_technical_is_one_command_away) ... ok
2026-09-24T05:22:11.8315098Z test_switch_persists_inside_git_metadata_without_dirtying_repository (test_view_mode.ViewModeTests.test_switch_persists_inside_git_metadata_without_dirtying_repository) ... ok
2026-09-24T05:22:11.8317352Z test_health_semantic_sensor_reads_utf8_git_blob_without_degrading (test_windows_health_utf8_git_blob.WindowsUtf8SubprocessBoundaryTests.test_health_semantic_sensor_reads_utf8_git_blob_without_degrading) ... skipped 'Windows legacy-codepage regression'
2026-09-24T05:22:11.8319012Z test_proof_runner_keeps_non_utf8_diagnostics_json_safe (test_windows_health_utf8_git_blob.WindowsUtf8SubprocessBoundaryTests.test_proof_runner_keeps_non_utf8_diagnostics_json_safe) ... skipped 'Windows legacy-codepage regression'
2026-09-24T05:22:11.8320568Z test_proof_runner_preserves_utf8_stdout_and_stderr (test_windows_health_utf8_git_blob.WindowsUtf8SubprocessBoundaryTests.test_proof_runner_preserves_utf8_stdout_and_stderr) ... skipped 'Windows legacy-codepage regression'
2026-09-24T05:22:11.8322357Z test_acceptance_runner_decodes_utf8_child_output_without_locale_loss (test_windows_subprocess_utf8_reader.WindowsSubprocessUtf8ReaderRegressionTests.test_acceptance_runner_decodes_utf8_child_output_without_locale_loss)
2026-09-24T05:22:11.8323614Z A UTF-8 child must not be decoded through the host's legacy Windows code page. ... skipped 'Windows legacy-codepage reproduction'
2026-09-24T05:22:11.8324123Z 
2026-09-24T05:22:11.8324473Z ----------------------------------------------------------------------
2026-09-24T05:22:11.8325032Z Ran 805 tests in 100.279s
2026-09-24T05:22:11.8325279Z 
2026-09-24T05:22:11.8325410Z OK (skipped=52)
2026-09-24T05:22:11.8325901Z certificate: dwv1_80820f1d074a45d9a5f8
2026-09-24T05:22:11.8326309Z integrity:   valid
2026-09-24T05:22:11.8326651Z freshness:   fresh against WORKTREE
2026-09-24T05:22:11.8327067Z candidate:   embedded-tree
2026-09-24T05:22:11.8327310Z base:        embedded-tree
2026-09-24T05:22:11.8327533Z verdict:     VALID
2026-09-24T05:22:11.9318418Z ##[group]Run actions/upload-artifact@v6
2026-09-24T05:22:11.9318730Z with:
2026-09-24T05:22:11.9318965Z   name: unittest-Linux-py3.11
2026-09-24T05:22:11.9319226Z   path: unittest.log
2026-09-24T05:22:11.9319455Z   if-no-files-found: error
2026-09-24T05:22:11.9319693Z   retention-days: 7
2026-09-24T05:22:11.9319913Z   compression-level: 6
2026-09-24T05:22:11.9320133Z   overwrite: false
2026-09-24T05:22:11.9320356Z   include-hidden-files: false
2026-09-24T05:22:11.9320595Z env:
2026-09-24T05:22:11.9320869Z   pythonLocation: /opt/hostedtoolcache/Python/3.11.16/x64
2026-09-24T05:22:11.9321308Z   PKG_CONFIG_PATH: /opt/hostedtoolcache/Python/3.11.16/x64/lib/pkgconfig
2026-09-24T05:22:11.9321739Z   Python_ROOT_DIR: /opt/hostedtoolcache/Python/3.11.16/x64
2026-09-24T05:22:11.9322122Z   Python2_ROOT_DIR: /opt/hostedtoolcache/Python/3.11.16/x64
2026-09-24T05:22:11.9322497Z   Python3_ROOT_DIR: /opt/hostedtoolcache/Python/3.11.16/x64
2026-09-24T05:22:11.9322907Z   LD_LIBRARY_PATH: /opt/hostedtoolcache/Python/3.11.16/x64/lib
2026-09-24T05:22:11.9323246Z ##[endgroup]
2026-09-24T05:22:12.0968564Z With the provided path, there will be 1 file uploaded
2026-09-24T05:22:12.0973933Z Artifact name is valid!
2026-09-24T05:22:12.0976556Z Root directory input is valid!
2026-09-24T05:22:12.3744793Z Beginning upload of artifact content to blob storage
2026-09-24T05:22:12.5462468Z Uploaded bytes 29811
2026-09-24T05:22:12.5812605Z Finished uploading artifact content to blob storage!
2026-09-24T05:22:12.5813368Z SHA256 digest of uploaded artifact zip is deb72d314cb93a791d8a0abdc0a02e78a19e0d34d2227e2c64a520e7e16daa01
2026-09-24T05:22:12.5816009Z Finalizing artifact upload
2026-09-24T05:22:12.8486201Z Artifact unittest-Linux-py3.11.zip successfully finalized. Artifact ID 10792085736
2026-09-24T05:22:12.8487355Z Artifact unittest-Linux-py3.11 has been successfully uploaded! Final size is 29811 bytes. Artifact ID is 10792085736
2026-09-24T05:22:12.8491353Z Artifact download URL: https://github.com/TFourniax/tooltest/actions/runs/35959425107/artifacts/10792085736
2026-09-24T05:22:12.8613358Z ##[group]Run python -c "import diffwitness; from importlib.metadata import version; assert diffwitness.__version__ == version('diffwitness'), (diffwitness.__version__, version('diffwitness'))"
2026-09-24T05:22:12.8614622Z [36;1mpython -c "import diffwitness; from importlib.metadata import version; assert diffwitness.__version__ == version('diffwitness'), (diffwitness.__version__, version('diffwitness'))"[0m
2026-09-24T05:22:12.8654465Z shell: /usr/bin/bash -e {0}
2026-09-24T05:22:12.8654735Z env:
2026-09-24T05:22:12.8655018Z   pythonLocation: /opt/hostedtoolcache/Python/3.11.16/x64
2026-09-24T05:22:12.8655473Z   PKG_CONFIG_PATH: /opt/hostedtoolcache/Python/3.11.16/x64/lib/pkgconfig
2026-09-24T05:22:12.8656136Z   Python_ROOT_DIR: /opt/hostedtoolcache/Python/3.11.16/x64
2026-09-24T05:22:12.8656526Z   Python2_ROOT_DIR: /opt/hostedtoolcache/Python/3.11.16/x64
2026-09-24T05:22:12.8656915Z   Python3_ROOT_DIR: /opt/hostedtoolcache/Python/3.11.16/x64
2026-09-24T05:22:12.8657531Z   LD_LIBRARY_PATH: /opt/hostedtoolcache/Python/3.11.16/x64/lib
2026-09-24T05:22:12.8657864Z ##[endgroup]
2026-09-24T05:22:12.9302834Z ##[group]Run diffwitness --version
2026-09-24T05:22:12.9303180Z [36;1mdiffwitness --version[0m
2026-09-24T05:22:12.9303461Z [36;1mdiffwitness suggest --repo .[0m
2026-09-24T05:22:12.9303745Z [36;1mdw --version[0m
2026-09-24T05:22:12.9303971Z [36;1mdw --help[0m
2026-09-24T05:22:12.9304201Z [36;1mdw doctor --repo .[0m
2026-09-24T05:22:12.9304460Z [36;1mdw protect --help[0m
2026-09-24T05:22:12.9304728Z [36;1mdw protect status --json[0m
2026-09-24T05:22:12.9305000Z [36;1mdw engine --help[0m
2026-09-24T05:22:12.9305245Z [36;1mdw ledger --help[0m
2026-09-24T05:22:12.9305489Z [36;1mdw envelope --help[0m
2026-09-24T05:22:12.9305989Z [36;1mdw explain --help[0m
2026-09-24T05:22:12.9306240Z [36;1mdw portal --help[0m
2026-09-24T05:22:12.9306480Z [36;1mdw setup --help[0m
2026-09-24T05:22:12.9306743Z [36;1mdw health --repo . --no-record[0m
2026-09-24T05:22:12.9307048Z [36;1midleproof --version[0m
2026-09-24T05:22:12.9307294Z [36;1midleproof --help[0m
2026-09-24T05:22:12.9344917Z shell: /usr/bin/bash --noprofile --norc -e -o pipefail {0}
2026-09-24T05:22:12.9345274Z env:
2026-09-24T05:22:12.9345715Z   pythonLocation: /opt/hostedtoolcache/Python/3.11.16/x64
2026-09-24T05:22:12.9346177Z   PKG_CONFIG_PATH: /opt/hostedtoolcache/Python/3.11.16/x64/lib/pkgconfig
2026-09-24T05:22:12.9346607Z   Python_ROOT_DIR: /opt/hostedtoolcache/Python/3.11.16/x64
2026-09-24T05:22:12.9346989Z   Python2_ROOT_DIR: /opt/hostedtoolcache/Python/3.11.16/x64
2026-09-24T05:22:12.9347367Z   Python3_ROOT_DIR: /opt/hostedtoolcache/Python/3.11.16/x64
2026-09-24T05:22:12.9347754Z   LD_LIBRARY_PATH: /opt/hostedtoolcache/Python/3.11.16/x64/lib
2026-09-24T05:22:12.9348080Z ##[endgroup]
2026-09-24T05:22:13.0039762Z diffwitness 0.4.0a1
2026-09-24T05:22:13.0750880Z python -m pytest -q
2026-09-24T05:22:13.1077000Z diffwitness 0.4.0a1
2026-09-24T05:22:13.1563437Z DiffWitness · Guided view — understand what changed, what is verified, and what needs attention
2026-09-24T05:22:13.1564289Z 
2026-09-24T05:22:13.1564695Z Start here:
2026-09-24T05:22:13.1565310Z   dw setup                           Connect DiffWitness to Claude/Codex/Cursor for this Git project
2026-09-24T05:22:13.1566346Z   dw status                          See what is known, unknown, and what to do next
2026-09-24T05:22:13.1567395Z After setup, use your coding agent normally; run `dw status` after a change.
2026-09-24T05:22:13.1567984Z 
2026-09-24T05:22:13.1568246Z Useful when needed:
2026-09-24T05:22:13.1568949Z   dw explain                         Explain the latest change from local evidence, with no AI required
2026-09-24T05:22:13.1569966Z   dw state why ID                     Find the recorded reasons and sources behind a memory item
2026-09-24T05:22:13.1570938Z   dw ask "question"                  Read cited project facts or an explicit abstention
2026-09-24T05:22:13.1571911Z   dw protect detect                  Check optional live protection without changing configuration
2026-09-24T05:22:13.1572908Z   dw view technical                  Open the complete engineering command surface
2026-09-24T05:22:13.1573461Z 
2026-09-24T05:22:13.1574022Z A blocked or observed runtime action is not proof that the final software works.
2026-09-24T05:22:13.1575115Z DiffWitness verifies the resulting Git change independently. Source code and raw prompts/diffs stay local by default.
2026-09-24T05:22:13.1576141Z 
2026-09-24T05:22:13.1576531Z For every command and advanced workflow: `dw view technical`, then `dw --help`.
2026-09-24T05:22:13.1577048Z 
2026-09-24T05:22:13.1577802Z Language: English by default. Save with `dw language en|fr`; override once with `dw --language en|fr <command>`. OS locale never selects product language.
2026-09-24T05:22:13.3289993Z DIFFWITNESS · GUIDED CHECK-UP
2026-09-24T05:22:13.3290345Z 
2026-09-24T05:22:13.3290737Z • Current code: no accepted Proof covers this exact code yet.
2026-09-24T05:22:13.3291623Z   Verify the current change to establish exact-code coverage.
2026-09-24T05:22:13.3292434Z ✓ Ready to run verification: python -m unittest discover -s tests -q
2026-09-24T05:22:13.3292917Z   Automatically detected (tests/ directory detected).
2026-09-24T05:22:13.3293448Z • Agent integration not configured. Run `dw setup` for Claude Code/Codex.
2026-09-24T05:22:13.3293946Z • Live protection: off (optional)
2026-09-24T05:22:13.3294313Z ✓ Project memory: ready, currently empty
2026-09-24T05:22:13.3294558Z 
2026-09-24T05:22:13.3294925Z Ready to run verification. Run `dw setup` to use Claude Code/Codex without a wrapper.
2026-09-24T05:22:13.3295421Z Engineering details: `dw view technical`, then `dw doctor`.
2026-09-24T05:22:13.4069422Z usage: dw protect [-h] {status,detect,enable,disable,use,log} ...
2026-09-24T05:22:13.4069908Z 
2026-09-24T05:22:13.4070177Z Optional deterministic runtime protection for supported coding agents.
2026-09-24T05:22:13.4070496Z 
2026-09-24T05:22:13.4070597Z positional arguments:
2026-09-24T05:22:13.4070916Z   {status,detect,enable,disable,use,log}
2026-09-24T05:22:13.4071115Z 
2026-09-24T05:22:13.4071208Z options:
2026-09-24T05:22:13.4071493Z   -h, --help            show this help message and exit
2026-09-24T05:22:13.4813119Z {
2026-09-24T05:22:13.4813634Z   "adapters": {},
2026-09-24T05:22:13.4813985Z   "delegated": false,
2026-09-24T05:22:13.4814335Z   "enabled": false,
2026-09-24T05:22:13.4814615Z   "externalHarnessDetected": false,
2026-09-24T05:22:13.4814891Z   "health": "off",
2026-09-24T05:22:13.4815096Z   "mode": "off",
2026-09-24T05:22:13.4815328Z   "otherHookActivityDetected": false,
2026-09-24T05:22:13.4815730Z   "policy": "standard",
2026-09-24T05:22:13.4815962Z   "receipts": {
2026-09-24T05:22:13.4816176Z     "categories": {},
2026-09-24T05:22:13.4816395Z     "count": 0,
2026-09-24T05:22:13.4816607Z     "decisions": {},
2026-09-24T05:22:13.4816826Z     "integrity": true,
2026-09-24T05:22:13.4817105Z     "schema": "diffwitness.protection-summary.v1"
2026-09-24T05:22:13.4817435Z   },
2026-09-24T05:22:13.4817674Z   "schema": "diffwitness.protect-status.v1"
2026-09-24T05:22:13.4817958Z }
2026-09-24T05:22:13.5529833Z usage: dw engine [-h] [--repo REPO] [--config CONFIG]
2026-09-24T05:22:13.5530447Z                  {enable,status,disable} ...
2026-09-24T05:22:13.5530777Z 
2026-09-24T05:22:13.5531127Z Manage the machine-local advisory engine without changing the repository's
2026-09-24T05:22:13.5531744Z committed policy.
2026-09-24T05:22:13.5531947Z 
2026-09-24T05:22:13.5532089Z positional arguments:
2026-09-24T05:22:13.5532452Z   {enable,status,disable}
2026-09-24T05:22:13.5532994Z     enable              Preflight and activate an advisory engine in Git-local
2026-09-24T05:22:13.5533530Z                         state
2026-09-24T05:22:13.5533872Z     status              Show active engine source and run compatibility
2026-09-24T05:22:13.5534231Z                         preflight
2026-09-24T05:22:13.5534603Z     disable             Remove only the Git-local advisory-engine activation
2026-09-24T05:22:13.5534895Z 
2026-09-24T05:22:13.5535007Z options:
2026-09-24T05:22:13.5535278Z   -h, --help            show this help message and exit
2026-09-24T05:22:13.5535833Z   --repo REPO
2026-09-24T05:22:13.5536127Z   --config CONFIG       Optional project config used only for
2026-09-24T05:22:13.5536491Z                         precedence/status checks
2026-09-24T05:22:13.6416685Z usage: dw ledger [-h] [--repo REPO] [--config CONFIG]
2026-09-24T05:22:13.6417489Z                  {list,history,show,accept,unaccept,resolve,status,checkpoint,pull,push}
2026-09-24T05:22:13.6417948Z                  ...
2026-09-24T05:22:13.6418096Z 
2026-09-24T05:22:13.6418312Z Inspect, govern, checkpoint, and safely transport Debt Ledger obligations.
2026-09-24T05:22:13.6418615Z 
2026-09-24T05:22:13.6418715Z positional arguments:
2026-09-24T05:22:13.6419115Z   {list,history,show,accept,unaccept,resolve,status,checkpoint,pull,push}
2026-09-24T05:22:13.6419596Z     list                List active debt, or all historical items
2026-09-24T05:22:13.6420387Z     history             Show append-only events for one debt identity
2026-09-24T05:22:13.6420966Z     show                Explain one debt obligation, its provenance, and
2026-09-24T05:22:13.6421335Z                         replay path
2026-09-24T05:22:13.6421684Z     accept              Acknowledge debt without deleting or resolving it
2026-09-24T05:22:13.6422083Z     unaccept            Remove an explicit debt acceptance
2026-09-24T05:22:13.6422460Z     resolve             Manual last-resort resolution override
2026-09-24T05:22:13.6422898Z     status              Inspect local ledger and Git checkpoint relationship
2026-09-24T05:22:13.6423347Z     checkpoint          Store the current ledger on a local Git ref
2026-09-24T05:22:13.6423776Z     pull                Fetch and fast-forward the ledger from a remote Git
2026-09-24T05:22:13.6424128Z                         ref
2026-09-24T05:22:13.6424429Z     push                Checkpoint and push the ledger without force
2026-09-24T05:22:13.6424678Z 
2026-09-24T05:22:13.6424770Z options:
2026-09-24T05:22:13.6425027Z   -h, --help            show this help message and exit
2026-09-24T05:22:13.6425338Z   --repo REPO
2026-09-24T05:22:13.6425762Z   --config CONFIG
2026-09-24T05:22:13.7224043Z usage: dw envelope [-h] [--repo REPO] [--base BASE] [--candidate CANDIDATE]
2026-09-24T05:22:13.7224617Z                    [--proof PROOF] [--debt DEBT]
2026-09-24T05:22:13.7224999Z                    [--understanding UNDERSTANDING] [--out OUT] [--json]
2026-09-24T05:22:13.7225255Z 
2026-09-24T05:22:13.7225482Z Bind DiffWitness proof, Debt Ledger, and IdleProof evidence to one exact Git
2026-09-24T05:22:13.7226184Z change.
2026-09-24T05:22:13.7226379Z 
2026-09-24T05:22:13.7226721Z options:
2026-09-24T05:22:13.7241464Z   -h, --help            show this help message and exit
2026-09-24T05:22:13.7242001Z   --repo REPO
2026-09-24T05:22:13.7242277Z   --base BASE
2026-09-24T05:22:13.7242558Z   --candidate CANDIDATE
2026-09-24T05:22:13.7243055Z   --proof PROOF         DiffWitness certificate for this exact change
2026-09-24T05:22:13.7243690Z   --debt DEBT           JSON from `dw debt --json <file>` for this exact
2026-09-24T05:22:13.7244235Z                         change
2026-09-24T05:22:13.7244492Z   --understanding UNDERSTANDING
2026-09-24T05:22:13.7244847Z                         IdleProof receipt carrying an exact change identity
2026-09-24T05:22:13.7245300Z   --out OUT             Output file (default: .git/diffwitness/change-
2026-09-24T05:22:13.7245885Z                         envelope.json)
2026-09-24T05:22:13.7246222Z   --json                also print the complete envelope JSON
2026-09-24T05:22:13.7822634Z usage: dw explain [-h] [--repo REPO] [--json] [--view {guided,technical}]
2026-09-24T05:22:13.7822997Z 
2026-09-24T05:22:13.7823219Z Explain the latest exact-bound DiffWitness change using the saved
2026-09-24T05:22:13.7823616Z Guided/Technical view.
2026-09-24T05:22:13.7823774Z 
2026-09-24T05:22:13.7823869Z options:
2026-09-24T05:22:13.7824168Z   -h, --help            show this help message and exit
2026-09-24T05:22:13.7824488Z   --repo REPO
2026-09-24T05:22:13.7824697Z   --json
2026-09-24T05:22:13.7824932Z   --view {guided,technical}
2026-09-24T05:22:13.8608689Z DiffWitness Portal
2026-09-24T05:22:13.8608940Z 
2026-09-24T05:22:13.8609089Z   dw portal id [--json]              # preferred
2026-09-24T05:22:13.8609501Z   dw portal identity [--json]        # compatibility alias
2026-09-24T05:22:13.8609887Z   dw portal configure --endpoint URL --token-stdin
2026-09-24T05:22:13.8610266Z   dw portal configure --endpoint URL --token-env ENV_NAME
2026-09-24T05:22:13.8610609Z   dw portal status [--json]
2026-09-24T05:22:13.8610991Z   dw portal snapshot [--json]        # bounded local preview, no config/network
2026-09-24T05:22:13.8611383Z   dw portal sync [--json]
2026-09-24T05:22:13.8611656Z   dw portal assurance --envelope FILE [--json]
2026-09-24T05:22:13.8611954Z   dw portal disconnect
2026-09-24T05:22:13.8612108Z 
2026-09-24T05:22:13.8613151Z Credentials are never accepted as command-line token values. ``--token-stdin`` stores the scoped device token only under local .git metadata; ``--token-env`` stores only the environment-variable name.
2026-09-24T05:22:13.9450817Z usage: dw setup [-h] [--agent AGENT] [--json] [{install,status,uninstall}]
2026-09-24T05:22:13.9451298Z 
2026-09-24T05:22:13.9451641Z Connect DiffWitness to Claude Code/Codex/Cursor without wrapping the coding
2026-09-24T05:22:13.9452245Z agent.
2026-09-24T05:22:13.9452405Z 
2026-09-24T05:22:13.9452551Z positional arguments:
2026-09-24T05:22:13.9452911Z   {install,status,uninstall}
2026-09-24T05:22:13.9453381Z                         install (default), status, or uninstall
2026-09-24T05:22:13.9453740Z 
2026-09-24T05:22:13.9453878Z options:
2026-09-24T05:22:13.9454250Z   -h, --help            show this help message and exit
2026-09-24T05:22:13.9454876Z   --agent AGENT         auto, all, claude, codex, cursor, or a comma-separated
2026-09-24T05:22:13.9455440Z                         combination
2026-09-24T05:22:13.9456099Z   --json                emit machine-readable status
2026-09-24T05:22:17.7107214Z DIFFWITNESS
2026-09-24T05:22:17.7107665Z Project health / debt ledger
2026-09-24T05:22:17.7108071Z Debt                     0
2026-09-24T05:22:17.7108410Z --------------------------------
2026-09-24T05:22:17.7108655Z 
2026-09-24T05:22:17.7108834Z Current project scan: 32 point(s), 33 signal(s)
2026-09-24T05:22:17.7109557Z Trend 30d              +0 →
2026-09-24T05:22:17.7109929Z   introduced 0 / resolved 0 / reopened 0
2026-09-24T05:22:17.7940800Z idleproof 0.4.0a1 (bundled with DiffWitness)
2026-09-24T05:22:17.8752222Z usage: idleproof [-h] [--version] {integration,portal} ...
2026-09-24T05:22:17.8752701Z 
2026-09-24T05:22:17.8753008Z Local IdleProof integration and Portal connection tools shipped with
2026-09-24T05:22:17.8753581Z DiffWitness.
2026-09-24T05:22:17.8753767Z 
2026-09-24T05:22:17.8753900Z positional arguments:
2026-09-24T05:22:17.8754234Z   {integration,portal}
2026-09-24T05:22:17.8754747Z     integration         install/status/uninstall local IDE hooks
2026-09-24T05:22:17.8755434Z     portal              configure and sync bounded receipts to IdleProof
2026-09-24T05:22:17.8756216Z                         Portal
2026-09-24T05:22:17.8756459Z 
2026-09-24T05:22:17.8756569Z options:
2026-09-24T05:22:17.8756931Z   -h, --help            show this help message and exit
2026-09-24T05:22:17.8757516Z   --version             print the bundled IdleProof integration version
2026-09-24T05:22:17.8911154Z ##[group]Run python -c "import json, pathlib; paths=['.claude-plugin/plugin.json','.claude-plugin/marketplace.json','.codex-plugin/plugin.json','hooks/claude-hooks.json','hooks/codex-hooks.json','schema/diffwitness-report-v2.schema.json','schema/diffwitness-certificate.schema.json','schema/change-envelope-v1.schema.json']; [json.loads(pathlib.Path(p).read_text(encoding='utf-8')) for p in paths]; print('validated', len(paths), 'JSON contracts')"
2026-09-24T05:22:17.8914078Z [36;1mpython -c "import json, pathlib; paths=['.claude-plugin/plugin.json','.claude-plugin/marketplace.json','.codex-plugin/plugin.json','hooks/claude-hooks.json','hooks/codex-hooks.json','schema/diffwitness-report-v2.schema.json','schema/diffwitness-certificate.schema.json','schema/change-envelope-v1.schema.json']; [json.loads(pathlib.Path(p).read_text(encoding='utf-8')) for p in paths]; print('validated', len(paths), 'JSON contracts')"[0m
2026-09-24T05:22:17.8953828Z shell: /usr/bin/bash -e {0}
2026-09-24T05:22:17.8954125Z env:
2026-09-24T05:22:17.8954408Z   pythonLocation: /opt/hostedtoolcache/Python/3.11.16/x64
2026-09-24T05:22:17.8954848Z   PKG_CONFIG_PATH: /opt/hostedtoolcache/Python/3.11.16/x64/lib/pkgconfig
2026-09-24T05:22:17.8955293Z   Python_ROOT_DIR: /opt/hostedtoolcache/Python/3.11.16/x64
2026-09-24T05:22:17.8956158Z   Python2_ROOT_DIR: /opt/hostedtoolcache/Python/3.11.16/x64
2026-09-24T05:22:17.8956551Z   Python3_ROOT_DIR: /opt/hostedtoolcache/Python/3.11.16/x64
2026-09-24T05:22:17.8956932Z   LD_LIBRARY_PATH: /opt/hostedtoolcache/Python/3.11.16/x64/lib
2026-09-24T05:22:17.8957465Z ##[endgroup]
2026-09-24T05:22:17.9233281Z validated 8 JSON contracts
2026-09-24T05:22:17.9347128Z Post job cleanup.
2026-09-24T05:22:18.0628066Z Post job cleanup.
2026-09-24T05:22:18.1496360Z [command]/usr/bin/git version
2026-09-24T05:22:18.1540836Z git version 2.55.0
2026-09-24T05:22:18.1579509Z Temporarily overriding HOME='/home/runner/work/_temp/7b392756-5614-43a6-9c09-b660f1ef5bee' before making global git config changes
2026-09-24T05:22:18.1580796Z Adding repository directory to the temporary git global config as a safe directory
2026-09-24T05:22:18.1585980Z [command]/usr/bin/git config --global --add safe.directory /home/runner/work/tooltest/tooltest
2026-09-24T05:22:18.1619689Z Removing SSH command configuration
2026-09-24T05:22:18.1626739Z [command]/usr/bin/git config --local --name-only --get-regexp core\.sshCommand
2026-09-24T05:22:18.1664651Z [command]/usr/bin/git submodule foreach --recursive sh -c "git config --local --name-only --get-regexp 'core\.sshCommand' && git config --local --unset-all 'core.sshCommand' || :"
2026-09-24T05:22:18.1946087Z Removing HTTP extra header
2026-09-24T05:22:18.1952944Z [command]/usr/bin/git config --local --name-only --get-regexp http\.https\:\/\/github\.com\/\.extraheader
2026-09-24T05:22:18.2004478Z [command]/usr/bin/git submodule foreach --recursive sh -c "git config --local --name-only --get-regexp 'http\.https\:\/\/github\.com\/\.extraheader' && git config --local --unset-all 'http.https://github.com/.extraheader' || :"
2026-09-24T05:22:18.2301652Z Removing includeIf entries pointing to credentials config files
2026-09-24T05:22:18.2308845Z [command]/usr/bin/git config --local --name-only --get-regexp ^includeIf\.gitdir:
2026-09-24T05:22:18.2347435Z includeif.gitdir:/home/runner/work/tooltest/tooltest/.git.path
2026-09-24T05:22:18.2356682Z includeif.gitdir:/home/runner/work/tooltest/tooltest/.git/worktrees/*.path
2026-09-24T05:22:18.2357385Z includeif.gitdir:/github/workspace/.git.path
2026-09-24T05:22:18.2358107Z includeif.gitdir:/github/workspace/.git/worktrees/*.path
2026-09-24T05:22:18.2359726Z [command]/usr/bin/git config --local --get-all includeif.gitdir:/home/runner/work/tooltest/tooltest/.git.path
2026-09-24T05:22:18.2386688Z /home/runner/work/_temp/git-credentials-d885b2c3-d642-448a-b86a-d767f33df778.config
2026-09-24T05:22:18.2390767Z [command]/usr/bin/git config --local --unset includeif.gitdir:/home/runner/work/tooltest/tooltest/.git.path \/home\/runner\/work\/_temp\/git\-credentials\-d885b2c3\-d642\-448a\-b86a\-d767f33df778\.config
2026-09-24T05:22:18.2450230Z [command]/usr/bin/git config --local --get-all includeif.gitdir:/home/runner/work/tooltest/tooltest/.git/worktrees/*.path
2026-09-24T05:22:18.2481816Z /home/runner/work/_temp/git-credentials-d885b2c3-d642-448a-b86a-d767f33df778.config
2026-09-24T05:22:18.2491603Z [command]/usr/bin/git config --local --unset includeif.gitdir:/home/runner/work/tooltest/tooltest/.git/worktrees/*.path \/home\/runner\/work\/_temp\/git\-credentials\-d885b2c3\-d642\-448a\-b86a\-d767f33df778\.config
2026-09-24T05:22:18.2529438Z [command]/usr/bin/git config --local --get-all includeif.gitdir:/github/workspace/.git.path
2026-09-24T05:22:18.2558939Z /github/runner_temp/git-credentials-d885b2c3-d642-448a-b86a-d767f33df778.config
2026-09-24T05:22:18.2564689Z [command]/usr/bin/git config --local --unset includeif.gitdir:/github/workspace/.git.path \/github\/runner_temp\/git\-credentials\-d885b2c3\-d642\-448a\-b86a\-d767f33df778\.config
2026-09-24T05:22:18.2604342Z [command]/usr/bin/git config --local --get-all includeif.gitdir:/github/workspace/.git/worktrees/*.path
2026-09-24T05:22:18.2634892Z /github/runner_temp/git-credentials-d885b2c3-d642-448a-b86a-d767f33df778.config
2026-09-24T05:22:18.2640988Z [command]/usr/bin/git config --local --unset includeif.gitdir:/github/workspace/.git/worktrees/*.path \/github\/runner_temp\/git\-credentials\-d885b2c3\-d642\-448a\-b86a\-d767f33df778\.config
2026-09-24T05:22:18.2681448Z [command]/usr/bin/git submodule foreach --recursive git config --local --show-origin --name-only --get-regexp remote.origin.url
2026-09-24T05:22:18.2924694Z Removing credentials config '/home/runner/work/_temp/git-credentials-d885b2c3-d642-448a-b86a-d767f33df778.config'
2026-09-24T05:22:18.3070903Z Cleaning up orphan processes
