2026-09-24T05:42:11.7328811Z Current runner version: '2.337.0'
2026-09-24T05:42:11.7351788Z ##[group]Runner Image Provisioner
2026-09-24T05:42:11.7352791Z Hosted Compute Agent
2026-09-24T05:42:11.7353316Z Version: 20260828.587
2026-09-24T05:42:11.7353891Z Commit: abac92662cab4cc7352de4f9f9d2e2419aad9c29
2026-09-24T05:42:11.7354495Z Build Date: 2026-08-28T16:44:25Z
2026-09-24T05:42:11.7355050Z Worker ID: {55d119e1-7e77-4246-a5db-762b18a0751c}
2026-09-24T05:42:11.7355677Z Azure Region: westus3
2026-09-24T05:42:11.7356149Z ##[endgroup]
2026-09-24T05:42:11.7357312Z ##[group]Operating System
2026-09-24T05:42:11.7357913Z Ubuntu
2026-09-24T05:42:11.7358347Z 24.04.5
2026-09-24T05:42:11.7358806Z LTS
2026-09-24T05:42:11.7359278Z ##[endgroup]
2026-09-24T05:42:11.7359747Z ##[group]Runner Image
2026-09-24T05:42:11.7360290Z Image: ubuntu-24.04
2026-09-24T05:42:11.7360761Z Version: 20260920.314.1
2026-09-24T05:42:11.7362032Z Included Software: https://github.com/actions/runner-images/blob/ubuntu24/20260920.314/images/ubuntu/Ubuntu2404-Readme.md
2026-09-24T05:42:11.7363358Z Image Release: https://github.com/actions/runner-images/releases/tag/ubuntu24%2F20260920.314
2026-09-24T05:42:11.7364207Z ##[endgroup]
2026-09-24T05:42:11.7365090Z ##[group]GITHUB_TOKEN Permissions
2026-09-24T05:42:11.7366695Z Contents: read
2026-09-24T05:42:11.7367210Z Metadata: read
2026-09-24T05:42:11.7367725Z ##[endgroup]
2026-09-24T05:42:11.7369502Z Secret source: Actions
2026-09-24T05:42:11.7370333Z Cache mode: write
2026-09-24T05:42:11.7370930Z Prepare workflow directory
2026-09-24T05:42:11.7642041Z Prepare all required actions
2026-09-24T05:42:11.7681779Z Getting action download info
2026-09-24T05:42:12.0673970Z Download action repository 'actions/checkout@v7' (SHA:3d3c42e5aac5ba805825da76410c181273ba90b1)
2026-09-24T05:42:12.2990026Z Download action repository 'actions/setup-python@v7' (SHA:5fda3b95a4ea91299a34e894583c3862153e4b97)
2026-09-24T05:42:12.3971256Z Download action repository 'actions/upload-artifact@v6' (SHA:b7c566a772e6b6bfb58ed0dc250532a479d7789f)
2026-09-24T05:42:12.7819527Z Complete job name: test (ubuntu-latest, 3.11)
2026-09-24T05:42:12.8545425Z ##[group]Run actions/checkout@v7
2026-09-24T05:42:12.8546153Z with:
2026-09-24T05:42:12.8546547Z   repository: TFourniax/tooltest
2026-09-24T05:42:12.8549759Z   token: ***
2026-09-24T05:42:12.8550139Z   ssh-strict: true
2026-09-24T05:42:12.8550522Z   ssh-user: git
2026-09-24T05:42:12.8550914Z   persist-credentials: true
2026-09-24T05:42:12.8551326Z   clean: true
2026-09-24T05:42:12.8551709Z   sparse-checkout-cone-mode: true
2026-09-24T05:42:12.8552328Z   fetch-depth: 1
2026-09-24T05:42:12.8552697Z   fetch-tags: false
2026-09-24T05:42:12.8553084Z   show-progress: true
2026-09-24T05:42:12.8553472Z   lfs: false
2026-09-24T05:42:12.8553843Z   submodules: false
2026-09-24T05:42:12.8554239Z   set-safe-directory: true
2026-09-24T05:42:12.8554685Z   allow-unsafe-pr-checkout: false
2026-09-24T05:42:12.8555296Z ##[endgroup]
2026-09-24T05:42:12.9433854Z Syncing repository: TFourniax/tooltest
2026-09-24T05:42:12.9435603Z ##[group]Getting Git version info
2026-09-24T05:42:12.9436352Z Working directory is '/home/runner/work/tooltest/tooltest'
2026-09-24T05:42:12.9437422Z [command]/usr/bin/git version
2026-09-24T05:42:12.9969977Z git version 2.55.0
2026-09-24T05:42:12.9990082Z ##[endgroup]
2026-09-24T05:42:13.0001260Z Temporarily overriding HOME='/home/runner/work/_temp/73d3f244-e48d-4f98-9780-05c1b2c3b68a' before making global git config changes
2026-09-24T05:42:13.0006655Z Adding repository directory to the temporary git global config as a safe directory
2026-09-24T05:42:13.0007916Z [command]/usr/bin/git config --global --add safe.directory /home/runner/work/tooltest/tooltest
2026-09-24T05:42:13.0065986Z Deleting the contents of '/home/runner/work/tooltest/tooltest'
2026-09-24T05:42:13.0069194Z ##[group]Determining repository object format
2026-09-24T05:42:13.0070738Z ##[endgroup]
2026-09-24T05:42:13.0071806Z ##[group]Initializing the repository
2026-09-24T05:42:13.0075709Z [command]/usr/bin/git init /home/runner/work/tooltest/tooltest
2026-09-24T05:42:13.0187675Z hint: Using 'master' as the name for the initial branch. This default branch name
2026-09-24T05:42:13.0188687Z hint: will change to "main" in Git 3.0. To configure the initial branch name
2026-09-24T05:42:13.0189536Z hint: to use in all of your new repositories, which will suppress this warning,
2026-09-24T05:42:13.0190153Z hint: call:
2026-09-24T05:42:13.0190506Z hint:
2026-09-24T05:42:13.0190974Z hint: 	git config --global init.defaultBranch <name>
2026-09-24T05:42:13.0191510Z hint:
2026-09-24T05:42:13.0192249Z hint: Names commonly chosen instead of 'master' are 'main', 'trunk' and
2026-09-24T05:42:13.0193044Z hint: 'development'. The just-created branch can be renamed via this command:
2026-09-24T05:42:13.0193972Z hint:
2026-09-24T05:42:13.0194689Z hint: 	git branch -m <name>
2026-09-24T05:42:13.0258326Z hint:
2026-09-24T05:42:13.0259567Z hint: Disable this message with "git config set advice.defaultBranchName false"
2026-09-24T05:42:13.0261051Z Initialized empty Git repository in /home/runner/work/tooltest/tooltest/.git/
2026-09-24T05:42:13.0263505Z [command]/usr/bin/git remote add origin https://github.com/TFourniax/tooltest
2026-09-24T05:42:13.0264852Z ##[endgroup]
2026-09-24T05:42:13.0265487Z ##[group]Disabling automatic garbage collection
2026-09-24T05:42:13.0266051Z [command]/usr/bin/git config --local gc.auto 0
2026-09-24T05:42:13.0297741Z ##[endgroup]
2026-09-24T05:42:13.0298761Z ##[group]Setting up auth
2026-09-24T05:42:13.0299563Z Removing SSH command configuration
2026-09-24T05:42:13.0303877Z [command]/usr/bin/git config --local --name-only --get-regexp core\.sshCommand
2026-09-24T05:42:13.0335779Z [command]/usr/bin/git submodule foreach --recursive sh -c "git config --local --name-only --get-regexp 'core\.sshCommand' && git config --local --unset-all 'core.sshCommand' || :"
2026-09-24T05:42:13.0640696Z Removing HTTP extra header
2026-09-24T05:42:13.0645202Z [command]/usr/bin/git config --local --name-only --get-regexp http\.https\:\/\/github\.com\/\.extraheader
2026-09-24T05:42:13.0680131Z [command]/usr/bin/git submodule foreach --recursive sh -c "git config --local --name-only --get-regexp 'http\.https\:\/\/github\.com\/\.extraheader' && git config --local --unset-all 'http.https://github.com/.extraheader' || :"
2026-09-24T05:42:13.0872400Z Removing includeIf entries pointing to credentials config files
2026-09-24T05:42:13.0876391Z [command]/usr/bin/git config --local --name-only --get-regexp ^includeIf\.gitdir:
2026-09-24T05:42:13.0907650Z [command]/usr/bin/git submodule foreach --recursive git config --local --show-origin --name-only --get-regexp remote.origin.url
2026-09-24T05:42:13.1105094Z [command]/usr/bin/git config --file /home/runner/work/_temp/git-credentials-51829552-f34a-47de-bec1-9c99e3a73879.config http.https://github.com/.extraheader AUTHORIZATION: basic ***
2026-09-24T05:42:13.1142800Z [command]/usr/bin/git config --local includeIf.gitdir:/home/runner/work/tooltest/tooltest/.git.path /home/runner/work/_temp/git-credentials-51829552-f34a-47de-bec1-9c99e3a73879.config
2026-09-24T05:42:13.1176791Z [command]/usr/bin/git config --local includeIf.gitdir:/home/runner/work/tooltest/tooltest/.git/worktrees/*.path /home/runner/work/_temp/git-credentials-51829552-f34a-47de-bec1-9c99e3a73879.config
2026-09-24T05:42:13.1213391Z [command]/usr/bin/git config --local includeIf.gitdir:/github/workspace/.git.path /github/runner_temp/git-credentials-51829552-f34a-47de-bec1-9c99e3a73879.config
2026-09-24T05:42:13.1246196Z [command]/usr/bin/git config --local includeIf.gitdir:/github/workspace/.git/worktrees/*.path /github/runner_temp/git-credentials-51829552-f34a-47de-bec1-9c99e3a73879.config
2026-09-24T05:42:13.1280505Z ##[endgroup]
2026-09-24T05:42:13.1281187Z ##[group]Fetching the repository
2026-09-24T05:42:13.1282766Z [command]/usr/bin/git -c protocol.version=2 fetch --no-tags --prune --no-recurse-submodules --depth=1 origin +a50f42121a281b2f8eb6fd73dff76423e6fcbcd8:refs/remotes/pull/128/merge
2026-09-24T05:42:14.4615022Z From https://github.com/TFourniax/tooltest
2026-09-24T05:42:14.4616958Z  * [new ref]         a50f42121a281b2f8eb6fd73dff76423e6fcbcd8 -> pull/128/merge
2026-09-24T05:42:14.4620286Z ##[endgroup]
2026-09-24T05:42:14.4621250Z ##[group]Determining the checkout info
2026-09-24T05:42:14.4622583Z ##[endgroup]
2026-09-24T05:42:14.4624223Z [command]/usr/bin/git sparse-checkout disable
2026-09-24T05:42:14.4678709Z [command]/usr/bin/git config --local --unset-all extensions.worktreeConfig
2026-09-24T05:42:14.4824960Z ##[group]Checking out the ref
2026-09-24T05:42:14.4828585Z [command]/usr/bin/git checkout --progress --force refs/remotes/pull/128/merge
2026-09-24T05:42:14.5453226Z Note: switching to 'refs/remotes/pull/128/merge'.
2026-09-24T05:42:14.5454046Z 
2026-09-24T05:42:14.5454674Z You are in 'detached HEAD' state. You can look around, make experimental
2026-09-24T05:42:14.5456420Z changes and commit them, and you can discard any commits you make in this
2026-09-24T05:42:14.5458238Z state without impacting any branches by switching back to a branch.
2026-09-24T05:42:14.5459364Z 
2026-09-24T05:42:14.5460114Z If you want to create a new branch to retain commits you create, you may
2026-09-24T05:42:14.5461777Z do so (now or later) by using -c with the switch command. Example:
2026-09-24T05:42:14.5463161Z 
2026-09-24T05:42:14.5463730Z   git switch -c <new-branch-name>
2026-09-24T05:42:14.5464634Z 
2026-09-24T05:42:14.5465166Z Or undo this operation with:
2026-09-24T05:42:14.5465959Z 
2026-09-24T05:42:14.5466452Z   git switch -
2026-09-24T05:42:14.5467140Z 
2026-09-24T05:42:14.5468218Z Turn off this advice by setting config variable advice.detachedHead to false
2026-09-24T05:42:14.5469778Z 
2026-09-24T05:42:14.5471527Z HEAD is now at a50f421 Merge 2a01805ab0dde1d54699266f96f62b03c136797a into c03164e75e805ff1df976e55cdf6d86073e89b04
2026-09-24T05:42:14.5479565Z ##[endgroup]
2026-09-24T05:42:14.5523883Z [command]/usr/bin/git log -1 --format=%H
2026-09-24T05:42:14.5550953Z a50f42121a281b2f8eb6fd73dff76423e6fcbcd8
2026-09-24T05:42:14.5872533Z ##[group]Run actions/setup-python@v7
2026-09-24T05:42:14.5873497Z with:
2026-09-24T05:42:14.5874180Z   python-version: 3.11
2026-09-24T05:42:14.5874945Z   check-latest: false
2026-09-24T05:42:14.5881600Z   token: ***
2026-09-24T05:42:14.5882441Z   update-environment: true
2026-09-24T05:42:14.5883259Z   allow-prereleases: false
2026-09-24T05:42:14.5884054Z   freethreaded: false
2026-09-24T05:42:14.5884779Z ##[endgroup]
2026-09-24T05:42:14.6863658Z ##[group]Installed versions
2026-09-24T05:42:14.6930516Z Successfully set up CPython (3.11.16)
2026-09-24T05:42:14.6932638Z ##[endgroup]
2026-09-24T05:42:14.7100888Z ##[group]Run python -m pip install -e .
2026-09-24T05:42:14.7102323Z [36;1mpython -m pip install -e .[0m
2026-09-24T05:42:14.7366493Z shell: /usr/bin/bash -e {0}
2026-09-24T05:42:14.7367392Z env:
2026-09-24T05:42:14.7368257Z   pythonLocation: /opt/hostedtoolcache/Python/3.11.16/x64
2026-09-24T05:42:14.7369675Z   PKG_CONFIG_PATH: /opt/hostedtoolcache/Python/3.11.16/x64/lib/pkgconfig
2026-09-24T05:42:14.7371052Z   Python_ROOT_DIR: /opt/hostedtoolcache/Python/3.11.16/x64
2026-09-24T05:42:14.7372494Z   Python2_ROOT_DIR: /opt/hostedtoolcache/Python/3.11.16/x64
2026-09-24T05:42:14.7373748Z   Python3_ROOT_DIR: /opt/hostedtoolcache/Python/3.11.16/x64
2026-09-24T05:42:14.7375014Z   LD_LIBRARY_PATH: /opt/hostedtoolcache/Python/3.11.16/x64/lib
2026-09-24T05:42:14.7376091Z ##[endgroup]
2026-09-24T05:42:15.5914044Z Obtaining file:///home/runner/work/tooltest/tooltest
2026-09-24T05:42:15.5929781Z   Installing build dependencies: started
2026-09-24T05:42:16.2860324Z   Installing build dependencies: finished with status 'done'
2026-09-24T05:42:16.2864756Z   Checking if build backend supports build_editable: started
2026-09-24T05:42:16.5749127Z   Checking if build backend supports build_editable: finished with status 'done'
2026-09-24T05:42:16.5755665Z   Getting requirements to build editable: started
2026-09-24T05:42:16.8355710Z   Getting requirements to build editable: finished with status 'done'
2026-09-24T05:42:16.8363420Z   Preparing editable metadata (pyproject.toml): started
2026-09-24T05:42:16.9812327Z   Preparing editable metadata (pyproject.toml): finished with status 'done'
2026-09-24T05:42:16.9934266Z Building wheels for collected packages: diffwitness
2026-09-24T05:42:16.9940181Z   Building editable for diffwitness (pyproject.toml): started
2026-09-24T05:42:17.1676660Z   Building editable for diffwitness (pyproject.toml): finished with status 'done'
2026-09-24T05:42:17.1681420Z   Created wheel for diffwitness: filename=diffwitness-0.4.0a1-0.editable-py3-none-any.whl size=13332 sha256=b1ebb6f19304cfecd1c0e1aafa99590827e308f223ce1912874e123fdffe158f
2026-09-24T05:42:17.1682991Z   Stored in directory: /tmp/pip-ephem-wheel-cache-j59abyk6/wheels/1d/e2/0c/8df4c5f7ed0b68981a66a62e05333067f34d74dcef53b2c7d9
2026-09-24T05:42:17.1714208Z Successfully built diffwitness
2026-09-24T05:42:17.1834083Z Installing collected packages: diffwitness
2026-09-24T05:42:17.1899428Z Successfully installed diffwitness-0.4.0a1
2026-09-24T05:42:17.2476309Z ##[group]Run python -m pip check
2026-09-24T05:42:17.2476618Z [36;1mpython -m pip check[0m
2026-09-24T05:42:17.2533462Z shell: /usr/bin/bash -e {0}
2026-09-24T05:42:17.2533687Z env:
2026-09-24T05:42:17.2533913Z   pythonLocation: /opt/hostedtoolcache/Python/3.11.16/x64
2026-09-24T05:42:17.2534265Z   PKG_CONFIG_PATH: /opt/hostedtoolcache/Python/3.11.16/x64/lib/pkgconfig
2026-09-24T05:42:17.2534625Z   Python_ROOT_DIR: /opt/hostedtoolcache/Python/3.11.16/x64
2026-09-24T05:42:17.2534941Z   Python2_ROOT_DIR: /opt/hostedtoolcache/Python/3.11.16/x64
2026-09-24T05:42:17.2535242Z   Python3_ROOT_DIR: /opt/hostedtoolcache/Python/3.11.16/x64
2026-09-24T05:42:17.2535548Z   LD_LIBRARY_PATH: /opt/hostedtoolcache/Python/3.11.16/x64/lib
2026-09-24T05:42:17.2535805Z ##[endgroup]
2026-09-24T05:42:17.4164189Z No broken requirements found.
2026-09-24T05:42:17.4481226Z ##[group]Run python -m compileall -q src integrations scripts
2026-09-24T05:42:17.4481700Z [36;1mpython -m compileall -q src integrations scripts[0m
2026-09-24T05:42:17.4539733Z shell: /usr/bin/bash -e {0}
2026-09-24T05:42:17.4540004Z env:
2026-09-24T05:42:17.4540245Z   pythonLocation: /opt/hostedtoolcache/Python/3.11.16/x64
2026-09-24T05:42:17.4540604Z   PKG_CONFIG_PATH: /opt/hostedtoolcache/Python/3.11.16/x64/lib/pkgconfig
2026-09-24T05:42:17.4540939Z   Python_ROOT_DIR: /opt/hostedtoolcache/Python/3.11.16/x64
2026-09-24T05:42:17.4541246Z   Python2_ROOT_DIR: /opt/hostedtoolcache/Python/3.11.16/x64
2026-09-24T05:42:17.4541544Z   Python3_ROOT_DIR: /opt/hostedtoolcache/Python/3.11.16/x64
2026-09-24T05:42:17.4541994Z   LD_LIBRARY_PATH: /opt/hostedtoolcache/Python/3.11.16/x64/lib
2026-09-24T05:42:17.4542282Z ##[endgroup]
2026-09-24T05:42:17.7453721Z ##[group]Run set +e
2026-09-24T05:42:17.7453967Z [36;1mset +e[0m
2026-09-24T05:42:17.7454222Z [36;1mpython -m unittest discover -s tests -v 2>&1 | tee unittest.log[0m
2026-09-24T05:42:17.7454532Z [36;1mrc=${PIPESTATUS[0]}[0m
2026-09-24T05:42:17.7454764Z [36;1mecho "return_code=$rc" >> "$GITHUB_OUTPUT"[0m
2026-09-24T05:42:17.7455000Z [36;1mexit "$rc"[0m
2026-09-24T05:42:17.7514659Z shell: /usr/bin/bash --noprofile --norc -e -o pipefail {0}
2026-09-24T05:42:17.7514944Z env:
2026-09-24T05:42:17.7515179Z   pythonLocation: /opt/hostedtoolcache/Python/3.11.16/x64
2026-09-24T05:42:17.7515525Z   PKG_CONFIG_PATH: /opt/hostedtoolcache/Python/3.11.16/x64/lib/pkgconfig
2026-09-24T05:42:17.7515859Z   Python_ROOT_DIR: /opt/hostedtoolcache/Python/3.11.16/x64
2026-09-24T05:42:17.7516150Z   Python2_ROOT_DIR: /opt/hostedtoolcache/Python/3.11.16/x64
2026-09-24T05:42:17.7516437Z   Python3_ROOT_DIR: /opt/hostedtoolcache/Python/3.11.16/x64
2026-09-24T05:42:17.7516774Z   LD_LIBRARY_PATH: /opt/hostedtoolcache/Python/3.11.16/x64/lib
2026-09-24T05:42:17.7517028Z ##[endgroup]
2026-09-24T05:42:18.1978284Z test_acceptance_harnesses_preserve_utf8_subprocess_output (test_acceptance_utf8.AcceptanceEncodingTests.test_acceptance_harnesses_preserve_utf8_subprocess_output) ... ok
2026-09-24T05:42:18.5085437Z test_advisory_partition_can_spend_tiny_budget_but_public_runner_still_proves_removal (test_adaptive.AdaptiveCoreTests.test_advisory_partition_can_spend_tiny_budget_but_public_runner_still_proves_removal) ... ok
2026-09-24T05:42:19.1695622Z test_finds_one_hunk_core_without_testing_every_surplus_hunk (test_adaptive.AdaptiveCoreTests.test_finds_one_hunk_core_without_testing_every_surplus_hunk) ... ok
2026-09-24T05:42:19.1979912Z test_invalid_advisory_plan_fails_before_any_search (test_adaptive.AdaptiveCoreTests.test_invalid_advisory_plan_fails_before_any_search) ... ok
2026-09-24T05:42:19.3295002Z test_behavior_preserving_refactor_gets_preservation_evidence (test_assurance.AssuranceTests.test_behavior_preserving_refactor_gets_preservation_evidence) ... ok
2026-09-24T05:42:19.5050287Z test_changed_tests_that_already_pass_on_base_are_non_discriminating (test_assurance.AssuranceTests.test_changed_tests_that_already_pass_on_base_are_non_discriminating) ... DiffWitness Gate rejected: changed tests do not discriminate the production change from base
2026-09-24T05:42:19.5068513Z ok
2026-09-24T05:42:19.5212738Z test_gate_balanced_accepts_and_public_verify_understands_assurance (test_assurance.AssuranceTests.test_gate_balanced_accepts_and_public_verify_understands_assurance) ... DiffWitness Gate: non-discriminating-change under balanced policy (dwa1_0b113cee168a992a3feb)
2026-09-24T05:42:19.7166551Z DiffWitness Gate: preservation-evidence under balanced policy (dwa1_30ce1241957df619b436)
2026-09-24T05:42:19.7167089Z DiffWitness Gate accepted: balanced policy accepts stable preservation assurance
2026-09-24T05:42:19.7167920Z Project continuity: 2 new change event(s) · dwchg_95615fc8787125e34cf4be1f
2026-09-24T05:42:19.7330321Z certificate: dwa1_30ce1241957df619b436
2026-09-24T05:42:19.7330738Z integrity:   valid
2026-09-24T05:42:19.7331106Z freshness:   fresh against WORKTREE
2026-09-24T05:42:19.7331686Z candidate:   embedded-tree
2026-09-24T05:42:19.7332152Z base:        embedded-tree
2026-09-24T05:42:19.7332455Z verdict:     VALID
2026-09-24T05:42:19.7494827Z certificate: dwa1_30ce1241957df619b436
2026-09-24T05:42:19.7495339Z integrity:   valid
2026-09-24T05:42:19.7495639Z freshness:   stale against WORKTREE
2026-09-24T05:42:19.7495986Z candidate:   embedded-tree
2026-09-24T05:42:19.7496287Z base:        embedded-tree
2026-09-24T05:42:19.7496520Z verdict:     INVALID
2026-09-24T05:42:19.8912993Z DiffWitness Gate rejected: candidate is not stably green
2026-09-24T05:42:19.8935524Z ok
2026-09-24T05:42:19.9070717Z test_noop_certificate_is_fresh_then_stale_after_content_changes (test_attest.AttestationTests.test_noop_certificate_is_fresh_then_stale_after_content_changes) ... DiffWitness Gate: candidate-not-stable-green under strict policy (dwa1_6dd89d7d25547f128e54)
2026-09-24T05:42:19.9497242Z DiffWitness: proof not required (dw0_ca5dbe4cc9a29b5f8de3); no executable causal mutation detected.
2026-09-24T05:42:20.0215806Z certificate: dw0_ca5dbe4cc9a29b5f8de3
2026-09-24T05:42:20.0216114Z integrity:   valid
2026-09-24T05:42:20.0216379Z freshness:   fresh against WORKTREE
2026-09-24T05:42:20.0216724Z candidate:   embedded-tree
2026-09-24T05:42:20.0217055Z base:        embedded-tree
2026-09-24T05:42:20.0217372Z artifacts:   ignored proof.json
2026-09-24T05:42:20.0217672Z verdict:     VALID
2026-09-24T05:42:20.1946758Z ok
2026-09-24T05:42:20.2073636Z test_tree_bound_validation_proof_verifies_in_fresh_clone_without_snapshot_commit (test_attest.AttestationTests.test_tree_bound_validation_proof_verifies_in_fresh_clone_without_snapshot_commit) ... certificate: dw0_ca5dbe4cc9a29b5f8de3
2026-09-24T05:42:20.2074938Z integrity:   valid
2026-09-24T05:42:20.2075228Z freshness:   stale against WORKTREE
2026-09-24T05:42:20.2075597Z candidate:   embedded-tree
2026-09-24T05:42:20.2075866Z base:        embedded-tree
2026-09-24T05:42:20.2076077Z artifacts:   ignored proof.json
2026-09-24T05:42:20.2076289Z verdict:     INVALID
2026-09-24T05:42:20.4639995Z DiffWitness: validation-only stable-pass (dwv1_04221cdaed54b03c58f0)
2026-09-24T05:42:20.4640760Z Project continuity: 2 new change event(s) · dwchg_0bb0a98f21c7819a197674e5
2026-09-24T05:42:20.4777193Z ok
2026-09-24T05:42:20.4904410Z test_verified_worktree_proof_can_be_attached_after_identical_commit (test_attest.AttestationTests.test_verified_worktree_proof_can_be_attached_after_identical_commit) ... certificate: dwv1_04221cdaed54b03c58f0
2026-09-24T05:42:20.4905529Z integrity:   valid
2026-09-24T05:42:20.4905811Z freshness:   fresh against HEAD
2026-09-24T05:42:20.4906138Z candidate:   embedded-tree
2026-09-24T05:42:20.4906412Z base:        embedded-tree
2026-09-24T05:42:20.4906600Z verdict:     VALID
2026-09-24T05:42:20.5185493Z DiffWitness: proof not required (dw0_ef73b8b91583a7baadc0); no executable causal mutation detected.
2026-09-24T05:42:20.5343221Z ok
2026-09-24T05:42:20.5347513Z test_detects_pytest_configuration (test_autodetect.AutoDetectTests.test_detects_pytest_configuration) ... ok
2026-09-24T05:42:20.5351548Z test_falls_back_to_unittest_for_plain_tests_directory (test_autodetect.AutoDetectTests.test_falls_back_to_unittest_for_plain_tests_directory) ... ok
2026-09-24T05:42:20.5358895Z test_prefers_declared_pnpm_test_script (test_autodetect.AutoDetectTests.test_prefers_declared_pnpm_test_script) ... ok
2026-09-24T05:42:20.5363140Z test_unified_schema_declares_every_public_certificate_family (test_certificate_schema.CertificateSchemaTests.test_unified_schema_declares_every_public_certificate_family) ... ok
2026-09-24T05:42:20.5948909Z test_binds_proof_debt_and_idleproof_to_one_exact_change (test_change_envelope.ChangeEnvelopeTests.test_binds_proof_debt_and_idleproof_to_one_exact_change) ... ok
2026-09-24T05:42:20.6189127Z test_corrupt_evidence_and_empty_envelope_fail_closed (test_change_envelope.ChangeEnvelopeTests.test_corrupt_evidence_and_empty_envelope_fail_closed) ... ok
2026-09-24T05:42:20.6375766Z test_idleproof_state_and_local_hook_files_do_not_change_diffwitness_worktree_identity (test_change_envelope.ChangeEnvelopeTests.test_idleproof_state_and_local_hook_files_do_not_change_diffwitness_worktree_identity) ... ok
2026-09-24T05:42:20.6952059Z test_mismatched_debt_candidate_tree_fails_closed (test_change_envelope.ChangeEnvelopeTests.test_mismatched_debt_candidate_tree_fails_closed) ... ok
2026-09-24T05:42:20.7525509Z test_mismatched_idleproof_change_fails_closed (test_change_envelope.ChangeEnvelopeTests.test_mismatched_idleproof_change_fails_closed) ... ok
2026-09-24T05:42:20.8878243Z test_init_creates_pinned_workflow_with_explicit_commands (test_cli.CliTests.test_init_creates_pinned_workflow_with_explicit_commands) ... ok
2026-09-24T05:42:21.3027363Z test_prove_writes_v2_certificate_and_markdown (test_cli.CliTests.test_prove_writes_v2_certificate_and_markdown) ... ok
2026-09-24T05:42:21.9473464Z test_direct_frontends_also_parse_before_preflight_or_discovery (test_cli_informational_safety.InformationalSafetyTests.test_direct_frontends_also_parse_before_preflight_or_discovery) ... ok
2026-09-24T05:42:22.3216134Z test_explicit_proof_still_executes_repository_tests (test_cli_informational_safety.InformationalSafetyTests.test_explicit_proof_still_executes_repository_tests) ... ok
2026-09-24T05:42:24.7445222Z test_help_and_version_preserve_repository_and_historical_evidence (test_cli_informational_safety.InformationalSafetyTests.test_help_and_version_preserve_repository_and_historical_evidence) ... ok
2026-09-24T05:42:25.2570407Z test_help_inside_explicit_test_command_still_executes (test_cli_informational_safety.InformationalSafetyTests.test_help_inside_explicit_test_command_still_executes) ... ok
2026-09-24T05:42:25.9854581Z test_invalid_options_fail_before_execution_or_certificate_deletion (test_cli_informational_safety.InformationalSafetyTests.test_invalid_options_fail_before_execution_or_certificate_deletion) ... ok
2026-09-24T05:42:25.9865273Z test_invalid_policy_and_budget_are_rejected (test_config.ConfigTests.test_invalid_policy_and_budget_are_rejected) ... ok
2026-09-24T05:42:25.9883684Z test_non_finite_timeouts_are_rejected_in_core_and_engine_config (test_config.ConfigTests.test_non_finite_timeouts_are_rejected_in_core_and_engine_config) ... ok
2026-09-24T05:42:25.9886588Z test_unknown_key_fails_closed (test_config.ConfigTests.test_unknown_key_fails_closed) ... ok
2026-09-24T05:42:25.9904816Z test_valid_gate_configuration_round_trips (test_config.ConfigTests.test_valid_gate_configuration_round_trips) ... ok
2026-09-24T05:42:26.0877778Z test_context_uses_project_test_configuration_without_private_engine_access (test_context_process_budget.ContextProcessBudgetTests.test_context_uses_project_test_configuration_without_private_engine_access) ... ok
2026-09-24T05:42:26.1038323Z test_failed_committed_history_walk_is_not_an_unborn_fingerprint (test_context_process_budget.ContextProcessBudgetTests.test_failed_committed_history_walk_is_not_an_unborn_fingerprint) ... ok
2026-09-24T05:42:26.1352822Z test_fingerprint_uses_reachable_roots_and_ignores_other_refs (test_context_process_budget.ContextProcessBudgetTests.test_fingerprint_uses_reachable_roots_and_ignores_other_refs) ... ok
2026-09-24T05:42:26.2418092Z test_malformed_project_configuration_still_fails (test_context_process_budget.ContextProcessBudgetTests.test_malformed_project_configuration_still_fails) ... ok
2026-09-24T05:42:26.2889898Z test_warm_context_uses_at_most_five_git_processes (test_context_process_budget.ContextProcessBudgetTests.test_warm_context_uses_at_most_five_git_processes) ... ok
2026-09-24T05:42:26.3681377Z test_bounds_and_repository_eviction_force_complete_validation (test_continuity_append_cache.AppendCacheTests.test_bounds_and_repository_eviction_force_complete_validation) ... ok
2026-09-24T05:42:26.4043570Z test_caller_inputs_and_results_cannot_mutate_cached_history (test_continuity_append_cache.AppendCacheTests.test_caller_inputs_and_results_cannot_mutate_cached_history) ... ok
2026-09-24T05:42:26.5347435Z test_concurrent_calls_have_one_chain_and_dedupe (test_continuity_append_cache.AppendCacheTests.test_concurrent_calls_have_one_chain_and_dedupe) ... ok
2026-09-24T05:42:26.5623672Z test_crt_text_translation_cannot_make_cached_bytes_differ_from_disk (test_continuity_append_cache.AppendCacheTests.test_crt_text_translation_cannot_make_cached_bytes_differ_from_disk) ... ok
2026-09-24T05:42:26.5923517Z test_external_suffix_is_validated_and_invalid_suffix_fails_closed (test_continuity_append_cache.AppendCacheTests.test_external_suffix_is_validated_and_invalid_suffix_fails_closed) ... ok
2026-09-24T05:42:26.6295166Z test_failed_batch_cannot_advance_cached_lifecycle_or_dedupe (test_continuity_append_cache.AppendCacheTests.test_failed_batch_cannot_advance_cached_lifecycle_or_dedupe) ... ok
2026-09-24T05:42:26.6601759Z test_failed_task_reference_cannot_replace_cached_task_identity (test_continuity_append_cache.AppendCacheTests.test_failed_task_reference_cannot_replace_cached_task_identity) ... ok
2026-09-24T05:42:26.7002228Z test_hash_valid_invalid_profile_and_duplicate_json_external_suffix_fail_closed (test_continuity_append_cache.AppendCacheTests.test_hash_valid_invalid_profile_and_duplicate_json_external_suffix_fail_closed) ... ok
2026-09-24T05:42:26.7350987Z test_partial_write_never_publishes_checkpoint (test_continuity_append_cache.AppendCacheTests.test_partial_write_never_publishes_checkpoint) ... ok
2026-09-24T05:42:26.7608705Z test_repeated_append_validates_only_new_suffix_but_public_read_remains_complete (test_continuity_append_cache.AppendCacheTests.test_repeated_append_validates_only_new_suffix_but_public_read_remains_complete) ... ok
2026-09-24T05:42:26.8037592Z test_same_size_timestamp_corruption_is_rejected_before_append (test_continuity_append_cache.AppendCacheTests.test_same_size_timestamp_corruption_is_rejected_before_append) ... ok
2026-09-24T05:42:26.8425028Z test_unterminated_valid_record_gets_separator_without_changing_old_bytes (test_continuity_append_cache.AppendCacheTests.test_unterminated_valid_record_gets_separator_without_changing_old_bytes) ... ok
2026-09-24T05:42:26.8865802Z test_valid_rewrite_truncation_and_crlf_unicode_keep_chain_truth (test_continuity_append_cache.AppendCacheTests.test_valid_rewrite_truncation_and_crlf_unicode_keep_chain_truth) ... ok
2026-09-24T05:42:27.0116945Z test_authoritative_flag_consistency_preserves_existing_runner_boundary (test_continuity_artifact_profile.ArtifactProfileTests.test_authoritative_flag_consistency_preserves_existing_runner_boundary) ... ok
2026-09-24T05:42:27.1007123Z test_compatible_legacy_reimport_preserves_original_events_and_bytes (test_continuity_artifact_profile.ArtifactProfileTests.test_compatible_legacy_reimport_preserves_original_events_and_bytes) ... ok
2026-09-24T05:42:27.1752010Z test_consumed_input_types_are_checked_before_projection (test_continuity_artifact_profile.ArtifactProfileTests.test_consumed_input_types_are_checked_before_projection) ... ok
2026-09-24T05:42:27.2498725Z test_declaration_and_relation_json_conflicts_fail_atomically (test_continuity_artifact_profile.ArtifactProfileTests.test_declaration_and_relation_json_conflicts_fail_atomically) ... ok
2026-09-24T05:42:27.2870587Z test_descriptor_advertises_profile_without_new_proof_authority (test_continuity_artifact_profile.ArtifactProfileTests.test_descriptor_advertises_profile_without_new_proof_authority) ... ok
2026-09-24T05:42:27.3417333Z test_invalid_legacy_cannot_gain_profile_compatibility_via_ignored_fields (test_continuity_artifact_profile.ArtifactProfileTests.test_invalid_legacy_cannot_gain_profile_compatibility_via_ignored_fields) ... ok
2026-09-24T05:42:27.5818252Z test_json_type_conflicts_are_not_silently_deduped (test_continuity_artifact_profile.ArtifactProfileTests.test_json_type_conflicts_are_not_silently_deduped) ... ok
2026-09-24T05:42:27.6283803Z test_legacy_digest_and_ephemeral_sha_exceptions_survive_profile_adoption (test_continuity_artifact_profile.ArtifactProfileTests.test_legacy_digest_and_ephemeral_sha_exceptions_survive_profile_adoption) ... ok
2026-09-24T05:42:27.7816518Z test_malformed_profile_batches_are_atomic (test_continuity_artifact_profile.ArtifactProfileTests.test_malformed_profile_batches_are_atomic) ... ok
2026-09-24T05:42:27.8391498Z test_mixed_history_replay_and_checkpoint_preserve_legacy_extensions (test_continuity_artifact_profile.ArtifactProfileTests.test_mixed_history_replay_and_checkpoint_preserve_legacy_extensions) ... ok
2026-09-24T05:42:27.9147363Z test_native_producer_profiles_all_five_types_without_promoting_imports (test_continuity_artifact_profile.ArtifactProfileTests.test_native_producer_profiles_all_five_types_without_promoting_imports) ... ok
2026-09-24T05:42:27.9776666Z test_native_reimport_adopts_legacy_without_rewriting_it (test_continuity_artifact_profile.ArtifactProfileTests.test_native_reimport_adopts_legacy_without_rewriting_it) ... ok
2026-09-24T05:42:28.0374833Z test_profile_does_not_hide_real_conflicts_or_other_profiles (test_continuity_artifact_profile.ArtifactProfileTests.test_profile_does_not_hide_real_conflicts_or_other_profiles) ... ok
2026-09-24T05:42:28.1304681Z test_readers_and_old_cache_cannot_bypass_typed_validation (test_continuity_artifact_profile.ArtifactProfileTests.test_readers_and_old_cache_cannot_bypass_typed_validation) ... ok
2026-09-24T05:42:28.1627643Z test_canonical_bytes_match_independent_reference_for_extensions_and_unicode (test_continuity_canonical_integrity.CanonicalIntegrityTests.test_canonical_bytes_match_independent_reference_for_extensions_and_unicode) ... ok
2026-09-24T05:42:28.1631543Z test_corruption_of_any_integrity_input_remains_visible (test_continuity_canonical_integrity.CanonicalIntegrityTests.test_corruption_of_any_integrity_input_remains_visible) ... ok
2026-09-24T05:42:28.1635528Z test_finite_json_and_circular_reference_checks_remain_active (test_continuity_canonical_integrity.CanonicalIntegrityTests.test_finite_json_and_circular_reference_checks_remain_active) ... ok
2026-09-24T05:42:28.1641543Z test_full_validator_encodes_nested_payload_only_once (test_continuity_canonical_integrity.CanonicalIntegrityTests.test_full_validator_encodes_nested_payload_only_once) ... ok
2026-09-24T05:42:28.1656771Z test_missing_or_malformed_identity_still_rejects_and_matches_reference (test_continuity_canonical_integrity.CanonicalIntegrityTests.test_missing_or_malformed_identity_still_rejects_and_matches_reference) ... ok
2026-09-24T05:42:28.1668743Z test_nested_identity_lookalikes_and_missing_actor_match_reference (test_continuity_canonical_integrity.CanonicalIntegrityTests.test_nested_identity_lookalikes_and_missing_actor_match_reference) ... ok
2026-09-24T05:42:28.1671995Z test_nonstandard_python_mapping_keeps_reference_encoding (test_continuity_canonical_integrity.CanonicalIntegrityTests.test_nonstandard_python_mapping_keeps_reference_encoding) ... ok
2026-09-24T05:42:28.1677483Z test_ordinary_validation_needs_one_complete_canonical_encoding (test_continuity_canonical_integrity.CanonicalIntegrityTests.test_ordinary_validation_needs_one_complete_canonical_encoding) ... ok
2026-09-24T05:42:28.1680192Z test_size_limit_counts_utf8_and_hash_member_exactly (test_continuity_canonical_integrity.CanonicalIntegrityTests.test_size_limit_counts_utf8_and_hash_member_exactly) ... ok
2026-09-24T05:42:28.1695959Z test_stream_rejection_closes_file_after_earlier_valid_events (test_continuity_canonical_integrity.CanonicalIntegrityTests.test_stream_rejection_closes_file_after_earlier_valid_events) ... ok
2026-09-24T05:42:28.2188052Z test_byte_budget_counts_utf8_bytes_instead_of_characters (test_continuity_change_paths.ChangePathAdmissionTests.test_byte_budget_counts_utf8_bytes_instead_of_characters) ... ok
2026-09-24T05:42:28.2504033Z test_exact_unicode_whitespace_control_and_backslash_paths (test_continuity_change_paths.ChangePathAdmissionTests.test_exact_unicode_whitespace_control_and_backslash_paths) ... ok
2026-09-24T05:42:28.2977883Z test_file_facts_use_change_identity_trees_not_unrelated_or_missing_commit_hints (test_continuity_change_paths.ChangePathAdmissionTests.test_file_facts_use_change_identity_trees_not_unrelated_or_missing_commit_hints) ... ok
2026-09-24T05:42:28.3689748Z test_forged_coverage_is_rejected_atomically (test_continuity_change_paths.ChangePathAdmissionTests.test_forged_coverage_is_rejected_atomically) ... ok
2026-09-24T05:42:28.4475110Z test_human_context_quotes_paths_without_terminal_control_execution (test_continuity_change_paths.ChangePathAdmissionTests.test_human_context_quotes_paths_without_terminal_control_execution) ... ok
2026-09-24T05:42:28.6006342Z test_installed_cli_reports_safe_exact_and_partial_admission (test_continuity_change_paths.ChangePathAdmissionTests.test_installed_cli_reports_safe_exact_and_partial_admission) ... ok
2026-09-24T05:42:28.7291599Z test_large_changes_keep_bounded_whole_paths_and_explicit_coverage (test_continuity_change_paths.ChangePathAdmissionTests.test_large_changes_keep_bounded_whole_paths_and_explicit_coverage) ... ok
2026-09-24T05:42:28.7588229Z test_unavailable_tree_is_not_presented_as_observed_empty_change (test_continuity_change_paths.ChangePathAdmissionTests.test_unavailable_tree_is_not_presented_as_observed_empty_change) ... ok
2026-09-24T05:42:28.9535843Z test_unknown_legacy_coverage_extension_cannot_crash_context (test_continuity_change_paths.ChangePathAdmissionTests.test_unknown_legacy_coverage_extension_cannot_crash_context) ... ok
2026-09-24T05:42:28.9862363Z test_unrepresentable_names_are_omitted_whole_without_relabeling (test_continuity_change_paths.ChangePathAdmissionTests.test_unrepresentable_names_are_omitted_whole_without_relabeling) ... ok
2026-09-24T05:42:29.0175468Z test_untrusted_commit_hint_cannot_be_a_git_option (test_continuity_change_paths.ChangePathAdmissionTests.test_untrusted_commit_hint_cannot_be_a_git_option) ... ok
2026-09-24T05:42:29.0647683Z test_whole_path_byte_budget_keeps_the_original_event_limit (test_continuity_change_paths.ChangePathAdmissionTests.test_whole_path_byte_budget_keeps_the_original_event_limit) ... ok
2026-09-24T05:42:29.2197778Z test_append_after_validation_is_visible_on_next_context (test_continuity_context_cache.ContinuityContextCacheTests.test_append_after_validation_is_visible_on_next_context) ... ok
2026-09-24T05:42:29.3676845Z test_concurrent_rebuild_cannot_inherit_another_snapshot_digest (test_continuity_context_cache.ContinuityContextCacheTests.test_concurrent_rebuild_cannot_inherit_another_snapshot_digest) ... ok
2026-09-24T05:42:29.7201483Z test_corruption_after_validation_never_becomes_a_trusted_cache_anchor (test_continuity_context_cache.ContinuityContextCacheTests.test_corruption_after_validation_never_becomes_a_trusted_cache_anchor) ... ok
2026-09-24T05:42:29.8834344Z test_hot_cache_detects_historical_tampering_before_serving_context (test_continuity_context_cache.ContinuityContextCacheTests.test_hot_cache_detects_historical_tampering_before_serving_context) ... ok
2026-09-24T05:42:30.1611118Z test_legacy_unvalidated_digest_is_not_trusted_after_upgrade (test_continuity_context_cache.ContinuityContextCacheTests.test_legacy_unvalidated_digest_is_not_trusted_after_upgrade) ... ok
2026-09-24T05:42:30.9415653Z test_legitimate_append_invalidates_cache_and_rebuilds_strictly (test_continuity_context_cache.ContinuityContextCacheTests.test_legitimate_append_invalidates_cache_and_rebuilds_strictly) ... ok
2026-09-24T05:42:31.1235519Z test_rebuilt_state_digest_belongs_to_the_bytes_that_were_validated (test_continuity_context_cache.ContinuityContextCacheTests.test_rebuilt_state_digest_belongs_to_the_bytes_that_were_validated) ... ok
2026-09-24T05:42:31.3987106Z test_unchanged_cache_does_not_reparse_the_journal (test_continuity_context_cache.ContinuityContextCacheTests.test_unchanged_cache_does_not_reparse_the_journal) ... ok
2026-09-24T05:42:31.9443741Z test_citation_tracks_the_exact_assertion_not_the_latest_journal_head (test_continuity_context_sources.ContextSourceTests.test_citation_tracks_the_exact_assertion_not_the_latest_journal_head) ... ok
2026-09-24T05:42:33.1733505Z test_confirmation_cites_its_review_separately_from_the_assertion (test_continuity_context_sources.ContextSourceTests.test_confirmation_cites_its_review_separately_from_the_assertion) ... ok
2026-09-24T05:42:34.9261637Z test_inconsistent_assertion_status_or_details_cannot_be_cited (test_continuity_context_sources.ContextSourceTests.test_inconsistent_assertion_status_or_details_cannot_be_cited) ... ok
2026-09-24T05:42:34.9648028Z test_missing_assertion_row_cannot_produce_a_fabricated_citation (test_continuity_context_sources.ContextSourceTests.test_missing_assertion_row_cannot_produce_a_fabricated_citation) ... ok
2026-09-24T05:42:35.0654735Z test_packet_anchor_and_citations_share_a_read_snapshot (test_continuity_context_sources.ContextSourceTests.test_packet_anchor_and_citations_share_a_read_snapshot) ... ok
2026-09-24T05:42:35.2501162Z test_stale_source_pointer_with_identical_assertions_is_rejected (test_continuity_context_sources.ContextSourceTests.test_stale_source_pointer_with_identical_assertions_is_rejected) ... ok
2026-09-24T05:42:35.2503298Z test_contract_covers_concepts_without_renaming_historical_wire_kinds (test_continuity_contract.ContinuityContractTests.test_contract_covers_concepts_without_renaming_historical_wire_kinds) ... ok
2026-09-24T05:42:35.2517365Z test_discovery_preserves_the_existing_human_relation_boundary (test_continuity_contract.ContinuityContractTests.test_discovery_preserves_the_existing_human_relation_boundary) ... ok
2026-09-24T05:42:35.2520430Z test_exported_metadata_cannot_mutate_live_contract_rules (test_continuity_contract.ContinuityContractTests.test_exported_metadata_cannot_mutate_live_contract_rules) ... ok
2026-09-24T05:42:35.2973604Z test_legacy_extensions_and_projection_lifecycle_survive_reconstruction (test_continuity_contract.ContinuityContractTests.test_legacy_extensions_and_projection_lifecycle_survive_reconstruction) ... ok
2026-09-24T05:42:35.4016550Z test_public_json_discovery_is_repository_independent_read_only_and_language_stable (test_continuity_contract.ContinuityContractTests.test_public_json_discovery_is_repository_independent_read_only_and_language_stable) ... ok
2026-09-24T05:42:35.4333956Z test_corrupt_debt_ledger_never_becomes_project_history (test_continuity_debt_bridge.ContinuityDebtBridgeTests.test_corrupt_debt_ledger_never_becomes_project_history) ... ok
2026-09-24T05:42:35.5181320Z test_full_ledger_lifecycle_projects_idempotently (test_continuity_debt_bridge.ContinuityDebtBridgeTests.test_full_ledger_lifecycle_projects_idempotently) ... ok
2026-09-24T05:42:35.5551482Z test_only_exact_available_base_and_well_formed_tree_can_identify_a_change (test_continuity_debt_bridge.ContinuityDebtBridgeTests.test_only_exact_available_base_and_well_formed_tree_can_identify_a_change) ... ok
2026-09-24T05:42:35.7225634Z test_option_like_historical_report_retains_debt_without_invented_change_link (test_continuity_debt_bridge.ContinuityDebtBridgeTests.test_option_like_historical_report_retains_debt_without_invented_change_link) ... ok
2026-09-24T05:42:35.7383697Z test_both_readers_reject_profile_mismatch_even_with_valid_hashes (test_continuity_declaration_profile.DeclarationProfileTests.test_both_readers_reject_profile_mismatch_even_with_valid_hashes) ... ok
2026-09-24T05:42:35.7664560Z test_cache_from_json_only_validation_cannot_skip_profile_admission (test_continuity_declaration_profile.DeclarationProfileTests.test_cache_from_json_only_validation_cannot_skip_profile_admission) ... ok
2026-09-24T05:42:35.7781709Z test_descriptor_exposes_opt_in_profile_without_claiming_proof_authority (test_continuity_declaration_profile.DeclarationProfileTests.test_descriptor_exposes_opt_in_profile_without_claiming_proof_authority) ... ok
2026-09-24T05:42:35.8663341Z test_invalid_profile_batch_fails_before_any_append (test_continuity_declaration_profile.DeclarationProfileTests.test_invalid_profile_batch_fails_before_any_append) ... ok
2026-09-24T05:42:35.8912899Z test_legacy_extensions_and_typed_events_share_history_without_rewriting (test_continuity_declaration_profile.DeclarationProfileTests.test_legacy_extensions_and_typed_events_share_history_without_rewriting) ... ok
2026-09-24T05:42:35.9669091Z test_native_commands_adopt_profile_and_keep_declared_authority (test_continuity_declaration_profile.DeclarationProfileTests.test_native_commands_adopt_profile_and_keep_declared_authority) ... ok
2026-09-24T05:42:36.0176727Z test_ambiguous_and_nonfinite_source_json_fails_before_append (test_continuity_envelope_admission.EnvelopeAdmissionTests.test_ambiguous_and_nonfinite_source_json_fails_before_append) ... ok
2026-09-24T05:42:36.0965183Z test_legacy_absence_and_idempotency_remain_compatible (test_continuity_envelope_admission.EnvelopeAdmissionTests.test_legacy_absence_and_idempotency_remain_compatible) ... ok
2026-09-24T05:42:36.3660977Z test_malformed_containers_fail_with_controlled_errors (test_continuity_envelope_admission.EnvelopeAdmissionTests.test_malformed_containers_fail_with_controlled_errors) ... ok
2026-09-24T05:42:36.4842037Z test_native_builder_output_remains_importable_and_observed (test_continuity_envelope_admission.EnvelopeAdmissionTests.test_native_builder_output_remains_importable_and_observed) ... ok
2026-09-24T05:42:36.5977705Z test_public_cli_rejects_string_false_without_writing_history (test_continuity_envelope_admission.EnvelopeAdmissionTests.test_public_cli_rejects_string_false_without_writing_history) ... ok
2026-09-24T05:42:36.6514575Z test_valid_false_zero_and_nullable_budget_keep_exact_meaning (test_continuity_envelope_admission.EnvelopeAdmissionTests.test_valid_false_zero_and_nullable_budget_keep_exact_meaning) ... ok
2026-09-24T05:42:36.8107553Z test_wrong_summary_scalars_fail_atomically (test_continuity_envelope_admission.EnvelopeAdmissionTests.test_wrong_summary_scalars_fail_atomically) ... ok
2026-09-24T05:42:36.8485114Z test_conflicting_object_and_path_are_rejected_without_append (test_continuity_envelope_snapshot.EnvelopeSnapshotTests.test_conflicting_object_and_path_are_rejected_without_append) ... ok
2026-09-24T05:42:36.9532680Z test_direct_object_has_no_invented_file_digest (test_continuity_envelope_snapshot.EnvelopeSnapshotTests.test_direct_object_has_no_invented_file_digest) ... ok
2026-09-24T05:42:37.0729234Z test_matching_dual_input_preserves_raw_unicode_and_line_endings (test_continuity_envelope_snapshot.EnvelopeSnapshotTests.test_matching_dual_input_preserves_raw_unicode_and_line_endings) ... ok
2026-09-24T05:42:37.2110211Z test_replacement_or_deletion_after_parse_keeps_parsed_snapshot_digest (test_continuity_envelope_snapshot.EnvelopeSnapshotTests.test_replacement_or_deletion_after_parse_keeps_parsed_snapshot_digest) ... ok
2026-09-24T05:42:37.2659815Z test_supplied_object_cannot_bypass_invalid_or_missing_source (test_continuity_envelope_snapshot.EnvelopeSnapshotTests.test_supplied_object_cannot_bypass_invalid_or_missing_source) ... ok
2026-09-24T05:42:37.3288624Z test_all_branches_include_merge_parents_and_disconnected_roots_without_proof (test_continuity_git_branches.GitBranchHistoryTests.test_all_branches_include_merge_parents_and_disconnected_roots_without_proof) ... Switched to a new branch 'unrelated'
2026-09-24T05:42:37.4263227Z ok
2026-09-24T05:42:37.4866799Z test_cli_resumption_hint_keeps_explicit_message_policy (test_continuity_git_branches.GitBranchHistoryTests.test_cli_resumption_hint_keeps_explicit_message_policy) ... Switched to a new branch 'unrelated'
2026-09-24T05:42:37.7746603Z ok
2026-09-24T05:42:37.8434346Z test_consistent_cursor_cannot_claim_unimported_messages (test_continuity_git_branches.GitBranchHistoryTests.test_consistent_cursor_cannot_claim_unimported_messages) ... Switched to a new branch 'unrelated'
2026-09-24T05:42:37.8883381Z ok
2026-09-24T05:42:37.9572844Z test_consistent_cursor_cannot_skip_unimported_commits (test_continuity_git_branches.GitBranchHistoryTests.test_consistent_cursor_cannot_skip_unimported_commits) ... Switched to a new branch 'unrelated'
2026-09-24T05:42:38.0335221Z ok
2026-09-24T05:42:38.1014865Z test_cursor_prefix_rechecks_corrupt_journal_bytes_with_preserved_size_and_time (test_continuity_git_branches.GitBranchHistoryTests.test_cursor_prefix_rechecks_corrupt_journal_bytes_with_preserved_size_and_time) ... Switched to a new branch 'unrelated'
2026-09-24T05:42:38.1448615Z ok
2026-09-24T05:42:38.2032856Z test_cursor_rejects_invalid_typed_fields_even_with_recomputed_checksum (test_continuity_git_branches.GitBranchHistoryTests.test_cursor_rejects_invalid_typed_fields_even_with_recomputed_checksum) ... Switched to a new branch 'unrelated'
2026-09-24T05:42:38.2487894Z ok
2026-09-24T05:42:38.3049499Z test_declared_messages_remain_opt_in_and_cannot_change_cursor_policy (test_continuity_git_branches.GitBranchHistoryTests.test_declared_messages_remain_opt_in_and_cannot_change_cursor_policy) ... Switched to a new branch 'unrelated'
2026-09-24T05:42:38.3476444Z ok
2026-09-24T05:42:38.4526671Z test_empty_sha256_and_localized_cli_preserve_compatible_modes (test_continuity_git_branches.GitBranchHistoryTests.test_empty_sha256_and_localized_cli_preserve_compatible_modes) ... Switched to a new branch 'unrelated'
2026-09-24T05:42:38.6657860Z ok
2026-09-24T05:42:38.7369061Z test_interruption_and_concurrent_page_imports_retain_journal_integrity (test_continuity_git_branches.GitBranchHistoryTests.test_interruption_and_concurrent_page_imports_retain_journal_integrity) ... Switched to a new branch 'unrelated'
2026-09-24T05:42:39.0397782Z ok
2026-09-24T05:42:39.4861357Z test_invalid_options_and_corrupted_cursor_fail_without_appending (test_continuity_git_branches.GitBranchHistoryTests.test_invalid_options_and_corrupted_cursor_fail_without_appending) ... Switched to a new branch 'unrelated'
2026-09-24T05:42:39.6151552Z ok
2026-09-24T05:42:39.8722472Z test_missing_non_first_parent_and_excessive_branch_capture_fail_before_append (test_continuity_git_branches.GitBranchHistoryTests.test_missing_non_first_parent_and_excessive_branch_capture_fail_before_append) ... Switched to a new branch 'unrelated'
2026-09-24T05:42:39.9440384Z ok
2026-09-24T05:42:40.1559509Z test_remote_tracking_tips_are_included_but_tag_only_history_is_explicitly_outside_scope (test_continuity_git_branches.GitBranchHistoryTests.test_remote_tracking_tips_are_included_but_tag_only_history_is_explicitly_outside_scope) ... Switched to a new branch 'unrelated'
2026-09-24T05:42:40.7547332Z ok
2026-09-24T05:42:41.0964988Z test_shallow_and_grafted_parent_lists_never_claim_complete_history (test_continuity_git_branches.GitBranchHistoryTests.test_shallow_and_grafted_parent_lists_never_claim_complete_history) ... Switched to a new branch 'unrelated'
2026-09-24T05:42:41.2113030Z ok
2026-09-24T05:42:41.2843153Z test_small_pages_retry_idempotently_and_keep_the_captured_tips_after_ref_movement (test_continuity_git_branches.GitBranchHistoryTests.test_small_pages_retry_idempotently_and_keep_the_captured_tips_after_ref_movement) ... Switched to a new branch 'unrelated'
2026-09-24T05:42:41.5637944Z ok
2026-09-24T05:42:41.9076948Z test_blocking_child_is_terminated_at_the_command_deadline (test_continuity_git_history.GitHistoryTests.test_blocking_child_is_terminated_at_the_command_deadline) ... ok
2026-09-24T05:42:42.0749653Z test_cli_rejects_bad_limit_and_imports_unicode_paths (test_continuity_git_history.GitHistoryTests.test_cli_rejects_bad_limit_and_imports_unicode_paths) ... ok
2026-09-24T05:42:42.1140927Z test_corrupt_commit_and_bounded_git_output_fail_before_append (test_continuity_git_history.GitHistoryTests.test_corrupt_commit_and_bounded_git_output_fail_before_append) ... ok
2026-09-24T05:42:42.2005096Z test_empty_and_sha256_repositories_are_supported (test_continuity_git_history.GitHistoryTests.test_empty_and_sha256_repositories_are_supported) ... ok
2026-09-24T05:42:42.3163768Z test_head_advance_and_replacement_objects_cannot_relabel_captured_commit (test_continuity_git_history.GitHistoryTests.test_head_advance_and_replacement_objects_cannot_relabel_captured_commit) ... ok
2026-09-24T05:42:42.4698242Z test_message_truncation_and_path_omission_are_explicit (test_continuity_git_history.GitHistoryTests.test_message_truncation_and_path_omission_are_explicit) ... ok
2026-09-24T05:42:42.6148820Z test_messages_are_separate_declared_opt_in_and_do_not_replace_commit_authority (test_continuity_git_history.GitHistoryTests.test_messages_are_separate_declared_opt_in_and_do_not_replace_commit_authority) ... ok
2026-09-24T05:42:42.6632093Z test_non_utf8_message_retains_only_digest_and_explicit_coverage (test_continuity_git_history.GitHistoryTests.test_non_utf8_message_retains_only_digest_and_explicit_coverage) ... ok
2026-09-24T05:42:42.7089154Z test_oversized_object_and_invalid_ref_cannot_partially_import_a_page (test_continuity_git_history.GitHistoryTests.test_oversized_object_and_invalid_ref_cannot_partially_import_a_page) ... ok
2026-09-24T05:42:42.8262422Z test_page_resumption_is_idempotent_and_excludes_dirty_bytes_and_private_headers (test_continuity_git_history.GitHistoryTests.test_page_resumption_is_idempotent_and_excludes_dirty_bytes_and_private_headers) ... ok
2026-09-24T05:42:42.9022258Z test_preappend_interruption_leaves_page_retryable (test_continuity_git_history.GitHistoryTests.test_preappend_interruption_leaves_page_retryable) ... ok
2026-09-24T05:42:43.0966871Z test_profile_cannot_promote_messages_or_invent_unbound_paths (test_continuity_git_history.GitHistoryTests.test_profile_cannot_promote_messages_or_invent_unbound_paths) ... ok
2026-09-24T05:42:43.1978091Z test_root_and_merge_observe_first_parent_diff_without_importing_side_branch (test_continuity_git_history.GitHistoryTests.test_root_and_merge_observe_first_parent_diff_without_importing_side_branch) ... ok
2026-09-24T05:42:43.3168777Z test_shallow_boundary_is_explicit_and_resumes_after_deepening (test_continuity_git_history.GitHistoryTests.test_shallow_boundary_is_explicit_and_resumes_after_deepening) ... ok
2026-09-24T05:42:43.4072241Z test_corrupt_tree_and_blob_bytes_are_rechecked_after_successful_import (test_continuity_git_lineage.GitLineageTests.test_corrupt_tree_and_blob_bytes_are_rechecked_after_successful_import) ... ok
2026-09-24T05:42:43.6065298Z test_cursor_policy_is_compatible_and_forged_opt_in_cannot_skip_assessments (test_continuity_git_lineage.GitLineageTests.test_cursor_policy_is_compatible_and_forged_opt_in_cannot_skip_assessments) ... ok
2026-09-24T05:42:43.7608217Z test_duplicate_content_copy_edit_and_mode_changes_are_not_silent_identity_merges (test_continuity_git_lineage.GitLineageTests.test_duplicate_content_copy_edit_and_mode_changes_are_not_silent_identity_merges) ... ok
2026-09-24T05:42:43.8102251Z test_excluded_regular_names_still_prevent_false_unique_matches (test_continuity_git_lineage.GitLineageTests.test_excluded_regular_names_still_prevent_false_unique_matches) ... ok
2026-09-24T05:42:43.9545140Z test_existing_assertion_authority_stays_bound_to_its_original_entity (test_continuity_git_lineage.GitLineageTests.test_existing_assertion_authority_stays_bound_to_its_original_entity) ... ok
2026-09-24T05:42:44.1864563Z test_limits_and_preappend_interruption_preserve_atomic_retry (test_continuity_git_lineage.GitLineageTests.test_limits_and_preappend_interruption_preserve_atomic_retry) ... ok
2026-09-24T05:42:44.2413631Z test_nonregular_replacement_is_not_a_removed_path (test_continuity_git_lineage.GitLineageTests.test_nonregular_replacement_is_not_a_removed_path) ... ok
2026-09-24T05:42:44.3666419Z test_opt_in_persists_inferred_relocation_with_exact_binding_and_no_proof_transfer (test_continuity_git_lineage.GitLineageTests.test_opt_in_persists_inferred_relocation_with_exact_binding_and_no_proof_transfer) ... ok
2026-09-24T05:42:44.4884986Z test_profile_rejects_promoted_authority_unbound_paths_and_altered_relations (test_continuity_git_lineage.GitLineageTests.test_profile_rejects_promoted_authority_unbound_paths_and_altered_relations) ... ok
2026-09-24T05:42:44.5420607Z test_profile_validation_has_specific_causes_independent_of_dedupe (test_continuity_git_lineage.GitLineageTests.test_profile_validation_has_specific_causes_independent_of_dedupe) ... ok
2026-09-24T05:42:44.6276645Z test_query_limits_exact_citations_and_journal_corruption (test_continuity_git_lineage.GitLineageTests.test_query_limits_exact_citations_and_journal_corruption) ... ok
2026-09-24T05:42:44.8369229Z test_real_pair_budget_rejects_whole_page_and_deadline_rejects_without_append (test_continuity_git_lineage.GitLineageTests.test_real_pair_budget_rejects_whole_page_and_deadline_rejects_without_append) ... ok
2026-09-24T05:42:45.1292189Z test_rename_back_and_branch_divergence_retain_distinct_cited_observations (test_continuity_git_lineage.GitLineageTests.test_rename_back_and_branch_divergence_retain_distinct_cited_observations) ... ok
2026-09-24T05:42:45.5293682Z test_sha256_root_merge_and_shallow_boundary_preserve_original_meaning (test_continuity_git_lineage.GitLineageTests.test_sha256_root_merge_and_shallow_boundary_preserve_original_meaning) ... ok
2026-09-24T05:42:45.5719011Z test_valid_hash_does_not_admit_malformed_or_unsafe_tree_structure (test_continuity_git_lineage.GitLineageTests.test_valid_hash_does_not_admit_malformed_or_unsafe_tree_structure) ... ok
2026-09-24T05:42:47.4538898Z test_guard_then_codex_stop_same_tree_keeps_current_proof_coherent (test_continuity_guard_native_reverification.GuardNativeReverificationTests.test_guard_then_codex_stop_same_tree_keeps_current_proof_coherent) ... ok
2026-09-24T05:42:47.5428296Z test_bounds_cycles_unknown_nodes_and_repeated_calls_are_deterministic (test_continuity_history.MemoryNavigationTests.test_bounds_cycles_unknown_nodes_and_repeated_calls_are_deterministic) ... ok
2026-09-24T05:42:47.7407462Z test_corrupt_journal_cannot_supply_history_or_reasons (test_continuity_history.MemoryNavigationTests.test_corrupt_journal_cannot_supply_history_or_reasons) ... ok
2026-09-24T05:42:48.0748487Z test_cursor_rejects_wrong_identity_truncation_and_valid_divergent_prefix (test_continuity_history.MemoryNavigationTests.test_cursor_rejects_wrong_identity_truncation_and_valid_divergent_prefix) ... ok
2026-09-24T05:42:48.3127599Z test_depth_and_reason_truncation_are_explicit (test_continuity_history.MemoryNavigationTests.test_depth_and_reason_truncation_are_explicit) ... ok
2026-09-24T05:42:48.3361660Z test_empty_history_and_unknown_identity_are_explicit_without_persistence (test_continuity_history.MemoryNavigationTests.test_empty_history_and_unknown_identity_are_explicit_without_persistence) ... ok
2026-09-24T05:42:48.3758737Z test_exact_citation_opens_original_event_and_rejects_wrong_hash_or_missing_id (test_continuity_history.MemoryNavigationTests.test_exact_citation_opens_original_event_and_rejects_wrong_hash_or_missing_id) ... ok
2026-09-24T05:42:48.4939301Z test_history_byte_bound_preserves_whole_events_and_all_pages (test_continuity_history.MemoryNavigationTests.test_history_byte_bound_preserves_whole_events_and_all_pages) ... ok
2026-09-24T05:42:48.5535189Z test_history_retains_exact_events_and_pages_a_stable_prefix_across_appends (test_continuity_history.MemoryNavigationTests.test_history_retains_exact_events_and_pages_a_stable_prefix_across_appends) ... ok
2026-09-24T05:42:48.6133058Z test_latest_edge_is_selected_with_its_own_source_and_old_event_remains_in_history (test_continuity_history.MemoryNavigationTests.test_latest_edge_is_selected_with_its_own_source_and_old_event_remains_in_history) ... ok
2026-09-24T05:42:48.6675855Z test_public_cli_json_and_french_text_are_read_only_and_escape_recorded_controls (test_continuity_history.MemoryNavigationTests.test_public_cli_json_and_french_text_are_read_only_and_escape_recorded_controls) ... ok
2026-09-24T05:42:48.6894443Z test_public_cli_rejects_non_repository_without_traceback_or_files (test_continuity_history.MemoryNavigationTests.test_public_cli_rejects_non_repository_without_traceback_or_files) ... ok
2026-09-24T05:42:48.7353792Z test_review_does_not_replace_assertion_and_inactive_memory_stays_explicit (test_continuity_history.MemoryNavigationTests.test_review_does_not_replace_assertion_and_inactive_memory_stays_explicit) ... ok
2026-09-24T05:42:48.7844770Z test_why_traverses_both_directions_and_preserves_separate_authorities_and_reasons (test_continuity_history.MemoryNavigationTests.test_why_traverses_both_directions_and_preserves_separate_authorities_and_reasons) ... ok
2026-09-24T05:42:49.0218944Z test_actual_git_delta_is_durable_cited_bidirectional_and_not_proof (test_continuity_impact.ImpactTests.test_actual_git_delta_is_durable_cited_bidirectional_and_not_proof) ... ok
2026-09-24T05:42:49.2808820Z test_actual_partial_path_coverage_keeps_unobserved_expectations_unknown (test_continuity_impact.ImpactTests.test_actual_partial_path_coverage_keeps_unobserved_expectations_unknown) ... ok
2026-09-24T05:42:49.3820118Z test_actual_unavailable_git_tree_and_exact_cited_memory (test_continuity_impact.ImpactTests.test_actual_unavailable_git_tree_and_exact_cited_memory) ... ok
2026-09-24T05:42:49.4832959Z test_dirty_plan_uses_exact_worktree_without_mutating_user_index (test_continuity_impact.ImpactTests.test_dirty_plan_uses_exact_worktree_without_mutating_user_index) ... ok
2026-09-24T05:42:49.5769368Z test_import_rejects_forged_delta_reference_hash_and_authority (test_continuity_impact.ImpactTests.test_import_rejects_forged_delta_reference_hash_and_authority) ... ok
2026-09-24T05:42:49.6323203Z test_invalid_inputs_fail_before_journal_write_and_no_path_aliases (test_continuity_impact.ImpactTests.test_invalid_inputs_fail_before_journal_write_and_no_path_aliases) ... ok
2026-09-24T05:42:49.9840779Z test_missing_git_objects_produce_unknown_not_false_absence (test_continuity_impact.ImpactTests.test_missing_git_objects_produce_unknown_not_false_absence) ... ok
2026-09-24T05:42:50.5133136Z test_real_cli_french_english_show_is_read_only_and_help_has_no_effects (test_continuity_impact.ImpactTests.test_real_cli_french_english_show_is_read_only_and_help_has_no_effects) ... ok
2026-09-24T05:42:50.5917447Z test_recording_plan_after_observed_change_is_not_anticipation (test_continuity_impact.ImpactTests.test_recording_plan_after_observed_change_is_not_anticipation) ... ok
2026-09-24T05:42:50.6760111Z test_unanticipated_path_and_partial_scope_are_explicit (test_continuity_impact.ImpactTests.test_unanticipated_path_and_partial_scope_are_explicit) ... ok
2026-09-24T05:42:50.7731160Z test_append_and_corruption_after_snapshot_never_stamp_unvalidated_bytes (test_continuity_incremental.IncrementalStateTests.test_append_and_corruption_after_snapshot_never_stamp_unvalidated_bytes) ... ok
2026-09-24T05:42:50.8129805Z test_append_checks_old_event_shape_once_and_batch_references_still_reject_atomically (test_continuity_incremental.IncrementalStateTests.test_append_checks_old_event_shape_once_and_batch_references_still_reject_atomically) ... ok
2026-09-24T05:42:50.8608535Z test_append_projects_only_suffix_with_one_validated_snapshot (test_continuity_incremental.IncrementalStateTests.test_append_projects_only_suffix_with_one_validated_snapshot) ... ok
2026-09-24T05:42:50.9149620Z test_busy_sqlite_writer_is_not_replaced_or_silently_rebuilt (test_continuity_incremental.IncrementalStateTests.test_busy_sqlite_writer_is_not_replaced_or_silently_rebuilt) ... ok
2026-09-24T05:42:50.9809876Z test_existing_reader_snapshot_remains_coherent_across_suffix_commit (test_continuity_incremental.IncrementalStateTests.test_existing_reader_snapshot_remains_coherent_across_suffix_commit) ... ok
2026-09-24T05:42:51.0267826Z test_hash_valid_invalid_prefix_reference_rejects_update_and_append (test_continuity_incremental.IncrementalStateTests.test_hash_valid_invalid_prefix_reference_rejects_update_and_append) ... ok
2026-09-24T05:42:51.1726239Z test_legacy_framing_and_duplicate_conflicts_preserve_exact_bytes (test_continuity_incremental.IncrementalStateTests.test_legacy_framing_and_duplicate_conflicts_preserve_exact_bytes) ... ok
2026-09-24T05:42:51.3912600Z test_materializers_and_explicit_rebuild_serialize_before_reading_journal (test_continuity_incremental.IncrementalStateTests.test_materializers_and_explicit_rebuild_serialize_before_reading_journal) ... ok
2026-09-24T05:42:51.6258384Z test_mixed_history_and_citations_match_rebuild_without_reprojecting_prefix (test_continuity_incremental.IncrementalStateTests.test_mixed_history_and_citations_match_rebuild_without_reprojecting_prefix) ... ok
2026-09-24T05:42:51.6734990Z test_same_size_same_mtime_prefix_corruption_is_rejected_and_preserves_state (test_continuity_incremental.IncrementalStateTests.test_same_size_same_mtime_prefix_corruption_is_rejected_and_preserves_state) ... ok
2026-09-24T05:42:51.8262891Z test_suffix_failure_rolls_back_rows_head_digest_and_retry_converges (test_continuity_incremental.IncrementalStateTests.test_suffix_failure_rolls_back_rows_head_digest_and_retry_converges) ... ok
2026-09-24T05:42:52.2225985Z test_truncation_divergence_missing_anchor_and_event_row_damage_reconstruct (test_continuity_incremental.IncrementalStateTests.test_truncation_divergence_missing_anchor_and_event_row_damage_reconstruct) ... ok
2026-09-24T05:42:52.2838862Z test_changed_payload_removes_stale_terms_but_inherited_label_remains_searchable (test_continuity_indexed_context.IndexedContextTests.test_changed_payload_removes_stale_terms_but_inherited_label_remains_searchable) ... ok
2026-09-24T05:42:52.4494367Z test_complete_two_hop_graph_critical_and_component_seeds_survive_selection (test_continuity_indexed_context.IndexedContextTests.test_complete_two_hop_graph_critical_and_component_seeds_survive_selection) ... ok
2026-09-24T05:42:52.4816707Z test_exact_short_id_and_short_component_seed_do_not_depend_on_lexical_tokens (test_continuity_indexed_context.IndexedContextTests.test_exact_short_id_and_short_component_seed_do_not_depend_on_lexical_tokens) ... ok
2026-09-24T05:42:52.5656095Z test_indexed_retrieval_matches_full_scan_on_mixed_graph (test_continuity_indexed_context.IndexedContextTests.test_indexed_retrieval_matches_full_scan_on_mixed_graph) ... ok
2026-09-24T05:42:52.7775206Z test_selective_query_does_not_decode_thousands_of_unrelated_entities (test_continuity_indexed_context.IndexedContextTests.test_selective_query_does_not_decode_thousands_of_unrelated_entities) ... ok
2026-09-24T05:42:52.8100142Z test_cache_from_permissive_parser_cannot_bypass_strict_validation (test_continuity_json_contract.ContinuityJSONContractTests.test_cache_from_permissive_parser_cannot_bypass_strict_validation) ... ok
2026-09-24T05:42:52.8262636Z test_duplicate_members_are_rejected_at_every_nesting_level (test_continuity_json_contract.ContinuityJSONContractTests.test_duplicate_members_are_rejected_at_every_nesting_level) ... ok
2026-09-24T05:42:52.8577317Z test_invalid_checkpoint_does_not_rewrite_local_journal (test_continuity_json_contract.ContinuityJSONContractTests.test_invalid_checkpoint_does_not_rewrite_local_journal) ... ok
2026-09-24T05:42:52.8740311Z test_legacy_non_finite_history_is_rejected_even_with_valid_old_hashes (test_continuity_json_contract.ContinuityJSONContractTests.test_legacy_non_finite_history_is_rejected_even_with_valid_old_hashes) ... ok
2026-09-24T05:42:52.9392442Z test_non_finite_writer_rejects_entire_batch_before_append (test_continuity_json_contract.ContinuityJSONContractTests.test_non_finite_writer_rejects_entire_batch_before_append) ... ok
2026-09-24T05:42:52.9588405Z test_unicode_line_separators_inside_strings_do_not_split_events (test_continuity_json_contract.ContinuityJSONContractTests.test_unicode_line_separators_inside_strings_do_not_split_events) ... ok
2026-09-24T05:42:53.0511136Z test_valid_history_keeps_exact_bytes_identifiers_and_reconstruction (test_continuity_json_contract.ContinuityJSONContractTests.test_valid_history_keeps_exact_bytes_identifiers_and_reconstruction) ... ok
2026-09-24T05:42:53.0512874Z test_component_identity_is_provider_neutral_and_path_safe (test_continuity_kernel.ContinuityKernelTests.test_component_identity_is_provider_neutral_and_path_safe) ... ok
2026-09-24T05:42:53.1911731Z test_context_compiler_joins_human_memory_structure_and_change_evidence (test_continuity_kernel.ContinuityKernelTests.test_context_compiler_joins_human_memory_structure_and_change_evidence) ... ok
2026-09-24T05:42:53.2416982Z test_event_and_state_do_not_store_raw_diff_or_prompt_fields (test_continuity_kernel.ContinuityKernelTests.test_event_and_state_do_not_store_raw_diff_or_prompt_fields) ... ok
2026-09-24T05:42:53.3330494Z test_manual_envelope_cannot_self_promote_proof_to_verified (test_continuity_kernel.ContinuityKernelTests.test_manual_envelope_cannot_self_promote_proof_to_verified) ... ok
2026-09-24T05:42:53.4298709Z test_project_event_log_is_hash_chained_and_tamper_evident (test_continuity_kernel.ContinuityKernelTests.test_project_event_log_is_hash_chained_and_tamper_evident) ... ok
2026-09-24T05:42:53.5348722Z test_python_structure_separates_observed_from_inferred (test_continuity_kernel.ContinuityKernelTests.test_python_structure_separates_observed_from_inferred) ... ok
2026-09-24T05:42:53.5940538Z test_state_db_is_disposable_and_rebuilt_from_events (test_continuity_kernel.ContinuityKernelTests.test_state_db_is_disposable_and_rebuilt_from_events) ... ok
2026-09-24T05:42:53.6428846Z test_accented_query_matches_plain_label_and_french_ligatures (test_continuity_language_retrieval.LanguageRetrievalTests.test_accented_query_matches_plain_label_and_french_ligatures) ... ok
2026-09-24T05:42:53.6898616Z test_ascii_token_behavior_is_preserved (test_continuity_language_retrieval.LanguageRetrievalTests.test_ascii_token_behavior_is_preserved) ... ok
2026-09-24T05:42:53.7806688Z test_compatibility_forms_match_memory_in_both_directions (test_continuity_language_retrieval.LanguageRetrievalTests.test_compatibility_forms_match_memory_in_both_directions) ... ok
2026-09-24T05:42:54.0364070Z test_french_accents_and_canonical_unicode_forms_recall_exact_assertion (test_continuity_language_retrieval.LanguageRetrievalTests.test_french_accents_and_canonical_unicode_forms_recall_exact_assertion) ... ok
2026-09-24T05:42:54.2079572Z test_legacy_index_rebuilds_without_changing_the_journal (test_continuity_language_retrieval.LanguageRetrievalTests.test_legacy_index_rebuilds_without_changing_the_journal) ... ok
2026-09-24T05:42:54.2468939Z test_normalized_terms_do_not_merge_distinct_identities_or_authorities (test_continuity_language_retrieval.LanguageRetrievalTests.test_normalized_terms_do_not_merge_distinct_identities_or_authorities) ... ok
2026-09-24T05:42:54.2980015Z test_query_is_not_persisted_and_unrelated_query_has_no_match (test_continuity_language_retrieval.LanguageRetrievalTests.test_query_is_not_persisted_and_unrelated_query_has_no_match) ... ok
2026-09-24T05:42:54.3571694Z test_replacement_removes_old_normalized_payload_terms (test_continuity_language_retrieval.LanguageRetrievalTests.test_replacement_removes_old_normalized_payload_terms) ... ok
2026-09-24T05:42:54.4119031Z test_retired_memory_is_not_revived_by_normalization (test_continuity_language_retrieval.LanguageRetrievalTests.test_retired_memory_is_not_revived_by_normalization) ... ok
2026-09-24T05:42:54.4528440Z test_short_exact_id_keeps_literal_matching (test_continuity_language_retrieval.LanguageRetrievalTests.test_short_exact_id_keeps_literal_matching) ... ok
2026-09-24T05:42:54.4806316Z test_contract_exposes_both_profiles_without_proof_authority (test_continuity_lifecycle_profiles.LifecycleProfileTests.test_contract_exposes_both_profiles_without_proof_authority) ... ok
2026-09-24T05:42:54.5739084Z test_invalid_profiled_ledger_batch_cannot_append_or_promote_authority (test_continuity_lifecycle_profiles.LifecycleProfileTests.test_invalid_profiled_ledger_batch_cannot_append_or_promote_authority) ... ok
2026-09-24T05:42:54.6449490Z test_malformed_consumed_ledger_values_are_rejected_before_projection (test_continuity_lifecycle_profiles.LifecycleProfileTests.test_malformed_consumed_ledger_values_are_rejected_before_projection) ... ok
2026-09-24T05:42:54.6784683Z test_missing_historical_git_object_and_zero_points_preserve_absence (test_continuity_lifecycle_profiles.LifecycleProfileTests.test_missing_historical_git_object_and_zero_points_preserve_absence) ... ok
2026-09-24T05:42:54.7674076Z test_native_legacy_ledger_reimport_preserves_every_original_byte (test_continuity_lifecycle_profiles.LifecycleProfileTests.test_native_legacy_ledger_reimport_preserves_every_original_byte) ... ok
2026-09-24T05:42:54.8460428Z test_native_legacy_relation_reimport_is_immutable (test_continuity_lifecycle_profiles.LifecycleProfileTests.test_native_legacy_relation_reimport_is_immutable) ... ok
2026-09-24T05:42:54.8993673Z test_profile_adoption_does_not_mask_real_ledger_or_relation_conflicts (test_continuity_lifecycle_profiles.LifecycleProfileTests.test_profile_adoption_does_not_mask_real_ledger_or_relation_conflicts) ... ok
2026-09-24T05:42:55.0264858Z test_public_relation_preserves_source_authority_and_payload (test_continuity_lifecycle_profiles.LifecycleProfileTests.test_public_relation_preserves_source_authority_and_payload) ... ok
2026-09-24T05:42:55.1642530Z test_readers_checkpoints_and_old_cache_reject_hash_valid_invalid_profile (test_continuity_lifecycle_profiles.LifecycleProfileTests.test_readers_checkpoints_and_old_cache_reject_hash_valid_invalid_profile) ... ok
2026-09-24T05:42:55.2437837Z test_real_six_state_lifecycle_is_profiled_idempotent_and_replayable (test_continuity_lifecycle_profiles.LifecycleProfileTests.test_real_six_state_lifecycle_is_profiled_idempotent_and_replayable) ... ok
2026-09-24T05:42:55.3042783Z test_relation_profile_rejects_promotion_missing_provenance_and_invalid_edges (test_continuity_lifecycle_profiles.LifecycleProfileTests.test_relation_profile_rejects_promotion_missing_provenance_and_invalid_edges) ... ok
2026-09-24T05:42:55.3210215Z test_denial_followed_by_live_owner_does_not_authorize_entry (test_continuity_lock.EventLockTests.test_denial_followed_by_live_owner_does_not_authorize_entry) ... ok
2026-09-24T05:42:55.3368252Z test_non_windows_permission_denial_is_not_retried (test_continuity_lock.EventLockTests.test_non_windows_permission_denial_is_not_retried) ... ok
2026-09-24T05:42:55.3534167Z test_persistent_denial_cannot_enter_mutate_or_remove_foreign_lock (test_continuity_lock.EventLockTests.test_persistent_denial_cannot_enter_mutate_or_remove_foreign_lock) ... ok
2026-09-24T05:42:55.4246930Z test_transient_windows_create_denial_retries_exclusively_before_append (test_continuity_lock.EventLockTests.test_transient_windows_create_denial_retries_exclusively_before_append) ... ok
2026-09-24T05:42:55.4566968Z test_debt_refresh_never_promotes_replacement_measurement (test_continuity_memory_authority.MemoryAuthorityTests.test_debt_refresh_never_promotes_replacement_measurement) ... ok
2026-09-24T05:42:55.5387920Z test_legacy_materialization_is_rebuilt_without_journal_mutation (test_continuity_memory_authority.MemoryAuthorityTests.test_legacy_materialization_is_rebuilt_without_journal_mutation) ... ok
2026-09-24T05:42:56.3154094Z test_real_proof_cannot_certify_a_later_public_cli_declaration (test_continuity_memory_authority.MemoryAuthorityTests.test_real_proof_cannot_certify_a_later_public_cli_declaration) ... ok
2026-09-24T05:42:56.3517481Z test_relation_only_event_does_not_replace_source_entity (test_continuity_memory_authority.MemoryAuthorityTests.test_relation_only_event_does_not_replace_source_entity) ... ok
2026-09-24T05:42:56.3876956Z test_relation_update_never_inherits_authority_for_new_metadata (test_continuity_memory_authority.MemoryAuthorityTests.test_relation_update_never_inherits_authority_for_new_metadata) ... ok
2026-09-24T05:42:56.4822824Z test_replacement_facts_carry_their_own_authority_and_provenance (test_continuity_memory_authority.MemoryAuthorityTests.test_replacement_facts_carry_their_own_authority_and_provenance) ... ok
2026-09-24T05:42:56.5397734Z test_batch_write_failure_preserves_existing_database_and_all_journal_bytes (test_continuity_projection_batches.ProjectionBatchTests.test_batch_write_failure_preserves_existing_database_and_all_journal_bytes) ... ok
2026-09-24T05:42:57.1125660Z test_bounded_batches_equal_sequential_projection_across_updates_and_lifecycle (test_continuity_projection_batches.ProjectionBatchTests.test_bounded_batches_equal_sequential_projection_across_updates_and_lifecycle) ... ok
2026-09-24T05:42:57.1954373Z test_abbreviated_month_dates_never_become_path_terms (test_continuity_questions.MemoryQuestionTests.test_abbreviated_month_dates_never_become_path_terms) ... ok
2026-09-24T05:42:57.3162468Z test_abbreviated_month_ordinal_dates_never_become_path_terms (test_continuity_questions.MemoryQuestionTests.test_abbreviated_month_ordinal_dates_never_become_path_terms) ... ok
2026-09-24T05:42:57.6358564Z test_actual_cli_bilingual_json_is_identical_and_help_has_no_writes (test_continuity_questions.MemoryQuestionTests.test_actual_cli_bilingual_json_is_identical_and_help_has_no_writes) ... ok
2026-09-24T05:42:57.7067571Z test_adjacent_french_elided_forms_never_disappear_into_names (test_continuity_questions.MemoryQuestionTests.test_adjacent_french_elided_forms_never_disappear_into_names) ... ok
2026-09-24T05:42:57.7960617Z test_adjacent_period_question_clauses_preserve_dotted_names (test_continuity_questions.MemoryQuestionTests.test_adjacent_period_question_clauses_preserve_dotted_names) ... ok
2026-09-24T05:42:57.8457144Z test_ambiguous_dependency_targets_abstain_unless_literal_identity_is_given (test_continuity_questions.MemoryQuestionTests.test_ambiguous_dependency_targets_abstain_unless_literal_identity_is_given) ... ok
2026-09-24T05:42:57.9144462Z test_bare_iso_bound_retains_terminal_sentence_punctuation (test_continuity_questions.MemoryQuestionTests.test_bare_iso_bound_retains_terminal_sentence_punctuation) ... ok
2026-09-24T05:42:57.9712202Z test_bounds_determinism_literal_entity_and_corrupt_journal_fail_closed (test_continuity_questions.MemoryQuestionTests.test_bounds_determinism_literal_entity_and_corrupt_journal_fail_closed) ... ok
2026-09-24T05:42:58.0266241Z test_car_is_allowed_in_incoming_target_names (test_continuity_questions.MemoryQuestionTests.test_car_is_allowed_in_incoming_target_names) ... ok
2026-09-24T05:42:58.0666943Z test_changes_require_all_search_terms_not_a_shared_generic_word (test_continuity_questions.MemoryQuestionTests.test_changes_require_all_search_terms_not_a_shared_generic_word) ... ok
2026-09-24T05:42:58.1326266Z test_clock_qualifiers_do_not_become_matching_path_components (test_continuity_questions.MemoryQuestionTests.test_clock_qualifiers_do_not_become_matching_path_components) ... ok
2026-09-24T05:42:58.1756859Z test_colon_separated_question_forms_abstain_with_literal_entity (test_continuity_questions.MemoryQuestionTests.test_colon_separated_question_forms_abstain_with_literal_entity) ... ok
2026-09-24T05:42:58.3584071Z test_compact_fiscal_and_quarter_periods_never_become_path_terms (test_continuity_questions.MemoryQuestionTests.test_compact_fiscal_and_quarter_periods_never_become_path_terms) ... ok
2026-09-24T05:42:58.4003442Z test_compound_dependency_questions_do_not_ignore_outgoing_clause (test_continuity_questions.MemoryQuestionTests.test_compound_dependency_questions_do_not_ignore_outgoing_clause) ... ok
2026-09-24T05:42:58.4342626Z test_conjoined_remember_is_a_command_not_a_noun_name_suffix (test_continuity_questions.MemoryQuestionTests.test_conjoined_remember_is_a_command_not_a_noun_name_suffix) ... ok
2026-09-24T05:42:58.6965146Z test_conjunctive_names_preserve_intent_words_and_exact_sources (test_continuity_questions.MemoryQuestionTests.test_conjunctive_names_preserve_intent_words_and_exact_sources) ... ok
2026-09-24T05:42:58.8363151Z test_dependency_entity_names_do_not_become_other_intents (test_continuity_questions.MemoryQuestionTests.test_dependency_entity_names_do_not_become_other_intents) ... ok
2026-09-24T05:42:58.8867655Z test_dependency_target_uses_all_distinguishing_terms (test_continuity_questions.MemoryQuestionTests.test_dependency_target_uses_all_distinguishing_terms) ... ok
2026-09-24T05:42:59.0726064Z test_dependency_verb_words_in_names_are_not_embedded_clauses (test_continuity_questions.MemoryQuestionTests.test_dependency_verb_words_in_names_are_not_embedded_clauses) ... ok
2026-09-24T05:42:59.1701249Z test_dotted_software_versions_are_not_unintroduced_date_filters (test_continuity_questions.MemoryQuestionTests.test_dotted_software_versions_are_not_unintroduced_date_filters) ... ok
2026-09-24T05:42:59.3256910Z test_entity_intent_words_are_preserved_in_why_and_explicit_memory (test_continuity_questions.MemoryQuestionTests.test_entity_intent_words_are_preserved_in_why_and_explicit_memory) ... ok
2026-09-24T05:42:59.3692814Z test_explicit_bound_does_not_erase_question_side_time_constraints (test_continuity_questions.MemoryQuestionTests.test_explicit_bound_does_not_erase_question_side_time_constraints) ... ok
2026-09-24T05:42:59.4203927Z test_explicit_dotted_date_constraints_do_not_become_version_terms (test_continuity_questions.MemoryQuestionTests.test_explicit_dotted_date_constraints_do_not_become_version_terms) ... ok
2026-09-24T05:42:59.5550408Z test_explicit_empty_bounds_have_bounded_cli_rejection (test_continuity_questions.MemoryQuestionTests.test_explicit_empty_bounds_have_bounded_cli_rejection) ... ok
2026-09-24T05:42:59.5762915Z test_explicit_empty_bounds_raise_instead_of_becoming_unbounded (test_continuity_questions.MemoryQuestionTests.test_explicit_empty_bounds_raise_instead_of_becoming_unbounded) ... ok
2026-09-24T05:42:59.8137656Z test_extreme_timezone_bounds_have_bounded_cli_rejection (test_continuity_questions.MemoryQuestionTests.test_extreme_timezone_bounds_have_bounded_cli_rejection) ... ok
2026-09-24T05:42:59.8558545Z test_french_english_why_cite_exact_reason_without_promoting_it (test_continuity_questions.MemoryQuestionTests.test_french_english_why_cite_exact_reason_without_promoting_it) ... ok
2026-09-24T05:42:59.9006556Z test_import_and_call_questions_cannot_fall_back_to_memory (test_continuity_questions.MemoryQuestionTests.test_import_and_call_questions_cannot_fall_back_to_memory) ... ok
2026-09-24T05:42:59.9406506Z test_inactive_edge_cannot_make_an_active_unknown_target_ambiguous (test_continuity_questions.MemoryQuestionTests.test_inactive_edge_cannot_make_an_active_unknown_target_ambiguous) ... ok
2026-09-24T05:42:59.9810502Z test_inactive_source_cannot_name_an_unknown_target_for_an_active_edge (test_continuity_questions.MemoryQuestionTests.test_inactive_source_cannot_name_an_unknown_target_for_an_active_edge) ... ok
2026-09-24T05:43:00.0343799Z test_incoming_dependencies_have_exact_relation_source_and_direction (test_continuity_questions.MemoryQuestionTests.test_incoming_dependencies_have_exact_relation_source_and_direction) ... ok
2026-09-24T05:43:00.1615550Z test_iso_date_substrings_remain_literal_entity_identifiers (test_continuity_questions.MemoryQuestionTests.test_iso_date_substrings_remain_literal_entity_identifiers) ... ok
2026-09-24T05:43:00.2220677Z test_literal_entity_does_not_erase_unmatched_question_terms (test_continuity_questions.MemoryQuestionTests.test_literal_entity_does_not_erase_unmatched_question_terms) ... ok
2026-09-24T05:43:00.2787663Z test_missing_reason_unrelated_question_and_ambiguous_dates_abstain (test_continuity_questions.MemoryQuestionTests.test_missing_reason_unrelated_question_and_ambiguous_dates_abstain) ... ok
2026-09-24T05:43:00.3794694Z test_mixed_intents_never_choose_one_partial_answer (test_continuity_questions.MemoryQuestionTests.test_mixed_intents_never_choose_one_partial_answer) ... ok
2026-09-24T05:43:00.4441302Z test_named_zone_clocks_never_become_path_terms (test_continuity_questions.MemoryQuestionTests.test_named_zone_clocks_never_become_path_terms) ... ok
2026-09-24T05:43:00.4917915Z test_natural_date_with_time_qualification_never_becomes_midnight (test_continuity_questions.MemoryQuestionTests.test_natural_date_with_time_qualification_never_becomes_midnight) ... ok
2026-09-24T05:43:00.5418742Z test_non_iso_hyphenated_dates_never_become_path_terms (test_continuity_questions.MemoryQuestionTests.test_non_iso_hyphenated_dates_never_become_path_terms) ... ok
2026-09-24T05:43:00.6828729Z test_numeric_technology_and_compound_identifiers_are_not_year_filters (test_continuity_questions.MemoryQuestionTests.test_numeric_technology_and_compound_identifiers_are_not_year_filters) ... ok
2026-09-24T05:43:00.7241029Z test_outgoing_dependency_wording_abstains_in_both_languages (test_continuity_questions.MemoryQuestionTests.test_outgoing_dependency_wording_abstains_in_both_languages) ... ok
2026-09-24T05:43:00.8917948Z test_oversized_context_refuses_instead_of_cutting_reason_or_citation (test_continuity_questions.MemoryQuestionTests.test_oversized_context_refuses_instead_of_cutting_reason_or_citation) ... ok
2026-09-24T05:43:01.1351137Z test_partial_iso_and_day_constraints_never_become_unbounded_paths (test_continuity_questions.MemoryQuestionTests.test_partial_iso_and_day_constraints_never_become_unbounded_paths) ... ok
2026-09-24T05:43:01.2083178Z test_prefixed_compound_memory_commands_never_become_name_terms (test_continuity_questions.MemoryQuestionTests.test_prefixed_compound_memory_commands_never_become_name_terms) ... ok
2026-09-24T05:43:01.2754209Z test_punctuation_bearing_technology_names_remain_distinct (test_continuity_questions.MemoryQuestionTests.test_punctuation_bearing_technology_names_remain_distinct) ... ok
2026-09-24T05:43:01.3458428Z test_quarters_and_unqualified_years_never_match_path_years_as_time (test_continuity_questions.MemoryQuestionTests.test_quarters_and_unqualified_years_never_match_path_years_as_time) ... ok
2026-09-24T05:43:01.4159738Z test_query_and_recorded_instructions_remain_data_without_side_effects (test_continuity_questions.MemoryQuestionTests.test_query_and_recorded_instructions_remain_data_without_side_effects) ... ok
2026-09-24T05:43:01.4699801Z test_relative_constraints_are_checked_for_every_question_kind (test_continuity_questions.MemoryQuestionTests.test_relative_constraints_are_checked_for_every_question_kind) ... ok
2026-09-24T05:43:01.5354774Z test_relative_time_phrases_do_not_return_all_changes (test_continuity_questions.MemoryQuestionTests.test_relative_time_phrases_do_not_return_all_changes) ... ok
2026-09-24T05:43:01.7509484Z test_remaining_relative_phrases_abstain_with_or_without_entity (test_continuity_questions.MemoryQuestionTests.test_remaining_relative_phrases_abstain_with_or_without_entity) ... ok
2026-09-24T05:43:01.8693108Z test_repeated_same_intent_clauses_abstain_even_with_literal_entity (test_continuity_questions.MemoryQuestionTests.test_repeated_same_intent_clauses_abstain_even_with_literal_entity) ... ok
2026-09-24T05:43:01.9360225Z test_resolved_unknown_target_keeps_every_active_incoming_edge (test_continuity_questions.MemoryQuestionTests.test_resolved_unknown_target_keeps_every_active_incoming_edge) ... ok
2026-09-24T05:43:01.9879766Z test_retired_assertion_is_not_current_answer_and_confirmed_source_is_cited (test_continuity_questions.MemoryQuestionTests.test_retired_assertion_is_not_current_answer_and_confirmed_source_is_cited) ... ok
2026-09-24T05:43:02.0268275Z test_season_named_technology_without_period_qualifier_is_queryable (test_continuity_questions.MemoryQuestionTests.test_season_named_technology_without_period_qualifier_is_queryable) ... ok
2026-09-24T05:43:02.0890604Z test_short_query_terms_distinguish_versions_and_single_letter_names (test_continuity_questions.MemoryQuestionTests.test_short_query_terms_distinguish_versions_and_single_letter_names) ... ok
2026-09-24T05:43:02.2358248Z test_spaced_standard_identifiers_are_not_standalone_years (test_continuity_questions.MemoryQuestionTests.test_spaced_standard_identifiers_are_not_standalone_years) ... ok
2026-09-24T05:43:02.2584307Z test_standalone_three_component_dotted_dates_preserve_versions (test_continuity_questions.MemoryQuestionTests.test_standalone_three_component_dotted_dates_preserve_versions) ... 
2026-09-24T05:43:02.2586202Z   test_standalone_three_component_dotted_dates_preserve_versions (test_continuity_questions.MemoryQuestionTests.test_standalone_three_component_dotted_dates_preserve_versions) (phrase='21.09.2026', options={}) ... FAIL
2026-09-24T05:43:02.2626958Z   test_standalone_three_component_dotted_dates_preserve_versions (test_continuity_questions.MemoryQuestionTests.test_standalone_three_component_dotted_dates_preserve_versions) (phrase='21.09.2026', options={'until': '2027-01-01'}) ... FAIL
2026-09-24T05:43:02.2665680Z   test_standalone_three_component_dotted_dates_preserve_versions (test_continuity_questions.MemoryQuestionTests.test_standalone_three_component_dotted_dates_preserve_versions) (phrase='21.09.2026', options={'entity': 'DOTTED-OLD'}) ... FAIL
2026-09-24T05:43:02.2705676Z   test_standalone_three_component_dotted_dates_preserve_versions (test_continuity_questions.MemoryQuestionTests.test_standalone_three_component_dotted_dates_preserve_versions) (phrase='9.21.2026', options={}) ... FAIL
2026-09-24T05:43:02.2744749Z   test_standalone_three_component_dotted_dates_preserve_versions (test_continuity_questions.MemoryQuestionTests.test_standalone_three_component_dotted_dates_preserve_versions) (phrase='9.21.2026', options={'until': '2027-01-01'}) ... FAIL
2026-09-24T05:43:02.2783398Z   test_standalone_three_component_dotted_dates_preserve_versions (test_continuity_questions.MemoryQuestionTests.test_standalone_three_component_dotted_dates_preserve_versions) (phrase='9.21.2026', options={'entity': 'DOTTED-OLD'}) ... FAIL
2026-09-24T05:43:02.2822921Z   test_standalone_three_component_dotted_dates_preserve_versions (test_continuity_questions.MemoryQuestionTests.test_standalone_three_component_dotted_dates_preserve_versions) (phrase='2026.09.21', options={}) ... FAIL
2026-09-24T05:43:02.2863733Z   test_standalone_three_component_dotted_dates_preserve_versions (test_continuity_questions.MemoryQuestionTests.test_standalone_three_component_dotted_dates_preserve_versions) (phrase='2026.09.21', options={'until': '2027-01-01'}) ... FAIL
2026-09-24T05:43:02.2902778Z   test_standalone_three_component_dotted_dates_preserve_versions (test_continuity_questions.MemoryQuestionTests.test_standalone_three_component_dotted_dates_preserve_versions) (phrase='2026.09.21', options={'entity': 'DOTTED-OLD'}) ... FAIL
2026-09-24T05:43:02.2941472Z   test_standalone_three_component_dotted_dates_preserve_versions (test_continuity_questions.MemoryQuestionTests.test_standalone_three_component_dotted_dates_preserve_versions) (phrase='2026.9.21', options={}) ... FAIL
2026-09-24T05:43:02.2979937Z   test_standalone_three_component_dotted_dates_preserve_versions (test_continuity_questions.MemoryQuestionTests.test_standalone_three_component_dotted_dates_preserve_versions) (phrase='2026.9.21', options={'until': '2027-01-01'}) ... FAIL
2026-09-24T05:43:02.3018389Z   test_standalone_three_component_dotted_dates_preserve_versions (test_continuity_questions.MemoryQuestionTests.test_standalone_three_component_dotted_dates_preserve_versions) (phrase='2026.9.21', options={'entity': 'DOTTED-OLD'}) ... FAIL
2026-09-24T05:43:02.4335863Z test_temporal_changes_use_recorded_instants_and_preserve_unknown_coverage (test_continuity_questions.MemoryQuestionTests.test_temporal_changes_use_recorded_instants_and_preserve_unknown_coverage) ... ok
2026-09-24T05:43:02.4737441Z test_unicode_query_terms_are_not_silently_discarded (test_continuity_questions.MemoryQuestionTests.test_unicode_query_terms_are_not_silently_discarded) ... ok
2026-09-24T05:43:02.5305383Z test_unknown_auto_intent_abstains_but_explicit_memory_lookup_remains (test_continuity_questions.MemoryQuestionTests.test_unknown_auto_intent_abstains_but_explicit_memory_lookup_remains) ... ok
2026-09-24T05:43:02.6282877Z test_unsupported_named_period_bounds_abstain (test_continuity_questions.MemoryQuestionTests.test_unsupported_named_period_bounds_abstain) ... ok
2026-09-24T05:43:02.7069107Z test_variable_width_year_first_dates_never_become_path_terms (test_continuity_questions.MemoryQuestionTests.test_variable_width_year_first_dates_never_become_path_terms) ... ok
2026-09-24T05:43:02.8968838Z test_weekends_seasons_and_long_relative_periods_abstain (test_continuity_questions.MemoryQuestionTests.test_weekends_seasons_and_long_relative_periods_abstain) ... ok
2026-09-24T05:43:02.9491496Z test_why_requires_all_search_terms_not_a_shared_generic_word (test_continuity_questions.MemoryQuestionTests.test_why_requires_all_search_terms_not_a_shared_generic_word) ... ok
2026-09-24T05:43:03.0443939Z test_word_clock_and_unsupported_at_constraints_abstain (test_continuity_questions.MemoryQuestionTests.test_word_clock_and_unsupported_at_constraints_abstain) ... ok
2026-09-24T05:43:03.0804845Z test_year_only_from_bound_cannot_match_a_year_in_recorded_paths (test_continuity_questions.MemoryQuestionTests.test_year_only_from_bound_cannot_match_a_year_in_recorded_paths) ... ok
2026-09-24T05:43:03.1910394Z test_fallback_keeps_its_minimum_term_length (test_continuity_related_changes.ContinuityRelatedChangeTests.test_fallback_keeps_its_minimum_term_length) ... ok
2026-09-24T05:43:03.6287142Z test_french_ligatures_match_recorded_file_names_in_both_directions (test_continuity_related_changes.ContinuityRelatedChangeTests.test_french_ligatures_match_recorded_file_names_in_both_directions) ... ok
2026-09-24T05:43:03.6663021Z test_human_calcul_query_recovers_verified_calculator_change (test_continuity_related_changes.ContinuityRelatedChangeTests.test_human_calcul_query_recovers_verified_calculator_change) ... ok
2026-09-24T05:43:03.8161379Z test_unrelated_query_does_not_return_recent_change_just_because_it_is_recent (test_continuity_related_changes.ContinuityRelatedChangeTests.test_unrelated_query_does_not_return_recent_change_just_because_it_is_recent) ... ok
2026-09-24T05:43:03.8558089Z test_bridge_reverification_keeps_one_change_and_advances_current_proof (test_continuity_reverification.ContinuityReverificationTests.test_bridge_reverification_keeps_one_change_and_advances_current_proof) ... ok
2026-09-24T05:43:03.9920874Z test_same_tree_change_accepts_new_certificate_despite_new_snapshot_shas (test_continuity_reverification.ContinuityReverificationTests.test_same_tree_change_accepts_new_certificate_despite_new_snapshot_shas) ... ok
2026-09-24T05:43:03.9944129Z test_deferred_indexes_keep_constraints_and_exact_final_schema (test_continuity_schema_transaction.SchemaTransactionTests.test_deferred_indexes_keep_constraints_and_exact_final_schema) ... ok
2026-09-24T05:43:04.0418976Z test_failed_rebuild_preserves_old_state_and_cleans_temporary_database (test_continuity_schema_transaction.SchemaTransactionTests.test_failed_rebuild_preserves_old_state_and_cleans_temporary_database) ... ok
2026-09-24T05:43:04.1009072Z test_late_index_failure_keeps_previous_projection_and_journal (test_continuity_schema_transaction.SchemaTransactionTests.test_late_index_failure_keeps_previous_projection_and_journal) ... ok
2026-09-24T05:43:04.1019038Z test_schema_and_rows_can_be_rolled_back_together (test_continuity_schema_transaction.SchemaTransactionTests.test_schema_and_rows_can_be_rolled_back_together) ... ok
2026-09-24T05:43:04.1841820Z test_v8_lexical_table_rebuild_preserves_terms_and_journal (test_continuity_schema_transaction.SchemaTransactionTests.test_v8_lexical_table_rebuild_preserves_terms_and_journal) ... ok
2026-09-24T05:43:04.1851315Z test_classification_is_conservative_and_state_is_outside_project (test_continuity_task_session.ContinuityTaskSessionTests.test_classification_is_conservative_and_state_is_outside_project) ... ok
2026-09-24T05:43:04.1864431Z test_short_followup_keeps_anchor_and_task_identity (test_continuity_task_session.ContinuityTaskSessionTests.test_short_followup_keeps_anchor_and_task_identity) ... ok
2026-09-24T05:43:04.1884536Z test_substantive_focus_stays_inside_task_until_explicit_pivot (test_continuity_task_session.ContinuityTaskSessionTests.test_substantive_focus_stays_inside_task_until_explicit_pivot) ... ok
2026-09-24T05:43:04.1887183Z test_task_id_has_frozen_cross_runtime_vector (test_continuity_task_session.ContinuityTaskSessionTests.test_task_id_has_frozen_cross_runtime_vector) ... ok
2026-09-24T05:43:04.3584983Z test_boundary_participation_keeps_pivots_and_excludes_other_sessions_and_boundaries (test_continuity_tasks.DurableTaskTests.test_boundary_participation_keeps_pivots_and_excludes_other_sessions_and_boundaries) ... ok
2026-09-24T05:43:04.7487758Z test_explicit_task_cli_description_link_and_history_retrieval (test_continuity_tasks.DurableTaskTests.test_explicit_task_cli_description_link_and_history_retrieval) ... ok
2026-09-24T05:43:04.8138475Z test_hash_valid_broken_references_are_rejected_by_readers_checkpoints_and_old_cache (test_continuity_tasks.DurableTaskTests.test_hash_valid_broken_references_are_rejected_by_readers_checkpoints_and_old_cache) ... ok
2026-09-24T05:43:05.6056037Z test_installed_guided_technical_french_and_english_context_show_declared_task (test_continuity_tasks.DurableTaskTests.test_installed_guided_technical_french_and_english_context_show_declared_task) ... ok
2026-09-24T05:43:05.7017997Z test_invalid_or_cross_task_reference_aborts_whole_envelope_batch (test_continuity_tasks.DurableTaskTests.test_invalid_or_cross_task_reference_aborts_whole_envelope_batch) ... ok
2026-09-24T05:43:05.7865106Z test_lost_native_participant_stays_degraded_after_a_later_successful_prompt (test_continuity_tasks.DurableTaskTests.test_lost_native_participant_stays_degraded_after_a_later_successful_prompt) ... ok
2026-09-24T05:43:05.9136479Z test_native_link_is_atomic_idempotent_observed_and_survives_session_cleanup (test_continuity_tasks.DurableTaskTests.test_native_link_is_atomic_idempotent_observed_and_survives_session_cleanup) ... ok
2026-09-24T05:43:06.1823980Z test_native_link_rejects_extra_text_and_preserves_description (test_continuity_tasks.DurableTaskTests.test_native_link_rejects_extra_text_and_preserves_description) ... ok
2026-09-24T05:43:06.2399096Z test_native_prompt_persists_stable_identity_without_raw_prompt_or_session (test_continuity_tasks.DurableTaskTests.test_native_prompt_persists_stable_identity_without_raw_prompt_or_session) ... ok
2026-09-24T05:43:06.5844951Z test_native_task_can_be_explicitly_described_without_reimport_conflict (test_continuity_tasks.DurableTaskTests.test_native_task_can_be_explicitly_described_without_reimport_conflict) ... ok
2026-09-24T05:43:06.8453549Z test_profile_rejects_raw_prompt_extensions_and_authority_promotion (test_continuity_tasks.DurableTaskTests.test_profile_rejects_raw_prompt_extensions_and_authority_promotion) ... ok
2026-09-24T05:43:07.0731456Z test_task_cli_unknown_links_fail_without_changing_history (test_continuity_tasks.DurableTaskTests.test_task_cli_unknown_links_fail_without_changing_history) ... ok
2026-09-24T05:43:07.2030854Z test_task_identity_cannot_replace_existing_entity_and_unprofiled_extensions_keep_projection (test_continuity_tasks.DurableTaskTests.test_task_identity_cannot_replace_existing_entity_and_unprofiled_extensions_keep_projection) ... ok
2026-09-24T05:43:07.3639400Z test_checkpoint_is_idempotent_and_never_moves_head (test_continuity_transport.ContinuityTransportTests.test_checkpoint_is_idempotent_and_never_moves_head) ... ok
2026-09-24T05:43:07.5816039Z test_concurrent_remote_update_is_never_force_overwritten (test_continuity_transport.ContinuityTransportTests.test_concurrent_remote_update_is_never_force_overwritten) ... ok
2026-09-24T05:43:07.8398371Z test_divergent_project_histories_fail_closed (test_continuity_transport.ContinuityTransportTests.test_divergent_project_histories_fail_closed) ... ok
2026-09-24T05:43:07.9796289Z test_push_then_fresh_clone_pull_restores_exact_history_without_touching_code_head (test_continuity_transport.ContinuityTransportTests.test_push_then_fresh_clone_pull_restores_exact_history_without_touching_code_head) ... ok
2026-09-24T05:43:07.9798168Z test_action_binds_policy_to_base_revision_not_candidate_config (test_debt_action.DebtActionContractTests.test_action_binds_policy_to_base_revision_not_candidate_config) ... ok
2026-09-24T05:43:07.9799577Z test_action_exposes_proof_and_debt_outputs (test_debt_action.DebtActionContractTests.test_action_exposes_proof_and_debt_outputs) ... ok
2026-09-24T05:43:07.9800873Z test_action_restores_but_never_pushes_cumulative_ledger (test_debt_action.DebtActionContractTests.test_action_restores_but_never_pushes_cumulative_ledger) ... ok
2026-09-24T05:43:07.9819510Z test_existing_lineage_is_not_double_counted (test_debt_budget.DebtBudgetTests.test_existing_lineage_is_not_double_counted) ... ok
2026-09-24T05:43:07.9836711Z test_total_change_and_category_limits (test_debt_budget.DebtBudgetTests.test_total_change_and_category_limits) ... ok
2026-09-24T05:43:07.9853302Z test_explicit_accounting_can_record_a_real_over_budget_change (test_debt_budget_transaction.DebtBudgetTransactionTests.test_explicit_accounting_can_record_a_real_over_budget_change) ... ok
2026-09-24T05:43:07.9860395Z test_read_only_atomic_budget_check_does_not_mutate (test_debt_budget_transaction.DebtBudgetTransactionTests.test_read_only_atomic_budget_check_does_not_mutate) ... ok
2026-09-24T05:43:07.9882629Z test_two_stale_agents_cannot_both_consume_the_same_remaining_budget (test_debt_budget_transaction.DebtBudgetTransactionTests.test_two_stale_agents_cannot_both_consume_the_same_remaining_budget) ... ok
2026-09-24T05:43:08.0151418Z test_assurance_certificate_must_be_content_addressed_and_tree_bound (test_debt_certificate.DebtCertificateTests.test_assurance_certificate_must_be_content_addressed_and_tree_bound) ... ok
2026-09-24T05:43:08.0340357Z test_noop_certificate_is_rehashed_and_requires_candidate_binding (test_debt_certificate.DebtCertificateTests.test_noop_certificate_is_rehashed_and_requires_candidate_binding) ... ok
2026-09-24T05:43:08.1203013Z test_acceptance_requires_reason_and_remains_visible (test_debt_cli.DebtCliTests.test_acceptance_requires_reason_and_remains_visible) ... ok
2026-09-24T05:43:08.4001513Z test_debt_records_local_git_ledger_and_plan_surfaces_it (test_debt_cli.DebtCliTests.test_debt_records_local_git_ledger_and_plan_surfaces_it) ... ok
2026-09-24T05:43:08.4313001Z test_forged_certificate_cannot_waive_change_debt (test_debt_cli.DebtCliTests.test_forged_certificate_cannot_waive_change_debt) ... ok
2026-09-24T05:43:08.4917490Z test_health_trend_and_ledger_show_are_human_readable (test_debt_cli.DebtCliTests.test_health_trend_and_ledger_show_are_human_readable) ... ok
2026-09-24T05:43:08.4933587Z test_nested_diffwitness_debt_supported (test_debt_config.DebtConfigTests.test_nested_diffwitness_debt_supported) ... ok
2026-09-24T05:43:08.4948849Z test_top_level_debt_and_category_tables_normalize (test_debt_config.DebtConfigTests.test_top_level_debt_and_category_tables_normalize) ... ok
2026-09-24T05:43:08.4952559Z test_unknown_debt_key_fails_closed (test_debt_config.DebtConfigTests.test_unknown_debt_key_fails_closed) ... ok
2026-09-24T05:43:08.5259071Z test_tampered_certificate_fails_before_accounting (test_debt_entry.DebtEntryTests.test_tampered_certificate_fails_before_accounting) ... ok
2026-09-24T05:43:08.5293107Z test_trend_reconstructs_prior_balance_from_events (test_debt_history.DebtHistoryTests.test_trend_reconstructs_prior_balance_from_events) ... ok
2026-09-24T05:43:08.5610663Z test_health_does_not_count_duplicate_blocks_only_in_test_fixtures (test_debt_integrity.DebtIntegrityTests.test_health_does_not_count_duplicate_blocks_only_in_test_fixtures) ... ok
2026-09-24T05:43:08.5976773Z test_health_filters_function_local_python_cycle_but_keeps_real_import_cycle (test_debt_integrity.DebtIntegrityTests.test_health_filters_function_local_python_cycle_but_keeps_real_import_cycle) ... ok
2026-09-24T05:43:08.6393653Z test_health_scan_is_bound_to_the_dirty_worktree_it_actually_reads (test_debt_integrity.DebtIntegrityTests.test_health_scan_is_bound_to_the_dirty_worktree_it_actually_reads) ... ok
2026-09-24T05:43:08.7432965Z test_mutation_recheck_cleans_control_run_side_effects_before_counterfactual (test_debt_integrity.DebtIntegrityTests.test_mutation_recheck_cleans_control_run_side_effects_before_counterfactual) ... ok
2026-09-24T05:43:08.7434308Z test_dedupe_keeps_strongest_same_lineage (test_debt_models.DebtModelTests.test_dedupe_keeps_strongest_same_lineage) ... ok
2026-09-24T05:43:08.7437745Z test_report_is_additive_and_explicit (test_debt_models.DebtModelTests.test_report_is_additive_and_explicit) ... ok
2026-09-24T05:43:08.7650303Z test_stable_identity_ignores_explanation_and_points (test_debt_models.DebtModelTests.test_stable_identity_ignores_explanation_and_points) ... ok
2026-09-24T05:43:08.7651198Z test_plan_separates_automatic_repayment_from_manual_review (test_debt_planning.DebtPlanningTests.test_plan_separates_automatic_repayment_from_manual_review) ... ok
2026-09-24T05:43:08.7854991Z test_repay_all_ignores_manual_backlog_instead_of_promising_closure (test_debt_planning.DebtPlanningTests.test_repay_all_ignores_manual_backlog_instead_of_promising_closure) ... ok
2026-09-24T05:43:08.8057049Z test_repay_refuses_lineage_without_automatic_closure_adapter (test_debt_planning.DebtPlanningTests.test_repay_refuses_lineage_without_automatic_closure_adapter) ... ok
2026-09-24T05:43:08.8328838Z test_change_only_rules_are_not_mislabeled_as_project_replay (test_debt_scan.DebtScanTests.test_change_only_rules_are_not_mislabeled_as_project_replay) ... ok
2026-09-24T05:43:08.8721660Z test_change_security_scan_ignores_added_python_string_literal (test_debt_scan.DebtScanTests.test_change_security_scan_ignores_added_python_string_literal) ... ok
2026-09-24T05:43:08.9022685Z test_non_probative_certificate_cannot_hide_unverified_change (test_debt_scan.DebtScanTests.test_non_probative_certificate_cannot_hide_unverified_change) ... ok
2026-09-24T05:43:08.9318326Z test_preservation_certificate_prevents_fake_test_debt_but_not_security_review (test_debt_scan.DebtScanTests.test_preservation_certificate_prevents_fake_test_debt_but_not_security_review) ... ok
2026-09-24T05:43:08.9516260Z test_project_scan_finds_one_duplicate_region_and_local_cycle (test_debt_scan.DebtScanTests.test_project_scan_finds_one_duplicate_region_and_local_cycle) ... ok
2026-09-24T05:43:08.9748930Z test_python_security_scan_detects_structural_call_keywords (test_debt_scan.DebtScanTests.test_python_security_scan_detects_structural_call_keywords) ... ok
2026-09-24T05:43:08.9936400Z test_python_security_scan_ignores_signature_strings_and_comments (test_debt_scan.DebtScanTests.test_python_security_scan_ignores_signature_strings_and_comments) ... ok
2026-09-24T05:43:09.0242779Z test_security_rule_has_same_identity_in_change_and_project_scan (test_debt_scan.DebtScanTests.test_security_rule_has_same_identity_in_change_and_project_scan) ... ok
2026-09-24T05:43:09.0517539Z test_unverified_change_and_no_changed_test_surface_are_explicit (test_debt_scan.DebtScanTests.test_unverified_change_and_no_changed_test_surface_are_explicit) ... ok
2026-09-24T05:43:09.0828176Z test_structurally_unrelated_function_is_not_flagged (test_debt_sensor_precision.SemanticRedundancyPrecisionTests.test_structurally_unrelated_function_is_not_flagged) ... ok
2026-09-24T05:43:09.1189266Z test_accounting_boundary_enriches_report_but_zero_point_sensor_cannot_break_budget (test_debt_sensors.SemanticRedundancySensorTests.test_accounting_boundary_enriches_report_but_zero_point_sensor_cannot_break_budget) ... ok
2026-09-24T05:43:09.1553748Z test_change_and_project_modes_keep_same_debt_identity (test_debt_sensors.SemanticRedundancySensorTests.test_change_and_project_modes_keep_same_debt_identity) ... ok
2026-09-24T05:43:09.1864568Z test_change_sensor_finds_renamed_reimplementation_without_exporting_source (test_debt_sensors.SemanticRedundancySensorTests.test_change_sensor_finds_renamed_reimplementation_without_exporting_source) ... ok
2026-09-24T05:43:09.2164451Z test_exact_source_copy_is_left_to_existing_deterministic_duplicate_rule (test_debt_sensors.SemanticRedundancySensorTests.test_exact_source_copy_is_left_to_existing_deterministic_duplicate_rule) ... ok
2026-09-24T05:43:09.2514255Z test_sensor_can_be_disabled_at_accounting_boundary (test_debt_sensors.SemanticRedundancySensorTests.test_sensor_can_be_disabled_at_accounting_boundary) ... ok
2026-09-24T05:43:09.4342220Z test_historical_test_debt_resolves_when_current_tests_discriminate_origin (test_debt_verify.DebtVerifyTests.test_historical_test_debt_resolves_when_current_tests_discriminate_origin) ... ok
2026-09-24T05:43:09.6935305Z test_mutation_debt_resolves_when_current_tests_make_it_necessary (test_debt_verify.DebtVerifyTests.test_mutation_debt_resolves_when_current_tests_make_it_necessary) ... ok
2026-09-24T05:43:09.6936947Z test_binary_change_is_never_misrepresented_as_line_hunk (test_diff_edgecases.DiffEdgeCaseTests.test_binary_change_is_never_misrepresented_as_line_hunk) ... ok
2026-09-24T05:43:09.6938656Z test_documentation_new_file_does_not_enter_executable_causal_surface (test_diff_edgecases.DiffEdgeCaseTests.test_documentation_new_file_does_not_enter_executable_causal_surface) ... ok
2026-09-24T05:43:09.6940368Z test_new_production_file_is_conservative_structural_mutation (test_diff_edgecases.DiffEdgeCaseTests.test_new_production_file_is_conservative_structural_mutation) ... ok
2026-09-24T05:43:09.6942099Z test_path_with_spaces_remains_one_hunk_mutation (test_diff_edgecases.DiffEdgeCaseTests.test_path_with_spaces_remains_one_hunk_mutation) ... ok
2026-09-24T05:43:09.6943475Z test_rename_is_file_level_even_with_text_hunk (test_diff_edgecases.DiffEdgeCaseTests.test_rename_is_file_level_even_with_text_hunk) ... ok
2026-09-24T05:43:09.6944613Z test_documentation_classifier_is_narrow (test_diffing.DiffingTests.test_documentation_classifier_is_narrow) ... ok
2026-09-24T05:43:09.6945922Z test_documentation_hunks_are_excluded_by_default_but_can_be_included (test_diffing.DiffingTests.test_documentation_hunks_are_excluded_by_default_but_can_be_included) ... ok
2026-09-24T05:43:09.6947179Z test_hunk_ranges_become_annotation_lines (test_diffing.DiffingTests.test_hunk_ranges_become_annotation_lines) ... ok
2026-09-24T05:43:09.6948088Z test_test_path_detection (test_diffing.DiffingTests.test_test_path_detection) ... ok
2026-09-24T05:43:11.9321530Z test_real_no_proof_fresh_drift_clean_stale_and_failed_attempt (test_doctor_proof_truthfulness.DoctorProofTruthfulnessTests.test_real_no_proof_fresh_drift_clean_stale_and_failed_attempt) ... DiffWitness Gate rejected: candidate is not stably green
2026-09-24T05:43:11.9322714Z 
2026-09-24T05:43:11.9322822Z DiffWitness Guard: PROOF REJECTED
2026-09-24T05:43:12.4485184Z ok
2026-09-24T05:43:12.4486735Z test_engine_command_is_argv_not_shell_text (test_engine_config.EngineConfigTests.test_engine_command_is_argv_not_shell_text) ... ok
2026-09-24T05:43:12.4487713Z test_required_engine_needs_command (test_engine_config.EngineConfigTests.test_required_engine_needs_command) ... ok
2026-09-24T05:43:12.4494040Z test_top_level_engine_table_loads_without_relaxing_unknown_keys (test_engine_config.EngineConfigTests.test_top_level_engine_table_loads_without_relaxing_unknown_keys) ... ok
2026-09-24T05:43:12.4960469Z test_capability_preflight_accepts_compatible_bounded_engine (test_engine_doctor.EngineDoctorTests.test_capability_preflight_accepts_compatible_bounded_engine) ... ok
2026-09-24T05:43:12.5440990Z test_capability_preflight_rejects_ambiguous_json (test_engine_doctor.EngineDoctorTests.test_capability_preflight_rejects_ambiguous_json) ... ok
2026-09-24T05:43:12.6236996Z test_capability_preflight_rejects_protocol_or_authority_drift (test_engine_doctor.EngineDoctorTests.test_capability_preflight_rejects_protocol_or_authority_drift) ... ok
2026-09-24T05:43:12.6872720Z test_dw_doctor_fails_preflight_for_incompatible_required_engine (test_engine_doctor.EngineDoctorTests.test_dw_doctor_fails_preflight_for_incompatible_required_engine) ... ok
2026-09-24T05:43:12.7330919Z test_dw_doctor_keeps_community_only_onboarding_clean (test_engine_doctor.EngineDoctorTests.test_dw_doctor_keeps_community_only_onboarding_clean) ... ok
2026-09-24T05:43:12.7961600Z test_dw_doctor_reports_compatible_required_private_engine (test_engine_doctor.EngineDoctorTests.test_dw_doctor_reports_compatible_required_private_engine) ... ok
2026-09-24T05:43:12.8387050Z test_committed_project_engine_wins_over_machine_local_profile (test_engine_local.LocalEngineTests.test_committed_project_engine_wins_over_machine_local_profile) ... ok
2026-09-24T05:43:12.8668335Z test_corrupt_machine_local_profile_fails_closed (test_engine_local.LocalEngineTests.test_corrupt_machine_local_profile_fails_closed) ... ok
2026-09-24T05:43:13.0585053Z test_dw_engine_enable_status_doctor_disable_is_git_local (test_engine_local.LocalEngineTests.test_dw_engine_enable_status_doctor_disable_is_git_local) ... ok
2026-09-24T05:43:13.4771979Z test_real_gate_consumes_git_local_private_plan_but_public_runner_owns_verdict (test_engine_local_gate.LocalEngineGateTests.test_real_gate_consumes_git_local_private_plan_but_public_runner_owns_verdict) ... ok
2026-09-24T05:43:13.5355197Z test_ambiguous_engine_json_is_rejected_before_plan_validation (test_engine_protocol.EngineProtocolTests.test_ambiguous_engine_json_is_rejected_before_plan_validation) ... ok
2026-09-24T05:43:13.5357355Z test_canonical_compat_vector_has_frozen_request_id_and_digest (test_engine_protocol.EngineProtocolTests.test_canonical_compat_vector_has_frozen_request_id_and_digest) ... ok
2026-09-24T05:43:13.5358353Z test_change_identity_depends_on_repository_and_git_trees (test_engine_protocol.EngineProtocolTests.test_change_identity_depends_on_repository_and_git_trees) ... ok
2026-09-24T05:43:13.5607189Z test_non_finite_planning_budget_is_rejected_before_request_hashing (test_engine_protocol.EngineProtocolTests.test_non_finite_planning_budget_is_rejected_before_request_hashing) ... ok
2026-09-24T05:43:13.6963365Z test_optional_engine_failure_degrades_but_required_engine_fails_closed (test_engine_protocol.EngineProtocolTests.test_optional_engine_failure_degrades_but_required_engine_fails_closed) ... ok
2026-09-24T05:43:13.7230837Z test_plan_must_be_exactly_bound_and_cover_every_mutation_once (test_engine_protocol.EngineProtocolTests.test_plan_must_be_exactly_bound_and_cover_every_mutation_once) ... ok
2026-09-24T05:43:13.7807294Z test_real_subprocess_plan_is_validated_before_use (test_engine_protocol.EngineProtocolTests.test_real_subprocess_plan_is_validated_before_use) ... ok
2026-09-24T05:43:13.8238925Z test_request_is_content_bound_without_embedding_test_command_or_patch (test_engine_protocol.EngineProtocolTests.test_request_is_content_bound_without_embedding_test_command_or_patch) ... ok
2026-09-24T05:43:13.8533036Z test_code_change_does_not_get_noop_preflight (test_entry.EntryTests.test_code_change_does_not_get_noop_preflight) ... DiffWitness proof dw0_ef73b8b91583a7baadc0 attached to 652af89dcd70 via refs/notes/diffwitness.
2026-09-24T05:43:13.8533825Z Publish it with: git push origin refs/notes/diffwitness
2026-09-24T05:43:13.8534239Z Invariant INV-IMPACT: Keep identity
2026-09-24T05:43:13.8534629Z Objective OBJ-REFUNDS: Support partial refunds safely
2026-09-24T05:43:13.8535106Z Decision DEC-IDEMPOTENCY: Keep refund operations idempotent
2026-09-24T05:43:13.8535502Z Invariant INV-CAPTURE-LIMIT: Refund total must never exceed captured payment
2026-09-24T05:43:13.8535901Z Failed approach FAIL-DIRECT-CHARGE: Mutating charge rows directly
2026-09-24T05:43:13.8770510Z DiffWitness: No evidence command could be detected. Run `dw doctor`, pass --test, or create .diffwitness.toml.
2026-09-24T05:43:13.8785401Z ok
2026-09-24T05:43:13.9156616Z test_docs_only_prove_succeeds_without_test_command_and_writes_noop_certificate (test_entry.EntryTests.test_docs_only_prove_succeeds_without_test_command_and_writes_noop_certificate) ... ok
2026-09-24T05:43:13.9157571Z test_public_version_options_bypass_friendly_unknown_router (test_entry.EntryTests.test_public_version_options_bypass_friendly_unknown_router) ... ok
2026-09-24T05:43:13.9282650Z test_unknown_test_only_surface_without_evidence_never_becomes_noop_success (test_fail_closed.FailClosedTests.test_unknown_test_only_surface_without_evidence_never_becomes_noop_success) ... DiffWitness: proof not required (dw0_18b3f520e735072b9a03); no executable causal mutation detected.
2026-09-24T05:43:13.9516015Z DiffWitness: this change contains tests but DiffWitness cannot determine how to execute evidence. Failing closed: pass --test or configure [diffwitness].test.
2026-09-24T05:43:13.9530334Z ok
2026-09-24T05:43:14.5916675Z test_auto_routes_surplus_patch_to_adaptive_and_rejects_it (test_gate.GateTests.test_auto_routes_surplus_patch_to_adaptive_and_rejects_it) ... DiffWitness Gate rejected: Adaptive Core found 1 mutation(s) removable while preserving the selected stable evidence
2026-09-24T05:43:14.5937483Z ok
2026-09-24T05:43:14.6328431Z test_docs_only_gate_becomes_formal_proof_not_required (test_gate.GateTests.test_docs_only_gate_becomes_formal_proof_not_required) ... DiffWitness Gate: causal contrast proven; adaptive strategy for 2 production mutation(s) under balanced policy (899.8s proof budget remaining)
2026-09-24T05:43:14.6329769Z DiffWitness Adaptive Core
2026-09-24T05:43:14.6330090Z contrast:    PROVEN
2026-09-24T05:43:14.6330296Z mutations:   2 original
2026-09-24T05:43:14.6330484Z core:        1 retained
2026-09-24T05:43:14.6330677Z removable:   1 observed removable
2026-09-24T05:43:14.6330884Z experiments: 3/10
2026-09-24T05:43:14.6331053Z 1-minimal:   yes
2026-09-24T05:43:14.6331260Z certificate: dwac1_4d1133f168e8d7737f7a
2026-09-24T05:43:14.6331419Z 
2026-09-24T05:43:14.6331483Z Causal core:
2026-09-24T05:43:14.6331659Z   KEEP    calc.py hunk 1/2
2026-09-24T05:43:14.6331962Z 
2026-09-24T05:43:14.6332082Z Evidence-removable surface:
2026-09-24T05:43:14.6332686Z   REVIEW  calc.py hunk 2/2 — def add(a, b):
2026-09-24T05:43:14.7008030Z ok
2026-09-24T05:43:14.7139348Z test_explicit_nondefault_config_supplies_evidence_command (test_gate.GateTests.test_explicit_nondefault_config_supplies_evidence_command) ... DiffWitness: proof not required (dw0_0ffbfd62e445a351c336); no executable causal mutation detected.
2026-09-24T05:43:14.7140660Z Project continuity: 2 new change event(s) · dwchg_d965a07dafe105329978c9d6
2026-09-24T05:43:14.9879266Z DiffWitness Gate: causal contrast proven; exhaustive strategy for 1 production mutation(s) under strict policy (899.8s proof budget remaining)
2026-09-24T05:43:15.4301027Z ok
2026-09-24T05:43:15.4427634Z test_small_proven_fix_uses_exhaustive_gate_and_writes_certificate (test_gate.GateTests.test_small_proven_fix_uses_exhaustive_gate_and_writes_certificate) ... DiffWitness 0.4.0a1 - counterfactual patch evidence
2026-09-24T05:43:15.4428437Z repo:      /tmp/tmpe23dxh79/repo
2026-09-24T05:43:15.4428878Z base:      a31ebca21393b87c373748b5f62f53be04fe986e (a31ebca21393)
2026-09-24T05:43:15.4429254Z candidate: e2c8c45b02f9bb8dce272a94b9d2d9d9fd26bcaa (e2c8c45b02f9)
2026-09-24T05:43:15.4429738Z evidence:  "/opt/hostedtoolcache/Python/3.11.16/x64/bin/python" -m unittest discover -s tests -q
2026-09-24T05:43:15.4430107Z stability: 1 run(s) per variant
2026-09-24T05:43:15.4430329Z budget:    899.767s total; 300s per command
2026-09-24T05:43:15.4430595Z changes:   1 analyzed mutation(s); 1 changed test file(s)
2026-09-24T05:43:15.4430783Z 
2026-09-24T05:43:15.4430896Z contrast:  BASE STABLE-FAIL -> CANDIDATE STABLE-PASS
2026-09-24T05:43:15.4431074Z 
2026-09-24T05:43:15.4431188Z WITNESSED         +1/-1  calc.py hunk 1/1  [stable-fail]
2026-09-24T05:43:15.4431371Z 
2026-09-24T05:43:15.4431492Z summary: 1 witnessed, 0 unwitnessed, 0 inconclusive
2026-09-24T05:43:15.4431761Z core:    1 minimal sufficient set(s) of 1 hunk(s)
2026-09-24T05:43:15.4432199Z cert:    dw2_5412044c24aef57957df
2026-09-24T05:43:15.4432439Z DiffWitness Gate accepted (dw2_5412044c24aef57957df)
2026-09-24T05:43:15.4433043Z Project continuity: 2 new change event(s) · dwchg_1b646a65fce4d1c54d9ebaac
2026-09-24T05:43:15.6558003Z DiffWitness Gate: causal contrast proven; exhaustive strategy for 1 production mutation(s) under strict policy (899.8s proof budget remaining)
2026-09-24T05:43:15.9576754Z ok
2026-09-24T05:43:15.9577791Z test_unwitnessed_hunk_becomes_file_warning (test_github_actions.GitHubActionTests.test_unwitnessed_hunk_becomes_file_warning) ... ok
2026-09-24T05:43:15.9742594Z test_clean_worktree_reuses_head_exactly (test_gitops_snapshot_fastpath.SnapshotFastPathTests.test_clean_worktree_reuses_head_exactly) ... ok
2026-09-24T05:43:16.0006647Z test_meaningful_untracked_file_forces_exact_snapshot (test_gitops_snapshot_fastpath.SnapshotFastPathTests.test_meaningful_untracked_file_forces_exact_snapshot) ... ok
2026-09-24T05:43:16.0170659Z test_only_known_untracked_runtime_artifacts_still_reuse_head (test_gitops_snapshot_fastpath.SnapshotFastPathTests.test_only_known_untracked_runtime_artifacts_still_reuse_head) ... ok
2026-09-24T05:43:16.0712267Z test_staged_change_is_not_mistaken_for_clean_state (test_gitops_snapshot_fastpath.SnapshotFastPathTests.test_staged_change_is_not_mistaken_for_clean_state) ... ok
2026-09-24T05:43:16.1042584Z test_tracked_cache_like_file_is_never_filtered (test_gitops_snapshot_fastpath.SnapshotFastPathTests.test_tracked_cache_like_file_is_never_filtered) ... ok
2026-09-24T05:43:16.1298073Z test_tracked_worktree_change_forces_exact_snapshot (test_gitops_snapshot_fastpath.SnapshotFastPathTests.test_tracked_worktree_change_forces_exact_snapshot) ... ok
2026-09-24T05:43:16.1407796Z test_public_guard_delegates_proven_agent_patch_to_gate (test_guard.PublicGuardTests.test_public_guard_delegates_proven_agent_patch_to_gate) ... DiffWitness 0.4.0a1 - counterfactual patch evidence
2026-09-24T05:43:16.1408484Z repo:      /tmp/tmpm1r7umyc
2026-09-24T05:43:16.1408761Z base:      84b952e6f34b4d23d08985aec0118bf30c2b01a6 (84b952e6f34b)
2026-09-24T05:43:16.1409113Z candidate: 63b9984c63e251cbbbc02f10ea20b88b4e94402a (63b9984c63e2)
2026-09-24T05:43:16.1409536Z evidence:  "/opt/hostedtoolcache/Python/3.11.16/x64/bin/python" -m unittest discover -s tests -q
2026-09-24T05:43:16.1409913Z stability: 1 run(s) per variant
2026-09-24T05:43:16.1410130Z budget:    899.826s total; 300s per command
2026-09-24T05:43:16.1410393Z changes:   1 analyzed mutation(s); 1 changed test file(s)
2026-09-24T05:43:16.1410579Z 
2026-09-24T05:43:16.1410699Z contrast:  BASE STABLE-FAIL -> CANDIDATE STABLE-PASS
2026-09-24T05:43:16.1410872Z 
2026-09-24T05:43:16.1410994Z WITNESSED         +1/-1  calc.py hunk 1/1  [stable-fail]
2026-09-24T05:43:16.1411170Z 
2026-09-24T05:43:16.1411283Z summary: 1 witnessed, 0 unwitnessed, 0 inconclusive
2026-09-24T05:43:16.1411735Z core:    1 minimal sufficient set(s) of 1 hunk(s)
2026-09-24T05:43:16.1412133Z cert:    dw2_2700356d29f50176c210
2026-09-24T05:43:16.1412364Z DiffWitness Gate accepted (dw2_2700356d29f50176c210)
2026-09-24T05:43:16.1412992Z Project continuity: 2 new change event(s) · dwchg_80c3dbee5ea2bff1d1765eac
2026-09-24T05:43:16.3202157Z DiffWitness Guard armed at 36e4a79f8233
2026-09-24T05:43:16.3204127Z Agent:    /opt/hostedtoolcache/Python/3.11.16/x64/bin/python -c from pathlib import Path; Path('calc.py').write_text('def add(a, b):\n    return a + b\n', encoding='utf-8'); Path('tests').mkdir(exist_ok=True); Path('tests/test_calc.py').write_text("import unittest\nfrom calc import add\n\nclass T(unittest.TestCase):\n    def test_add(self):\n        self.assertEqual(add(2, 3), 5)\n", encoding='utf-8')
2026-09-24T05:43:16.3205953Z Policy:   strict
2026-09-24T05:43:16.3206223Z Strategy: auto
2026-09-24T05:43:16.3206503Z Proof budget: 900s after agent exit
2026-09-24T05:43:16.3206737Z 
2026-09-24T05:43:16.3207329Z DiffWitness Gate: causal contrast proven; exhaustive strategy for 1 production mutation(s) under strict policy (899.9s proof budget remaining)
2026-09-24T05:43:16.6934459Z ok
2026-09-24T05:43:16.7213523Z test_public_guard_preserves_agent_failure_code_without_claiming_proof (test_guard.PublicGuardTests.test_public_guard_preserves_agent_failure_code_without_claiming_proof) ... DiffWitness 0.4.0a1 - counterfactual patch evidence
2026-09-24T05:43:16.7215102Z repo:      /tmp/tmpurk655b4
2026-09-24T05:43:16.7215496Z base:      36e4a79f82335402275df1b5d7dd9dcdcea6bd37 (36e4a79f8233)
2026-09-24T05:43:16.7215853Z candidate: 1fa0b81647847e95dbb0f7c6da558dedc5626efc (1fa0b8164784)
2026-09-24T05:43:16.7216289Z evidence:  "/opt/hostedtoolcache/Python/3.11.16/x64/bin/python" -m unittest discover -s tests -q
2026-09-24T05:43:16.7216667Z stability: 1 run(s) per variant
2026-09-24T05:43:16.7216888Z budget:    899.887s total; 300s per command
2026-09-24T05:43:16.7217175Z changes:   1 analyzed mutation(s); 1 changed test file(s)
2026-09-24T05:43:16.7217361Z 
2026-09-24T05:43:16.7217478Z contrast:  BASE STABLE-FAIL -> CANDIDATE STABLE-PASS
2026-09-24T05:43:16.7217667Z 
2026-09-24T05:43:16.7217787Z WITNESSED         +1/-1  calc.py hunk 1/1  [stable-fail]
2026-09-24T05:43:16.7217954Z 
2026-09-24T05:43:16.7218063Z summary: 1 witnessed, 0 unwitnessed, 0 inconclusive
2026-09-24T05:43:16.7218325Z core:    1 minimal sufficient set(s) of 1 hunk(s)
2026-09-24T05:43:16.7218567Z cert:    dw2_319f11440de99c6822b0
2026-09-24T05:43:16.7218797Z DiffWitness Gate accepted (dw2_319f11440de99c6822b0)
2026-09-24T05:43:16.7218967Z 
2026-09-24T05:43:16.7219046Z DiffWitness Guard: PROOF ACCEPTED
2026-09-24T05:43:16.7219182Z 
2026-09-24T05:43:16.7219249Z CHANGE DEBT
2026-09-24T05:43:16.7219419Z +0 point(s) / 0 obligation(s)
2026-09-24T05:43:16.7219909Z Debt budget: PASS — projected total 0; new 0
2026-09-24T05:43:16.7220170Z Debt Ledger: +0 introduced, 0 reopened, 0 refreshed
2026-09-24T05:43:16.7220531Z IdleProof explanation: /tmp/tmpurk655b4/.git/diffwitness/idleproof-explanation.json
2026-09-24T05:43:16.7220933Z Change envelope: /tmp/tmpurk655b4/.git/diffwitness/change-envelope.json
2026-09-24T05:43:16.7221372Z Project continuity: 3 new change event(s) · dwchg_ec733b2b1cd5286370b2415f
2026-09-24T05:43:16.7424364Z DiffWitness Guard: agent exited with code 7; proof was not attempted.
2026-09-24T05:43:16.7487159Z ok
2026-09-24T05:43:16.7601020Z test_guard_records_agent_provenance_after_proof (test_guard_debt.GuardDebtTests.test_guard_records_agent_provenance_after_proof) ... DiffWitness Guard armed at 27018c137256
2026-09-24T05:43:16.7602326Z Agent:    /opt/hostedtoolcache/Python/3.11.16/x64/bin/python -c raise SystemExit(7)
2026-09-24T05:43:16.7602865Z Policy:   config/default
2026-09-24T05:43:16.7603167Z Strategy: config/default
2026-09-24T05:43:16.7603465Z Proof budget: 900s after agent exit
2026-09-24T05:43:16.7603695Z 
2026-09-24T05:43:17.0025720Z DiffWitness Guard armed at 6351acb8bb69
2026-09-24T05:43:17.0028028Z Agent:    /opt/hostedtoolcache/Python/3.11.16/x64/bin/python -c from pathlib import Path; p=Path('auth/session.py'); p.write_text('def add(a, b):\n    return a + b\n', encoding='utf-8'); t=Path('tests/test_session.py'); t.parent.mkdir(exist_ok=True); t.write_text("import unittest\nfrom auth.session import add\n\nclass T(unittest.TestCase):\n    def test_add(self):\n        self.assertEqual(add(2, 3), 5)\n", encoding='utf-8')
2026-09-24T05:43:17.0029974Z Policy:   strict
2026-09-24T05:43:17.0030250Z Strategy: config/default
2026-09-24T05:43:17.0030563Z Proof budget: 900s after agent exit
2026-09-24T05:43:17.0030801Z 
2026-09-24T05:43:17.0031371Z DiffWitness Gate: causal contrast proven; exhaustive strategy for 1 production mutation(s) under strict policy (899.9s proof budget remaining)
2026-09-24T05:43:17.6076131Z ok
2026-09-24T05:43:17.6191409Z test_guard_rejects_over_budget_patch_without_admitting_rejected_debt (test_guard_debt.GuardDebtTests.test_guard_rejects_over_budget_patch_without_admitting_rejected_debt) ... DiffWitness 0.4.0a1 - counterfactual patch evidence
2026-09-24T05:43:17.6192545Z repo:      /tmp/tmp70hgzsvr
2026-09-24T05:43:17.6192958Z base:      6351acb8bb69302ac1adb179bbf1c3cbdd2e2c5f (6351acb8bb69)
2026-09-24T05:43:17.6193508Z candidate: 433ac7b8facab2127e92e1823064e65ef3c60dd0 (433ac7b8faca)
2026-09-24T05:43:17.6194092Z evidence:  "/opt/hostedtoolcache/Python/3.11.16/x64/bin/python" -m unittest discover -s tests -q
2026-09-24T05:43:17.6194676Z stability: 1 run(s) per variant
2026-09-24T05:43:17.6194897Z budget:    899.881s total; 300s per command
2026-09-24T05:43:17.6195172Z changes:   1 analyzed mutation(s); 1 changed test file(s)
2026-09-24T05:43:17.6195357Z 
2026-09-24T05:43:17.6195473Z contrast:  BASE STABLE-FAIL -> CANDIDATE STABLE-PASS
2026-09-24T05:43:17.6195654Z 
2026-09-24T05:43:17.6195783Z WITNESSED         +1/-1  auth/session.py hunk 1/1  [stable-fail]
2026-09-24T05:43:17.6195983Z 
2026-09-24T05:43:17.6196089Z summary: 1 witnessed, 0 unwitnessed, 0 inconclusive
2026-09-24T05:43:17.6196374Z core:    1 minimal sufficient set(s) of 1 hunk(s)
2026-09-24T05:43:17.6196616Z cert:    dw2_b2410418a93ea98ca706
2026-09-24T05:43:17.6196847Z DiffWitness Gate accepted (dw2_b2410418a93ea98ca706)
2026-09-24T05:43:17.6197109Z 
2026-09-24T05:43:17.6197197Z DiffWitness Guard: PROOF ACCEPTED
2026-09-24T05:43:17.6197323Z 
2026-09-24T05:43:17.6197395Z CHANGE DEBT
2026-09-24T05:43:17.6197564Z +1 point(s) / 1 obligation(s)
2026-09-24T05:43:17.6197768Z   security           +1
2026-09-24T05:43:17.6198331Z   DW-F90AD233C569 +1 security/heuristic — Security-sensitive surface changed
2026-09-24T05:43:17.6198709Z Debt budget: PASS — projected total 1; new 1
2026-09-24T05:43:17.6198967Z Debt Ledger: +1 introduced, 0 reopened, 0 refreshed
2026-09-24T05:43:17.6199317Z IdleProof explanation: /tmp/tmp70hgzsvr/.git/diffwitness/idleproof-explanation.json
2026-09-24T05:43:17.6199721Z Change envelope: /tmp/tmp70hgzsvr/.git/diffwitness/change-envelope.json
2026-09-24T05:43:17.6200158Z Project continuity: 4 new change event(s) · dwchg_4f0c832f915dbe4d57b844ef
2026-09-24T05:43:17.6200528Z Project continuity: 1 Debt Ledger lifecycle event(s) projected
2026-09-24T05:43:17.8047898Z DiffWitness Guard armed at 9acaa2e250e3
2026-09-24T05:43:17.8049184Z Agent:    /opt/hostedtoolcache/Python/3.11.16/x64/bin/python -c from pathlib import Path; p=Path('auth/session.py'); p.write_text('def add(a, b):\n    return a + b\n', encoding='utf-8'); t=Path('tests/test_session.py'); t.parent.mkdir(exist_ok=True); t.write_text("import unittest\nfrom auth.session import add\n\nclass T(unittest.TestCase):\n    def test_add(self):\n        self.assertEqual(add(2, 3), 5)\n", encoding='utf-8')
2026-09-24T05:43:17.8050328Z Policy:   strict
2026-09-24T05:43:17.8050507Z Strategy: config/default
2026-09-24T05:43:17.8050703Z Proof budget: 900s after agent exit
2026-09-24T05:43:17.8050848Z 
2026-09-24T05:43:17.8051186Z DiffWitness Gate: causal contrast proven; exhaustive strategy for 1 production mutation(s) under strict policy (899.9s proof budget remaining)
2026-09-24T05:43:18.3996236Z DiffWitness Guard: DEBT BUDGET REJECTED
2026-09-24T05:43:18.4287305Z ok
2026-09-24T05:43:18.4496694Z test_default_guided_root_help_is_a_bounded_onboarding_surface (test_ht001_guided_first_run.GuidedFirstRunDensityTests.test_default_guided_root_help_is_a_bounded_onboarding_surface) ... ok
2026-09-24T05:43:18.4630060Z test_french_guided_root_help_has_the_same_bounded_information_shape (test_ht001_guided_first_run.GuidedFirstRunDensityTests.test_french_guided_root_help_has_the_same_bounded_information_shape) ... ok
2026-09-24T05:43:18.5581575Z test_technical_help_keeps_the_complete_engineering_surface (test_ht001_guided_first_run.GuidedFirstRunDensityTests.test_technical_help_keeps_the_complete_engineering_surface) ... ok
2026-09-24T05:43:18.5598123Z test_default_guided_english_explains_how_to_reach_a_valid_doctor_context (test_ht002_doctor_outside_git.DoctorOutsideGitActionabilityTests.test_default_guided_english_explains_how_to_reach_a_valid_doctor_context) ... ok
2026-09-24T05:43:18.5613386Z test_guided_french_has_the_same_actionable_failure_shape (test_ht002_doctor_outside_git.DoctorOutsideGitActionabilityTests.test_guided_french_has_the_same_actionable_failure_shape) ... ok
2026-09-24T05:43:18.5628385Z test_json_outside_git_preserves_raw_failure_contract (test_ht002_doctor_outside_git.DoctorOutsideGitActionabilityTests.test_json_outside_git_preserves_raw_failure_contract) ... ok
2026-09-24T05:43:18.5637022Z test_other_git_failures_do_not_get_outside_repository_advice (test_ht002_doctor_outside_git.DoctorOutsideGitActionabilityTests.test_other_git_failures_do_not_get_outside_repository_advice) ... ok
2026-09-24T05:43:18.5653399Z test_technical_outside_git_still_fails_without_inventing_readiness (test_ht002_doctor_outside_git.DoctorOutsideGitActionabilityTests.test_technical_outside_git_still_fails_without_inventing_readiness) ... ok
2026-09-24T05:43:18.5655104Z test_every_diffwitness_owned_sidecar_diagnostic_has_a_guided_rendering (test_ht004_guided_vocabulary.HT004GuidedVocabularyTests.test_every_diffwitness_owned_sidecar_diagnostic_has_a_guided_rendering) ... ok
2026-09-24T05:43:18.9905648Z test_guided_setup_hides_internal_sidecar_term_without_changing_machine_or_technical_detail (test_ht004_guided_vocabulary.HT004GuidedVocabularyTests.test_guided_setup_hides_internal_sidecar_term_without_changing_machine_or_technical_detail) ... ok
2026-09-24T05:43:19.0584022Z test_idleproof_help_does_not_expose_internal_sidecar_architecture (test_ht004_guided_vocabulary.HT004GuidedVocabularyTests.test_idleproof_help_does_not_expose_internal_sidecar_architecture) ... ok
2026-09-24T05:43:19.1172184Z test_frontend_error_public_export_remains_available_on_demand (test_ht006_cli_startup.HT006CliStartupTests.test_frontend_error_public_export_remains_available_on_demand) ... ok
2026-09-24T05:43:19.1401272Z test_importing_public_entry_does_not_eagerly_load_full_frontend (test_ht006_cli_startup.HT006CliStartupTests.test_importing_public_entry_does_not_eagerly_load_full_frontend) ... ok
2026-09-24T05:43:19.1409422Z test_version_fast_path_does_not_run_git (test_ht006_cli_startup.HT006CliStartupTests.test_version_fast_path_does_not_run_git) ... ok
2026-09-24T05:43:19.1410621Z test_version_output_contract_remains_exact (test_ht006_cli_startup.HT006CliStartupTests.test_version_output_contract_remains_exact) ... ok
2026-09-24T05:43:19.1412226Z test_explicit_codex_setup_bounds_protect_scope_when_claude_is_detectable (test_ht007_provider_scope.HT007ProviderScopeQualificationTests.test_explicit_codex_setup_bounds_protect_scope_when_claude_is_detectable)
2026-09-24T05:43:19.7743425Z Public setup scope must win over broader provider auto-detection in Protect. ... ok
2026-09-24T05:43:20.8420885Z test_claude_hooks_use_exec_form_and_complete_native_change (test_human_blocker_regressions.HumanBlockerRegressionTests.test_claude_hooks_use_exec_form_and_complete_native_change) ... ok
2026-09-24T05:43:21.7341435Z test_manual_gate_persists_current_worktree_verification (test_human_blocker_regressions.HumanBlockerRegressionTests.test_manual_gate_persists_current_worktree_verification) ... ok
2026-09-24T05:43:21.7764863Z test_continuity_projection_failure_is_durable_degradation_and_recovery_clears_it (test_ide_handoff_fail_closed.IdeHandoffFailClosedTests.test_continuity_projection_failure_is_durable_degradation_and_recovery_clears_it) ... ok
2026-09-24T05:43:21.7777433Z test_exhausted_continuation_budget_never_becomes_approval (test_ide_handoff_fail_closed.IdeHandoffFailClosedTests.test_exhausted_continuation_budget_never_becomes_approval) ... ok
2026-09-24T05:43:21.7928766Z test_missing_or_invalid_native_start_capture_terminates_unverified_without_a_loop (test_ide_handoff_fail_closed.IdeHandoffFailClosedTests.test_missing_or_invalid_native_start_capture_terminates_unverified_without_a_loop) ... ok
2026-09-24T05:43:21.7932115Z test_session_model_receives_evidence_first_policy_and_optional_soul (test_idleproof_agent_session.IdleProofAgentSessionTests.test_session_model_receives_evidence_first_policy_and_optional_soul) ... ok
2026-09-24T05:43:21.7933903Z test_session_policy_does_not_require_soul_or_any_provider (test_idleproof_agent_session.IdleProofAgentSessionTests.test_session_policy_does_not_require_soul_or_any_provider) ... ok
2026-09-24T05:43:21.8221119Z test_authoritative_proof_path_has_no_model_or_http_client_dependency (test_idleproof_architecture_invariants.IdleProofArchitectureInvariantTests.test_authoritative_proof_path_has_no_model_or_http_client_dependency) ... ok
2026-09-24T05:43:21.8223485Z test_guard_may_emit_deterministic_idleproof_but_not_call_optional_inference (test_idleproof_architecture_invariants.IdleProofArchitectureInvariantTests.test_guard_may_emit_deterministic_idleproof_but_not_call_optional_inference) ... ok
2026-09-24T05:43:22.1276414Z test_optional_user_inference_never_flows_back_into_proof_debt_or_continuity_modules (test_idleproof_architecture_invariants.IdleProofArchitectureInvariantTests.test_optional_user_inference_never_flows_back_into_proof_debt_or_continuity_modules) ... ok
2026-09-24T05:43:22.1278188Z test_user_owned_cache_stays_in_git_metadata_not_project_source (test_idleproof_architecture_invariants.IdleProofArchitectureInvariantTests.test_user_owned_cache_stays_in_git_metadata_not_project_source) ... ok
2026-09-24T05:43:22.1279648Z test_binary_change_is_explained_conservatively (test_idleproof_explanation.DeterministicExplanationTests.test_binary_change_is_explained_conservatively) ... ok
2026-09-24T05:43:22.1280860Z test_empty_change_still_has_an_explicit_result (test_idleproof_explanation.DeterministicExplanationTests.test_empty_change_still_has_an_explicit_result) ... ok
2026-09-24T05:43:22.1282566Z test_heuristic_sensor_never_becomes_a_verified_fact (test_idleproof_explanation.DeterministicExplanationTests.test_heuristic_sensor_never_becomes_a_verified_fact) ... ok
2026-09-24T05:43:22.1283691Z test_renderer_is_useful_without_network_or_llm (test_idleproof_explanation.DeterministicExplanationTests.test_renderer_is_useful_without_network_or_llm) ... ok
2026-09-24T05:43:22.1284752Z test_unaccepted_proof_is_never_described_as_proven (test_idleproof_explanation.DeterministicExplanationTests.test_unaccepted_proof_is_never_described_as_proven) ... ok
2026-09-24T05:43:22.1285550Z test_builder_quota_is_exactly_500 (test_idleproof_explanation.ManagedInferencePolicyTests.test_builder_quota_is_exactly_500) ... ok
2026-09-24T05:43:22.1286468Z test_free_alpha_and_unknown_plans_can_never_use_diffwitness_managed_inference (test_idleproof_explanation.ManagedInferencePolicyTests.test_free_alpha_and_unknown_plans_can_never_use_diffwitness_managed_inference) ... ok
2026-09-24T05:43:22.1287605Z test_managed_quota_exhaustion_falls_back_to_deterministic_not_another_paid_route (test_idleproof_explanation.ManagedInferencePolicyTests.test_managed_quota_exhaustion_falls_back_to_deterministic_not_another_paid_route) ... ok
2026-09-24T05:43:22.1288501Z test_pro_quota_is_exactly_1200 (test_idleproof_explanation.ManagedInferencePolicyTests.test_pro_quota_is_exactly_1200) ... ok
2026-09-24T05:43:22.1289630Z test_team_and_enterprise_are_finite_in_shared_policy (test_idleproof_explanation.ManagedInferencePolicyTests.test_team_and_enterprise_are_finite_in_shared_policy) ... ok
2026-09-24T05:43:22.1290988Z test_user_owned_compute_remains_available_on_free (test_idleproof_explanation.ManagedInferencePolicyTests.test_user_owned_compute_remains_available_on_free) ... ok
2026-09-24T05:43:22.1291998Z test_llm_context_contains_only_bounded_facts_and_style (test_idleproof_explanation.SoulAndLlmContextTests.test_llm_context_contains_only_bounded_facts_and_style) ... ok
2026-09-24T05:43:22.1292911Z test_local_soul_is_style_only_and_bounded (test_idleproof_explanation.SoulAndLlmContextTests.test_local_soul_is_style_only_and_bounded) ... ok
2026-09-24T05:43:22.1898750Z test_historical_accepted_proof_cannot_claim_drifted_worktree_is_verified (test_idleproof_freshness.IdleProofFreshnessTests.test_historical_accepted_proof_cannot_claim_drifted_worktree_is_verified) ... ok
2026-09-24T05:43:22.2063703Z test_snapshot_omits_invalid_local_protection_projection (test_idleproof_protect_projection.IdleProofProtectProjectionTests.test_snapshot_omits_invalid_local_protection_projection) ... ok
2026-09-24T05:43:22.2221320Z test_snapshot_projects_only_bounded_aggregate_protection (test_idleproof_protect_projection.IdleProofProtectProjectionTests.test_snapshot_projects_only_bounded_aggregate_protection) ... ok
2026-09-24T05:43:22.2391335Z test_auto_installs_only_detected_project_providers (test_idleproof_sidecar.IntegrationTests.test_auto_installs_only_detected_project_providers) ... ok
2026-09-24T05:43:22.2515203Z test_auto_without_a_detected_provider_is_actionable_and_non_mutating (test_idleproof_sidecar.IntegrationTests.test_auto_without_a_detected_provider_is_actionable_and_non_mutating) ... ok
2026-09-24T05:43:22.2684485Z test_install_migrates_provider_neutral_hooks_without_double_execution (test_idleproof_sidecar.IntegrationTests.test_install_migrates_provider_neutral_hooks_without_double_execution) ... ok
2026-09-24T05:43:22.2914146Z test_install_status_and_uninstall_are_non_destructive (test_idleproof_sidecar.IntegrationTests.test_install_status_and_uninstall_are_non_destructive) ... ok
2026-09-24T05:43:22.3187429Z test_local_project_identity_is_stable_and_repo_bound (test_idleproof_sidecar.IntegrationTests.test_local_project_identity_is_stable_and_repo_bound) ... ok
2026-09-24T05:43:22.3314289Z test_assurance_bridge_rejects_envelope_that_violates_privacy_boundary (test_idleproof_sidecar.PortalSidecarTests.test_assurance_bridge_rejects_envelope_that_violates_privacy_boundary) ... ok
2026-09-24T05:43:22.3537013Z test_dry_run_needs_no_token_and_exposes_bounded_snapshot (test_idleproof_sidecar.PortalSidecarTests.test_dry_run_needs_no_token_and_exposes_bounded_snapshot) ... ok
2026-09-24T05:43:22.3691585Z test_endpoint_policy_and_token_is_never_persisted (test_idleproof_sidecar.PortalSidecarTests.test_endpoint_policy_and_token_is_never_persisted) ... ok
2026-09-24T05:43:22.9044741Z test_real_local_http_sync_sends_only_bounded_snapshot_and_uses_env_token (test_idleproof_sidecar.PortalSidecarTests.test_real_local_http_sync_sends_only_bounded_snapshot_and_uses_env_token) ... ok
2026-09-24T05:43:22.9275731Z test_snapshot_is_bounded_deterministic_and_preserves_inconclusive_proof (test_idleproof_sidecar.PortalSidecarTests.test_snapshot_is_bounded_deterministic_and_preserves_inconclusive_proof) ... ok
2026-09-24T05:43:22.9544220Z test_tracked_soul_remains_part_of_the_software_tree (test_idleproof_soul_snapshot.IdleProofSoulSnapshotTests.test_tracked_soul_remains_part_of_the_software_tree) ... ok
2026-09-24T05:43:22.9726389Z test_untracked_soul_preferences_do_not_change_candidate_tree (test_idleproof_soul_snapshot.IdleProofSoulSnapshotTests.test_untracked_soul_preferences_do_not_change_candidate_tree) ... ok
2026-09-24T05:43:22.9727608Z test_api_key_cannot_be_sent_over_plain_http_except_loopback (test_idleproof_user_inference.IdleProofUserInferenceTests.test_api_key_cannot_be_sent_over_plain_http_except_loopback) ... ok
2026-09-24T05:43:22.9882996Z test_cache_is_content_addressed_by_context_endpoint_and_model (test_idleproof_user_inference.IdleProofUserInferenceTests.test_cache_is_content_addressed_by_context_endpoint_and_model) ... ok
2026-09-24T05:43:23.0130313Z test_default_dw_explain_never_builds_a_network_opener (test_idleproof_user_inference.IdleProofUserInferenceTests.test_default_dw_explain_never_builds_a_network_opener) ... ok
2026-09-24T05:43:23.0133687Z test_human_output_always_shows_deterministic_original_before_labelled_ai_wording (test_idleproof_user_inference.IdleProofUserInferenceTests.test_human_output_always_shows_deterministic_original_before_labelled_ai_wording) ... ok
2026-09-24T05:43:23.0462962Z test_managed_engine_is_impossible_from_oss_cli_and_falls_back (test_idleproof_user_inference.IdleProofUserInferenceTests.test_managed_engine_is_impossible_from_oss_cli_and_falls_back) ... ok
2026-09-24T05:43:23.0887349Z test_openrouter_uses_only_user_key_and_cache_prevents_second_provider_call (test_idleproof_user_inference.IdleProofUserInferenceTests.test_openrouter_uses_only_user_key_and_cache_prevents_second_provider_call) ... ok
2026-09-24T05:43:23.0891344Z test_provider_control_characters_are_neutralized_before_display_or_cache (test_idleproof_user_inference.IdleProofUserInferenceTests.test_provider_control_characters_are_neutralized_before_display_or_cache) ... ok
2026-09-24T05:43:23.0895017Z test_slots_presentation_units_serialize_and_provider_rewrites_only_existing_ids (test_idleproof_user_inference.IdleProofUserInferenceTests.test_slots_presentation_units_serialize_and_provider_rewrites_only_existing_ids) ... ok
2026-09-24T05:43:24.5873894Z test_minimal_sufficient_core_and_surplus_hunk (test_integration.IntegrationTests.test_minimal_sufficient_core_and_surplus_hunk) ... ok
2026-09-24T05:43:25.0307228Z test_mutual_backup_pair_is_detected (test_integration.IntegrationTests.test_mutual_backup_pair_is_detected) ... ok
2026-09-24T05:43:25.0590792Z test_snapshot_ignores_untracked_runtime_caches_but_keeps_untracked_source (test_integration.IntegrationTests.test_snapshot_ignores_untracked_runtime_caches_but_keeps_untracked_source) ... ok
2026-09-24T05:43:25.0915880Z test_tracked_cache_named_file_is_never_silently_hidden (test_integration.IntegrationTests.test_tracked_cache_named_file_is_never_silently_hidden) ... ok
2026-09-24T05:43:25.1137299Z test_worktree_snapshot_does_not_require_persistent_git_identity (test_integration.IntegrationTests.test_worktree_snapshot_does_not_require_persistent_git_identity) ... ok
2026-09-24T05:43:25.2326176Z test_explicit_french_and_precedence_preserve_view_and_never_leak (test_language.LanguageTests.test_explicit_french_and_precedence_preserve_view_and_never_leak) ... ok
2026-09-24T05:43:25.4262001Z test_french_environment_defaults_to_english_without_persisting_language (test_language.LanguageTests.test_french_environment_defaults_to_english_without_persisting_language) ... ok
2026-09-24T05:43:26.0199041Z test_french_human_surfaces_and_json_are_language_and_view_invariant (test_language.LanguageTests.test_french_human_surfaces_and_json_are_language_and_view_invariant) ... ok
2026-09-24T05:43:26.0263976Z test_invalid_choice_and_missing_repo_do_not_save_or_leak (test_language.LanguageTests.test_invalid_choice_and_missing_repo_do_not_save_or_leak) ... ok
2026-09-24T05:43:26.0358721Z test_native_protocol_and_agent_arguments_do_not_inherit_ui_language (test_language.LanguageTests.test_native_protocol_and_agent_arguments_do_not_inherit_ui_language) ... ok
2026-09-24T05:43:26.3846188Z test_same_executed_evidence_produces_identical_certificates_in_both_languages (test_language.LanguageTests.test_same_executed_evidence_produces_identical_certificates_in_both_languages) ... ok
2026-09-24T05:43:26.3896350Z test_event_sourced_lifecycle_and_reopen (test_ledger.LedgerTests.test_event_sourced_lifecycle_and_reopen) ... ok
2026-09-24T05:43:26.3915902Z test_hash_valid_but_invalid_transition_fails_closed (test_ledger.LedgerTests.test_hash_valid_but_invalid_transition_fails_closed) ... ok
2026-09-24T05:43:26.3960360Z test_project_reconciliation_only_closes_project_rules (test_ledger.LedgerTests.test_project_reconciliation_only_closes_project_rules) ... ok
2026-09-24T05:43:26.3961123Z test_semantic_identity_mismatch_fails_closed_on_load (test_ledger.LedgerTests.test_semantic_identity_mismatch_fails_closed_on_load)
2026-09-24T05:43:26.4059326Z A hash-valid imported event cannot relabel a signal under another DW id. ... ok
2026-09-24T05:43:26.4096306Z test_stale_accept_cannot_accept_debt_resolved_by_another_process (test_ledger.LedgerTests.test_stale_accept_cannot_accept_debt_resolved_by_another_process) ... ok
2026-09-24T05:43:26.4097121Z test_stale_instances_append_without_losing_events (test_ledger.LedgerTests.test_stale_instances_append_without_losing_events)
2026-09-24T05:43:26.4126599Z Two agents that loaded the same ledger must not overwrite each other. ... ok
2026-09-24T05:43:26.4127192Z test_stale_instances_do_not_double_introduce_same_debt (test_ledger.LedgerTests.test_stale_instances_do_not_double_introduce_same_debt)
2026-09-24T05:43:26.4150137Z The state decision and append must share the same lock, not only the disk write. ... ok
2026-09-24T05:43:26.4170500Z test_stale_persist_cannot_overwrite_newer_history (test_ledger.LedgerTests.test_stale_persist_cannot_overwrite_newer_history) ... ok
2026-09-24T05:43:26.4188124Z test_tampering_breaks_integrity (test_ledger.LedgerTests.test_tampering_breaks_integrity) ... ok
2026-09-24T05:43:26.4190484Z test_unknown_event_type_is_rejected (test_ledger.LedgerTests.test_unknown_event_type_is_rejected) ... ok
2026-09-24T05:43:26.4966712Z test_checkpoint_and_status_are_exposed_through_dw (test_ledger_cli.LedgerCliTests.test_checkpoint_and_status_are_exposed_through_dw) ... ok
2026-09-24T05:43:26.5086170Z test_missing_remote_is_reported_as_cli_error_not_traceback (test_ledger_cli.LedgerCliTests.test_missing_remote_is_reported_as_cli_error_not_traceback) ... DiffWitness 0.4.0a1 - counterfactual patch evidence
2026-09-24T05:43:26.5086854Z repo:      /tmp/tmpqd8op90z
2026-09-24T05:43:26.5087145Z base:      9acaa2e250e385faf6cdd64bbee14ddfe36dd1e5 (9acaa2e250e3)
2026-09-24T05:43:26.5087530Z candidate: 800c61a700062cbdea39718261db983117d94d50 (800c61a70006)
2026-09-24T05:43:26.5087941Z evidence:  "/opt/hostedtoolcache/Python/3.11.16/x64/bin/python" -m unittest discover -s tests -q
2026-09-24T05:43:26.5088309Z stability: 1 run(s) per variant
2026-09-24T05:43:26.5088523Z budget:    899.873s total; 300s per command
2026-09-24T05:43:26.5088792Z changes:   1 analyzed mutation(s); 1 changed test file(s)
2026-09-24T05:43:26.5088991Z 
2026-09-24T05:43:26.5089103Z contrast:  BASE STABLE-FAIL -> CANDIDATE STABLE-PASS
2026-09-24T05:43:26.5089285Z 
2026-09-24T05:43:26.5089414Z WITNESSED         +1/-1  auth/session.py hunk 1/1  [stable-fail]
2026-09-24T05:43:26.5089615Z 
2026-09-24T05:43:26.5089727Z summary: 1 witnessed, 0 unwitnessed, 0 inconclusive
2026-09-24T05:43:26.5090000Z core:    1 minimal sufficient set(s) of 1 hunk(s)
2026-09-24T05:43:26.5090238Z cert:    dw2_a1f065bd7572a78fbb03
2026-09-24T05:43:26.5090472Z DiffWitness Gate accepted (dw2_a1f065bd7572a78fbb03)
2026-09-24T05:43:26.5090646Z 
2026-09-24T05:43:26.5090737Z DiffWitness Guard: PROOF ACCEPTED
2026-09-24T05:43:26.5090873Z 
2026-09-24T05:43:26.5090942Z CHANGE DEBT
2026-09-24T05:43:26.5091114Z +1 point(s) / 1 obligation(s)
2026-09-24T05:43:26.5091317Z   security           +1
2026-09-24T05:43:26.5092057Z   DW-F90AD233C569 +1 security/heuristic — Security-sensitive surface changed
2026-09-24T05:43:26.5092457Z Debt budget: EXCEEDED — projected total 1; new 1
2026-09-24T05:43:26.5092726Z   ! new debt 1 exceeds per-change budget 0
2026-09-24T05:43:26.5093016Z Debt Ledger: rejected change was not admitted to the durable ledger.
2026-09-24T05:43:26.5093418Z IdleProof explanation: /tmp/tmpqd8op90z/.git/diffwitness/idleproof-explanation.json
2026-09-24T05:43:26.5093819Z Change envelope: /tmp/tmpqd8op90z/.git/diffwitness/change-envelope.json
2026-09-24T05:43:26.5094251Z Project continuity: 4 new change event(s) · dwchg_aa1b142b4efedccf00feed22
2026-09-24T05:43:26.5274966Z ok
2026-09-24T05:43:26.5278643Z test_non_object_jsonl_record_fails_closed (test_ledger_corruption.LedgerCorruptionTests.test_non_object_jsonl_record_fails_closed) ... ok
2026-09-24T05:43:26.5300591Z test_truncated_jsonl_tail_fails_closed_and_is_not_repaired_silently (test_ledger_corruption.LedgerCorruptionTests.test_truncated_jsonl_tail_fails_closed_and_is_not_repaired_silently) ... ok
2026-09-24T05:43:26.5719710Z test_checkpoint_history_is_fast_forward_only (test_ledger_transport.LedgerTransportTests.test_checkpoint_history_is_fast_forward_only) ... ok
2026-09-24T05:43:26.6006080Z test_checkpoint_is_idempotent_for_unchanged_ledger (test_ledger_transport.LedgerTransportTests.test_checkpoint_is_idempotent_for_unchanged_ledger) ... ok
2026-09-24T05:43:26.6644883Z test_checkpoint_restores_into_empty_clone_state_without_touching_head (test_ledger_transport.LedgerTransportTests.test_checkpoint_restores_into_empty_clone_state_without_touching_head) ... ok
2026-09-24T05:43:26.6892436Z test_checkpoint_tree_and_blob_are_platform_canonical (test_ledger_transport.LedgerTransportTests.test_checkpoint_tree_and_blob_are_platform_canonical) ... ok
2026-09-24T05:43:26.8006812Z test_missing_remote_ref_cannot_reuse_stale_tracking_ref (test_ledger_transport.LedgerTransportTests.test_missing_remote_ref_cannot_reuse_stale_tracking_ref) ... ok
2026-09-24T05:43:26.9566318Z test_remote_concurrent_update_never_force_overwrites (test_ledger_transport.LedgerTransportTests.test_remote_concurrent_update_never_force_overwrites) ... ok
2026-09-24T05:43:27.1077752Z test_remote_push_and_fresh_pull_round_trip (test_ledger_transport.LedgerTransportTests.test_remote_push_and_fresh_pull_round_trip) ... ok
2026-09-24T05:43:27.1415302Z test_exhausted_failed_proof_terminates_unverified (test_legacy_stop_contract.LegacyStopContractTests.test_exhausted_failed_proof_terminates_unverified) ... ok
2026-09-24T05:43:27.1611285Z test_missing_or_invalid_start_state_terminates_unverified_without_a_loop (test_legacy_stop_contract.LegacyStopContractTests.test_missing_or_invalid_start_state_terminates_unverified_without_a_loop) ... ok
2026-09-24T05:43:27.1853862Z test_no_change_success_omits_decision (test_legacy_stop_contract.LegacyStopContractTests.test_no_change_success_omits_decision) ... ok
2026-09-24T05:43:27.1856275Z test_payload_contract_reserves_decision_for_blocks (test_legacy_stop_contract.LegacyStopContractTests.test_payload_contract_reserves_decision_for_blocks) ... ok
2026-09-24T05:43:27.6419802Z test_native_proof_debt_understand_and_status_use_real_worktree_metadata (test_linked_worktree_product.LinkedWorktreeProductTests.test_native_proof_debt_understand_and_status_use_real_worktree_metadata) ... ok
2026-09-24T05:43:27.7978133Z test_damaged_or_duplicate_marker_blocks_fail_closed_without_rewriting_user_rules (test_local_git_state.LocalGitStateTests.test_damaged_or_duplicate_marker_blocks_fail_closed_without_rewriting_user_rules) ... ok
2026-09-24T05:43:27.8248396Z test_local_excludes_are_idempotent_preserve_user_rules_and_keep_tracked_files_visible (test_local_git_state.LocalGitStateTests.test_local_excludes_are_idempotent_preserve_user_rules_and_keep_tracked_files_visible) ... ok
2026-09-24T05:43:27.8394073Z test_setup_install_fails_before_sidecar_if_git_metadata_cannot_be_prepared (test_local_git_state.LocalGitStateTests.test_setup_install_fails_before_sidecar_if_git_metadata_cannot_be_prepared) ... ok
2026-09-24T05:43:27.8715214Z test_setup_install_prepares_local_excludes_before_sidecar_runs (test_local_git_state.LocalGitStateTests.test_setup_install_prepares_local_excludes_before_sidecar_runs) ... ok
2026-09-24T05:43:29.8390413Z test_all_kinds_nonascii_and_fr_en_keep_same_citations (test_memory_code.MemoryCodeTests.test_all_kinds_nonascii_and_fr_en_keep_same_citations) ... ok
2026-09-24T05:43:30.4243705Z test_code_drift_revalidation_keeps_authorities_and_index (test_memory_code.MemoryCodeTests.test_code_drift_revalidation_keeps_authorities_and_index) ... ok
2026-09-24T05:43:30.8720751Z test_deleted_and_explicitly_moved_reference (test_memory_code.MemoryCodeTests.test_deleted_and_explicitly_moved_reference) ... ok
2026-09-24T05:43:31.3251100Z test_deleted_role_can_be_explicitly_cleared_but_not_both_roles (test_memory_code.MemoryCodeTests.test_deleted_role_can_be_explicitly_cleared_but_not_both_roles) ... ok
2026-09-24T05:43:31.3951814Z test_forged_git_digest_cannot_be_reported_as_unchanged (test_memory_code.MemoryCodeTests.test_forged_git_digest_cannot_be_reported_as_unchanged) ... ok
2026-09-24T05:43:31.5195958Z test_forged_source_reference_rejected_on_all_readers (test_memory_code.MemoryCodeTests.test_forged_source_reference_rejected_on_all_readers) ... ok
2026-09-24T05:43:31.9975293Z test_invalid_selections_and_inactive_memory_do_not_append (test_memory_code.MemoryCodeTests.test_invalid_selections_and_inactive_memory_do_not_append) ... ok
2026-09-24T05:43:32.5193394Z test_missing_baseline_object_and_corrupt_bytes_fail_closed (test_memory_code.MemoryCodeTests.test_missing_baseline_object_and_corrupt_bytes_fail_closed) ... ok
2026-09-24T05:43:32.5910577Z test_schema_authority_and_subject_collision_rejected (test_memory_code.MemoryCodeTests.test_schema_authority_and_subject_collision_rejected) ... ok
2026-09-24T05:43:33.1927991Z test_stale_binding_and_memory_revision_fail_atomically (test_memory_code.MemoryCodeTests.test_stale_binding_and_memory_revision_fail_atomically) ... ok
2026-09-24T05:43:33.3566255Z test_types_and_budgets_fail_without_false_unchanged (test_memory_code.MemoryCodeTests.test_types_and_budgets_fail_without_false_unchanged) ... ok
2026-09-24T05:43:35.6477233Z test_all_four_kinds_confirm_retire_and_reconsider_preserve_assertion (test_memory_lifecycle.MemoryLifecycleTests.test_all_four_kinds_confirm_retire_and_reconsider_preserve_assertion) ... ok
2026-09-24T05:43:35.7734288Z test_confirmation_does_not_promote_or_replace_original_assertion_authority (test_memory_lifecycle.MemoryLifecycleTests.test_confirmation_does_not_promote_or_replace_original_assertion_authority) ... ok
2026-09-24T05:43:35.8859015Z test_hash_valid_invalid_revision_is_rejected_by_checkpoint_and_old_cache (test_memory_lifecycle.MemoryLifecycleTests.test_hash_valid_invalid_revision_is_rejected_by_checkpoint_and_old_cache) ... ok
2026-09-24T05:43:36.7616590Z test_installed_presentations_retain_failed_approaches_and_distinct_review_authority (test_memory_lifecycle.MemoryLifecycleTests.test_installed_presentations_retain_failed_approaches_and_distinct_review_authority) ... ok
2026-09-24T05:43:37.2141036Z test_invalid_replacements_and_unknown_kind_fail_without_partial_history (test_memory_lifecycle.MemoryLifecycleTests.test_invalid_replacements_and_unknown_kind_fail_without_partial_history) ... ok
2026-09-24T05:43:37.2525317Z test_profile_cannot_promote_judgment_or_smuggle_replacement_relations (test_memory_lifecycle.MemoryLifecycleTests.test_profile_cannot_promote_judgment_or_smuggle_replacement_relations) ... ok
2026-09-24T05:43:37.4132304Z test_public_redeclaration_of_managed_identity_is_a_controlled_rejection (test_memory_lifecycle.MemoryLifecycleTests.test_public_redeclaration_of_managed_identity_is_a_controlled_rejection) ... ok
2026-09-24T05:43:37.6822867Z test_rejected_memory_and_edges_do_not_seed_context_but_history_remains (test_memory_lifecycle.MemoryLifecycleTests.test_rejected_memory_and_edges_do_not_seed_context_but_history_remains) ... ok
2026-09-24T05:43:37.8059506Z test_stale_revision_is_rejected_atomically_and_source_cannot_be_overwritten (test_memory_lifecycle.MemoryLifecycleTests.test_stale_revision_is_rejected_atomically_and_source_cannot_be_overwritten) ... ok
2026-09-24T05:43:38.1570248Z test_supersession_is_immutable_and_bidirectional_with_exact_replacement_reference (test_memory_lifecycle.MemoryLifecycleTests.test_supersession_is_immutable_and_bidirectional_with_exact_replacement_reference) ... ok
2026-09-24T05:43:38.1824816Z test_codex_configuration_never_implies_provider_trust (test_native_activation.NativeActivationTests.test_codex_configuration_never_implies_provider_trust) ... ok
2026-09-24T05:43:38.4603595Z test_concurrent_provider_observations_do_not_lose_updates (test_native_activation.NativeActivationTests.test_concurrent_provider_observations_do_not_lose_updates) ... ok
2026-09-24T05:43:38.4892491Z test_linked_worktree_uses_real_git_metadata_and_keeps_activation_local (test_native_activation.NativeActivationTests.test_linked_worktree_uses_real_git_metadata_and_keeps_activation_local) ... ok
2026-09-24T05:43:38.5076015Z test_start_cause_cannot_be_mistaken_for_a_provider (test_native_activation.NativeActivationTests.test_start_cause_cannot_be_mistaken_for_a_provider) ... ok
2026-09-24T05:43:38.5320853Z test_successful_provider_session_start_records_real_observation (test_native_activation.NativeActivationTests.test_successful_provider_session_start_records_real_observation) ... ok
2026-09-24T05:43:38.5456024Z test_unknown_source_cannot_fabricate_native_provider_observation (test_native_activation.NativeActivationTests.test_unknown_source_cannot_fabricate_native_provider_observation) ... ok
2026-09-24T05:43:38.6002867Z test_native_prompt_context_never_tells_active_agent_to_launch_guard (test_native_hook_contracts.NativeHookContractTests.test_native_prompt_context_never_tells_active_agent_to_launch_guard) ... ok
2026-09-24T05:43:38.6556117Z test_native_prompt_without_session_start_does_not_spawn_fallback_agent (test_native_hook_contracts.NativeHookContractTests.test_native_prompt_without_session_start_does_not_spawn_fallback_agent) ... ok
2026-09-24T05:43:38.6557093Z test_stop_block_preserves_block_and_reason (test_native_hook_contracts.NativeHookContractTests.test_stop_block_preserves_block_and_reason) ... ok
2026-09-24T05:43:38.6558143Z test_stop_success_omits_unsupported_approve_decision (test_native_hook_contracts.NativeHookContractTests.test_stop_success_omits_unsupported_approve_decision) ... ok
2026-09-24T05:43:38.6559272Z test_terminal_stop_failure_never_requests_another_agent_turn (test_native_hook_contracts.NativeHookContractTests.test_terminal_stop_failure_never_requests_another_agent_turn) ... ok
2026-09-24T05:43:38.7008001Z test_committed_patch_round_trip_preserves_mixed_endings_and_utf8_context (test_native_patch_bytes.NativePatchBytesTests.test_committed_patch_round_trip_preserves_mixed_endings_and_utf8_context) ... ok
2026-09-24T05:43:40.2490466Z test_native_staged_unborn_counterfactual_uses_exact_lf_and_crlf_bytes (test_native_patch_bytes.NativePatchBytesTests.test_native_staged_unborn_counterfactual_uses_exact_lf_and_crlf_bytes) ... ok
2026-09-24T05:43:40.2687165Z test_a_new_scope_never_reuses_a_previous_git_resolution (test_native_prompt_resolution.NativeResolutionTests.test_a_new_scope_never_reuses_a_previous_git_resolution) ... ok
2026-09-24T05:43:40.3177315Z test_historical_corruption_between_prompts_cannot_reuse_advisory_memory (test_native_prompt_resolution.NativeResolutionTests.test_historical_corruption_between_prompts_cannot_reuse_advisory_memory) ... ok
2026-09-24T05:43:40.3352265Z test_linked_worktree_roots_are_distinct_but_journal_is_shared (test_native_prompt_resolution.NativeResolutionTests.test_linked_worktree_roots_are_distinct_but_journal_is_shared) ... Preparing worktree (detached HEAD 3cb1a2c)
2026-09-24T05:43:40.3453340Z ok
2026-09-24T05:43:40.4243674Z test_native_prompt_reuses_only_repository_paths_within_one_invocation (test_native_prompt_resolution.NativeResolutionTests.test_native_prompt_reuses_only_repository_paths_within_one_invocation) ... ok
2026-09-24T05:43:40.4513509Z test_scoped_paths_are_discarded_on_exit_and_exception (test_native_prompt_resolution.NativeResolutionTests.test_scoped_paths_are_discarded_on_exit_and_exception) ... ok
2026-09-24T05:43:45.6646190Z test_generated_hooks_complete_all_guided_and_technical_provider_journeys (test_native_setup_journeys.NativeSetupJourneyTests.test_generated_hooks_complete_all_guided_and_technical_provider_journeys) ... ok
2026-09-24T05:43:45.6665768Z test_invalid_bytes_are_not_reinterpreted_as_locale_text (test_native_utf8_protocol.NativeUtf8ProtocolTests.test_invalid_bytes_are_not_reinterpreted_as_locale_text) ... ok
2026-09-24T05:43:45.9521065Z test_real_adapters_ignore_locale_for_native_utf8_input_and_output (test_native_utf8_protocol.NativeUtf8ProtocolTests.test_real_adapters_ignore_locale_for_native_utf8_input_and_output) ... ok
2026-09-24T05:43:45.9523054Z test_text_streams_and_non_object_payloads_keep_existing_contract (test_native_utf8_protocol.NativeUtf8ProtocolTests.test_text_streams_and_non_object_payloads_keep_existing_contract) ... ok
2026-09-24T05:43:45.9709733Z test_nested_idleproof_and_agent_hook_state_are_not_software_changes (test_nested_idleproof_plumbing.NestedLocalToolArtifactsTests.test_nested_idleproof_and_agent_hook_state_are_not_software_changes) ... ok
2026-09-24T05:43:45.9710960Z test_distinct_invalid_bytes_are_rejected_before_identity (test_patch_encoding_boundary.PatchEncodingBoundaryTests.test_distinct_invalid_bytes_are_rejected_before_identity) ... ok
2026-09-24T05:43:46.0482179Z test_real_prove_rejects_non_utf8_before_analysis_or_outputs (test_patch_encoding_boundary.PatchEncodingBoundaryTests.test_real_prove_rejects_non_utf8_before_analysis_or_outputs) ... ok
2026-09-24T05:43:46.5615366Z test_utf8_prove_persists_certificate_and_exact_crlf_reduction (test_patch_encoding_boundary.PatchEncodingBoundaryTests.test_utf8_prove_persists_certificate_and_exact_crlf_reduction) ... ok
2026-09-24T05:43:46.6040844Z test_native_handoff_blocks_an_intact_but_canonically_unaccepted_proof_before_debt_or_continuity (test_plugin_context_hook.PluginContextHookTests.test_native_handoff_blocks_an_intact_but_canonically_unaccepted_proof_before_debt_or_continuity) ... ok
2026-09-24T05:43:47.4306321Z test_native_session_stop_converges_on_proof_debt_envelope_and_continuity_without_guard_wrapper (test_plugin_context_hook.PluginContextHookTests.test_native_session_stop_converges_on_proof_debt_envelope_and_continuity_without_guard_wrapper) ... ok
2026-09-24T05:43:47.5077186Z test_prompt_submit_fails_open_outside_git_repository (test_plugin_context_hook.PluginContextHookTests.test_prompt_submit_fails_open_outside_git_repository) ... ok
2026-09-24T05:43:47.6650098Z test_prompt_submit_injects_bounded_epistemic_context_without_persisting_prompt (test_plugin_context_hook.PluginContextHookTests.test_prompt_submit_injects_bounded_epistemic_context_without_persisting_prompt) ... ok
2026-09-24T05:43:47.7759764Z test_prompt_submit_without_text_is_noop (test_plugin_context_hook.PluginContextHookTests.test_prompt_submit_without_text_is_noop) ... ok
2026-09-24T05:43:47.7760563Z test_help_exposes_only_diffwitness_commands (test_portal_proxy.PortalProxyTests.test_help_exposes_only_diffwitness_commands) ... ok
2026-09-24T05:43:47.7767513Z test_local_git_exclude_failure_blocks_state_creating_commands (test_portal_proxy.PortalProxyTests.test_local_git_exclude_failure_blocks_state_creating_commands) ... ok
2026-09-24T05:43:47.7773056Z test_missing_sidecar_is_actionable (test_portal_proxy.PortalProxyTests.test_missing_sidecar_is_actionable) ... ok
2026-09-24T05:43:47.7781137Z test_proxy_forwards_argv_without_shell_or_token_rewriting (test_portal_proxy.PortalProxyTests.test_proxy_forwards_argv_without_shell_or_token_rewriting) ... ok
2026-09-24T05:43:47.7794065Z test_snapshot_is_local_and_does_not_require_sidecar_or_portal_config (test_portal_proxy.PortalProxyTests.test_snapshot_is_local_and_does_not_require_sidecar_or_portal_config) ... ok
2026-09-24T05:43:47.7798928Z test_snapshot_rejects_unknown_options_without_network_or_sidecar (test_portal_proxy.PortalProxyTests.test_snapshot_rejects_unknown_options_without_network_or_sidecar) ... ok
2026-09-24T05:43:47.7806508Z test_start_failure_does_not_expose_internal_sidecar_term (test_portal_proxy.PortalProxyTests.test_start_failure_does_not_expose_internal_sidecar_term) ... ok
2026-09-24T05:43:47.7807740Z test_unknown_sidecar_surface_is_rejected (test_portal_proxy.PortalProxyTests.test_unknown_sidecar_surface_is_rejected) ... ok
2026-09-24T05:43:47.7808841Z test_balanced_and_strict_policies_are_distinct (test_proof_cli.ProofCliTests.test_balanced_and_strict_policies_are_distinct) ... ok
2026-09-24T05:43:47.7880443Z test_doctor_explains_default_detection (test_proof_cli.ProofCliTests.test_doctor_explains_default_detection) ... ok
2026-09-24T05:43:48.0173313Z test_guard_adaptive_accepts_one_hunk_proven_fix (test_proof_cli.ProofCliTests.test_guard_adaptive_accepts_one_hunk_proven_fix) ... ok
2026-09-24T05:43:48.3745327Z test_guard_auto_routes_large_enough_patch_to_adaptive_and_rejects_surplus (test_proof_cli.ProofCliTests.test_guard_auto_routes_large_enough_patch_to_adaptive_and_rejects_surplus) ... 
2026-09-24T05:43:48.3746245Z DiffWitness Guard: PROOF REJECTED - Adaptive Core found 1 mutation(s) removable while preserving the selected stable evidence
2026-09-24T05:43:48.3765777Z ok
2026-09-24T05:43:48.4278391Z test_guard_captures_pre_agent_state_and_accepts_proven_fix (test_proof_cli.ProofCliTests.test_guard_captures_pre_agent_state_and_accepts_proven_fix) ... DiffWitness Guard armed at e36c921ae360
2026-09-24T05:43:48.4279204Z Evidence: "/opt/hostedtoolcache/Python/3.11.16/x64/bin/python" -m unittest discover -s tests -q
2026-09-24T05:43:48.4279571Z Policy:   strict
2026-09-24T05:43:48.4279740Z Strategy: adaptive
2026-09-24T05:43:48.4279960Z Budget:   900s proof wall clock
2026-09-24T05:43:48.4280088Z 
2026-09-24T05:43:48.4280257Z DiffWitness Guard selected adaptive proof for 1 production mutation(s).
2026-09-24T05:43:48.4280562Z DiffWitness Adaptive Core
2026-09-24T05:43:48.4280748Z contrast:    PROVEN
2026-09-24T05:43:48.4280920Z mutations:   1 original
2026-09-24T05:43:48.4281101Z core:        1 retained
2026-09-24T05:43:48.4281470Z removable:   0 observed removable
2026-09-24T05:43:48.4281679Z experiments: 1/40
2026-09-24T05:43:48.4282010Z 1-minimal:   yes
2026-09-24T05:43:48.4282255Z certificate: dwac1_767bc8af126ae46c6cfb
2026-09-24T05:43:48.4282402Z 
2026-09-24T05:43:48.4282478Z Causal core:
2026-09-24T05:43:48.4282650Z   KEEP    calc.py hunk 1/1
2026-09-24T05:43:48.4282776Z 
2026-09-24T05:43:48.4282910Z DiffWitness Guard: PROOF ACCEPTED (dwac1_767bc8af126ae46c6cfb)
2026-09-24T05:43:48.4283192Z DiffWitness Guard armed at 70f8b25c8345
2026-09-24T05:43:48.4283559Z Evidence: "/opt/hostedtoolcache/Python/3.11.16/x64/bin/python" -m unittest discover -s tests -q
2026-09-24T05:43:48.4283909Z Policy:   balanced
2026-09-24T05:43:48.4284081Z Strategy: auto
2026-09-24T05:43:48.4284250Z Budget:   900s proof wall clock
2026-09-24T05:43:48.4284370Z 
2026-09-24T05:43:48.4284557Z DiffWitness Guard selected adaptive proof for 2 production mutation(s).
2026-09-24T05:43:48.4284856Z DiffWitness Adaptive Core
2026-09-24T05:43:48.4285043Z contrast:    PROVEN
2026-09-24T05:43:48.4285213Z mutations:   2 original
2026-09-24T05:43:48.4285384Z core:        1 retained
2026-09-24T05:43:48.4285570Z removable:   1 observed removable
2026-09-24T05:43:48.4285770Z experiments: 3/10
2026-09-24T05:43:48.4285942Z 1-minimal:   yes
2026-09-24T05:43:48.4286119Z certificate: dwac1_499179a055073dd38165
2026-09-24T05:43:48.4286252Z 
2026-09-24T05:43:48.4286321Z Causal core:
2026-09-24T05:43:48.4286485Z   KEEP    calc.py hunk 1/2
2026-09-24T05:43:48.4286597Z 
2026-09-24T05:43:48.4286680Z Evidence-removable surface:
2026-09-24T05:43:48.4287131Z   REVIEW  calc.py hunk 2/2 — def add(a, b):
2026-09-24T05:43:48.4287371Z DiffWitness Guard armed at 07be16e1c2a3
2026-09-24T05:43:48.4287720Z Evidence: "/opt/hostedtoolcache/Python/3.11.16/x64/bin/python" -m unittest discover -s tests -q
2026-09-24T05:43:48.4288052Z Policy:   strict
2026-09-24T05:43:48.4288215Z Strategy: auto
2026-09-24T05:43:48.4288388Z Budget:   900s proof wall clock
2026-09-24T05:43:48.4288503Z 
2026-09-24T05:43:48.4288671Z DiffWitness Guard selected exhaustive proof for 1 production mutation(s).
2026-09-24T05:43:48.6691025Z ok
2026-09-24T05:43:48.7213327Z test_guard_rejects_scope_creep_under_strict_policy (test_proof_cli.ProofCliTests.test_guard_rejects_scope_creep_under_strict_policy) ... DiffWitness 0.4.0a1 - counterfactual patch evidence
2026-09-24T05:43:48.7214382Z repo:      /tmp/tmpl3n81trd
2026-09-24T05:43:48.7214823Z base:      07be16e1c2a3f8bf9522fd3806b796f2f5c842bf (07be16e1c2a3)
2026-09-24T05:43:48.7215401Z candidate: a41890a005105984ba183a794a1fa44667c9e91b (a41890a00510)
2026-09-24T05:43:48.7216360Z evidence:  "/opt/hostedtoolcache/Python/3.11.16/x64/bin/python" -m unittest discover -s tests -q
2026-09-24T05:43:48.7216968Z stability: 1 run(s) per variant
2026-09-24T05:43:48.7217302Z budget:    900s total; 300s per command
2026-09-24T05:43:48.7217719Z changes:   1 analyzed mutation(s); 1 changed test file(s)
2026-09-24T05:43:48.7218028Z 
2026-09-24T05:43:48.7218209Z contrast:  BASE STABLE-FAIL -> CANDIDATE STABLE-PASS
2026-09-24T05:43:48.7218519Z 
2026-09-24T05:43:48.7218701Z WITNESSED         +1/-1  calc.py hunk 1/1  [stable-fail]
2026-09-24T05:43:48.7219021Z 
2026-09-24T05:43:48.7219196Z summary: 1 witnessed, 0 unwitnessed, 0 inconclusive
2026-09-24T05:43:48.7219638Z core:    1 minimal sufficient set(s) of 1 hunk(s)
2026-09-24T05:43:48.7220018Z cert:    dw2_a48c3685364e7a8e95e7
2026-09-24T05:43:48.7220234Z 
2026-09-24T05:43:48.7220445Z DiffWitness Guard: PROOF ACCEPTED (dw2_a48c3685364e7a8e95e7)
2026-09-24T05:43:48.7220906Z DiffWitness Guard armed at 70f8b25c8345
2026-09-24T05:43:48.7221517Z Evidence: "/opt/hostedtoolcache/Python/3.11.16/x64/bin/python" -m unittest discover -s tests -q
2026-09-24T05:43:48.7222258Z Policy:   strict
2026-09-24T05:43:48.7222523Z Strategy: auto
2026-09-24T05:43:48.7222792Z Budget:   900s proof wall clock
2026-09-24T05:43:48.7222992Z 
2026-09-24T05:43:48.7223250Z DiffWitness Guard selected exhaustive proof for 2 production mutation(s).
2026-09-24T05:43:49.0934471Z 
2026-09-24T05:43:49.0936744Z DiffWitness Guard: PROOF REJECTED - 1 strong surplus candidate hunk(s) were found
2026-09-24T05:43:49.0957530Z ok
2026-09-24T05:43:51.5979000Z test_all_real_public_producers_verify_then_feed_debt_unchanged (test_proof_debt_families.ProofDebtFamilyTests.test_all_real_public_producers_verify_then_feed_debt_unchanged) ... ok
2026-09-24T05:43:52.8768314Z test_binding_conflicts_and_unknown_schemas_are_refused_by_both_readers (test_proof_debt_families.ProofDebtFamilyTests.test_binding_conflicts_and_unknown_schemas_are_refused_by_both_readers) ... ok
2026-09-24T05:43:54.6850587Z test_wrong_base_is_refused_before_measurement_for_every_real_family (test_proof_debt_families.ProofDebtFamilyTests.test_wrong_base_is_refused_before_measurement_for_every_real_family) ... ok
2026-09-24T05:43:55.8791808Z test_reference_semantics_all_hold (test_proofbench.ProofBenchTests.test_reference_semantics_all_hold) ... ok
2026-09-24T05:43:55.9048294Z test_codex_requires_live_activation_then_becomes_ready_after_observed_hook (test_protect.ProtectTests.test_codex_requires_live_activation_then_becomes_ready_after_observed_hook) ... ok
2026-09-24T05:43:55.9314465Z test_codex_safe_live_hook_promotes_readiness_without_a_risk_finding (test_protect.ProtectTests.test_codex_safe_live_hook_promotes_readiness_without_a_risk_finding) ... ok
2026-09-24T05:43:55.9385772Z test_default_is_off_and_never_gates (test_protect.ProtectTests.test_default_is_off_and_never_gates) ... ok
2026-09-24T05:43:55.9488080Z test_external_harness_marker_delegates_without_force (test_protect.ProtectTests.test_external_harness_marker_delegates_without_force) ... ok
2026-09-24T05:43:55.9693208Z test_force_builtin_merges_and_disable_preserves_foreign_hooks (test_protect.ProtectTests.test_force_builtin_merges_and_disable_preserves_foreign_hooks) ... ok
2026-09-24T05:43:55.9824278Z test_no_detected_adapter_does_not_create_provider_scaffolds (test_protect.ProtectTests.test_no_detected_adapter_does_not_create_provider_scaffolds) ... ok
2026-09-24T05:43:56.0012447Z test_observe_policy_records_but_does_not_block (test_protect.ProtectTests.test_observe_policy_records_but_does_not_block) ... ok
2026-09-24T05:43:56.1605752Z test_parallel_first_codex_hooks_record_one_durable_activation (test_protect.ProtectTests.test_parallel_first_codex_hooks_record_one_durable_activation) ... ok
2026-09-24T05:43:56.3381123Z test_parallel_receipt_appends_preserve_one_valid_chain (test_protect.ProtectTests.test_parallel_receipt_appends_preserve_one_valid_chain) ... ok
2026-09-24T05:43:56.3550300Z test_post_tool_reports_invalid_json_as_observed (test_protect.ProtectTests.test_post_tool_reports_invalid_json_as_observed) ... ok
2026-09-24T05:43:56.3727365Z test_receipt_integrity_detects_tampering (test_protect.ProtectTests.test_receipt_integrity_detects_tampering) ... ok
2026-09-24T05:43:56.3889703Z test_secret_is_blocked_but_secret_value_is_not_persisted (test_protect.ProtectTests.test_secret_is_blocked_but_secret_value_is_not_persisted) ... ok
2026-09-24T05:43:56.4051139Z test_standard_blocks_destructive_git_without_recording_raw_command (test_protect.ProtectTests.test_standard_blocks_destructive_git_without_recording_raw_command) ... ok
2026-09-24T05:43:56.4111265Z test_status_is_bounded_and_contains_no_raw_agent_data (test_protect.ProtectTests.test_status_is_bounded_and_contains_no_raw_agent_data) ... ok
2026-09-24T05:43:56.4326590Z test_strict_dependency_install_blocks_on_current_codex_adapter (test_protect.ProtectTests.test_strict_dependency_install_blocks_on_current_codex_adapter) ... ok
2026-09-24T05:43:56.4538076Z test_strict_dependency_install_requests_confirmation_for_claude (test_protect.ProtectTests.test_strict_dependency_install_requests_confirmation_for_claude) ... ok
2026-09-24T05:43:56.4640103Z test_tampered_tail_cannot_be_silently_extended (test_protect.ProtectTests.test_tampered_tail_cannot_be_silently_extended) ... ok
2026-09-24T05:43:56.4801744Z test_write_outside_repository_is_blocked (test_protect.ProtectTests.test_write_outside_repository_is_blocked) ... ok
2026-09-24T05:43:56.5093130Z test_claude_protect_uses_exec_form_and_preserves_native_hooks (test_protect_claude_exec_hooks.ProtectClaudeExecHookTests.test_claude_protect_uses_exec_form_and_preserves_native_hooks) ... ok
2026-09-24T05:43:56.5282541Z test_dry_run_clean_is_not_misclassified_as_forced (test_protect_command_normalization.ProtectCommandNormalizationTests.test_dry_run_clean_is_not_misclassified_as_forced) ... ok
2026-09-24T05:43:56.5744365Z test_git_global_options_cannot_bypass_forced_clean (test_protect_command_normalization.ProtectCommandNormalizationTests.test_git_global_options_cannot_bypass_forced_clean) ... ok
2026-09-24T05:43:56.6145682Z test_global_options_are_normalized_for_other_destructive_git_subcommands (test_protect_command_normalization.ProtectCommandNormalizationTests.test_global_options_are_normalized_for_other_destructive_git_subcommands) ... ok
2026-09-24T05:43:56.6271273Z test_protect_honors_explicit_setup_adapter_scope (test_protect_command_normalization.ProtectCommandNormalizationTests.test_protect_honors_explicit_setup_adapter_scope) ... ok
2026-09-24T05:43:56.6675367Z test_forced_git_clean_is_denied_before_execution_and_never_mints_proof (test_protect_destructive_end_to_end.ProtectDestructiveEndToEndTests.test_forced_git_clean_is_denied_before_execution_and_never_mints_proof) ... ok
2026-09-24T05:43:56.6687570Z test_block_maps_to_provider_deny_without_allow_override (test_protect_ide_bridge.ProtectIdeBridgeTests.test_block_maps_to_provider_deny_without_allow_override) ... ok
2026-09-24T05:43:56.6692475Z test_clean_action_emits_no_permission_decision (test_protect_ide_bridge.ProtectIdeBridgeTests.test_clean_action_emits_no_permission_decision) ... ok
2026-09-24T05:43:56.6697248Z test_post_tool_feedback_is_explicitly_observed (test_protect_ide_bridge.ProtectIdeBridgeTests.test_post_tool_feedback_is_explicitly_observed) ... ok
2026-09-24T05:43:56.6700738Z test_pre_tool_bridge_failure_fails_closed (test_protect_ide_bridge.ProtectIdeBridgeTests.test_pre_tool_bridge_failure_fails_closed) ... ok
2026-09-24T05:43:56.6706437Z test_strict_confirmation_maps_to_provider_ask (test_protect_ide_bridge.ProtectIdeBridgeTests.test_strict_confirmation_maps_to_provider_ask) ... ok
2026-09-24T05:43:56.7801047Z test_codex_reenable_waits_for_observation_without_inventing_trust_state (test_provider_trust_readiness.ProviderTrustReadinessTests.test_codex_reenable_waits_for_observation_without_inventing_trust_state) ... ok
2026-09-24T05:43:56.7852491Z test_missing_native_observation_does_not_prove_pending_approval (test_provider_trust_readiness.ProviderTrustReadinessTests.test_missing_native_observation_does_not_prove_pending_approval) ... ok
2026-09-24T05:43:56.7853726Z test_entry_resolves_to_v03_package_frontend (test_public_frontend.PublicFrontendTests.test_entry_resolves_to_v03_package_frontend) ... ok
2026-09-24T05:43:56.7983324Z test_preservation_certificate_is_integrity_and_tree_verifiable (test_public_frontend.PublicFrontendTests.test_preservation_certificate_is_integrity_and_tree_verifiable) ... DiffWitness 0.4.0a1 - counterfactual patch evidence
2026-09-24T05:43:56.7984605Z repo:      /tmp/tmpzweqpird
2026-09-24T05:43:56.7984998Z base:      70f8b25c8345cfe87b8dc6849de4b278c9ac897b (70f8b25c8345)
2026-09-24T05:43:56.7985496Z candidate: a63bd3cf44258c726b49e14ddfc66c4f82e52c45 (a63bd3cf4425)
2026-09-24T05:43:56.7985925Z evidence:  "/opt/hostedtoolcache/Python/3.11.16/x64/bin/python" -m unittest discover -s tests -q
2026-09-24T05:43:56.7986297Z stability: 1 run(s) per variant
2026-09-24T05:43:56.7986509Z budget:    900s total; 300s per command
2026-09-24T05:43:56.7986768Z changes:   2 analyzed mutation(s); 1 changed test file(s)
2026-09-24T05:43:56.7986974Z 
2026-09-24T05:43:56.7987088Z contrast:  BASE STABLE-FAIL -> CANDIDATE STABLE-PASS
2026-09-24T05:43:56.7987260Z 
2026-09-24T05:43:56.7987371Z WITNESSED         +1/-1  calc.py hunk 1/2  [stable-fail]
2026-09-24T05:43:56.7987979Z UNWITNESSED       +1/-1  calc.py hunk 2/2 — def add(a, b):  [stable-pass]
2026-09-24T05:43:56.7988196Z 
2026-09-24T05:43:56.7988308Z summary: 1 witnessed, 1 unwitnessed, 0 inconclusive
2026-09-24T05:43:56.7988833Z core:    1 minimal sufficient set(s) of 1 hunk(s)
2026-09-24T05:43:56.7989084Z surplus: 1 strong surplus candidate hunk(s)
2026-09-24T05:43:56.7989321Z cert:    dw2_e735d873379e5220bac8
2026-09-24T05:43:56.9949067Z DiffWitness Gate: preservation-evidence under balanced policy (dwa1_2b9408d554788a22336d)
2026-09-24T05:43:56.9949875Z DiffWitness Gate accepted: balanced policy accepts stable preservation assurance
2026-09-24T05:43:56.9950888Z Project continuity: 2 new change event(s) · dwchg_17871c41ed519790d3e6ab9a
2026-09-24T05:43:57.0130008Z ok
2026-09-24T05:43:57.1112341Z test_current_proof_staleness_is_independent_of_native_readiness (test_readiness.ReadinessTests.test_current_proof_staleness_is_independent_of_native_readiness) ... ok
2026-09-24T05:43:57.1410589Z test_historical_observation_does_not_hide_missing_hook_or_executable (test_readiness.ReadinessTests.test_historical_observation_does_not_hide_missing_hook_or_executable) ... ok
2026-09-24T05:43:57.2735063Z test_ht005_missing_hooks_preserves_configured_but_repairs_in_every_view (test_readiness.ReadinessTests.test_ht005_missing_hooks_preserves_configured_but_repairs_in_every_view) ... ok
2026-09-24T05:43:57.4271516Z test_ht012_unobserved_then_observed_is_independent_of_provider_trust_and_proof (test_readiness.ReadinessTests.test_ht012_unobserved_then_observed_is_independent_of_provider_trust_and_proof) ... ok
2026-09-24T05:43:57.4661430Z test_mixed_adapters_do_not_hide_the_unobserved_one (test_readiness.ReadinessTests.test_mixed_adapters_do_not_hide_the_unobserved_one) ... ok
2026-09-24T05:43:57.5501191Z test_protect_optional_delegated_and_pending_are_separate_from_proof (test_readiness.ReadinessTests.test_protect_optional_delegated_and_pending_are_separate_from_proof) ... ok
2026-09-24T05:43:57.5774218Z test_verification_preflight_does_not_run_the_command (test_readiness.ReadinessTests.test_verification_preflight_does_not_run_the_command) ... ok
2026-09-24T05:43:57.5780029Z test_all_canonical_release_gates_requalify_main_merges (test_release_metadata.ReleaseMetadataTests.test_all_canonical_release_gates_requalify_main_merges) ... ok
2026-09-24T05:43:57.5784680Z test_distributed_hook_locations_match_local_desktop_and_cli_contracts (test_release_metadata.ReleaseMetadataTests.test_distributed_hook_locations_match_local_desktop_and_cli_contracts) ... ok
2026-09-24T05:43:57.5790633Z test_launch_docs_keep_native_agents_primary_and_guided_first (test_release_metadata.ReleaseMetadataTests.test_launch_docs_keep_native_agents_primary_and_guided_first) ... ok
2026-09-24T05:43:57.5798487Z test_python_and_plugin_versions_describe_the_same_release (test_release_metadata.ReleaseMetadataTests.test_python_and_plugin_versions_describe_the_same_release) ... ok
2026-09-24T05:43:57.5800038Z test_release_blocks_publication_until_exact_tag_consumer_passes (test_release_metadata.ReleaseMetadataTests.test_release_blocks_publication_until_exact_tag_consumer_passes) ... ok
2026-09-24T05:43:57.6212779Z test_repay_closes_historical_test_debt_only_after_discriminating_replay (test_repay_flow.RepayFlowTests.test_repay_closes_historical_test_debt_only_after_discriminating_replay) ... certificate: dwa1_2b9408d554788a22336d
2026-09-24T05:43:57.6213988Z integrity:   valid
2026-09-24T05:43:57.6214275Z freshness:   fresh against WORKTREE
2026-09-24T05:43:57.6214619Z candidate:   embedded-tree
2026-09-24T05:43:57.6214826Z base:        embedded-tree
2026-09-24T05:43:57.6215010Z verdict:     VALID
2026-09-24T05:43:57.6215209Z Debt impact: +8 point(s) across 2 obligation(s)
2026-09-24T05:43:57.6215456Z   unverified_change  +5
2026-09-24T05:43:57.6215653Z   test               +3
2026-09-24T05:43:57.6215767Z 
2026-09-24T05:43:57.6216360Z DW-BD68316ECFB4  + 5  unverified_change/deterministic — Executable change lacks accepted DiffWitness behavioral evidence
2026-09-24T05:43:57.6216980Z DW-2716C740466F  + 3  test/deterministic — Production change has no changed test surface
2026-09-24T05:43:57.6217234Z 
2026-09-24T05:43:57.6217363Z Budget: PASS — projected total 8; new 8
2026-09-24T05:43:57.6217817Z Ledger: +2 introduced, 0 reopened, 0 refreshed
2026-09-24T05:43:57.6605738Z DiffWitness Repay: 1 obligation(s), 3 point(s)
2026-09-24T05:43:57.6606857Z Agent: /opt/hostedtoolcache/Python/3.11.16/x64/bin/python -c from pathlib import Path; t=Path('tests/test_app.py'); t.parent.mkdir(exist_ok=True); t.write_text("import unittest\nfrom app import add\n\nclass T(unittest.TestCase):\n    def test_add(self):\n        self.assertEqual(add(2, 3), 5)\n", encoding='utf-8')
2026-09-24T05:43:57.9317200Z ok
2026-09-24T05:43:57.9543269Z test_saved_guided_view_applies_to_doctor_explain_context_and_protect (test_rr007_guided_surface.GuidedSurfaceContractTests.test_saved_guided_view_applies_to_doctor_explain_context_and_protect) ... ok
2026-09-24T05:43:57.9547739Z test_classifies_stability (test_runner.RunnerTests.test_classifies_stability) ... ok
2026-09-24T05:43:57.9548799Z test_non_finite_command_and_proof_budgets_fail_closed (test_runner.RunnerTests.test_non_finite_command_and_proof_budgets_fail_closed) ... ok
2026-09-24T05:43:58.0640063Z test_prepare_is_recreated_before_every_repetition (test_runner.RunnerTests.test_prepare_is_recreated_before_every_repetition) ... ok
2026-09-24T05:43:58.1361005Z test_proof_repetitions_remove_ignored_state_between_runs (test_runner.RunnerTests.test_proof_repetitions_remove_ignored_state_between_runs) ... ok
2026-09-24T05:43:58.1361766Z test_timeout_terminates_descendant_processes (test_runner.RunnerTests.test_timeout_terminates_descendant_processes)
2026-09-24T05:43:59.6390628Z A timed-out evidence command must not leak workers into later proof variants. ... ok
2026-09-24T05:43:59.6391311Z test_wall_clock_budget_caps_nested_evidence_command (test_runner.RunnerTests.test_wall_clock_budget_caps_nested_evidence_command)
2026-09-24T05:43:59.8417071Z A proof-wide deadline must cap commands even when their local timeout is much larger. ... ok
2026-09-24T05:43:59.8428678Z test_explicit_launcher_wins_over_other_installation_on_path (test_runtime_executable.RuntimeExecutableTests.test_explicit_launcher_wins_over_other_installation_on_path) ... ok
2026-09-24T05:43:59.8440944Z test_explicit_override_is_resolved_once_and_not_treated_as_shell_text (test_runtime_executable.RuntimeExecutableTests.test_explicit_override_is_resolved_once_and_not_treated_as_shell_text) ... ok
2026-09-24T05:43:59.8448920Z test_frozen_binary_uses_bootloader_not_argv_or_extraction_dir (test_runtime_executable.RuntimeExecutableTests.test_frozen_binary_uses_bootloader_not_argv_or_extraction_dir) ... ok
2026-09-24T05:43:59.8459876Z test_frozen_setup_requires_explicit_sidecar_instead_of_path (test_runtime_executable.RuntimeExecutableTests.test_frozen_setup_requires_explicit_sidecar_instead_of_path) ... ok
2026-09-24T05:43:59.8472358Z test_metadata_for_another_loaded_distribution_is_rejected (test_runtime_executable.RuntimeExecutableTests.test_metadata_for_another_loaded_distribution_is_rejected) ... ok
2026-09-24T05:43:59.8701159Z test_missing_override_does_not_remove_existing_hooks (test_runtime_executable.RuntimeExecutableTests.test_missing_override_does_not_remove_existing_hooks) ... ok
2026-09-24T05:43:59.8710188Z test_symlink_freezes_the_actual_installation (test_runtime_executable.RuntimeExecutableTests.test_symlink_freezes_the_actual_installation) ... ok
2026-09-24T05:43:59.8720283Z test_unknown_programmatic_entry_cannot_fall_back_to_path (test_runtime_executable.RuntimeExecutableTests.test_unknown_programmatic_entry_cannot_fall_back_to_path) ... ok
2026-09-24T05:43:59.8728549Z test_windows_console_launcher_recovers_stripped_exe_suffix (test_runtime_executable.RuntimeExecutableTests.test_windows_console_launcher_recovers_stripped_exe_suffix) ... ok
2026-09-24T05:44:00.3808439Z test_changed_lines_and_detection_keep_native_paths (test_sensor_native_paths.SensorNativePathTests.test_changed_lines_and_detection_keep_native_paths) ... ok
2026-09-24T05:44:00.4043965Z test_enumeration_is_exact_independent_of_git_quote_configuration (test_sensor_native_paths.SensorNativePathTests.test_enumeration_is_exact_independent_of_git_quote_configuration) ... ok
2026-09-24T05:44:00.4530312Z test_exact_move_is_not_new_code_and_edited_move_keeps_native_destination (test_sensor_native_paths.SensorNativePathTests.test_exact_move_is_not_new_code_and_edited_move_keeps_native_destination) ... ok
2026-09-24T05:44:00.4770981Z test_limit_is_visible_in_actual_sensor_coverage (test_sensor_native_paths.SensorNativePathTests.test_limit_is_visible_in_actual_sensor_coverage) ... ok
2026-09-24T05:44:00.5011660Z test_non_utf8_git_identity_is_explicitly_unsupported_without_an_alias (test_sensor_native_paths.SensorNativePathTests.test_non_utf8_git_identity_is_explicitly_unsupported_without_an_alias) ... ok
2026-09-24T05:44:00.5412822Z test_real_sensor_preserves_unicode_identity_and_advisory_authority (test_sensor_native_paths.SensorNativePathTests.test_real_sensor_preserves_unicode_identity_and_advisory_authority) ... ok
2026-09-24T05:44:00.5546488Z test_exact_inventory_rejects_extras_omissions_and_byte_changes (test_source_distribution_smoke.SourceDistributionInventoryTests.test_exact_inventory_rejects_extras_omissions_and_byte_changes) ... ok
2026-09-24T05:44:01.3704698Z test_real_accepted_proof_becomes_historical_after_failing_worktree_drift (test_stale_proof_end_to_end.StaleProofEndToEndTests.test_real_accepted_proof_becomes_historical_after_failing_worktree_drift) ... DiffWitness Gate rejected: candidate is not stably green
2026-09-24T05:44:01.3870710Z ok
2026-09-24T05:44:01.4113347Z test_clean_repo_preserves_v1_navigation_contract (test_status_cli.ProjectStatusTests.test_clean_repo_preserves_v1_navigation_contract) ... ok
2026-09-24T05:44:01.4353425Z test_configured_evidence_with_missing_executable_is_not_ready (test_status_cli.ProjectStatusTests.test_configured_evidence_with_missing_executable_is_not_ready) ... ok
2026-09-24T05:44:01.4596974Z test_dirty_repo_points_to_executable_gate_with_explicit_base (test_status_cli.ProjectStatusTests.test_dirty_repo_points_to_executable_gate_with_explicit_base) ... ok
2026-09-24T05:44:01.4839434Z test_guided_and_technical_views_share_exact_same_status_model (test_status_cli.ProjectStatusTests.test_guided_and_technical_views_share_exact_same_status_model) ... ok
2026-09-24T05:44:01.5271272Z test_json_cli_is_machine_readable_non_mutating_and_view_invariant (test_status_cli.ProjectStatusTests.test_json_cli_is_machine_readable_non_mutating_and_view_invariant) ... ok
2026-09-24T05:44:01.5524860Z test_native_scope_alone_requires_repair_before_normal_agent_use (test_status_cli.ProjectStatusTests.test_native_scope_alone_requires_repair_before_normal_agent_use) ... ok
2026-09-24T05:44:01.5953323Z test_untracked_python_cache_is_navigation_noise_not_user_change (test_status_cli.ProjectStatusTests.test_untracked_python_cache_is_navigation_noise_not_user_change) ... ok
2026-09-24T05:44:01.6015726Z test_concurrent_documents_and_rejections_remain_independent (test_strict_json_decoder.StrictDecoderTests.test_concurrent_documents_and_rejections_remain_independent) ... ok
2026-09-24T05:44:01.6017788Z test_documents_and_failed_parses_do_not_share_mutable_state (test_strict_json_decoder.StrictDecoderTests.test_documents_and_failed_parses_do_not_share_mutable_state) ... ok
2026-09-24T05:44:01.6197058Z test_encoding_and_type_compatibility (test_strict_json_decoder.StrictDecoderTests.test_encoding_and_type_compatibility) ... ok
2026-09-24T05:44:01.6205520Z test_contract_rejects_path_digest_authority_and_invalid_positions (test_structure_contract.StructureContractTests.test_contract_rejects_path_digest_authority_and_invalid_positions) ... ok
2026-09-24T05:44:01.6561350Z test_invalid_provider_result_cannot_delete_previous_index (test_structure_contract.StructureContractTests.test_invalid_provider_result_cannot_delete_previous_index) ... ok
2026-09-24T05:44:01.6563165Z test_line_positions_accept_python_universal_newlines (test_structure_contract.StructureContractTests.test_line_positions_accept_python_universal_newlines) ... ok
2026-09-24T05:44:01.6925583Z test_missing_extraction_contract_stamp_forces_refresh_at_same_tree (test_structure_contract.StructureContractTests.test_missing_extraction_contract_stamp_forces_refresh_at_same_tree) ... ok
2026-09-24T05:44:01.6927519Z test_parse_failure_has_no_symbol_or_relation_claims (test_structure_contract.StructureContractTests.test_parse_failure_has_no_symbol_or_relation_claims) ... ok
2026-09-24T05:44:01.6943630Z test_python_provider_exposes_source_bound_typed_facts_and_existing_names (test_structure_contract.StructureContractTests.test_python_provider_exposes_source_bound_typed_facts_and_existing_names) ... ok
2026-09-24T05:44:01.6945698Z test_actual_transport_hash_authority_positions_and_no_values (test_structure_data.DataSyntaxTests.test_actual_transport_hash_authority_positions_and_no_values) ... skipped 'actual optional SQL/config grammars not installed'
2026-09-24T05:44:01.6947430Z test_decoded_keys_positions_and_invalid_surrogates (test_structure_data.DataSyntaxTests.test_decoded_keys_positions_and_invalid_surrogates) ... skipped 'actual optional SQL/config grammars not installed'
2026-09-24T05:44:01.6949283Z test_duplicates_invalid_encodings_and_unsupported_sql_form_fail_closed (test_structure_data.DataSyntaxTests.test_duplicates_invalid_encodings_and_unsupported_sql_form_fail_closed) ... skipped 'actual optional SQL/config grammars not installed'
2026-09-24T05:44:01.6951268Z test_immutable_tree_index_keeps_keys_and_ddl_without_dirty_values (test_structure_data.DataSyntaxTests.test_immutable_tree_index_keeps_keys_and_ddl_without_dirty_values) ... skipped 'actual optional SQL/config grammars not installed'
2026-09-24T05:44:01.6953356Z test_json_keys_are_unambiguous_and_array_items_distinct (test_structure_data.DataSyntaxTests.test_json_keys_are_unambiguous_and_array_items_distinct) ... skipped 'actual optional SQL/config grammars not installed'
2026-09-24T05:44:01.6954869Z test_missing_grammars_remain_recognized_empty (test_structure_data.DataSyntaxTests.test_missing_grammars_remain_recognized_empty) ... ok
2026-09-24T05:44:01.6956286Z test_overflowing_json_values_fail_closed_at_every_nesting_level (test_structure_data.DataSyntaxTests.test_overflowing_json_values_fail_closed_at_every_nesting_level) ... skipped 'actual optional SQL/config grammars not installed'
2026-09-24T05:44:01.6957400Z test_sql_only_top_level_ddl_names_not_query_or_literal_decoys (test_structure_data.DataSyntaxTests.test_sql_only_top_level_ddl_names_not_query_or_literal_decoys) ... skipped 'actual optional SQL/config grammars not installed'
2026-09-24T05:44:01.6958642Z test_toml_tables_and_nested_array_table_scopes (test_structure_data.DataSyntaxTests.test_toml_tables_and_nested_array_table_scopes) ... skipped 'actual optional SQL/config grammars not installed'
2026-09-24T05:44:01.6959638Z test_yaml_document_scopes_without_alias_or_tag_execution (test_structure_data.DataSyntaxTests.test_yaml_document_scopes_without_alias_or_tag_execution) ... skipped 'actual optional SQL/config grammars not installed'
2026-09-24T05:44:01.6960775Z test_absolute_and_sequential_namespaces_and_unresolved_receivers (test_structure_dynamic.DynamicSyntaxTests.test_absolute_and_sequential_namespaces_and_unresolved_receivers) ... skipped 'actual optional Ruby/PHP grammars not installed'
2026-09-24T05:44:01.6962165Z test_actual_transport_source_and_authority (test_structure_dynamic.DynamicSyntaxTests.test_actual_transport_source_and_authority) ... skipped 'actual optional Ruby/PHP grammars not installed'
2026-09-24T05:44:01.6963345Z test_heredoc_decoys_dynamic_paths_and_actual_interpolation_calls (test_structure_dynamic.DynamicSyntaxTests.test_heredoc_decoys_dynamic_paths_and_actual_interpolation_calls) ... skipped 'actual optional Ruby/PHP grammars not installed'
2026-09-24T05:44:01.6964489Z test_immutable_git_tree_index_ignores_dirty_sources (test_structure_dynamic.DynamicSyntaxTests.test_immutable_git_tree_index_ignores_dirty_sources) ... skipped 'actual optional Ruby/PHP grammars not installed'
2026-09-24T05:44:01.6976687Z test_invalid_utf8_syntax_and_reopened_identity_fail_closed (test_structure_dynamic.DynamicSyntaxTests.test_invalid_utf8_syntax_and_reopened_identity_fail_closed) ... skipped 'actual optional Ruby/PHP grammars not installed'
2026-09-24T05:44:01.6977887Z test_missing_grammars_are_recognized_empty (test_structure_dynamic.DynamicSyntaxTests.test_missing_grammars_are_recognized_empty) ... ok
2026-09-24T05:44:01.6978850Z test_php_namespace_calls_do_not_bind_to_an_arbitrary_same_name (test_structure_dynamic.DynamicSyntaxTests.test_php_namespace_calls_do_not_bind_to_an_arbitrary_same_name) ... skipped 'actual optional Ruby/PHP grammars not installed'
2026-09-24T05:44:01.6979975Z test_php_namespace_types_signatures_and_grouped_use (test_structure_dynamic.DynamicSyntaxTests.test_php_namespace_types_signatures_and_grouped_use) ... skipped 'actual optional Ruby/PHP grammars not installed'
2026-09-24T05:44:01.6981184Z test_php_parenthesized_static_include_paths_keep_edges_without_dynamic_guesses (test_structure_dynamic.DynamicSyntaxTests.test_php_parenthesized_static_include_paths_keep_edges_without_dynamic_guesses) ... skipped 'actual optional Ruby/PHP grammars not installed'
2026-09-24T05:44:01.6982513Z test_ruby_lexical_types_methods_and_literal_require (test_structure_dynamic.DynamicSyntaxTests.test_ruby_lexical_types_methods_and_literal_require) ... skipped 'actual optional Ruby/PHP grammars not installed'
2026-09-24T05:44:01.6983688Z test_comments_parentheses_templates_and_import_options_have_exact_spans (test_structure_import_calls.ImportCallTests.test_comments_parentheses_templates_and_import_options_have_exact_spans) ... skipped 'actual JS/TS optional grammars not installed'
2026-09-24T05:44:01.6984914Z test_decoys_dynamic_and_loader_members_do_not_become_targets (test_structure_import_calls.ImportCallTests.test_decoys_dynamic_and_loader_members_do_not_become_targets) ... skipped 'actual JS/TS optional grammars not installed'
2026-09-24T05:44:01.6985973Z test_escaped_direct_eval_is_an_ambiguity_barrier (test_structure_import_calls.ImportCallTests.test_escaped_direct_eval_is_an_ambiguity_barrier) ... skipped 'actual JS/TS optional grammars not installed'
2026-09-24T05:44:01.6986980Z test_invalid_source_stays_completely_unparsed (test_structure_import_calls.ImportCallTests.test_invalid_source_stays_completely_unparsed) ... skipped 'actual JS/TS optional grammars not installed'
2026-09-24T05:44:01.6988118Z test_nested_literal_keyword_reference_and_transport_authority_are_preserved (test_structure_import_calls.ImportCallTests.test_nested_literal_keyword_reference_and_transport_authority_are_preserved) ... skipped 'actual JS/TS optional grammars not installed'
2026-09-24T05:44:01.6989574Z test_shadowing_and_writes_suppress_commonjs_candidates_but_keep_keyword_import (test_structure_import_calls.ImportCallTests.test_shadowing_and_writes_suppress_commonjs_candidates_but_keep_keyword_import) ... skipped 'actual JS/TS optional grammars not installed'
2026-09-24T05:44:01.6990823Z test_static_commonjs_and_import_keyword_reuse_each_js_ts_grammar (test_structure_import_calls.ImportCallTests.test_static_commonjs_and_import_keyword_reuse_each_js_ts_grammar) ... skipped 'actual JS/TS optional grammars not installed'
2026-09-24T05:44:01.6992101Z test_typescript_function_signatures_are_require_binding_barriers (test_structure_import_calls.ImportCallTests.test_typescript_function_signatures_are_require_binding_barriers) ... skipped 'actual JS/TS optional grammars not installed'
2026-09-24T05:44:01.6993289Z test_actual_syntax_import_positions_reuse_every_adapter (test_structure_import_references.ImportReferenceTests.test_actual_syntax_import_positions_reuse_every_adapter) ... skipped 'optional actual syntax grammars not installed'
2026-09-24T05:44:01.7397025Z test_immutable_index_never_picks_ambiguous_or_outside_relative_modules (test_structure_import_references.ImportReferenceTests.test_immutable_index_never_picks_ambiguous_or_outside_relative_modules) ... ok
2026-09-24T05:44:01.7399296Z test_import_detail_admission_rejects_invalid_positions_and_members (test_structure_import_references.ImportReferenceTests.test_import_detail_admission_rejects_invalid_positions_and_members) ... ok
2026-09-24T05:44:01.7401307Z test_outside_package_relative_imports_never_become_absolute_names (test_structure_import_references.ImportReferenceTests.test_outside_package_relative_imports_never_become_absolute_names) ... ok
2026-09-24T05:44:01.7402635Z test_package_initializer_retains_base_members_and_source_positions (test_structure_import_references.ImportReferenceTests.test_package_initializer_retains_base_members_and_source_positions) ... ok
2026-09-24T05:44:01.7404015Z test_python_aliases_crlf_and_decoys_preserve_only_import_syntax (test_structure_import_references.ImportReferenceTests.test_python_aliases_crlf_and_decoys_preserve_only_import_syntax) ... ok
2026-09-24T05:44:01.7405922Z test_v1_field_shape_is_preserved_and_v2_is_explicit (test_structure_import_references.ImportReferenceTests.test_v1_field_shape_is_preserved_and_v2_is_explicit) ... ok
2026-09-24T05:44:01.7407324Z test_actual_transport_source_binding_and_authority (test_structure_managed.ManagedSyntaxTests.test_actual_transport_source_binding_and_authority) ... skipped 'actual optional Java/Kotlin/C# grammars not installed'
2026-09-24T05:44:01.7408659Z test_csharp_file_namespace_nested_members_and_aliases (test_structure_managed.ManagedSyntaxTests.test_csharp_file_namespace_nested_members_and_aliases) ... skipped 'actual optional Java/Kotlin/C# grammars not installed'
2026-09-24T05:44:01.7410049Z test_errors_and_ambiguous_overloads_do_not_supply_partial_facts (test_structure_managed.ManagedSyntaxTests.test_errors_and_ambiguous_overloads_do_not_supply_partial_facts) ... skipped 'actual optional Java/Kotlin/C# grammars not installed'
2026-09-24T05:44:01.7411479Z test_immutable_tree_index_uses_all_three_shared_providers (test_structure_managed.ManagedSyntaxTests.test_immutable_tree_index_uses_all_three_shared_providers) ... skipped 'actual optional Java/Kotlin/C# grammars not installed'
2026-09-24T05:44:01.7413070Z test_java_package_types_nested_members_and_static_imports (test_structure_managed.ManagedSyntaxTests.test_java_package_types_nested_members_and_static_imports) ... skipped 'actual optional Java/Kotlin/C# grammars not installed'
2026-09-24T05:44:01.7414428Z test_kotlin_package_named_objects_aliases_and_decoys (test_structure_managed.ManagedSyntaxTests.test_kotlin_package_named_objects_aliases_and_decoys) ... skipped 'actual optional Java/Kotlin/C# grammars not installed'
2026-09-24T05:44:01.7415966Z test_kotlin_type_kinds_signatures_and_comment_free_import_paths (test_structure_managed.ManagedSyntaxTests.test_kotlin_type_kinds_signatures_and_comment_free_import_paths) ... skipped 'actual optional Java/Kotlin/C# grammars not installed'
2026-09-24T05:44:01.7417225Z test_missing_grammar_remains_recognized_empty (test_structure_managed.ManagedSyntaxTests.test_missing_grammar_remains_recognized_empty) ... ok
2026-09-24T05:44:01.7418513Z test_raw_strings_do_not_create_declarations_but_interpolation_keeps_real_calls (test_structure_managed.ManagedSyntaxTests.test_raw_strings_do_not_create_declarations_but_interpolation_keeps_real_calls) ... skipped 'actual optional Java/Kotlin/C# grammars not installed'
2026-09-24T05:44:01.7420036Z test_comments_inside_rust_paths_do_not_become_names_or_dependencies (test_structure_native.NativeSyntaxTests.test_comments_inside_rust_paths_do_not_become_names_or_dependencies) ... skipped 'optional actual Go/Rust grammars not installed'
2026-09-24T05:44:01.7421416Z test_go_functions_receivers_types_and_grouped_imports (test_structure_native.NativeSyntaxTests.test_go_functions_receivers_types_and_grouped_imports) ... skipped 'optional actual Go/Rust grammars not installed'
2026-09-24T05:44:01.7422851Z test_index_binds_go_and_rust_facts_to_captured_tree (test_structure_native.NativeSyntaxTests.test_index_binds_go_and_rust_facts_to_captured_tree) ... skipped 'optional actual Go/Rust grammars not installed'
2026-09-24T05:44:01.7424166Z test_malformed_syntax_encoding_and_transport_source_binding (test_structure_native.NativeSyntaxTests.test_malformed_syntax_encoding_and_transport_source_binding) ... skipped 'optional actual Go/Rust grammars not installed'
2026-09-24T05:44:01.7425571Z test_missing_grammars_preserve_recognized_empty_unparsed_coverage (test_structure_native.NativeSyntaxTests.test_missing_grammars_preserve_recognized_empty_unparsed_coverage) ... ok
2026-09-24T05:44:01.7426742Z test_new_suffixes_cannot_forge_javascript_local_import_resolution (test_structure_native.NativeSyntaxTests.test_new_suffixes_cannot_forge_javascript_local_import_resolution) ... ok
2026-09-24T05:44:01.7428110Z test_parenthesized_named_receivers_preserve_methods_without_guessing_tuple_types (test_structure_native.NativeSyntaxTests.test_parenthesized_named_receivers_preserve_methods_without_guessing_tuple_types) ... skipped 'optional actual Go/Rust grammars not installed'
2026-09-24T05:44:01.7429594Z test_qualified_rust_impl_and_trait_names_preserve_owner_scope (test_structure_native.NativeSyntaxTests.test_qualified_rust_impl_and_trait_names_preserve_owner_scope) ... skipped 'optional actual Go/Rust grammars not installed'
2026-09-24T05:44:01.7430805Z test_rust_scopes_import_groups_and_macro_decoys (test_structure_native.NativeSyntaxTests.test_rust_scopes_import_groups_and_macro_decoys) ... skipped 'optional actual Go/Rust grammars not installed'
2026-09-24T05:44:01.8559203Z test_bounded_coverage_and_parse_failures_are_visible_in_context (test_structure_snapshot.StructureSnapshotTests.test_bounded_coverage_and_parse_failures_are_visible_in_context) ... ok
2026-09-24T05:44:01.8921039Z test_corrupt_blob_response_cannot_replace_existing_index (test_structure_snapshot.StructureSnapshotTests.test_corrupt_blob_response_cannot_replace_existing_index) ... ok
2026-09-24T05:44:01.9399036Z test_dirty_untracked_and_deleted_working_files_cannot_change_head_bound_facts (test_structure_snapshot.StructureSnapshotTests.test_dirty_untracked_and_deleted_working_files_cannot_change_head_bound_facts) ... ok
2026-09-24T05:44:01.9767963Z test_git_symlink_mode_is_excluded_even_if_worktree_is_a_regular_python_file (test_structure_snapshot.StructureSnapshotTests.test_git_symlink_mode_is_excluded_even_if_worktree_is_a_regular_python_file) ... ok
2026-09-24T05:44:02.0727783Z test_head_advance_during_refresh_keeps_one_tree_and_next_refresh_updates (test_structure_snapshot.StructureSnapshotTests.test_head_advance_during_refresh_keeps_one_tree_and_next_refresh_updates) ... ok
2026-09-24T05:44:02.1229640Z test_old_tree_stamp_cannot_preserve_mutable_file_projection (test_structure_snapshot.StructureSnapshotTests.test_old_tree_stamp_cannot_preserve_mutable_file_projection) ... ok
2026-09-24T05:44:02.1520444Z test_total_byte_budget_omits_whole_blobs_and_reports_partial_coverage (test_structure_snapshot.StructureSnapshotTests.test_total_byte_budget_omits_whole_blobs_and_reports_partial_coverage) ... ok
2026-09-24T05:44:02.1522515Z test_ambient_typescript_declarations_are_observed_syntax (test_structure_syntax.StructureSyntaxTests.test_ambient_typescript_declarations_are_observed_syntax) ... skipped 'optional actual JS/TS parsers not installed'
2026-09-24T05:44:02.1524305Z test_dotted_basename_import_resolves_only_one_supported_source (test_structure_syntax.StructureSyntaxTests.test_dotted_basename_import_resolves_only_one_supported_source) ... ok
2026-09-24T05:44:02.1526097Z test_index_uses_immutable_tree_and_refreshes_provider_profile (test_structure_syntax.StructureSyntaxTests.test_index_uses_immutable_tree_and_refreshes_provider_profile) ... skipped 'optional actual JS/TS parsers not installed'
2026-09-24T05:44:02.1528128Z test_javascript_uses_syntax_not_strings_comments_or_template_text (test_structure_syntax.StructureSyntaxTests.test_javascript_uses_syntax_not_strings_comments_or_template_text) ... skipped 'optional actual JS/TS parsers not installed'
2026-09-24T05:44:02.1529756Z test_malformed_encoding_syntax_and_bounds_fail_empty (test_structure_syntax.StructureSyntaxTests.test_malformed_encoding_syntax_and_bounds_fail_empty) ... skipped 'optional actual JS/TS parsers not installed'
2026-09-24T05:44:02.1530734Z test_missing_optional_package_is_unparsed_not_heuristic_facts (test_structure_syntax.StructureSyntaxTests.test_missing_optional_package_is_unparsed_not_heuristic_facts) ... ok
2026-09-24T05:44:02.1531774Z test_python_and_unknown_fallback_keep_existing_contract (test_structure_syntax.StructureSyntaxTests.test_python_and_unknown_fallback_keep_existing_contract) ... ok
2026-09-24T05:44:02.1533044Z test_syntax_authority_admission_and_ambiguous_import_resolution (test_structure_syntax.StructureSyntaxTests.test_syntax_authority_admission_and_ambiguous_import_resolution) ... skipped 'optional actual JS/TS parsers not installed'
2026-09-24T05:44:02.1534275Z test_typescript_declarations_and_jsx_tsx_have_real_syntax_coverage (test_structure_syntax.StructureSyntaxTests.test_typescript_declarations_and_jsx_tsx_have_real_syntax_coverage) ... skipped 'optional actual JS/TS parsers not installed'
2026-09-24T05:44:02.4032679Z test_extraction_stays_independent_of_journal_proof_and_debt_services (test_structure_transport.StructureTransportTests.test_extraction_stays_independent_of_journal_proof_and_debt_services) ... ok
2026-09-24T05:44:03.1477952Z test_malformed_json_path_base64_schema_and_duplicate_paths_fail_atomically (test_structure_transport.StructureTransportTests.test_malformed_json_path_base64_schema_and_duplicate_paths_fail_atomically) ... ok
2026-09-24T05:44:03.3681064Z test_nonpython_extraction_loads_only_selected_provider_implementation (test_structure_transport.StructureTransportTests.test_nonpython_extraction_loads_only_selected_provider_implementation) ... ok
2026-09-24T05:44:03.3705123Z test_public_entry_never_discovers_repository_or_reads_language_preferences (test_structure_transport.StructureTransportTests.test_public_entry_never_discovers_repository_or_reads_language_preferences) ... ok
2026-09-24T05:44:03.4586781Z test_python_only_extraction_does_not_initialize_optional_distribution_metadata (test_structure_transport.StructureTransportTests.test_python_only_extraction_does_not_initialize_optional_distribution_metadata) ... ok
2026-09-24T05:44:03.5523975Z test_real_cli_outside_git_preserves_python_provider_and_french_json (test_structure_transport.StructureTransportTests.test_real_cli_outside_git_preserves_python_provider_and_french_json) ... ok
2026-09-24T05:44:03.5525537Z test_results_are_detached_and_empty_batch_is_valid (test_structure_transport.StructureTransportTests.test_results_are_detached_and_empty_batch_is_valid) ... ok
2026-09-24T05:44:03.6963539Z test_selected_extraction_parser_preserves_argument_rejections_and_help (test_structure_transport.StructureTransportTests.test_selected_extraction_parser_preserves_argument_rejections_and_help) ... ok
2026-09-24T05:44:03.7335069Z test_transport_limits_and_binary_or_invalid_python_have_explicit_coverage (test_structure_transport.StructureTransportTests.test_transport_limits_and_binary_or_invalid_python_have_explicit_coverage) ... ok
2026-09-24T05:44:03.7336684Z test_wire_bounds_reject_before_emitting_any_partial_response (test_structure_transport.StructureTransportTests.test_wire_bounds_reject_before_emitting_any_partial_response) ... ok
2026-09-24T05:44:03.8235114Z test_concurrent_first_identity_callers_agree (test_unborn_repository.UnbornRepositoryTests.test_concurrent_first_identity_callers_agree) ... ok
2026-09-24T05:44:03.8322572Z test_corrupt_head_is_never_silently_replaced_by_empty_base (test_unborn_repository.UnbornRepositoryTests.test_corrupt_head_is_never_silently_replaced_by_empty_base) ... ok
2026-09-24T05:44:03.8488030Z test_corrupt_local_identity_is_preserved_and_rejected (test_unborn_repository.UnbornRepositoryTests.test_corrupt_local_identity_is_preserved_and_rejected) ... ok
2026-09-24T05:44:03.8812227Z test_empty_base_is_deterministic_unreachable_and_not_an_ordinary_ref (test_unborn_repository.UnbornRepositoryTests.test_empty_base_is_deterministic_unreachable_and_not_an_ordinary_ref) ... ok
2026-09-24T05:44:03.9293353Z test_empty_native_session_does_not_manufacture_proof (test_unborn_repository.UnbornRepositoryTests.test_empty_native_session_does_not_manufacture_proof) ... ok
2026-09-24T05:44:03.9795771Z test_initial_snapshot_preserves_staging_and_excludes_only_owned_transients (test_unborn_repository.UnbornRepositoryTests.test_initial_snapshot_preserves_staging_and_excludes_only_owned_transients) ... ok
2026-09-24T05:44:04.0127815Z test_old_provisional_envelope_cannot_be_reingested_as_new_lineage (test_unborn_repository.UnbornRepositoryTests.test_old_provisional_envelope_cannot_be_reingested_as_new_lineage) ... ok
2026-09-24T05:44:04.0205416Z test_portal_cannot_send_provisional_identity (test_unborn_repository.UnbornRepositoryTests.test_portal_cannot_send_provisional_identity) ... ok
2026-09-24T05:44:04.0576065Z test_provisional_identity_is_distinct_durable_and_becomes_normal_root_lineage (test_unborn_repository.UnbornRepositoryTests.test_provisional_identity_is_distinct_durable_and_becomes_normal_root_lineage) ... ok
2026-09-24T05:44:04.3665024Z test_setup_and_status_are_useful_without_commits_or_evidence (test_unborn_repository.UnbornRepositoryTests.test_setup_and_status_are_useful_without_commits_or_evidence) ... ok
2026-09-24T05:44:04.3882210Z test_failing_test_only_diff_is_rejected (test_validation.ValidationOnlyTests.test_failing_test_only_diff_is_rejected) ... DiffWitness: validation-only stable-pass (dwv1_674fd5d6262e6ae39fe8)
2026-09-24T05:44:04.3883259Z Project continuity: 2 new change event(s) · dwchg_62f016c9197d85394d046b3f
2026-09-24T05:44:04.3883501Z 
2026-09-24T05:44:04.3883636Z Repayment verification: 1/1 selected obligation(s) resolved
2026-09-24T05:44:04.3884171Z   DW-2716C740466F: resolved — current tests now discriminate the introducing candidate from its historical base
2026-09-24T05:44:04.3884640Z DiffWitness Repay: ACCEPTED
2026-09-24T05:44:04.3884913Z Project continuity: 3 Debt Ledger lifecycle event(s) projected
2026-09-24T05:44:04.4708982Z ok
2026-09-24T05:44:04.4843094Z test_test_only_diff_runs_evidence_and_is_attestable (test_validation.ValidationOnlyTests.test_test_only_diff_runs_evidence_and_is_attestable) ... DiffWitness: validation-only stable-fail (dwv1_120a5f78cebe9f0c510c)
2026-09-24T05:44:04.6428087Z DiffWitness: validation-only stable-pass (dwv1_984343d2aa129c9dbecf)
2026-09-24T05:44:04.6428876Z Project continuity: 2 new change event(s) · dwchg_20e4f71e141286e1e63e8d4f
2026-09-24T05:44:04.6639340Z ok
2026-09-24T05:44:04.6819186Z test_cli_can_switch_both_directions_and_report_machine_state (test_view_mode.ViewModeTests.test_cli_can_switch_both_directions_and_report_machine_state) ... ok
2026-09-24T05:44:04.6952292Z test_defaults_to_guided_for_first_run (test_view_mode.ViewModeTests.test_defaults_to_guided_for_first_run) ... ok
2026-09-24T05:44:04.7089988Z test_invalid_stored_preference_fails_soft_to_guided (test_view_mode.ViewModeTests.test_invalid_stored_preference_fails_soft_to_guided) ... ok
2026-09-24T05:44:04.7328512Z test_root_help_is_guided_first_but_technical_is_one_command_away (test_view_mode.ViewModeTests.test_root_help_is_guided_first_but_technical_is_one_command_away) ... ok
2026-09-24T05:44:04.7581440Z test_switch_persists_inside_git_metadata_without_dirtying_repository (test_view_mode.ViewModeTests.test_switch_persists_inside_git_metadata_without_dirtying_repository) ... ok
2026-09-24T05:44:04.7583848Z test_health_semantic_sensor_reads_utf8_git_blob_without_degrading (test_windows_health_utf8_git_blob.WindowsUtf8SubprocessBoundaryTests.test_health_semantic_sensor_reads_utf8_git_blob_without_degrading) ... skipped 'Windows legacy-codepage regression'
2026-09-24T05:44:04.7586005Z test_proof_runner_keeps_non_utf8_diagnostics_json_safe (test_windows_health_utf8_git_blob.WindowsUtf8SubprocessBoundaryTests.test_proof_runner_keeps_non_utf8_diagnostics_json_safe) ... skipped 'Windows legacy-codepage regression'
2026-09-24T05:44:04.7587365Z test_proof_runner_preserves_utf8_stdout_and_stderr (test_windows_health_utf8_git_blob.WindowsUtf8SubprocessBoundaryTests.test_proof_runner_preserves_utf8_stdout_and_stderr) ... skipped 'Windows legacy-codepage regression'
2026-09-24T05:44:04.7588500Z test_acceptance_runner_decodes_utf8_child_output_without_locale_loss (test_windows_subprocess_utf8_reader.WindowsSubprocessUtf8ReaderRegressionTests.test_acceptance_runner_decodes_utf8_child_output_without_locale_loss)
2026-09-24T05:44:04.7589690Z A UTF-8 child must not be decoded through the host's legacy Windows code page. ... skipped 'Windows legacy-codepage reproduction'
2026-09-24T05:44:04.7590050Z 
2026-09-24T05:44:04.7590152Z ======================================================================
2026-09-24T05:44:04.7590882Z FAIL: test_standalone_three_component_dotted_dates_preserve_versions (test_continuity_questions.MemoryQuestionTests.test_standalone_three_component_dotted_dates_preserve_versions) (phrase='21.09.2026', options={})
2026-09-24T05:44:04.7591596Z ----------------------------------------------------------------------
2026-09-24T05:44:04.7592067Z Traceback (most recent call last):
2026-09-24T05:44:04.7598195Z   File "/home/runner/work/tooltest/tooltest/tests/test_continuity_questions.py", line 938, in test_standalone_three_component_dotted_dates_preserve_versions
2026-09-24T05:44:04.7598930Z     self.assertEqual(result['status'],'abstained');self.assertEqual(result['parts'],[])
2026-09-24T05:44:04.7599300Z     ^^^^^^^^^^^^^^^^^^^^^^^^^^^^^^^^^^^^^^^^^^^^^^
2026-09-24T05:44:04.7599552Z AssertionError: 'cited-records' != 'abstained'
2026-09-24T05:44:04.7599785Z - cited-records
2026-09-24T05:44:04.7599955Z + abstained
2026-09-24T05:44:04.7600046Z 
2026-09-24T05:44:04.7600049Z 
2026-09-24T05:44:04.7600201Z ======================================================================
2026-09-24T05:44:04.7600964Z FAIL: test_standalone_three_component_dotted_dates_preserve_versions (test_continuity_questions.MemoryQuestionTests.test_standalone_three_component_dotted_dates_preserve_versions) (phrase='21.09.2026', options={'until': '2027-01-01'})
2026-09-24T05:44:04.7601722Z ----------------------------------------------------------------------
2026-09-24T05:44:04.7602189Z Traceback (most recent call last):
2026-09-24T05:44:04.7602811Z   File "/home/runner/work/tooltest/tooltest/tests/test_continuity_questions.py", line 938, in test_standalone_three_component_dotted_dates_preserve_versions
2026-09-24T05:44:04.7603449Z     self.assertEqual(result['status'],'abstained');self.assertEqual(result['parts'],[])
2026-09-24T05:44:04.7603797Z     ^^^^^^^^^^^^^^^^^^^^^^^^^^^^^^^^^^^^^^^^^^^^^^
2026-09-24T05:44:04.7604048Z AssertionError: 'cited-records' != 'abstained'
2026-09-24T05:44:04.7604283Z - cited-records
2026-09-24T05:44:04.7604461Z + abstained
2026-09-24T05:44:04.7604559Z 
2026-09-24T05:44:04.7604563Z 
2026-09-24T05:44:04.7604661Z ======================================================================
2026-09-24T05:44:04.7605605Z FAIL: test_standalone_three_component_dotted_dates_preserve_versions (test_continuity_questions.MemoryQuestionTests.test_standalone_three_component_dotted_dates_preserve_versions) (phrase='21.09.2026', options={'entity': 'DOTTED-OLD'})
2026-09-24T05:44:04.7606384Z ----------------------------------------------------------------------
2026-09-24T05:44:04.7606658Z Traceback (most recent call last):
2026-09-24T05:44:04.7607219Z   File "/home/runner/work/tooltest/tooltest/tests/test_continuity_questions.py", line 938, in test_standalone_three_component_dotted_dates_preserve_versions
2026-09-24T05:44:04.7607845Z     self.assertEqual(result['status'],'abstained');self.assertEqual(result['parts'],[])
2026-09-24T05:44:04.7608183Z     ^^^^^^^^^^^^^^^^^^^^^^^^^^^^^^^^^^^^^^^^^^^^^^
2026-09-24T05:44:04.7608426Z AssertionError: 'cited-records' != 'abstained'
2026-09-24T05:44:04.7608653Z - cited-records
2026-09-24T05:44:04.7608810Z + abstained
2026-09-24T05:44:04.7608909Z 
2026-09-24T05:44:04.7608912Z 
2026-09-24T05:44:04.7609054Z ======================================================================
2026-09-24T05:44:04.7609732Z FAIL: test_standalone_three_component_dotted_dates_preserve_versions (test_continuity_questions.MemoryQuestionTests.test_standalone_three_component_dotted_dates_preserve_versions) (phrase='9.21.2026', options={})
2026-09-24T05:44:04.7610408Z ----------------------------------------------------------------------
2026-09-24T05:44:04.7610808Z Traceback (most recent call last):
2026-09-24T05:44:04.7611384Z   File "/home/runner/work/tooltest/tooltest/tests/test_continuity_questions.py", line 938, in test_standalone_three_component_dotted_dates_preserve_versions
2026-09-24T05:44:04.7612206Z     self.assertEqual(result['status'],'abstained');self.assertEqual(result['parts'],[])
2026-09-24T05:44:04.7612551Z     ^^^^^^^^^^^^^^^^^^^^^^^^^^^^^^^^^^^^^^^^^^^^^^
2026-09-24T05:44:04.7612790Z AssertionError: 'cited-records' != 'abstained'
2026-09-24T05:44:04.7613012Z - cited-records
2026-09-24T05:44:04.7613175Z + abstained
2026-09-24T05:44:04.7613268Z 
2026-09-24T05:44:04.7613271Z 
2026-09-24T05:44:04.7613356Z ======================================================================
2026-09-24T05:44:04.7614085Z FAIL: test_standalone_three_component_dotted_dates_preserve_versions (test_continuity_questions.MemoryQuestionTests.test_standalone_three_component_dotted_dates_preserve_versions) (phrase='9.21.2026', options={'until': '2027-01-01'})
2026-09-24T05:44:04.7614822Z ----------------------------------------------------------------------
2026-09-24T05:44:04.7615085Z Traceback (most recent call last):
2026-09-24T05:44:04.7615623Z   File "/home/runner/work/tooltest/tooltest/tests/test_continuity_questions.py", line 938, in test_standalone_three_component_dotted_dates_preserve_versions
2026-09-24T05:44:04.7616214Z     self.assertEqual(result['status'],'abstained');self.assertEqual(result['parts'],[])
2026-09-24T05:44:04.7616530Z     ^^^^^^^^^^^^^^^^^^^^^^^^^^^^^^^^^^^^^^^^^^^^^^
2026-09-24T05:44:04.7616766Z AssertionError: 'cited-records' != 'abstained'
2026-09-24T05:44:04.7616980Z - cited-records
2026-09-24T05:44:04.7617136Z + abstained
2026-09-24T05:44:04.7617217Z 
2026-09-24T05:44:04.7617220Z 
2026-09-24T05:44:04.7617315Z ======================================================================
2026-09-24T05:44:04.7618028Z FAIL: test_standalone_three_component_dotted_dates_preserve_versions (test_continuity_questions.MemoryQuestionTests.test_standalone_three_component_dotted_dates_preserve_versions) (phrase='9.21.2026', options={'entity': 'DOTTED-OLD'})
2026-09-24T05:44:04.7618759Z ----------------------------------------------------------------------
2026-09-24T05:44:04.7619014Z Traceback (most recent call last):
2026-09-24T05:44:04.7619524Z   File "/home/runner/work/tooltest/tooltest/tests/test_continuity_questions.py", line 938, in test_standalone_three_component_dotted_dates_preserve_versions
2026-09-24T05:44:04.7620104Z     self.assertEqual(result['status'],'abstained');self.assertEqual(result['parts'],[])
2026-09-24T05:44:04.7620546Z     ^^^^^^^^^^^^^^^^^^^^^^^^^^^^^^^^^^^^^^^^^^^^^^
2026-09-24T05:44:04.7620773Z AssertionError: 'cited-records' != 'abstained'
2026-09-24T05:44:04.7620987Z - cited-records
2026-09-24T05:44:04.7621137Z + abstained
2026-09-24T05:44:04.7621223Z 
2026-09-24T05:44:04.7621226Z 
2026-09-24T05:44:04.7621308Z ======================================================================
2026-09-24T05:44:04.7622185Z FAIL: test_standalone_three_component_dotted_dates_preserve_versions (test_continuity_questions.MemoryQuestionTests.test_standalone_three_component_dotted_dates_preserve_versions) (phrase='2026.09.21', options={})
2026-09-24T05:44:04.7623003Z ----------------------------------------------------------------------
2026-09-24T05:44:04.7623265Z Traceback (most recent call last):
2026-09-24T05:44:04.7623789Z   File "/home/runner/work/tooltest/tooltest/tests/test_continuity_questions.py", line 938, in test_standalone_three_component_dotted_dates_preserve_versions
2026-09-24T05:44:04.7624381Z     self.assertEqual(result['status'],'abstained');self.assertEqual(result['parts'],[])
2026-09-24T05:44:04.7624707Z     ^^^^^^^^^^^^^^^^^^^^^^^^^^^^^^^^^^^^^^^^^^^^^^
2026-09-24T05:44:04.7624944Z AssertionError: 'cited-records' != 'abstained'
2026-09-24T05:44:04.7625163Z - cited-records
2026-09-24T05:44:04.7625321Z + abstained
2026-09-24T05:44:04.7625403Z 
2026-09-24T05:44:04.7625531Z 
2026-09-24T05:44:04.7625626Z ======================================================================
2026-09-24T05:44:04.7626331Z FAIL: test_standalone_three_component_dotted_dates_preserve_versions (test_continuity_questions.MemoryQuestionTests.test_standalone_three_component_dotted_dates_preserve_versions) (phrase='2026.09.21', options={'until': '2027-01-01'})
2026-09-24T05:44:04.7627056Z ----------------------------------------------------------------------
2026-09-24T05:44:04.7627320Z Traceback (most recent call last):
2026-09-24T05:44:04.7627849Z   File "/home/runner/work/tooltest/tooltest/tests/test_continuity_questions.py", line 938, in test_standalone_three_component_dotted_dates_preserve_versions
2026-09-24T05:44:04.7628429Z     self.assertEqual(result['status'],'abstained');self.assertEqual(result['parts'],[])
2026-09-24T05:44:04.7628753Z     ^^^^^^^^^^^^^^^^^^^^^^^^^^^^^^^^^^^^^^^^^^^^^^
2026-09-24T05:44:04.7628983Z AssertionError: 'cited-records' != 'abstained'
2026-09-24T05:44:04.7629203Z - cited-records
2026-09-24T05:44:04.7629362Z + abstained
2026-09-24T05:44:04.7629448Z 
2026-09-24T05:44:04.7629451Z 
2026-09-24T05:44:04.7629532Z ======================================================================
2026-09-24T05:44:04.7630263Z FAIL: test_standalone_three_component_dotted_dates_preserve_versions (test_continuity_questions.MemoryQuestionTests.test_standalone_three_component_dotted_dates_preserve_versions) (phrase='2026.09.21', options={'entity': 'DOTTED-OLD'})
2026-09-24T05:44:04.7630991Z ----------------------------------------------------------------------
2026-09-24T05:44:04.7631253Z Traceback (most recent call last):
2026-09-24T05:44:04.7631794Z   File "/home/runner/work/tooltest/tooltest/tests/test_continuity_questions.py", line 938, in test_standalone_three_component_dotted_dates_preserve_versions
2026-09-24T05:44:04.7632656Z     self.assertEqual(result['status'],'abstained');self.assertEqual(result['parts'],[])
2026-09-24T05:44:04.7632978Z     ^^^^^^^^^^^^^^^^^^^^^^^^^^^^^^^^^^^^^^^^^^^^^^
2026-09-24T05:44:04.7633227Z AssertionError: 'cited-records' != 'abstained'
2026-09-24T05:44:04.7633446Z - cited-records
2026-09-24T05:44:04.7633609Z + abstained
2026-09-24T05:44:04.7633689Z 
2026-09-24T05:44:04.7633692Z 
2026-09-24T05:44:04.7633783Z ======================================================================
2026-09-24T05:44:04.7634447Z FAIL: test_standalone_three_component_dotted_dates_preserve_versions (test_continuity_questions.MemoryQuestionTests.test_standalone_three_component_dotted_dates_preserve_versions) (phrase='2026.9.21', options={})
2026-09-24T05:44:04.7635259Z ----------------------------------------------------------------------
2026-09-24T05:44:04.7635516Z Traceback (most recent call last):
2026-09-24T05:44:04.7636062Z   File "/home/runner/work/tooltest/tooltest/tests/test_continuity_questions.py", line 938, in test_standalone_three_component_dotted_dates_preserve_versions
2026-09-24T05:44:04.7636651Z     self.assertEqual(result['status'],'abstained');self.assertEqual(result['parts'],[])
2026-09-24T05:44:04.7636970Z     ^^^^^^^^^^^^^^^^^^^^^^^^^^^^^^^^^^^^^^^^^^^^^^
2026-09-24T05:44:04.7637199Z AssertionError: 'cited-records' != 'abstained'
2026-09-24T05:44:04.7637418Z - cited-records
2026-09-24T05:44:04.7637568Z + abstained
2026-09-24T05:44:04.7637653Z 
2026-09-24T05:44:04.7637656Z 
2026-09-24T05:44:04.7637740Z ======================================================================
2026-09-24T05:44:04.7638464Z FAIL: test_standalone_three_component_dotted_dates_preserve_versions (test_continuity_questions.MemoryQuestionTests.test_standalone_three_component_dotted_dates_preserve_versions) (phrase='2026.9.21', options={'until': '2027-01-01'})
2026-09-24T05:44:04.7639191Z ----------------------------------------------------------------------
2026-09-24T05:44:04.7639446Z Traceback (most recent call last):
2026-09-24T05:44:04.7639954Z   File "/home/runner/work/tooltest/tooltest/tests/test_continuity_questions.py", line 938, in test_standalone_three_component_dotted_dates_preserve_versions
2026-09-24T05:44:04.7640650Z     self.assertEqual(result['status'],'abstained');self.assertEqual(result['parts'],[])
2026-09-24T05:44:04.7640962Z     ^^^^^^^^^^^^^^^^^^^^^^^^^^^^^^^^^^^^^^^^^^^^^^
2026-09-24T05:44:04.7641196Z AssertionError: 'cited-records' != 'abstained'
2026-09-24T05:44:04.7641414Z - cited-records
2026-09-24T05:44:04.7641568Z + abstained
2026-09-24T05:44:04.7641647Z 
2026-09-24T05:44:04.7641651Z 
2026-09-24T05:44:04.7641743Z ======================================================================
2026-09-24T05:44:04.7642825Z FAIL: test_standalone_three_component_dotted_dates_preserve_versions (test_continuity_questions.MemoryQuestionTests.test_standalone_three_component_dotted_dates_preserve_versions) (phrase='2026.9.21', options={'entity': 'DOTTED-OLD'})
2026-09-24T05:44:04.7643563Z ----------------------------------------------------------------------
2026-09-24T05:44:04.7643819Z Traceback (most recent call last):
2026-09-24T05:44:04.7644341Z   File "/home/runner/work/tooltest/tooltest/tests/test_continuity_questions.py", line 938, in test_standalone_three_component_dotted_dates_preserve_versions
2026-09-24T05:44:04.7644920Z     self.assertEqual(result['status'],'abstained');self.assertEqual(result['parts'],[])
2026-09-24T05:44:04.7645302Z     ^^^^^^^^^^^^^^^^^^^^^^^^^^^^^^^^^^^^^^^^^^^^^^
2026-09-24T05:44:04.7645549Z AssertionError: 'cited-records' != 'abstained'
2026-09-24T05:44:04.7645771Z - cited-records
2026-09-24T05:44:04.7645931Z + abstained
2026-09-24T05:44:04.7646015Z 
2026-09-24T05:44:04.7646018Z 
2026-09-24T05:44:04.7646141Z ----------------------------------------------------------------------
2026-09-24T05:44:04.7646405Z Ran 809 tests in 106.582s
2026-09-24T05:44:04.7646531Z 
2026-09-24T05:44:04.7646612Z FAILED (failures=12, skipped=52)
2026-09-24T05:44:04.7646823Z certificate: dwv1_984343d2aa129c9dbecf
2026-09-24T05:44:04.7647030Z integrity:   valid
2026-09-24T05:44:04.7647213Z freshness:   fresh against WORKTREE
2026-09-24T05:44:04.7647428Z candidate:   embedded-tree
2026-09-24T05:44:04.7647622Z base:        embedded-tree
2026-09-24T05:44:04.7647809Z verdict:     VALID
2026-09-24T05:44:04.7974668Z ##[error]Process completed with exit code 1.
2026-09-24T05:44:04.8570564Z ##[group]Run actions/upload-artifact@v6
2026-09-24T05:44:04.8570810Z with:
2026-09-24T05:44:04.8570984Z   name: unittest-Linux-py3.11
2026-09-24T05:44:04.8571186Z   path: unittest.log
2026-09-24T05:44:04.8571366Z   if-no-files-found: error
2026-09-24T05:44:04.8571553Z   retention-days: 7
2026-09-24T05:44:04.8571728Z   compression-level: 6
2026-09-24T05:44:04.8572106Z   overwrite: false
2026-09-24T05:44:04.8572284Z   include-hidden-files: false
2026-09-24T05:44:04.8572478Z env:
2026-09-24T05:44:04.8572694Z   pythonLocation: /opt/hostedtoolcache/Python/3.11.16/x64
2026-09-24T05:44:04.8573043Z   PKG_CONFIG_PATH: /opt/hostedtoolcache/Python/3.11.16/x64/lib/pkgconfig
2026-09-24T05:44:04.8573374Z   Python_ROOT_DIR: /opt/hostedtoolcache/Python/3.11.16/x64
2026-09-24T05:44:04.8573696Z   Python2_ROOT_DIR: /opt/hostedtoolcache/Python/3.11.16/x64
2026-09-24T05:44:04.8574007Z   Python3_ROOT_DIR: /opt/hostedtoolcache/Python/3.11.16/x64
2026-09-24T05:44:04.8574331Z   LD_LIBRARY_PATH: /opt/hostedtoolcache/Python/3.11.16/x64/lib
2026-09-24T05:44:04.8574583Z ##[endgroup]
2026-09-24T05:44:04.9950176Z With the provided path, there will be 1 file uploaded
2026-09-24T05:44:04.9955187Z Artifact name is valid!
2026-09-24T05:44:04.9955794Z Root directory input is valid!
2026-09-24T05:44:05.3452889Z Beginning upload of artifact content to blob storage
2026-09-24T05:44:05.6420910Z Uploaded bytes 30578
2026-09-24T05:44:05.7023500Z Finished uploading artifact content to blob storage!
2026-09-24T05:44:05.7024218Z SHA256 digest of uploaded artifact zip is 1962ea6bed660dd7dbe3e66f0280ed3de32415dd1b72cc3bc375710fccead946
2026-09-24T05:44:05.7025386Z Finalizing artifact upload
2026-09-24T05:44:06.0481111Z Artifact unittest-Linux-py3.11.zip successfully finalized. Artifact ID 10792004235
2026-09-24T05:44:06.0482314Z Artifact unittest-Linux-py3.11 has been successfully uploaded! Final size is 30578 bytes. Artifact ID is 10792004235
2026-09-24T05:44:06.0498595Z Artifact download URL: https://github.com/TFourniax/tooltest/actions/runs/35961005325/artifacts/10792004235
2026-09-24T05:44:06.0713946Z Post job cleanup.
2026-09-24T05:44:06.1461142Z [command]/usr/bin/git version
2026-09-24T05:44:06.1498037Z git version 2.55.0
2026-09-24T05:44:06.1526261Z Temporarily overriding HOME='/home/runner/work/_temp/da93318a-a88c-4d03-a53a-bd94265b4c3e' before making global git config changes
2026-09-24T05:44:06.1527287Z Adding repository directory to the temporary git global config as a safe directory
2026-09-24T05:44:06.1531340Z [command]/usr/bin/git config --global --add safe.directory /home/runner/work/tooltest/tooltest
2026-09-24T05:44:06.1563817Z Removing SSH command configuration
2026-09-24T05:44:06.1569625Z [command]/usr/bin/git config --local --name-only --get-regexp core\.sshCommand
2026-09-24T05:44:06.1606318Z [command]/usr/bin/git submodule foreach --recursive sh -c "git config --local --name-only --get-regexp 'core\.sshCommand' && git config --local --unset-all 'core.sshCommand' || :"
2026-09-24T05:44:06.1830332Z Removing HTTP extra header
2026-09-24T05:44:06.1837337Z [command]/usr/bin/git config --local --name-only --get-regexp http\.https\:\/\/github\.com\/\.extraheader
2026-09-24T05:44:06.1871331Z [command]/usr/bin/git submodule foreach --recursive sh -c "git config --local --name-only --get-regexp 'http\.https\:\/\/github\.com\/\.extraheader' && git config --local --unset-all 'http.https://github.com/.extraheader' || :"
2026-09-24T05:44:06.2096715Z Removing includeIf entries pointing to credentials config files
2026-09-24T05:44:06.2103019Z [command]/usr/bin/git config --local --name-only --get-regexp ^includeIf\.gitdir:
2026-09-24T05:44:06.2131360Z includeif.gitdir:/home/runner/work/tooltest/tooltest/.git.path
2026-09-24T05:44:06.2132451Z includeif.gitdir:/home/runner/work/tooltest/tooltest/.git/worktrees/*.path
2026-09-24T05:44:06.2133414Z includeif.gitdir:/github/workspace/.git.path
2026-09-24T05:44:06.2134189Z includeif.gitdir:/github/workspace/.git/worktrees/*.path
2026-09-24T05:44:06.2140098Z [command]/usr/bin/git config --local --get-all includeif.gitdir:/home/runner/work/tooltest/tooltest/.git.path
2026-09-24T05:44:06.2167946Z /home/runner/work/_temp/git-credentials-51829552-f34a-47de-bec1-9c99e3a73879.config
2026-09-24T05:44:06.2177415Z [command]/usr/bin/git config --local --unset includeif.gitdir:/home/runner/work/tooltest/tooltest/.git.path \/home\/runner\/work\/_temp\/git\-credentials\-51829552\-f34a\-47de\-bec1\-9c99e3a73879\.config
2026-09-24T05:44:06.2222085Z [command]/usr/bin/git config --local --get-all includeif.gitdir:/home/runner/work/tooltest/tooltest/.git/worktrees/*.path
2026-09-24T05:44:06.2260249Z /home/runner/work/_temp/git-credentials-51829552-f34a-47de-bec1-9c99e3a73879.config
2026-09-24T05:44:06.2268918Z [command]/usr/bin/git config --local --unset includeif.gitdir:/home/runner/work/tooltest/tooltest/.git/worktrees/*.path \/home\/runner\/work\/_temp\/git\-credentials\-51829552\-f34a\-47de\-bec1\-9c99e3a73879\.config
2026-09-24T05:44:06.2304983Z [command]/usr/bin/git config --local --get-all includeif.gitdir:/github/workspace/.git.path
2026-09-24T05:44:06.2328547Z /github/runner_temp/git-credentials-51829552-f34a-47de-bec1-9c99e3a73879.config
2026-09-24T05:44:06.2335995Z [command]/usr/bin/git config --local --unset includeif.gitdir:/github/workspace/.git.path \/github\/runner_temp\/git\-credentials\-51829552\-f34a\-47de\-bec1\-9c99e3a73879\.config
2026-09-24T05:44:06.2369305Z [command]/usr/bin/git config --local --get-all includeif.gitdir:/github/workspace/.git/worktrees/*.path
2026-09-24T05:44:06.2392175Z /github/runner_temp/git-credentials-51829552-f34a-47de-bec1-9c99e3a73879.config
2026-09-24T05:44:06.2398658Z [command]/usr/bin/git config --local --unset includeif.gitdir:/github/workspace/.git/worktrees/*.path \/github\/runner_temp\/git\-credentials\-51829552\-f34a\-47de\-bec1\-9c99e3a73879\.config
2026-09-24T05:44:06.2433853Z [command]/usr/bin/git submodule foreach --recursive git config --local --show-origin --name-only --get-regexp remote.origin.url
2026-09-24T05:44:06.2638693Z Removing credentials config '/home/runner/work/_temp/git-credentials-51829552-f34a-47de-bec1-9c99e3a73879.config'
2026-09-24T05:44:06.2785532Z Cleaning up orphan processes
